{
    "0": {
        "precision": 0.8629613915994909,
        "recall": 0.8234817813765182,
        "f1-score": 0.8427594779366065,
        "support": 2470.0
    },
    "1": {
        "precision": 0.7159609120521173,
        "recall": 0.7728551336146273,
        "f1-score": 0.7433209333784241,
        "support": 1422.0
    },
    "accuracy": 0.8049845837615622,
    "macro avg": {
        "precision": 0.7894611518258041,
        "recall": 0.7981684574955727,
        "f1-score": 0.7930402056575153,
        "support": 3892.0
    },
    "weighted avg": {
        "precision": 0.8092525832962111,
        "recall": 0.8049845837615622,
        "f1-score": 0.8064281289227999,
        "support": 3892.0
    }
}