{
  "run_id": "20260124_192358",
  "base_data_dir": "/home/ubuntu/nlp/data",
  "output_root": "/home/ubuntu/nlp/outputs_serial/tasks_2_3_5",
  "methods": {},
  "directories": {
    "Alabama": {
      "directory": "Alabama",
      "path": "/home/ubuntu/nlp/data/Alabama",
      "output_dir": "/home/ubuntu/nlp/outputs_serial/tasks_2_3_5/Alabama",
      "attempts": 1,
      "status": "ok",
      "errors": [],
      "methods": {
        "task2_ner_single": {
          "input": {
            "filename": "Alabama_1.txt",
            "chars": 2099
          },
          "performance": {
            "seconds": 4.226463293656707,
            "py_peak_mb": 0.07088375091552734,
            "max_rss_mb": 5725.24609375,
            "max_rss_delta_mb": 364.375
          },
          "output": {
            "n_entities": 22
          }
        },
        "task2_parties_mistral": {
          "input": {
            "n_files": 10,
            "chars_per_file": 1500
          },
          "performance": {
            "seconds": 3165.10180903133,
            "py_peak_mb": 0.18720436096191406,
            "max_rss_mb": 5817.24609375,
            "max_rss_delta_mb": 92.0,
            "per_doc": {
              "count": 10,
              "mean_s": 316.50388547386973,
              "median_s": 268.5241807238199,
              "min_s": 226.16418056283146,
              "max_s": 665.7551101809368
            }
          },
          "output": {
            "n_rows": 10,
            "parse_ok": 10
          }
        },
        "task3_type_bart": {
          "input": {
            "n_files": 10,
            "chars_per_file": null
          },
          "performance": {
            "seconds": 1831.3374469932169,
            "py_peak_mb": 0.1665821075439453,
            "max_rss_mb": 7239.609375,
            "max_rss_delta_mb": 1422.36328125,
            "per_doc": {
              "count": 10,
              "mean_s": 183.13103548986837,
              "median_s": 186.54011509753764,
              "min_s": 142.2252606106922,
              "max_s": 219.0498455017805
            }
          },
          "output": {
            "n_rows": 10
          }
        },
        "task3_type_mistral": {
          "input": {
            "n_files": 10,
            "chars_per_file": 2000
          },
          "performance": {
            "seconds": 3521.9632354276255,
            "py_peak_mb": 0.19262218475341797,
            "max_rss_mb": 7239.609375,
            "max_rss_delta_mb": 0.0,
            "per_doc": {
              "count": 10,
              "mean_s": 352.19005912486466,
              "median_s": 348.4201517077163,
              "min_s": 295.9882471309975,
              "max_s": 426.8335961410776
            }
          },
          "output": {
            "n_rows": 10,
            "parse_ok": 10
          }
        },
        "task5_orgs_mistral": {
          "input": {
            "n_files": 10,
            "chars_per_file": 2000
          },
          "performance": {
            "seconds": 3406.287659097463,
            "py_peak_mb": 0.18805885314941406,
            "max_rss_mb": 7239.609375,
            "max_rss_delta_mb": 0.0,
            "per_doc": {
              "count": 10,
              "mean_s": 340.624760012608,
              "median_s": 327.6111259055324,
              "min_s": 199.2475399672985,
              "max_s": 565.5402534771711
            }
          },
          "output": {
            "n_rows": 10,
            "parse_ok": 10
          }
        }
      }
    },
    "Alaska": {
      "directory": "Alaska",
      "path": "/home/ubuntu/nlp/data/Alaska",
      "output_dir": "/home/ubuntu/nlp/outputs_serial/tasks_2_3_5/Alaska",
      "attempts": 1,
      "status": "ok",
      "errors": [],
      "methods": {
        "task2_ner_single": {
          "input": {
            "filename": "Alaska_1.txt",
            "chars": 15293
          },
          "performance": {
            "seconds": 3.2429139725863934,
            "py_peak_mb": 0.09084701538085938,
            "max_rss_mb": 7239.609375,
            "max_rss_delta_mb": 0.0
          },
          "output": {
            "n_entities": 42
          }
        },
        "task2_parties_mistral": {
          "input": {
            "n_files": 12,
            "chars_per_file": 1500
          },
          "performance": {
            "seconds": 4382.8371530249715,
            "py_peak_mb": 0.2042865753173828,
            "max_rss_mb": 7239.609375,
            "max_rss_delta_mb": 0.0,
            "per_doc": {
              "count": 12,
              "mean_s": 365.23095651242573,
              "median_s": 337.48648262396455,
              "min_s": 200.3232984058559,
              "max_s": 579.6550760613754
            }
          },
          "output": {
            "n_rows": 12,
            "parse_ok": 12
          }
        },
        "task3_type_bart": {
          "input": {
            "n_files": 12,
            "chars_per_file": null
          },
          "performance": {
            "seconds": 2239.968305915594,
            "py_peak_mb": 0.1811056137084961,
            "max_rss_mb": 7317.4453125,
            "max_rss_delta_mb": 77.8359375,
            "per_doc": {
              "count": 12,
              "mean_s": 186.66040827846155,
              "median_s": 187.37015986489132,
              "min_s": 121.39987714588642,
              "max_s": 245.7409215150401
            }
          },
          "output": {
            "n_rows": 12
          }
        },
        "task3_type_mistral": {
          "input": {
            "n_files": 12,
            "chars_per_file": 2000
          },
          "performance": {
            "seconds": 4557.079612212256,
            "py_peak_mb": 0.21649932861328125,
            "max_rss_mb": 7317.4453125,
            "max_rss_delta_mb": 0.0,
            "per_doc": {
              "count": 12,
              "mean_s": 379.75206262812327,
              "median_s": 377.78887854516506,
              "min_s": 290.9696871228516,
              "max_s": 464.9889547461644
            }
          },
          "output": {
            "n_rows": 12,
            "parse_ok": 12
          }
        },
        "task5_orgs_mistral": {
          "input": {
            "n_files": 12,
            "chars_per_file": 2000
          },
          "performance": {
            "seconds": 4486.321852316149,
            "py_peak_mb": 0.21306324005126953,
            "max_rss_mb": 7317.4453125,
            "max_rss_delta_mb": 0.0,
            "per_doc": {
              "count": 12,
              "mean_s": 373.8556803969356,
              "median_s": 377.041432404425,
              "min_s": 224.39035685081035,
              "max_s": 475.97315740119666
            }
          },
          "output": {
            "n_rows": 12,
            "parse_ok": 10
          }
        }
      }
    },
    "Arizona": {
      "directory": "Arizona",
      "path": "/home/ubuntu/nlp/data/Arizona",
      "output_dir": "/home/ubuntu/nlp/outputs_serial/tasks_2_3_5/Arizona",
      "attempts": 1,
      "status": "ok",
      "errors": [],
      "methods": {
        "task2_ner_single": {
          "input": {
            "filename": "Arizona_1.txt",
            "chars": 4787
          },
          "performance": {
            "seconds": 3.5470692897215486,
            "py_peak_mb": 0.08041763305664062,
            "max_rss_mb": 7317.4453125,
            "max_rss_delta_mb": 0.0
          },
          "output": {
            "n_entities": 27
          }
        },
        "task2_parties_mistral": {
          "input": {
            "n_files": 17,
            "chars_per_file": 1500
          },
          "performance": {
            "seconds": 5585.838021184318,
            "py_peak_mb": 0.21202850341796875,
            "max_rss_mb": 7317.4453125,
            "max_rss_delta_mb": 0.0,
            "per_doc": {
              "count": 17,
              "mean_s": 328.57279754567014,
              "median_s": 318.2760811885819,