{
    "0": {
        "precision": 0.8555460017196904,
        "recall": 0.805668016194332,
        "f1-score": 0.8298582151793161,
        "support": 2470.0
    },
    "1": {
        "precision": 0.6934865900383141,
        "recall": 0.7637130801687764,
        "f1-score": 0.7269076305220884,
        "support": 1422.0
    },
    "accuracy": 0.7903391572456321,
    "macro avg": {
        "precision": 0.7745162958790023,
        "recall": 0.7846905481815543,
        "f1-score": 0.7783829228507022,
        "support": 3892.0
    },
    "weighted avg": {
        "precision": 0.7963351889214075,
        "recall": 0.7903391572456321,
        "f1-score": 0.7922436901580987,
        "support": 3892.0
    }
}