id,name,type
115924282126782262,Trump,ORG
115924277763800167,Trump,PER
115924277763800167,Somali,MISC
115924277763800167,US,LOC
115924043199702065,Rodney Scott,PER
115924043199702065,CBP,ORG
115924043199702065,Will Cain,PER
115924043199702065,The Will,MISC
115924043199702065,Cain,PER
115924043199702065,Show,MISC
115924025571521310,Minnesota,LOC
115924025571521310,ICE,ORG
115924025571521310,Country,LOC
115924025571521310,C,PER
115924025571521310,Joe B,PER
115924025571521310,Open Border Policy,MISC
115924025571521310,Minnesota,LOC
115924025571521310,DJ,PER
115923918404792612,DJTMichael Cohen,PER
115923918404792612,NY,LOC
115923918404792612,anti,MISC
115923918404792612,Trump,PER
115922086257363944,Elections,MISC
115922086257363944,U. S.,LOC
115922086257363944,Presidential Election of 2020,MISC
115922086257363944,##MA,ORG
115922086257363944,D,ORG
115922086257363944,Somali,MISC
115922086257363944,Republicans,MISC
115919827634401559,New York Stock Exchange,ORG
115919827634401559,Dallas,LOC
115919827634401559,UN,MISC
115919827634401559,##BE,ORG
115919827634401559,NE,LOC
115919827634401559,YOR,LOC
115919803174585205,NATO,ORG
115919803174585205,Denmark,LOC
115919803174585205,Russian,MISC
115919803174585205,Greenland,LOC
115919803174585205,Denmark,LOC
115919803174585205,Donald J. Trump,PER
115919697262007872,Minnesota,LOC
115919697262007872,Somalia,MISC
115919697262007872,Il,PER
115919697262007872,##l,PER
115919697262007872,##han Omar,PER
115919697262007872,USA,LOC
115919697262007872,Somalia,LOC
115919697262007872,S,LOC
115919697262007872,##OMAL,LOC
115919466737908324,Peter Schweizer,PER
115919466737908324,Invisible Coup,MISC
115919466737908324,American,MISC
115919466737908324,Powers,MISC
115919466737908324,U. S. A,LOC
115919466737908324,American Empire,MISC
115919466737908324,DJ,PER
115919296178368951,ICE,ORG
115919296178368951,Border Patrol,ORG
115919294107001486,Marc Thiess,PER
115919294107001486,Trump,PER
115919294107001486,Iran,LOC
115919294107001486,Havana,LOC
115919294107001486,Caracas,LOC
115919038563850124,David Bossie,PER
115919038563850124,D,ORG
115919038563850124,Trump,PER
115916047821747370,ICE,ORG
115916047821747370,World,LOC
115916047821747370,Country,LOC
115916047821747370,Minnesota,LOC
115916047821747370,Minnesota,LOC
115916047821747370,Congress,MISC
115916047821747370,Omar,PER
115915958962150760,Tim Scott,PER
115915958962150760,Lara Trump,PER
115915952093312324,Open Borders Policy,MISC
115915952093312324,Joe B,PER
115915952093312324,##iden,PER
115915952093312324,Minneapolis,LOC
115915952093312324,ICE,ORG
115915952093312324,Fox & Friends,ORG
115915881410679214,Jimmy Faillas,PER
115915881410679214,G,MISC
115915881410679214,DJ,PER
115911344443637897,Denmark,LOC
115911344443637897,European Union,ORG
115911344443637897,Ta,MISC
115911344443637897,Ce,MISC
115911344443637897,Denmark,LOC
115911344443637897,World Peace,MISC
115911344443637897,China,LOC
115911344443637897,Russia,LOC
115911344443637897,Greenland,LOC
115911344443637897,Denmark,LOC
115911344443637897,United States of America,LOC
115911344443637897,Land,LOC
115911344443637897,National Security of the,ORG
115911344443637897,United States,LOC
115911344443637897,World,LOC
115911344443637897,Denmark,LOC
115911344443637897,Norway,LOC
115911344443637897,Sweden,LOC
115911344443637897,France,LOC
115911344443637897,Germany,LOC
115911344443637897,The United Kingdom,LOC
115911344443637897,The Netherlands,LOC
115911344443637897,Finland,LOC
115911344443637897,Greenland,LOC
115911344443637897,"Safety, Security, and Survival of our Planet",ORG
115911344443637897,Global Peace and Security,ORG
115911344443637897,Denmark,LOC
115911344443637897,Norway,LOC
115911344443637897,Sweden,LOC
115911344443637897,France,LOC
115911344443637897,Germany,LOC
115911344443637897,The United Kingdom,LOC
115911344443637897,The Netherlands,LOC
115911344443637897,Finland,LOC
115911344443637897,United States of America,LOC
115911344443637897,Greenland,LOC
115911344443637897,United States,LOC
115911344443637897,Denmark,LOC
115911344443637897,AC,ORG
115911344443637897,Canada,LOC
115911344443637897,States,LOC
115911344443637897,America,LOC
115913968629100828,David McI,PER
115913968629100828,##nto,ORG
115913968629100828,##sh,PER
115913968629100828,Club for Growth,ORG
115913968629100828,Indiana,LOC
115913968629100828,Senate,ORG
115913968629100828,Rod Bray,PER
115913968629100828,RIN,ORG
115913968629100828,Republican Party,ORG
115913968629100828,United States,LOC
115913968629100828,AM,LOC
115913968629100828,##ERICA,ORG
115913968629100828,Bray,PER
115913724519885202,America,MISC
115913724519885202,First,ORG
115913724519885202,Julia Letlow,PER
115913724519885202,State,LOC
115913724519885202,Louisiana,LOC
115913724519885202,Julia,PER
115913724519885202,Campaign,MISC
115913724519885202,United States,LOC
115913724519885202,Senate,ORG
115913724519885202,Louisiana,LOC
115913724519885202,Julia,PER
115913724519885202,Julia,PER
115913724519885202,Louisiana,LOC
115913724519885202,United States,LOC
115913724519885202,Senate,ORG
115913724519885202,Julia,PER
115913724519885202,Farmers and Fishermen,ORG
115913724519885202,Louisiana Oil & Gas,ORG
115913724519885202,American,MISC
115913724519885202,Energy,ORG
115913724519885202,U. S,LOC
115913724519885202,A,LOC
115913724519885202,Amendment,MISC
115913724519885202,Julia Letlow,PER
115913724519885202,J,PER
115913809230823901,Barry Moore,PER
115913809230823901,America First,ORG
115913809230823901,Patriot,MISC
115913809230823901,United States,LOC
115913809230823901,Senate,ORG
115913809230823901,Alabama,LOC
115913809230823901,States,LOC
115913809230823901,Barry,PER
115913809230823901,Barry,PER
115913809230823901,U. S. A,LOC
115913809230823901,American,MISC
115913809230823901,Energy,ORG
115913809230823901,Amendment,MISC
115913809230823901,Barry Moore,PER
115913809230823901,United States,LOC
115913809230823901,Alabama,LOC
115913629513015604,Army,ORG
115913629513015604,Navy,ORG
115913629513015604,Game,MISC
115913629513015604,American Tradition,MISC
115913629513015604,College Playoff Games,MISC
115913629513015604,Money,MISC
115913629513015604,Army,ORG
115913629513015604,Navy,ORG
115913629513015604,Army,ORG
115913629513015604,Navy,ORG
115913629513015604,Historic Executive Order,MISC
115913629513015604,E,MISC
115913629513015604,National Event,MISC
115913629513015604,Commercial Postseason Games,MISC
115913629513015604,Time Slot,MISC
115913629513015604,Americas,LOC
115913629513015604,Patriots,MISC
115913629513015604,ALL Television Networks,ORG
115913629513015604,Stations,ORG
115913629513015604,Outlets,ORG
115913629513015604,God,PER
115913629513015604,America,LOC
115913629513015604,God,PER
115913629513015604,Army,ORG
115913629513015604,Navy,ORG
115913629513015604,Game,MISC
115913629513015604,Donald J,PER
115913629513015604,Trump,PER
115912250523181458,Autopen,ORG
115912250523181458,Autopen,ORG
115912250523181458,B,PER
115912250523181458,##iden,PER
115912250523181458,Radical,MISC
115912250523181458,Left,ORG
115912250523181458,B,ORG
115912250523181458,##iden Administration,ORG
115912250523181458,Country,LOC
115912250523181458,Joe Biden,PER
115911321115123547,Fake News Wall Street Journal,ORG
115911321115123547,Jamie Dimon,PER
115911321115123547,JPMorgan Chase,ORG
115911321115123547,Fed,ORG
115911321115123547,JPMorgan Chase,ORG
115911321115123547,The Election,MISC
115911321115123547,The Wall Street Journal,ORG
115911321115123547,Jamie Dimon,PER
115911321115123547,Treasury,ORG
115911321115123547,Scott Bessent,PER
115911321115123547,SUPERST,ORG
115911321115123547,Jamie,PER
115911321115123547,Wall Street Journal,ORG
115911133899693977,G,ORG
115911133899693977,##RE,MISC
115911133899693977,##G J,ORG
115911133899693977,Trump,PER
115911133899693977,Minneapolis,LOC
115911133899693977,ICE,ORG
115908316744576000,Fake News CNN,ORG
115908065089401787,Radical,MISC
115908065089401787,Left,ORG
115908065089401787,New,ORG
115908065089401787,York Courts,LOC
115908065089401787,Michael Cohen,PER
115908065089401787,Let,PER
115908065089401787,##iti,PER
115908065089401787,##a James,PER
115908065089401787,Alvin Bragg,PER
115908065089401787,Trump,PER
115906000981082082,Iran,LOC
115906000981082082,AMERICA,LOC
115905757161594483,Minnesota,LOC
115905755470362973,Meeting,MISC
115905755470362973,on Healthcare,ORG
115905755470362973,Federal Government,ORG
115905755470362973,Insurance Companies,ORG
115902023696178994,Mara Corina Machado,PER
115902023696178994,Venezuela,LOC
115902023696178994,Mara,PER
115902023696178994,Nobel Peace Prize,MISC
115902023696178994,Mara,PER
115902017280271792,Steve Witko,PER
115902017280271792,Gaza,MISC
115902017280271792,Point,MISC
115902017280271792,Plan,MISC
115902017280271792,Ce,MISC
115902017280271792,##itarian Aid,ORG
115902017280271792,Gaza,LOC
115902017280271792,United Nations,ORG
115902017280271792,UNPR,ORG
115902017280271792,Board of Peace,ORG
115902017280271792,Palestinian,MISC
115902017280271792,##nocratic Government,ORG
115902017280271792,National Committee for the Administration of Gaza,ORG
115902017280271792,Board,ORG
115902017280271792,Gaza,LOC
115902017280271792,Palestinian,MISC
115902017280271792,Egypt,LOC
115902017280271792,Turkey,LOC
115902017280271792,Qatar,LOC
115902017280271792,##zation Agreement,MISC
115902017280271792,Hamas,ORG
115902017280271792,E,MISC
115902017280271792,Hamas,ORG
115902017280271792,Israel,LOC
115902017280271792,Gaza,LOC
115901692370933354,Board,ORG
115901692370933354,Pre,ORG
115901692370933354,##igious Board,ORG
115901692370933354,AMERICA,LOC
115901513827848128,Country,LOC
115901513827848128,National Security,ORG
115901513827848128,U,LOC
115901513827848128,S,LOC
115901513827848128,A,LOC
115899928012071589,Tech Companies,ORG
115899928012071589,United States of America,LOC
115899252938886431,Minnesota,LOC
115899252938886431,Patriots,ORG
115899252938886431,I. C. E.,ORG
115899252938886431,DJ,PER
115899010178595252,I. C. E.,ORG
115899010178595252,State,LOC
115899010178595252,Minnesota,LOC
115899010178595252,I. C. E.,ORG
115899010178595252,Law Enforcement,ORG
115899010178595252,Country,LOC
115898867378270216,FoxN,ORG
115898867378270216,Iranian,MISC
115898867378270216,Trump,PER
115896547660912892,Minneapolis,LOC
115896547660912892,Food Stamp,ORG
115896547660912892,Business,MISC
115896547660912892,##es,ORG
115896547660912892,Americans,MISC
115896547660912892,Somalia,LOC
115896547660912892,Country,LOC
115896547660912892,California,LOC
115896547660912892,Illinois,LOC
115896547660912892,New York,LOC
115896547660912892,Democrat,MISC
115896547660912892,F,ORG
115896547660912892,News Media,ORG
115896547660912892,AMERIC,LOC
115895806350456434,Venezuela,LOC
115895806350456434,Del,PER
115895806350456434,##cy Rodrguez,PER
115895806350456434,Venezuela,LOC
115895806350456434,", Minerals",ORG
115895806350456434,Trade,ORG
115895806350456434,National Security,ORG
115895806350456434,United States of America,LOC
115895806350456434,Venezuela,LOC
115895806350456434,Venezuela,LOC
115893658269457561,NATO,ORG
115893658269457561,Denmark,LOC
115893658269457561,USA,LOC
115893658269457561,Danish,MISC
115893658269457561,Russian,MISC
115893658269457561,Chinese,MISC
115893658269457561,Greenland,LOC
115893658269457561,Arctic,LOC
115893627273067088,House,ORG
115893627273067088,Wal,PER
115893625622462941,USA,LOC
115893625622462941,Rep,MISC
115893625622462941,Omar,PER
115893625622462941,DJ,PER
115893625622462941,##TS,ORG
115893625622462941,Fed,ORG
115893625622462941,Ohio,LOC
115893625622462941,Minnesota,LOC
115862109893187989,BR,MISC
115862109893187989,United States of America,LOC
115862109893187989,Nations,ORG
115862109893187989,Democrat,MISC
115862109893187989,TARIFFS,ORG
115862109893187989,National Security,ORG
115862109893187989,Supreme Court,ORG
115862109893187989,Country,MISC
115893309945152200,States,LOC
115893309945152200,AM,LOC
115893255826342514,United States,LOC
115893255826342514,Greenland,LOC
115893255826342514,National Security,ORG
115893255826342514,Golden Dome,LOC
115893255826342514,NATO,ORG
115893255826342514,R,LOC
115893255826342514,##USSI,LOC
115893255826342514,##A,ORG
115893255826342514,CH,ORG
115893255826342514,##INA,LOC
115893255826342514,H,MISC
115893255826342514,##APP,MISC
115893255826342514,United States,LOC
115893255826342514,NATO,ORG
115893255826342514,NATO,ORG
115893255826342514,Greenland,LOC
115893255826342514,UNIT,ORG
115893255826342514,DJ,PER
115889956193740965,Manufacturing Renaissance,MISC
115889956193740965,D,MISC
115889956193740965,##IS,MISC
115889956193740965,Investment,MISC
115889956193740965,U. S,LOC
115889956193740965,A,LOC
115889954671261109,Minnesota,LOC
115889954671261109,Trump,LOC
115889954671261109,Country,MISC
115889954671261109,Election,MISC
115889954671261109,Co,MISC
115889954671261109,Minneapolis,LOC
115889954671261109,St. Paul,LOC
115889954671261109,Il,PER
115889954671261109,##han Omar,PER
115889954671261109,Tim Walz,PER
115889954671261109,Minnesota,LOC
115889954671261109,Somali,MISC
115889954671261109,American,MISC
115889954671261109,Tim,PER
115889954671261109,Re,MISC
115889954671261109,Treasury,ORG
115889954671261109,Scott Bessent,PER
115889954671261109,Minnesota,LOC
115888656099131562,Scott Adams,PER
115888656099131562,God,PER
115888656099131562,Scott,PER
115888317758045915,Iranian Patriots,MISC
115888317758045915,Iranian,MISC
115888317758045915,H,ORG
115888317758045915,MI,PER
115888260399895701,USA,LOC
115888260399895701,Jerome Too Late Powell,PER
115888260399895701,MI,PER
115888070937502023,Minnesota,LOC
115888070937502023,ICE,ORG
115888070937502023,Countries,MISC
115888070937502023,USA,LOC
115888070937502023,Sleep,PER
115888070937502023,Joe B,PER
115888070937502023,Borders,MISC
115888070937502023,Chicago,LOC
115888070937502023,Minnesota,LOC
115888070937502023,Democrats,MISC
115888070937502023,MINNESOTA,LOC
115888061978141827,Minnesota,LOC
115888061978141827,ICE,ORG
115888061978141827,Countries,MISC
115888061978141827,USA,LOC
115888061978141827,Sleep,PER
115888061978141827,Joe B,PER
115888061978141827,Borders,MISC
115888061978141827,Chicago,LOC
115888061978141827,Minnesota,LOC
115888061978141827,Democrats,MISC
115888061978141827,MINNESOTA,LOC
115887347099564233,Patel,PER
115887347099564233,FBI,ORG
115887347099564233,anti,MISC
115887347099564233,Trump Arctic Frost,MISC
115886085338434959,Republican,MISC
115886085338434959,Roger Marshall,PER
115886085338434959,Credit Card Competition Act,MISC
115886085338434959,Swipe Fee,MISC
115886085338434959,Roger,PER
115886085338434959,FA,MISC
115886085338434959,##ASTI,MISC
115886085338434959,DJ,PER
115884759090137876,Sleep,PER
115884759090137876,Joe Biden,PER
115884759090137876,Radical,MISC
115884759090137876,Democrats,MISC
115884759090137876,American,MISC
115884759090137876,Americans,MISC
115884759090137876,Data Centers,ORG
115884759090137876,Administration,ORG
115884759090137876,American Technology Companies,ORG
115884759090137876,American People,MISC
115884759090137876,Microsoft,ORG
115884759090137876,Americans,MISC
115884759090137876,AI,ORG
115884759090137876,Data Centers,ORG
115884759090137876,Americans,MISC
115884759090137876,Technology Companies,ORG
115884759090137876,Microsoft,ORG
115884759090137876,DJ,PER
115884425860726582,P,ORG
115884425860726582,Manhattan,LOC
115884425860726582,New York,LOC
115884425860726582,New York,LOC
115884319075881590,Islamic Republic of Iran,LOC
115884319075881590,United States of America,LOC
115884164936451552,FBI,ORG
115884164936451552,Scum,MISC
115884164936451552,Portland,LOC
115884164936451552,Minnesota,LOC
115884164936451552,Los Angeles,LOC
115884164936451552,Ka,PER
115884164936451552,##sh,PER
115884164936451552,Radical Left Lunatics,ORG
115884164936451552,Auto Pen,ORG
115884164936451552,Obama,ORG
115884164936451552,DJ,PER
115883475463948362,Supreme Court,ORG
115883475463948362,United States of America,LOC
115883475463948362,Companies,ORG
115883475463948362,##ies,ORG
115883475463948362,and Equipment,ORG
115883475463948362,Tri,MISC
115883475463948362,America,LOC
115883475463948362,Supreme Court,ORG
115883475463948362,United States of America,LOC
115883475463948362,National Security,ORG
115882511750475574,DINA P,ORG
115882511750475574,H,ORG
115882511750475574,ME,LOC
115882511750475574,Mark Z,PER
115882511750475574,Trump Administration,ORG
115882511750475574,DJ,PER
115882232505676630,NATO,ORG
115882232505676630,DJ,PER
115879659776888469,Trump,PER
115879485276291693,NY AG Letitia,ORG
115879485276291693,James,PER
115877277396911389,Federal Indictment,MISC
115877277396911389,United States,LOC
115877277396911389,Come,PER
115877176968623599,Honduras,LOC
115877176968623599,Juan Orlando Hernandez,PER
115877159371615050,Michael F. Cannon,PER
115877159371615050,Healthcare Policy,ORG
115877159371615050,CATO Institute,ORG
115877159371615050,ObamaCare,MISC
115877159371615050,ObamaCare,MISC
115877159371615050,Congress,ORG
115877159371615050,ObamaCare,MISC
115877159371615050,ObamaCare,MISC
115877159371615050,ObamaCare,MISC
115877159371615050,Congress,ORG
115877159371615050,Trump Rules,MISC
115877159371615050,Trump,PER
115877159371615050,Plans,MISC
115877159371615050,Obama,PER
115877159371615050,Congress,ORG
115877159371615050,Te,MISC
115877159371615050,Plans,MISC
115877159371615050,ObamaCare,MISC
115877159371615050,Trump,PER
115877159371615050,Democrats,MISC
115877159371615050,ObamaCare,MISC
115877159371615050,Healthcare,ORG
115877159371615050,ZERO,ORG
115877159371615050,Congress,ORG
115877159371615050,Private Insurance Companies,ORG
115877159371615050,Health Insurance Companies,ORG
115876460615555838,Cuba,LOC
115876460615555838,O,MISC
115876460615555838,Venezuela,LOC
115876460615555838,Cuba,LOC
115876460615555838,Security Services,ORG
115876460615555838,Venezuelan,MISC
115876460615555838,Cuban,MISC
115876460615555838,U. S,LOC
115876460615555838,A,LOC
115876460615555838,Venezuela,LOC
115876460615555838,Venezuela,LOC
115876460615555838,United States of America,LOC
115876460615555838,C,LOC
115876460615555838,Z,LOC
115876460615555838,DJ,PER
115873451908160529,Venezuela,LOC
115873451908160529,USA,LOC
115873451908160529,DJ,PER
115873337954422404,America First,ORG
115873337954422404,Patriot,MISC
115873337954422404,Jon Maples,PER
115873337954422404,Florida,LOC
115873337954422404,House,ORG
115873337954422404,Jon,PER
115873337954422404,Palm Beach County,LOC
115873337954422404,MA,PER
115873337954422404,Meg Weinberg,PER
115873337954422404,Jon,PER
115873337954422404,Jon,PER
115873337954422404,U. S. A,LOC
115873337954422404,Crime,MISC
115873337954422404,Military,ORG
115873337954422404,Enforcement,ORG
115873337954422404,Amendment,MISC
115873337954422404,Jon Maples,PER
115873337954422404,Florida,LOC
115873337954422404,HD,MISC
115873337954422404,Primary Election Day,MISC
115873188207807497,Iranian,MISC
115873188207807497,London,LOC
115872769704977517,Marc Siegel,PER
115872769704977517,The Miracles Among Us,MISC
115872769704977517,DJ,PER
115872684220634537,United States of America,LOC
115872664324587956,New York Football Giants,ORG
115872664324587956,John Harbaugh,PER
115872664324587956,John,PER
115872214156165257,Iran,LOC
115872214156165257,FRE,MISC
115872214156165257,USA,LOC
115872191697421818,Venezuelan,MISC
115872191697421818,Venezuela,LOC
115872191697421818,DJ,PER
115871761540198799,Bond,PER
115871761540198799,Obama,PER
115871761540198799,B,PER
115871761540198799,##iden,MISC
115871740731557028,Jack Smith,PER
115871740731557028,Jack Smith,PER
115871740731557028,Trump,PER
115871740731557028,Arctic Frost,MISC
115871569409937657,G,ORG
115871569409937657,##RE,MISC
115871569409937657,##G J,ORG
115871569409937657,Come,PER
115871569409937657,Russian,MISC
115871569409937657,Nixon,PER
115871567004197826,G,ORG
115871567004197826,##REGG J,ORG
115871567004197826,Trump,PER
115871567004197826,Mad,PER
115871567004197826,##uro,PER
115871564802315111,Gregg Jarrett,PER
115871564802315111,G,PER
115871564802315111,Wal,PER
115871564802315111,##z,PER
115871564802315111,Minnesota,LOC
115871553613947408,Bill Pulte,PER
115871553613947408,Newsmax,ORG
115871553613947408,Trump,PER
115868224630084983,Venom and Valor,ORG
115670577719463498,James Jones,PER
115670577719463498,White House,LOC
115670577719463498,Venom and Valor,MISC
115670577719463498,White House,LOC
115670577719463498,Survival,MISC
115670577719463498,Amazon,LOC
115670577719463498,Patriots,MISC
115670577719463498,Jones,PER
115868163614710077,National Portrait Gallery,ORG
115868163614710077,8th,LOC
115868163614710077,G Streets NW,LOC
115868163614710077,Washington,LOC
115868163614710077,D. C,LOC
115868137663758679,American Public,ORG
115868137663758679,Credit Card Companies,ORG
115868137663758679,Sleep,MISC
115868137663758679,##y Joe Biden Administration,ORG
115868137663758679,United States,LOC
115868137663758679,Credit Card,MISC
115868137663758679,Trump,ORG
115868137663758679,Administration,MISC
115868137663758679,AMERIC,LOC
115868134941083354,B,PER
115868134941083354,##ability,ORG
115868134941083354,Fan,PER
115868134941083354,##nie Mae,ORG
115868134941083354,Freddie Mac,ORG
115868134941083354,Mo,ORG
115868134941083354,Bond,ORG
115868134941083354,American,MISC
115868134941083354,Co,MISC
115868134941083354,Americans,MISC
115868132990949589,American Public,ORG
115868132990949589,Credit Card Companies,ORG
115868132990949589,Sleep,MISC
115868132990949589,##y Joe Biden Administration,ORG
115868132990949589,United States,LOC
115868132990949589,Credit Card,MISC
115868132990949589,Trump,ORG
115868132990949589,Administration,MISC
115868132990949589,AMERIC,LOC
115867481802224393,Wyoming,LOC
115867481802224393,MA,PER
115867481802224393,Megan Degenfeld,PER
115867481802224393,Great,MISC
115867481802224393,State of,LOC
115867481802224393,Wyoming,LOC
115867481802224393,Wyoming,LOC
115867481802224393,Instruction,ORG
115867481802224393,Megan,PER
115867481802224393,Megan,PER
115867481802224393,Wyoming,LOC
115867481802224393,U,LOC
115867481802224393,S,LOC
115867481802224393,A,LOC
115867481802224393,American Energy,ORG
115867481802224393,Enforcement,ORG
115867481802224393,Amendment,MISC
115867481802224393,MA,PER
115867481802224393,Megan Degenfeld,PER
115867481802224393,ME,LOC
115867403112667181,Venezuela,LOC
115867403112667181,Donald J,PER
115867403112667181,Trump,PER
115867403112667181,Growth,MISC
115867403112667181,Mark Penn,PER
115867385857410443,Art Laffer,PER
115867385857410443,Stephen Moore,PER
115867385857410443,The,MISC
115867385857410443,Trump Economic Miracle,MISC
115867385857410443,Nations National and Economic Security,ORG
115867385857410443,Art,PER
115867385857410443,Stephen,PER
115867385857410443,America First,ORG
115867385857410443,GRE,MISC
115867385857410443,Book,MISC
115866908684935165,United States of America,LOC
115866908684935165,Interim Authorities of Venezuela,ORG
115866908684935165,Venezuela,LOC
115866908684935165,Venezuela,LOC
115866908684935165,G,MISC
115866908684935165,##REAT Energy Deal,MISC
115866624593954329,Oil Companies in the World,ORG
115866624593954329,White House,LOC
115866624593954329,P,MISC
115866624593954329,Ballroom,LOC
115866624593954329,Oil Companies,ORG
115866624593954329,Energy,ORG
115866624593954329,Chris Wright,PER
115866624593954329,Interior,ORG
115866624593954329,Doug Burgum,PER
115866624593954329,Venezuelan,MISC
115866624593954329,Venezuela,LOC
115866624593954329,"Security, and People",ORG
115866624593954329,American People,MISC
115866624593954329,Drugs,MISC
115866624593954329,and Criminal,ORG
115866624593954329,##s,MISC
115866624593954329,United States of America,LOC
115866622554668872,Gustavo Petro,PER
115866622554668872,Colombia,LOC
115866622554668872,White House,LOC
115866622554668872,Colombia,LOC
115866622554668872,U. S,LOC
115866622554668872,A,LOC
115866622554668872,United States,LOC
115864395969123502,Venezuela,LOC
115864395969123502,See,MISC
115864395969123502,U. S. A.,LOC
115864395969123502,Venezuela,LOC
115864395969123502,Attacks,MISC
115864395969123502,B,ORG
115864395969123502,OIL,ORG
115864395969123502,The White House,LOC
115864395969123502,DJ,PER
115863379883214601,Iran,LOC
115862684255980250,Sean Hannity,PER
115862684255980250,FoxNews,ORG
115862665860473431,California,LOC
115862665860473431,Gavin Newscum,PER
115862665860473431,Africa,LOC
115862665860473431,USA,LOC
115862665860473431,California,LOC
115862665860473431,Federal,ORG
115862665860473431,DJ,PER
115861588073149023,B,PER
115861588073149023,##iden,PER
115861588073149023,Housing,ORG
115861588073149023,Market,MISC
115861588073149023,Crime,MISC
115861588073149023,Borders,MISC
115861588073149023,Afghanistan Disaster,MISC
115861588073149023,Confusion,MISC
115861588073149023,United States,LOC
115861588073149023,Housing,ORG
115861588073149023,Market,MISC
115861588073149023,Fan,PER
115861588073149023,##nie,MISC
115861588073149023,Mae,ORG
115861588073149023,Freddie Mac,ORG
115861588073149023,Biden Administration,ORG
115861588073149023,AMER,MISC
115861588073149023,Administration,ORG
115861588073149023,AMERIC,ORG
115861537483492504,Intel,ORG
115861537483492504,Li,PER
115861537483492504,##p,PER
115861537483492504,B,PER
115861537483492504,##u Tan,PER
115861537483492504,Intel,ORG
115861537483492504,S,MISC
115861537483492504,U,LOC
115861537483492504,S,LOC
115861537483492504,A,LOC
115861537483492504,United,ORG
115861537483492504,States,LOC
115861537483492504,Government,ORG
115861537483492504,Intel,ORG
115861537483492504,U. S. A,LOC
115861537483492504,American People,MISC
115861537483492504,Intel,ORG
115861537483492504,Country,LOC
115861537483492504,Chip Manufacturing,ORG
115861537483492504,America,LOC
115860738010214901,Republicans,MISC
115860738010214901,Senators,MISC
115860738010214901,Democrats,MISC
115860738010214901,Powers,MISC
115860738010214901,United States of America,LOC
115860738010214901,Susan Collins,PER
115860738010214901,Lisa Murkowski,PER
115860738010214901,Rand Paul,PER
115860738010214901,Josh Hawley,PER
115860738010214901,Todd Young,PER
115860738010214901,V,MISC
115860738010214901,American Self Defense and National Security,ORG
115860738010214901,Presidents Authority,ORG
115860738010214901,War Powers Act,MISC
115860738010214901,Article II,MISC
115860738010214901,Constitution,MISC
115860738010214901,Department,ORG
115860738010214901,of Justice,ORG
115860738010214901,Senate,ORG
115859532176676320,Somali,MISC
115859532176676320,Minneapolis,LOC
115859532176676320,US,LOC
115857498674115807,Nicole Parker,PER
115856506155736586,Colombia,LOC
115856506155736586,Gustavo Petro,PER
115856506155736586,Marco Rubio,PER
115856506155736586,Colombia,LOC
115856506155736586,White House,LOC
115856506155736586,Washington,LOC
115856506155736586,D. C,LOC
115856078669121098,Venezuela,LOC
115856078669121098,American Made Products,ORG
115856078669121098,Oil Deal,MISC
115856078669121098,American Agricultural Products,ORG
115856078669121098,American,MISC
115856078669121098,Made Medicines,ORG
115856078669121098,Devices,ORG
115856078669121098,Venezuela,ORG
115856078669121098,Electric Grid,ORG
115856078669121098,Energy Facilities,ORG
115856078669121098,Venezuela,LOC
115856078669121098,United States of America,LOC
115856078669121098,Venezuela,LOC
115856078669121098,United States,LOC
115855894695940909,Congress,ORG
115855894695940909,Country,LOC
115855894695940909,Dream Military,ORG
115855894695940909,United States,LOC
115855894695940909,Sleep,PER
115855894695940909,Joe B,PER
115855894695940909,##iden,ORG
115855894695940909,Country,LOC
115855894695940909,Tri,MISC
115855894695940909,Military Force,ORG
115855894695940909,Patriots,ORG
115855894695940909,Country,LOC
115855836062461949,Department of War,ORG
115855836062461949,Defense Contractor,ORG
115855836062461949,Raytheon,ORG
115855836062461949,Department of War,ORG
115855836062461949,United States Military,ORG
115855836062461949,Raytheon,ORG
115855836062461949,B,ORG
115855836062461949,##iden Administration,ORG
115855836062461949,Raytheon,ORG
115855836062461949,Plants and Equipment,ORG
115855836062461949,Department of War,ORG
115855836062461949,Raytheon,ORG
115855836062461949,United States Government,ORG
115855836062461949,Country,LOC
115855701696773990,Minneapolis,LOC
115855701696773990,Minnesota,LOC
115855701696773990,Radical Left,ORG
115855701696773990,AMERICA,ORG
115855701696773990,Radical Left Movement of Violence and Hate,ORG
115855387946005468,United State Defense Contractors,ORG
115855387946005468,Defense Industry,ORG
115855387946005468,Military,ORG
115855387946005468,Equipment,MISC
115855387946005468,Defense Contractors,ORG
115855387946005468,Plants,ORG
115855387946005468,Equipment,ORG
115855387946005468,Defense Industry,ORG
115855387946005468,Military,ORG
115855387946005468,Defense Companies,ORG
115855387946005468,Great Military Equipment,MISC
115855387946005468,NE,LOC
115855387946005468,M,LOC
115855387946005468,##OD,LOC
115855387946005468,Equipment,MISC
115855387946005468,Defense Companies,ORG
115855387946005468,Salaries,ORG
115855387946005468,Co,ORG
115855387946005468,MI,ORG
115855387946005468,##IT,ORG
115855059527504524,American Dream,MISC
115855059527504524,Record High In,MISC
115855059527504524,##lation,MISC
115855059527504524,Joe Biden,PER
115855059527504524,Democrats,MISC
115855059527504524,Congress,ORG
115855059527504524,American Dream,MISC
115855059527504524,Americans,MISC
115855059527504524,Congress,ORG
115855059527504524,and A,MISC
115855059527504524,##ordability,MISC
115855059527504524,Davos,LOC
115855025749206304,G,MISC
115855025749206304,Doug LaMalfa,PER
115855025749206304,American Patriot,MISC
115855025749206304,Northern California,LOC
115855025749206304,American Flags,MISC
115855025749206304,United States,LOC
115855025749206304,Half Ma,LOC
115855025749206304,Doug,PER
115854352740910460,NATO,ORG
115854352740910460,USA,LOC
115854352740910460,Russia,LOC
115854352740910460,UK,MISC
115854352740910460,Norway,LOC
115854352740910460,NATO,ORG
115854352740910460,Noble Peace Prize,MISC
115854352740910460,of Lives,MISC
115854352740910460,R,PER
115854352740910460,##USSIA,ORG
115854352740910460,CHINA,ORG
115854352740910460,Z,ORG
115854352740910460,NATO,ORG
115854352740910460,NATO,ORG
115854352740910460,US,LOC
115854352740910460,NATO,ORG
115854352740910460,China,LOC
115854352740910460,Russia,LOC
115854352740910460,S,LOC
115854352740910460,AM,LOC
115854238467475779,J,PER
115854238467475779,H,PER
115850817778602689,Interim Authorities in,ORG
115850817778602689,Venezuela,LOC
115850817778602689,United States of America,LOC
115850817778602689,Price,MISC
115850817778602689,United States of America,LOC
115850817778602689,Venezuela,LOC
115850817778602689,United States,LOC
115850817778602689,Chris Wright,PER
115850817778602689,United States,LOC
115850817778602689,AMERICA,LOC
115850518579436668,Anna St. John,PER
115850518579436668,United States District Court,ORG
115850518579436668,Eastern District of,LOC
115850518579436668,Louisiana,LOC
115850518579436668,Columbia Law School,ORG
115850518579436668,LSU,ORG
115850518579436668,Anna,PER
115850518579436668,R,PER
115850518579436668,##hes,PER
115850518579436668,##a Bar,PER
115850518579436668,##ks,ORG
115850518579436668,##dale,PER
115850518579436668,Hamilton Lincoln Law Institute,ORG
115850518579436668,Center for Class Action Fairness,ORG
115850518579436668,Anna,PER
115850518579436668,Free Speech,MISC
115850518579436668,Religious Liberty,MISC
115850518579436668,Anna,PER
115850518579436668,Constitution,MISC
115850518579436668,Federal Ben,ORG
115850518579436668,Anna,PER
115850515035074475,John Shepherd,PER
115850515035074475,United States District Court,ORG
115850515035074475,Western District of,LOC
115850515035074475,Arkansas,LOC
115850515035074475,John,PER
115850515035074475,13th State Judicial,ORG
115850515035074475,District,LOC
115850515035074475,El Dorado,LOC
115850515035074475,Arkansas,LOC
115850515035074475,University of Arkansas School of Law,ORG
115850515035074475,Rice University,ORG
115850515035074475,John,PER
115850515035074475,Law and Order,ORG
115850515035074475,Great Constitution,MISC
115850515035074475,John,PER
115850512257143274,Chris Wolfe,PER
115850512257143274,United States District Court,ORG
115850512257143274,Western District of Texas,LOC
115850512257143274,Baylor University,ORG
115850512257143274,Baylor Law School,ORG
115850512257143274,Chris,PER
115850512257143274,213th State Judicial Court,ORG
115850512257143274,Chris,PER
115850512257143274,Texas,LOC
115850512257143274,Constitution,MISC
115850512257143274,Law and Order,MISC
115850509804217257,Andrew Davis,PER
115850509804217257,United States District Court,ORG
115850509804217257,Western District of Texas,LOC
115850509804217257,Columbia Law School,ORG
115850509804217257,Rice University,ORG
115850509804217257,Andrew,PER
115850509804217257,Ted Cruz,PER
115850509804217257,Texas,LOC
115850509804217257,Re,PER
115850509804217257,##ena Raggi,PER
115850509804217257,Sidney Fitzwater,PER
115850509804217257,Andrew,PER
115850509804217257,Rule of Law,MISC
115850509804217257,Constitutional Rights of the Great People of Texas,MISC
115850509804217257,Andrew,PER
115850448778042500,America First,ORG
115850448778042500,Patriot,MISC
115850448778042500,Jon Maples,PER
115850448778042500,Florida,LOC
115850448778042500,House,ORG
115850448778042500,Jon,PER
115850448778042500,Palm Beach County,LOC
115850448778042500,MA,PER
115850448778042500,Meg Weinberg,PER
115850448778042500,Jon,PER
115850448778042500,Jon,PER
115850448778042500,U. S. A,LOC
115850448778042500,Crime,MISC
115850448778042500,Military,ORG
115850448778042500,Enforcement,ORG
115850448778042500,Amendment,MISC
115850448778042500,Jon Maples,PER
115850448778042500,Florida,LOC
115850448778042500,HD,MISC
115850448778042500,Primary Election Day,MISC
115850441807763948,Sara Baxter,PER
115850441807763948,Palm Beach,LOC
115850441807763948,Florida,LOC
115850441807763948,MA,MISC
115850441807763948,Warrior,MISC
115850441807763948,Sara,PER
115850441807763948,U. S,LOC
115850441807763948,A,LOC
115850441807763948,Regulations,ORG
115850441807763948,American Energy,ORG
115850441807763948,Military,ORG
115850441807763948,Enforcement,ORG
115850441807763948,Amendment,MISC
115850441807763948,Sarah Baxter,PER
115850412075994316,Henry Cuellar,PER
115850412075994316,Donald J. Trump,PER
115850412075994316,B,ORG
115850412075994316,##iden Administration,ORG
115850412075994316,Political Weaponization,MISC
115850412075994316,C,PER
115850412075994316,##lar,PER
115850412075994316,Southern Border,LOC
115850412075994316,Border,LOC
115850412075994316,Country,LOC
115850412075994316,Henry,PER
115850412075994316,Democrats,MISC
115850412075994316,B,PER
115850412075994316,##iden,PER
115850412075994316,Radical,MISC
115850412075994316,Left T,ORG
115850412075994316,Cuel,PER
115850412075994316,Political Weaponization,MISC
115850412075994316,B,ORG
115850412075994316,Henry Cuel,PER
115850412075994316,Mom,PER
115850412075994316,C,PER
115850412075994316,##lar,PER
115850412075994316,Office,ORG
115850412075994316,Democrat,MISC
115850412075994316,Pa,MISC
115850412075994316,Congress,ORG
115850412075994316,Henry,PER
115850410088588555,Hispanic,MISC
115850410088588555,Tan,PER
115850410088588555,##o Tijerina,PER
115850410088588555,Congress,ORG
115850410088588555,and Ranch,ORG
115850410088588555,Regulations,ORG
115850410088588555,U. S,LOC
115850410088588555,A,LOC
115850410088588555,American Energy,ORG
115850410088588555,Amendment,MISC
115850410088588555,Henry Cuellar,PER
115850410088588555,Donald J,PER
115850410088588555,Trump,PER
115850410088588555,Republican Party,ORG
115850410088588555,Political Party,ORG
115850410088588555,Radical Left Democrats,ORG
115850410088588555,Republican,MISC
115850410088588555,Democrats,MISC
115850410088588555,Henry Cuellar,PER
115850410088588555,Per,ORG
115850410088588555,Party,ORG
115850410088588555,Election,MISC
115850410088588555,Henry,PER
115850410088588555,Congress,ORG
115850410088588555,Tan,PER
115850410088588555,##os,PER
115850410088588555,Henry,PER
115850410088588555,Texas,LOC
115850410088588555,Congressional,ORG
115850286700351188,America First,ORG
115850286700351188,Patriot,MISC
115850286700351188,Amanda McKinney,PER
115850286700351188,Washington,LOC
115850286700351188,4th Congressional District,LOC
115850286700351188,Ya,LOC
115850286700351188,##kima County,LOC
115850286700351188,Amanda,PER
115850286700351188,Congress,ORG
115850286700351188,Amanda,PER
115850286700351188,American Energy,ORG
115850286700351188,U. S. A,LOC
115850286700351188,Amendment,MISC
115850286700351188,Amanda McKinney,PER
115850286700351188,Washingtons 4th Congressional District,LOC
115850261028223020,America First Patriots,ORG
115850261028223020,Jay Feely,PER
115850261028223020,Gina Swoboda,PER
115850261028223020,Congress,ORG
115850261028223020,Great State of,LOC
115850261028223020,Arizona,LOC
115850261028223020,Presidential Election Win,MISC
115850261028223020,Make America Great,MISC
115850261028223020,Jay,PER
115850261028223020,Gina,PER
115850261028223020,U,LOC
115850261028223020,S,LOC
115850261028223020,A,LOC
115850261028223020,American Energy,ORG
115850261028223020,Military,ORG
115850261028223020,Veterans,ORG
115850261028223020,Amendment,MISC
115850261028223020,Jay Feely,PER
115850261028223020,Gina Swobo,PER
115850261028223020,Arizona,LOC
115850261028223020,1st Congressional,ORG
115850261028223020,GINA,LOC
115848423492044761,White House,LOC
115848423492044761,House,ORG
115848423492044761,Republicans,MISC
115848423492044761,T,MISC
115848423492044761,Performing Arts Center,LOC
115848423492044761,Country,LOC
115848423492044761,DJ,PER
115848359372759872,California,LOC
115848359372759872,Gavin Newscum,PER
115848359372759872,Minnesota,LOC
115848359372759872,Fraud Investigation of California,MISC
115848329193521599,USA,LOC
115844958852489769,Trump,PER
115844861259246664,Trump Administration,ORG
115844861259246664,United States of Americas,LOC
115844861259246664,##hood V,MISC
115844861259246664,##ation Schedule,MISC
115844861259246664,Gold Standard of Science,MISC
115844861259246664,Scientists,MISC
115844861259246664,and Expert,ORG
115844861259246664,World,LOC
115844861259246664,America,LOC
115844861259246664,United States,LOC
115844861259246664,Developed Nations,MISC
115844861259246664,World,LOC
115844861259246664,HHS,ORG
115844861259246664,Bobby Kennedy,PER
115844861259246664,CD,ORG
115844861259246664,Jim ONeil,PER
115844861259246664,FDA,ORG
115844861259246664,Marty Makary,PER
115844861259246664,CMS,ORG
115844861259246664,Oz,PER
115844861259246664,N,ORG
115844861259246664,Jay Bhattacharya,PER
115844861259246664,and,ORG
115844861259246664,Americans,MISC
115844861259246664,MA,ORG
115844861259246664,AMERICA,LOC
115844814100241306,O,MISC
115844769291604784,Kentucky,LOC
115844769291604784,Congressional,ORG
115844769291604784,District,LOC
115844769291604784,Thomas Massie,PER
115844769291604784,Republican,MISC
115844769291604784,AM,LOC
115844769291604784,##ER,ORG
115844769291604784,##IC,LOC
115844769291604784,Navy,ORG
115844769291604784,Army,ORG
115844769291604784,American,MISC
115844769291604784,Ed Gallre,PER
115844769291604784,Patriot,MISC
115844769291604784,Ed,PER
115844769291604784,Congress,ORG
115844769291604784,MAGA Warriors,ORG
115844769291604784,Ed Gallrein,PER
115844769291604784,Thomas Massie,PER
115844769291604784,##IN,LOC
115844769291604784,Commonwealth of Kentucky,LOC
115844769291604784,Ed,PER
115844769291604784,Nicolas Maduro,PER
115844769291604784,Venezuela,LOC
115844769291604784,Ed,PER
115844769291604784,U. S,LOC
115844769291604784,A,LOC
115844769291604784,Farmers,MISC
115844769291604784,American Agriculture,MISC
115844769291604784,American Energy,MISC
115844769291604784,Golden Age,MISC
115844769291604784,Congress,ORG
115844769291604784,Se,MISC
115844769291604784,Border,MISC
115844769291604784,Amendment,MISC
115844769291604784,Ed Gallre,PER
115844769291604784,Thomas,PER
115844083693194821,Minnesota,MISC
115844083693194821,R,PER
115844083693194821,##ED,PER
115844083693194821,Il,PER
115844083693194821,##han Omar,PER
115844083693194821,Somali,MISC
115844083693194821,Billions,MISC
115844083693194821,##yer,MISC
115844083693194821,Wal,PER
115844083693194821,State,ORG
115844083693194821,Minnesota,LOC
115844083693194821,Gavin Newscum,PER
115844083693194821,J,PER
115844083693194821,##B Pritzker,PER
115844083693194821,Kathy Hochu,PER
115842866197248103,Fake News Media,ORG
115842866197248103,Tariff,MISC
115842866197248103,United States Supreme Court,ORG
115842866197248103,AM,ORG
115840974031136947,Fake News,ORG
115840974031136947,T,MISC
115840974031136947,##R,MISC
115833880793462028,Democrat,MISC
115833880793462028,Wasser,PER
115833880793462028,##man Schultz,PER
115833880793462028,Trump,PER
115833880793462028,Venezuela,LOC
115833689929797630,Obama,PER
115833689929797630,Iran,LOC
115833689929797630,Trump,PER
115832088990838303,Nicolas Maduro,PER
115832088990838303,USS,ORG
115832088990838303,Iwo Jima,LOC
115830428767897167,United States of America,LOC
115830428767897167,Venezuela,LOC
115830428767897167,Nicolas Maduro,PER
115830428767897167,Country,LOC
115830428767897167,U.,ORG
115830428767897167,S,LOC
115830428767897167,. Law Enforcement,ORG
115830428767897167,News Conference,MISC
115830428767897167,Mar - a - Lago,LOC
115825951172960005,National Security and Prosperity,ORG
115825951172960005,United States of America,LOC
115825951172960005,Donald J. Trump,PER
115825721310088041,UC Berkeley,ORG
115825378093317232,White House,LOC
115825378093317232,Examination,MISC
115824439366264186,Iran,LOC
115824439366264186,United States of America,LOC
115823137139241980,Art Del Cueto,PER
115823137139241980,Border,MISC
115823137139241980,FoxNews,ORG
115823137139241980,Trump Administration,ORG
115823137139241980,Sleep,PER
115823137139241980,Joe,PER
115821862193209382,Alex Swoyer,PER
115821862193209382,Lawless Lawfare,MISC
115821862193209382,Scales of Justice,MISC
115821862193209382,Trump,PER
115821862193209382,MA,ORG
115821862193209382,We,MISC
115821862193209382,##ization of Justice,MISC
115821862193209382,Democrats,MISC
115821862193209382,Radical Left Democrats,MISC
115816402893182666,Good News!,ORG
115816402893182666,George,PER
115816402893182666,Am,PER
115816402893182666,##al Clooney,PER
115816402893182666,France,LOC
115816402893182666,Sleep,PER
115816402893182666,Joe Biden,PER
115816402893182666,C,PER
115816402893182666,##lo,PER
115816402893182666,##oney,PER
115816402893182666,Joe,PER
115816402893182666,Jamala,PER
115816402893182666,Country,LOC
115816402893182666,Tim Waltz,PER
115816402893182666,Gavin Newscum,PER
115816402893182666,Democrats,MISC
115816402893182666,Clo,PER
115816402893182666,##oney,PER
115816402893182666,AMERICA,ORG
115816171466225987,National Guard,ORG
115816171466225987,Chicago,LOC
115816171466225987,Los Angeles,LOC
115816171466225987,Portland,LOC
115816171466225987,Patriots,MISC
115816171466225987,Portland,LOC
115816171466225987,Los Angeles,LOC
115816171466225987,Chicago,LOC
115816171466225987,Federal Government,ORG
115816171466225987,Democrat,MISC
115816171466225987,DJ,PER
115816098525451632,Democrats,MISC
115816098525451632,America,LOC
115816098525451632,V,MISC
115816098525451632,I,MISC
115816098525451632,##ification,MISC
115816098525451632,Republicans,MISC
115816063544553030,Republicans,MISC
115816063544553030,Fat Cat Insurance Companies,ORG
115816063544553030,Healthcare,ORG
115816063544553030,DJ,PER
115815971019162695,United States,LOC
115815971019162695,World Record,MISC
115815971019162695,Country,LOC
115815971019162695,China,LOC
115815971019162695,U. S.,LOC
115815971019162695,USA,LOC
115815655902009476,Minnesota,LOC
115815655902009476,Somali,MISC
115815651158028007,Minnesota,LOC
115815648382815071,Putin,PER
115815648382815071,Russia,LOC
115815610061050583,Douglas Murray,PER
115815610061050583,Trump,PER
115815610061050583,DC,LOC
115815355325954705,God,PER
115815355325954705,Tina Peters,PER
115815355325954705,Colorado Maximum Security Prison,LOC
115815355325954705,State,LOC
115815355325954705,Republican,MISC
115815355325954705,D,ORG
115815355325954705,Dems,MISC
115815355325954705,Mail In Ballot System,MISC
115815355325954705,Republican,MISC
115815355325954705,##IN,ORG
115814993074933464,Minnesota Fraud,MISC
115814993074933464,Somalia,LOC
115814993074933464,Congress,ORG
115814993074933464,Omar,PER
115814993074933464,Somalia,LOC
115814993074933464,AMERIC,LOC
115814835032750025,California,LOC
115814835032750025,Minnesota,LOC
115814835032750025,Election Fraud,MISC
115814835032750025,C,MISC
115814835032750025,C,MISC
115814835032750025,States,LOC
115814640881301083,Tim Waltz,PER
115814640881301083,Minnesota,LOC
115814640881301083,C,MISC
115814617728790414,God,PER
115814617728790414,Tina Peters,PER
115814617728790414,Colorado Maximum Security Prison,LOC
115814617728790414,State,LOC
115814617728790414,Republican,MISC
115814617728790414,D,ORG
115814617728790414,Dems,MISC
115814617728790414,Mail In Ballot System,MISC
115814617728790414,Republican,MISC
115814617728790414,##IN,LOC
115814530455966257,California,LOC
115814530455966257,Colorado,LOC
115814530455966257,United Van Lines,ORG
115814530455966257,DJ,PER
115814390834030545,Paul Perez,PER
115814390834030545,Border Patrol,ORG
115814390834030545,Hispanic,MISC
115814390834030545,Los Angeles,LOC
115814390834030545,Karen Bass,PER
115814390834030545,Border Patrol,ORG
115814390834030545,ICE,ORG
115814390834030545,Border,LOC
115814390834030545,Hispanic,MISC
115814390834030545,AMER,LOC
115810938895873142,Bald Eagles,MISC
115810718304828331,Liberal,MISC
115810718304828331,Trump,PER
115810716798307317,Trump,PER
115810715225124666,Trump,PER
115810713030550767,Jennings,PER
115810711432191643,Trump,PER
115810711432191643,Primetime Address,MISC
115810709647434944,B,PER
115810686186203677,Kennedy Center Board,ORG
115810686186203677,Donald Trump,PER
115810686186203677,Icon,MISC
115810686186203677,D. C,LOC
115810683606018453,Kennedy Center,LOC
115810683606018453,Trump,LOC
115810683606018453,Kennedy Center,LOC
115810682102252570,Kennedy Center,LOC
115810682102252570,Trump,PER
115810682102252570,Kennedy Center,LOC
115810597668691530,Amazon,LOC
115810597668691530,AI,MISC
115810597668691530,US,MISC
115798213364038844,Putin,PER
115798213364038844,Russia,LOC
115798213364038844,P,MISC
115798213364038844,M,LOC
115798213364038844,Zelenskyy,PER
115798213364038844,Ukraine,LOC
115798213364038844,Mar - a - Lago,LOC
115798213364038844,Press,ORG
115798213364038844,DJ,PER
115797695341052561,Thailand,LOC
115797695341052561,Cambodia,LOC
115797695341052561,Treaty,MISC
115797695341052561,United States of America,LOC
115797695341052561,United States,LOC
115797695341052561,R,ORG
115797695341052561,United Nations,ORG
115797695341052561,Russia,LOC
115797695341052561,Ukraine,LOC
115797695341052561,United Nations,ORG
115791817694825755,GRE,MISC
115791817694825755,National Security for,ORG
115791817694825755,USA,LOC
115791772938559943,United States,LOC
115791772938559943,Southern Border,MISC
115791772938559943,U. S.,LOC
115791568431162058,Trump,PER
115788344840750960,E,PER
115788344840750960,##ps,PER
115788344840750960,##tein,PER
115788344840750960,DOJ,ORG
115788344840750960,Democrat,MISC
115788344840750960,Election Fraud,MISC
115788344840750960,Dems,MISC
115788344840750960,E,PER
115788344840750960,##ps,PER
115788344840750960,##tein,PER
115788344840750960,Republicans,MISC
115788344840750960,Radical Left,ORG
115788344840750960,T,MISC
115788344840750960,Jeffrey Epstein,PER
115788344840750960,Hunt,MISC
115782891296626533,S,MISC
115782891296626533,Jeffrey Epstein,PER
115782891296626533,Island,LOC
115782891296626533,Donald J,PER
115782891296626533,Trump,PER
115782891296626533,E,PER
115782891296626533,##ps,PER
115782891296626533,##tein,PER
115782891296626533,Radical Left Witch Hunt,MISC
115782891296626533,Republican,MISC
115782891296626533,Mass,PER
115782891296626533,Democrats,MISC
115782891296626533,Russia,LOC
115782891296626533,Russia,LOC
115782891296626533,Russia,LOC
115782891296626533,Hoax,MISC
115782891296626533,Sc,MISC
115782891296626533,Failing New York Times,ORG
115782891296626533,Election Report,MISC
115782891296626533,World of Corr,MISC
115782891296626533,##t Democrat Politics,MISC
115782891296626533,Merry Christmas,MISC
115782891296626533,Donald J. Trump,PER
115787817857959030,Mar,ORG
115787817857959030,The Trump Kennedy Center,LOC
115786778118857114,Mike Lee,PER
115786778118857114,Senate,ORG
115786778118857114,Senate,MISC
115786753989451101,MI,ORG
115786753989451101,DAVIS,ORG
115786753989451101,Democrats,MISC
115786745967133949,James Comeys,PER
115785980589547737,T,ORG
115785935602103818,USA,LOC
115785935602103818,DJ,PER
115785910842203078,Rubi,PER
115785910842203078,##o,PER
115785910842203078,European,MISC
115785910842203078,American,MISC
115785909319650055,Democrats,MISC
115785909319650055,E,PER
115785909319650055,##ps,PER
115785909319650055,##tein,PER
115785909319650055,Clinton,PER
115785906687175720,War Department,ORG
115785906687175720,Trump,PER
115785904480766736,Lake,PER
115782683955516402,United States,LOC
115782683955516402,ISIS,MISC
115782683955516402,Northwest Nigeria,LOC
115782683955516402,Christians,MISC
115782683955516402,Ce,MISC
115782683955516402,Christians,MISC
115782683955516402,Department of War,ORG
115782683955516402,United States,LOC
115782683955516402,Radical Islamic Terrorism,MISC
115782683955516402,God,PER
115782683955516402,Christians,MISC
115782683955516402,AMERICA,LOC
115782187461315486,Trump,PER
115778615226875407,U. S.,LOC
115778611981654615,Roseanne,PER
115777270368444049,Radical Left Sc,MISC
115777270368444049,Borders,ORG
115777270368444049,Womens,ORG
115777270368444049,Sports,MISC
115777270368444049,Enforcement,ORG
115777270368444049,Stock Market,MISC
115777270368444049,Security,ORG
115777270368444049,God,PER
115777270368444049,America,LOC
115777189961532523,FBI,ORG
115777189961532523,Bond,PER
115777189961532523,Obama,PER
115777187532951131,John Brennan,PER
115777187532951131,Florida,LOC
115777185874091441,Trump,PER
115777185874091441,Americans,MISC
115777185874091441,Nick,PER
115777185874091441,##i Minaj,PER
115777183958226675,Rubi,PER
115777183958226675,##o,PER
115777183958226675,European,MISC
115777183958226675,American,MISC
115777182422408467,Democrats,MISC
115777182422408467,E,PER
115777182422408467,##ps,PER
115777182422408467,##tein,PER
115777182422408467,Clinton,PER
115772922954148853,Network NEWS,ORG
115772922954148853,Donald J. Trump,PER
115772922954148853,MA,ORG
115772922954148853,##GA,ORG
115772922954148853,Republican Party,ORG
115772922954148853,License,MISC
115772871198579287,Late Night,MISC
115772871198579287,CBS,ORG
115772871198579287,ABC,ORG
115772871198579287,NBC,ORG
115772871198579287,Salaries,MISC
115772871198579287,Talent,MISC
115772841536331132,Stephen Colbert,PER
115772841536331132,CBS,ORG
115772841536331132,Stephen,PER
115772841536331132,CBS,ORG
115771638702591740,In,MISC
115771638702591740,Trump,PER
115771638702591740,Matthew Continetti,PER
115771638702591740,American Enterprise Institute,ORG
115769455906748881,K,ORG
115769455906748881,CBS,ORG
115769455906748881,Paramount +,MISC
115769455906748881,Tu,PER
115769455906748881,Board,ORG
115769455906748881,America,LOC
115769455906748881,Ce,ORG
115769455906748881,G,MISC
115769455906748881,History of Entertainment,MISC
115769455906748881,Sylvester Stallone,PER
115769455906748881,Michael Crawford,PER
115769455906748881,K,PER
115769455906748881,##IS,ORG
115769455906748881,George Strait,PER
115769455906748881,Gloria Gaynor,PER
115770367420942580,Congress,MISC
115770367420942580,Harriet Hageman,PER
115770367420942580,United States,LOC
115770367420942580,Senate,ORG
115770367420942580,Great State of,LOC
115770367420942580,Wyoming,LOC
115770367420942580,Harriet,PER
115770367420942580,Harriet,PER
115770367420942580,Wyoming,LOC
115770367420942580,United States,LOC
115770367420942580,Senate,ORG
115770367420942580,U. S,LOC
115770367420942580,A,LOC
115770367420942580,American Energy,ORG
115770367420942580,Crime,MISC
115770367420942580,Amendment,MISC
115770367420942580,Harriet Hage,PER
115770165868454573,Financial News,ORG
115770165868454573,Democrat,MISC
115770165868454573,Modern Market,MISC
115770165868454573,Wall Streets,LOC
115770165868454573,Great Market,MISC
115770165868454573,Fed,ORG
115770165868454573,Good,ORG
115770165868454573,Market,MISC
115770165868454573,States,LOC
115770165868454573,Fed,ORG
115769520157248739,Good Government,ORG
115769520157248739,Bill,MISC
115769520157248739,Trump Economic Golden Age,MISC
115769520157248739,AM,LOC
115769520157248739,##ER,ORG
115769520157248739,##IC,LOC
115769520157248739,AMERICA,LOC
115769417518541473,Ka,PER
115769417518541473,Jo,PER
115769417518541473,##mart Tokayev,PER
115769417518541473,Republic of Kazakhstan,LOC
115769417518541473,S,PER
115769417518541473,##ha,PER
115769417518541473,##v,PER
115769417518541473,##kat Mirziyoyev,PER
115769417518541473,Republic of Uzbekistan,LOC
115769417518541473,Peace,MISC
115769417518541473,and Cooperation between our Nations,MISC
115769417518541473,United States,LOC
115769417518541473,G20 Summit,MISC
115769417518541473,Miami,LOC
115769302680506780,T,ORG
115769302680506780,##ARIFFS,ORG
115769302680506780,G,MISC
115769302680506780,USA Economic Numbers,MISC
115769302680506780,U,ORG
115769302680506780,. S,LOC
115769302680506780,. Supreme Court,ORG
115767241940653010,Failing New York Times,ORG
115767241940653010,National Security of our Nation,ORG
115766194471748593,Alex Marlow,PER
115766194471748593,Breitbart,ORG
115766194471748593,The Ingraham Angle,MISC
115766194471748593,Jason Miller,PER
115766194471748593,Rod Blagojevich,PER
115760829286615399,GRE,MISC
115760829286615399,Louisiana,LOC
115760829286615399,Jeff Landry,PER
115760829286615399,United States,LOC
115760829286615399,Greenland,LOC
115760829286615399,Jeff,PER
115760829286615399,Greenland,LOC
115760829286615399,National Security,ORG
115760829286615399,",",MISC
115760829286615399,Security,ORG
115760829286615399,Survival,MISC
115760829286615399,our,MISC
115760829286615399,Jeff,PER
115753288205584377,Trump Effect,MISC
115753298667628824,Trump,PER
115753298667628824,US,MISC
115754571956299155,Andrew Weiss,PER
115754059136466585,Nassau County,LOC
115754059136466585,Bruce Blakeman,PER
115754059136466585,New York,LOC
115754059136466585,Bruce,PER
115754059136466585,MA,ORG
115754059136466585,Nassau County Executive,ORG
115754059136466585,Brave Heroes of ICE,ORG
115754059136466585,Border Patrol,ORG
115754059136466585,Law Enforcement,ORG
115754059136466585,Our Border,ORG
115754059136466585,Bruce,PER
115754059136466585,U,LOC
115754059136466585,S,LOC
115754059136466585,A,LOC
115754059136466585,American Energy,ORG
115754059136466585,Military,ORG
115754059136466585,Veterans,ORG
115754059136466585,Advance Election In,ORG
115754059136466585,Amendment,MISC
115754059136466585,Bruce Blakeman,PER
115754059136466585,FA,ORG
115754059136466585,##TI,ORG
115754059136466585,Y,LOC
115754059136466585,BR,LOC
115754059136466585,##UC,ORG
115750227263339859,North Carolina,LOC
115750227263339859,Michael Whatley,PER
115750227263339859,Roy Cooper,PER
115750227263339859,Radical Left,MISC
115750227263339859,##tic,MISC
115750227263339859,North Carolina,LOC
115750227263339859,Florida,LOC
115750227263339859,White House,LOC
115750227263339859,Most,MISC
115750227263339859,##ored Nation,MISC
115750227263339859,P,MISC
115750227263339859,##ing,MISC
115750227263339859,Medical World,MISC
115750227263339859,Midter,MISC
115750227263339859,Republicans,MISC
115750227263339859,Democrat,MISC
115750227263339859,Jake Paul Fight,MISC
115750227263339859,G,MISC
115750227263339859,Courage,MISC
115750227263339859,Anthony Joshua,PER
115750227263339859,Fantastic Entertainment,ORG
115750227263339859,Ku,PER
115750227263339859,Jake,PER
115750227263339859,St,MISC
115748998203463423,Greg Gianforte,PER
115748998203463423,Great State of,LOC
115748998203463423,Montana,LOC
115748998203463423,Emergency Declaration,MISC
115748998203463423,Montana,LOC
115748995021059823,North Carolina,LOC
115748995021059823,Rocky Mount Events Center,LOC
115748995021059823,Mar - a - Lago,LOC
115748995021059823,G,ORG
115748995021059823,House,ORG
115748995021059823,Tom Emmer,PER
115748995021059823,Country,LOC
115748995021059823,U. S.,LOC
115748995021059823,House of Representatives,ORG
115748995021059823,Tom,PER
115748995021059823,America First Age,MISC
115748995021059823,U. S,LOC
115748995021059823,A,LOC
115748995021059823,American Energy,ORG
115748995021059823,Mi,MISC
115748995021059823,Crime,MISC
115748995021059823,Military,ORG
115748995021059823,Amendment,MISC
115748995021059823,Tom Emmer,PER
115748898604800291,MINNESOTA,LOC
115748898604800291,Il,MISC
115748898604800291,Somalian,MISC
115748898604800291,DJ,PER
115748870260800797,Elizabeth MacDonald,PER
115748870260800797,FoxBusiness,ORG
115748870260800797,of,MISC
115748701721247530,ISIS,MISC
115748701721247530,American Patriots,MISC
115748701721247530,Syria,LOC
115748701721247530,American,MISC
115748701721247530,United States,LOC
115748701721247530,ISIS,MISC
115748701721247530,Syria,LOC
115748701721247530,ISIS,LOC
115748701721247530,Government of Syria,ORG
115748701721247530,Syria,LOC
115748701721247530,Americans,MISC
115748701721247530,U. S,LOC
115748701721247530,A,LOC
115748701721247530,AMERICA,LOC
115748555238487311,Elise Stefanik,PER
115748555238487311,Congress,MISC
115748555238487311,New York State,LOC
115748555238487311,Elise,PER
115748555238487311,G,MISC
115748555238487311,##RE,MISC
115748466708380170,Roger Marshall,PER
115748466708380170,State,LOC
115748466708380170,Kansas,LOC
115748466708380170,Patriots,MISC
115748453260594922,La Jolla Band of Luiseno Indians,ORG
115748453260594922,Storm,MISC
115748453260594922,Hilary,PER
115747232618687626,Government Workforce,ORG
115747232618687626,OUR NE,MISC
115747232618687626,J,ORG
115747232618687626,Federal Government,ORG
115747232618687626,Fake News,ORG
115747232618687626,AMERIC,ORG
115746937797990743,America,LOC
115746927359326655,DC,LOC
115746927359326655,Trump,PER
115746927359326655,Douglas Murray,PER
115746927359326655,Trump,PER
115746927359326655,DC,LOC
115744604019079688,Democrats,MISC
115744604019079688,Congress,ORG
115744604019079688,Harry Enten,PER
115743433358756069,North Carolina,LOC
115743433358756069,Rocky Mount Events Center,LOC
115743433358756069,AM,ORG
115743433358756069,##ERIC,LOC
115742838603762912,MA,PER
115742838603762912,Chris Gober,PER
115742838603762912,Texas,LOC
115742838603762912,Congressional District,LOC
115742838603762912,Harvard Law School,ORG
115742838603762912,Chris,PER
115742838603762912,Courage,MISC
115742838603762912,Constitution,MISC
115742838603762912,Congress,ORG
115742838603762912,Chris,PER
115742838603762912,U. S,LOC
115742838603762912,A,LOC
115742838603762912,American Energy,ORG
115742838603762912,Amendment,MISC
115742838603762912,Chris Gober,PER
115742789211395317,America First,ORG
115742789211395317,Patriot,MISC
115742789211395317,Eric Flores,PER
115742789211395317,Texas,LOC
115742789211395317,Congressional,ORG
115742789211395317,District,LOC
115742789211395317,U. S. Army,ORG
115742789211395317,Eric,PER
115742789211395317,Enforcement,ORG
115742789211395317,Congress,ORG
115742789211395317,Eric,PER
115742789211395317,U. S,LOC
115742789211395317,A,LOC
115742789211395317,American Energy,ORG
115742789211395317,Second Amendment,MISC
115742789211395317,Eric Flores,PER
115742789211395317,Texas 34th,LOC
115742789211395317,Congressional,ORG
115742789211395317,District,LOC
115742633193769571,Tony Gonzales,PER
115742633193769571,Texas,LOC
115742633193769571,U. S. Navy,ORG
115742633193769571,Iraq,LOC
115742633193769571,Afghanistan,LOC
115742633193769571,Tony,PER
115742633193769571,Congress,ORG
115742633193769571,Tony,PER
115742633193769571,U,LOC
115742633193769571,S,LOC
115742633193769571,A,LOC
115742633193769571,American Energy,ORG
115742633193769571,Amendment,MISC
115742633193769571,Tony Gonzales,PER
115742629595806439,GRE,MISC
115742629595806439,Tennessee,LOC
115742629595806439,Congressional,MISC
115742629595806439,District,LOC
115742629595806439,Matt Van Epps,PER
115742629595806439,Matt,PER
115742629595806439,Radical,MISC
115742629595806439,Left,ORG
115742629595806439,Special Election,MISC
115742629595806439,Election,MISC
115742629595806439,West,ORG
115742629595806439,Point,LOC
115742629595806439,Combat Decorated Army He,ORG
115742629595806439,##op,ORG
115742629595806439,Matt,PER
115742629595806439,Congress,ORG
115742629595806439,Matt,PER
115742629595806439,Law,MISC
115742629595806439,and Order,ORG
115742629595806439,Regulations,MISC
115742629595806439,U,LOC
115742629595806439,S,LOC
115742629595806439,A,LOC
115742629595806439,American Energy,ORG
115742629595806439,Amendment,MISC
115742629595806439,Matt Van Epps,PER
115742571489420298,Kevin Lincoln,PER
115742571489420298,California,LOC
115742571489420298,Congressional,MISC
115742571489420298,District,LOC
115742571489420298,U,ORG
115742571489420298,. S.,LOC
115742571489420298,Marine Corps,ORG
115742571489420298,City,LOC
115742571489420298,Stockton,LOC
115742571489420298,Kevin,PER
115742571489420298,Nation,LOC
115742571489420298,U,ORG
115742571489420298,. S.,LOC
115742571489420298,Congress,ORG
115742571489420298,Kevin,PER
115742571489420298,U. S. A,LOC
115742571489420298,American,MISC
115742571489420298,Energy,ORG
115742571489420298,Amendment,MISC
115742571489420298,Kevin Lincoln,PER
115742569503999806,Paul LePage,PER
115742569503999806,Maine,LOC
115742569503999806,Congressional,MISC
115742569503999806,District,LOC
115742569503999806,America First,MISC
115742569503999806,Paul,PER
115742569503999806,AM,ORG
115742569503999806,##IC,ORG
115742569503999806,Congress,ORG
115742569503999806,Maine,LOC
115742569503999806,U. S. A,LOC
115742569503999806,American,MISC
115742569503999806,Energy,ORG
115742569503999806,Second Amendment,MISC
115742569503999806,Paul,PER
115742569503999806,Democrat,MISC
115742569503999806,Matt Dunlap,PER
115742569503999806,Borders,MISC
115742569503999806,Paul LePage,PER
115736866317724246,Raphael Warnock,PER
115736866317724246,Meet the Fake Press,MISC
115736866317724246,Kristen Welk,PER
115736866317724246,Warnock,PER
115736866317724246,Religion,MISC
115736866317724246,Republican,MISC
115736866317724246,ME,ORG
115736866317724246,NEWS,ORG
115736866317724246,State,ORG
115736866317724246,Warnock,PER
115736866317724246,L,ORG
115736866317724246,##W,ORG
115736866317724246,Warnock,PER
115736866317724246,NBC News,ORG
115736866317724246,ABC Fake News,ORG
115736866317724246,Public,ORG
115736866317724246,Networks,ORG
115733300541760842,Brown University,ORG
115733300541760842,Camera,MISC
115733300541760842,DJ,PER
115732900424005065,Wray & Garland,ORG
115732896552615984,FBI,ORG
115732896552615984,Mar - a - Lago,LOC
115732896552615984,DJ,PER
115732659042964265,Hamas,ORG
115732670084362796,Trump,PER
115732670084362796,Venezuela,LOC
115732274245124697,Andrej Babis,PER
115732274245124697,Czech Republic,LOC
115732274245124697,"Defense, Energy",ORG
115732274245124697,Illegal Immigration,ORG
115732274245124697,Andre,PER
115732274245124697,F - 35,MISC
115732274245124697,Andre,PER
115732218449256267,Alvin Bragg,PER
115732218449256267,Donald J. Trump,PER
115732218449256267,Law,MISC
115732218449256267,United States of America,LOC
115732218449256267,Alan Dershow,PER
115732126619539882,Troy Edgar,PER
115732126619539882,United States,LOC
115732126619539882,El Salvador,LOC
115732126619539882,DHS,ORG
115732126619539882,Troy,PER
115732126619539882,Homeland,ORG
115732126619539882,America First Agenda,MISC
115732126619539882,Border,ORG
115732126619539882,Security,LOC
115732126619539882,Western Hemisphere,LOC
115732126619539882,El Salvador,LOC
115732126619539882,Nayi,PER
115732126619539882,##b Buke,PER
115732126619539882,Crime,MISC
115732126619539882,Cartels,MISC
115732126619539882,Troy,PER
115732126619539882,Western Hemisphere,LOC
115732126619539882,B,PER
115732126619539882,##uke,PER
115732126619539882,American,MISC
115732126619539882,Latin America,LOC
115731908387416458,Venezuela,LOC
115731908387416458,Armada,MISC
115731908387416458,History of South,MISC
115731908387416458,America,LOC
115731908387416458,United States of America,LOC
115731908387416458,"Oil, Land",MISC
115731908387416458,As,MISC
115731908387416458,Maduro Reg,ORG
115731908387416458,Oil,MISC
115731908387416458,Oil Fields,MISC
115731908387416458,Terrorism,MISC
115731908387416458,Trafficking,MISC
115731908387416458,Venezuelan,MISC
115731908387416458,O,ORG
115731908387416458,Venezuela,LOC
115731908387416458,Il,ORG
115731908387416458,Alien,ORG
115731908387416458,and Criminal,ORG
115731908387416458,Maduro Reg,ORG
115731908387416458,United States,LOC
115731908387416458,Biden Administration,ORG
115731908387416458,Venezuela,LOC
115731908387416458,America,LOC
115731908387416458,"Oil, Land",MISC
115731908387416458,United States,LOC
115731908387416458,AMERICA,LOC
115731785428395132,TARIFFS,ORG
115731785428395132,De,MISC
115731785428395132,United States,LOC
115731785428395132,ME,ORG
115731785428395132,United States,LOC
115731785428395132,Supreme Court,ORG
115731785428395132,Gen,ORG
115731785428395132,##ius,MISC
115731785428395132,National Security,ORG
115731785428395132,America,LOC
115731785428395132,AMERIC,LOC
115730908630818072,CBS,ORG
115730908630818072,60 Minutes,ORG
115730859844120569,Unselect Committee of Political Hacks and Thugs,ORG
115730644486071082,Americans,MISC
115730057824476022,Trump,PER
115730057824476022,BBC,ORG
115725803987363092,Scott Jennings,MISC
115725803987363092,GREAT Book,MISC
115567293174185547,Scott Jennings,PER
115567293174185547,A Revolution of Common Sense,MISC
115567293174185547,Donald Trump,PER
115567293174185547,Washington,LOC
115567293174185547,Western Civilization,MISC
115567293174185547,"Wisdom, Courage, and Common Sense",MISC
115567293174185547,CNN,ORG
115567293174185547,Scott,PER
115567293174185547,MA,ORG
115567293174185547,Our Movement,ORG
115567293174185547,Republicans,MISC
115567293174185547,Democrats,MISC
115567293174185547,Independent,MISC
115567293174185547,Patriots,MISC
115567293174185547,God,PER
115724141568860081,Hollywood,LOC
115724141568860081,Rob Reiner,PER
115724141568860081,Michele,PER
115724141568860081,TD,MISC
115724141568860081,Donald J,PER
115724141568860081,Trump,PER
115724141568860081,Trump Administration,ORG
115724141568860081,Golden Age of America,MISC
115724141568860081,Rob,PER
115724141568860081,Michele,PER
115584069121440868,Democrats,MISC
115584069121440868,Republicans,MISC
115584069121440868,Democrats,MISC
115584069121440868,American,MISC
115584069121440868,Democrats,MISC
115584069121440868,Democrats,MISC
115584069121440868,ALL,ORG
115585165637422509,Leavi,PER
115585165637422509,##tt,PER
115585165637422509,Americans,MISC
115614220577980648,Trump,PER
115614220577980648,B,MISC
115614220577980648,##iden,MISC
115614220577980648,Depression,MISC
115614220577980648,NewGoldenA,MISC
115583956149724264,Americans,MISC
115583956149724264,Joe Biden,PER
115583956149724264,Democrats,MISC
115583956149724264,Trump,PER
115583956149724264,American,MISC
115583956149724264,B,PER
115583956149724264,##iden,MISC
115583956149724264,Trump,PER
115583956149724264,B,PER
115583956149724264,##iden,PER
115583956149724264,Trump,PER
115720167024828284,White House,LOC
115720154535825762,Trump,PER
115720154535825762,Hamas,ORG
115714751735035903,Brown University Police,ORG
115714676658999589,Brown University,ORG
115714676658999589,Rhode Island,LOC
115714676658999589,FBI,ORG
115714676658999589,God,PER
115713851852551574,Fort McHenry,LOC
115713851852551574,Army,MISC
115713851852551574,Navy,ORG
115713851852551574,Game,MISC
115713851852551574,Army,ORG
115713851852551574,Navy,ORG
115714068315379947,The West Wing,MISC
115714068315379947,The Presidential Walk of Fame,MISC
115713778827349150,Great American Patriots,MISC
115713778827349150,Syria,LOC
115713778827349150,ISIS,MISC
115713778827349150,U. S.,LOC
115713778827349150,Syria,LOC
115713778827349150,Syria,LOC
115713778827349150,Syria,LOC
115713778827349150,Ahmed al - Sharaa,PER
115713778827349150,##IT,MISC
115713778827349150,AMERICA,LOC
115713058860389475,Art ( Arthur ) Laffer,PER
115713058860389475,Ronald Reagan,PER
115713058860389475,Donald Trump,PER
115713058860389475,Country,LOC
115713044487400578,Art ( Arthur ) Laffer,PER
115713044487400578,Ronald Reagan,PER
115713044487400578,Donald Trump,PER
115713044487400578,Country,LOC
115713044487400578,Bar,PER
115710698623079249,Republicans,MISC
115710698623079249,Indiana State Senate,ORG
115710698623079249,Majority,MISC
115710698623079249,U,ORG
115710698623079249,. S.,LOC
115710698623079249,House of Representatives,ORG
115710698623079249,Rod Bray,PER
115710698623079249,Indiana,LOC
115710698623079249,Union,LOC
115707808536071986,Thailand,LOC
115707808536071986,An,PER
115707808536071986,##uti,PER
115707808536071986,##n Charnvirakul,PER
115707808536071986,Cambodia,LOC
115707808536071986,Hu,PER
115707808536071986,##n Manet,PER
115707808536071986,CEASE,ORG
115707808536071986,Peace Accord,MISC
115707808536071986,Malaysia,LOC
115707808536071986,An,PER
115707808536071986,##war Ibrahim,PER
115707808536071986,Thai,MISC
115707808536071986,Thailand,LOC
115707808536071986,United States of America,LOC
115707808536071986,Anuti,PER
115707808536071986,Hu,PER
115707808536071986,Malaysia,LOC
115707808536071986,An,PER
115707808536071986,##war Ibrahim,PER
115703610330402175,Democrats,MISC
115703610330402175,V,MISC
115703610330402175,Crime,MISC
115703610330402175,Democrats,MISC
115703610330402175,American,MISC
115703610330402175,Democrats,MISC
115703610330402175,Americans,MISC
115703610330402175,Democrats,MISC
115703610330402175,Safe,MISC
115703610330402175,##cure Elections,MISC
115703610330402175,Democrats,MISC
115703610330402175,T,PER
115703610330402175,Patriot,MISC
115703610330402175,Elections,MISC
115703610330402175,and,MISC
115703610330402175,##est,MISC
115703610330402175,Tina,PER
115703610330402175,Colorado,LOC
115703610330402175,Honest Elections,MISC
115703610330402175,Tina,PER
115703610330402175,V,MISC
115703610330402175,Fraud,MISC
115703610330402175,Rigged 2020 Presidential Election,MISC
115702734737677434,Wall Street Journal,ORG
115702734737677434,China,LOC
115702734737677434,World,ORG
115702734737677434,Electricity,MISC
115702734737677434,AI,MISC
115702734737677434,AI,MISC
115702734737677434,United States,LOC
115702734737677434,Electric Generating Facilities,ORG
115702734737677434,Electric Grid,ORG
115702734737677434,AI,MISC
115702734737677434,AI,ORG
115702734737677434,World,ORG
115702734737677434,AI,MISC
115702734737677434,D,PER
115702382320619583,B,ORG
115702382320619583,##iden Administration,ORG
115702382320619583,Country,LOC
115702382320619583,American People,MISC
115702382320619583,"Energy, Oil and Gasoline",ORG
115702382320619583,Stock,ORG
115702382320619583,Market,MISC
115702382320619583,All Time,MISC
115702382320619583,Country,LOC
115702382320619583,America,LOC
115701697468059580,F,MISC
115701697468059580,Poll,MISC
115701239677984151,Blue Slips,ORG
115701239677984151,Republican,MISC
115701239677984151,U. S.,LOC
115701239677984151,Democrat,MISC
115701239677984151,Republican,MISC
115701239677984151,Democrat,MISC
115701239677984151,Republicans,MISC
115701239677984151,Chuck G,PER
115701239677984151,Republicans,MISC
115701239677984151,Constitutional,MISC
115701239677984151,Senate,ORG
115701239677984151,John Thune,PER
115701239677984151,Blue Slips,ORG
115701239677984151,DJ,PER
115698333420423237,State,LOC
115698333420423237,Indiana,LOC
115698333420423237,"Washington, D. C.",LOC
115698333420423237,House,ORG
115698333420423237,Majority,ORG
115698333420423237,Radical Left Democrats,MISC
115698333420423237,Republicans,MISC
115698333420423237,Party,ORG
115698333420423237,America,LOC
115698333420423237,Democrats,MISC
115698333420423237,Indiana,LOC
115698333420423237,Senate,ORG
115698333420423237,Rod Bray,PER
115698333420423237,United States of America,LOC
115698333420423237,Republicans,MISC
115698333420423237,Indiana,LOC
115698333420423237,Majority,ORG
115698333420423237,House of Representatives,ORG
115698333420423237,"Washington,",LOC
115698333420423237,D. C,LOC
115698333420423237,Indiana,LOC
115698333420423237,Indiana,LOC
115698333420423237,Party of Sleepy Joe Biden,ORG
115698333420423237,Kamal,PER
115698333420423237,Il,PER
115698333420423237,##han Omar,PER
115698333420423237,Washington,LOC
115698333420423237,Bray,PER
115698333420423237,Radical Left Democrats,MISC
115698333420423237,Republican,MISC
115698333420423237,Senate,ORG
115698333420423237,Mitch Daniels,PER
115698333420423237,Jim Banks,PER
115698333420423237,Cam Savage,PER
115698333420423237,Republican Party,ORG
115698333420423237,Bray,PER
115698333420423237,Republicans,MISC
115698333420423237,Nancy,PER
115698333420423237,Chuck,PER
115698333420423237,Red,ORG
115698333420423237,Republican,MISC
115698333420423237,Party,ORG
115698333420423237,D,ORG
115698333420423237,C,ORG
115698333420423237,MA,ORG
115698333420423237,Republicans,MISC
115698333420423237,Democrats,MISC
115698333420423237,Rod,PER
115698333420423237,Republican,MISC
115698333420423237,Party,ORG
115697029631709665,UNIT,ORG
115697029631709665,Great American,MISC
115697029631709665,Companies,ORG
115698147293634454,Phil Berger,PER
115698147293634454,America First,ORG
115698147293634454,Patriot,MISC
115698147293634454,North Carolina,LOC
115698147293634454,Phil Berger,PER
115698147293634454,North Carolina,LOC
115698147293634454,Senate,ORG
115698147293634454,Senate,ORG
115698147293634454,Phil,PER
115698147293634454,U,LOC
115698147293634454,S,LOC
115698147293634454,A,LOC
115698147293634454,American,MISC
115698147293634454,Energy,ORG
115698147293634454,Enforcement,ORG
115698147293634454,Mi,MISC
115698147293634454,##nt Crime,MISC
115698147293634454,Second Amendment,MISC
115698147293634454,Ted Budd,PER
115698147293634454,Virginia Foxx,PER
115698147293634454,Addison McDowell,PER
115698147293634454,David Rouzer,PER
115698147293634454,MAGA Warriors,ORG
115698147293634454,Sam Page,PER
115698147293634454,"Washington, D. C",LOC
115698147293634454,Phil,PER
115698147293634454,Phil Berger,PER
115696262289771554,Mexico,LOC
115696262289771554,Texas,LOC
115696262289771554,California,LOC
115696262289771554,United States of America,LOC
115692843128539904,Eight Wars,MISC
115692843128539904,of our Country,MISC
115692843128539904,United States,LOC
115692843128539904,Military,ORG
115692843128539904,Southern Border,MISC
115692843128539904,United States of America,LOC
115692843128539904,Great Walter Reed National Military Medical Center,LOC
115692843128539904,The New York Times,ORG
115692843128539904,The New York Times,ORG
115692843128539904,York,ORG
115693285064758445,Charlie Kirk,PER
115693285064758445,God,PER
115693285064758445,Charlie,PER
115693285064758445,Charlie,PER
115693285064758445,God,PER
115693285064758445,God,PER
115693285064758445,Evil,MISC
115688492399516072,National Security,ORG
115688461364044258,United States National Security,ORG
115688461364044258,U,ORG
115688461364044258,. S.,LOC
115688461364044258,Supreme Court,ORG
115688461364044258,Europe,LOC
115688461364044258,China,LOC
115686410399815717,Mexico,LOC
115686410399815717,Water Treaty,MISC
115686410399815717,##EX,LOC
115686410399815717,Mexico,LOC
115686410399815717,U. S,LOC
115686410399815717,Treaty,MISC
115686410399815717,U. S,LOC
115686410399815717,Mexico,LOC
115686410399815717,Mexico,LOC
115686410399815717,U. S.,LOC
115686410399815717,Mexico,LOC
115686410399815717,Mexico,LOC
115686410399815717,Mexico,LOC
115686072737425841,Xi,PER
115686072737425841,China,LOC
115686072737425841,United States,LOC
115686072737425841,NVIDIA,ORG
115686072737425841,China,LOC
115686072737425841,National Security,ORG
115686072737425841,Xi,PER
115686072737425841,United States of America,LOC
115686072737425841,American Jobs,ORG
115686072737425841,U,ORG
115686072737425841,. S,LOC
115686072737425841,. Manufacturing,ORG
115686072737425841,American,MISC
115686072737425841,B,ORG
115686072737425841,##iden Administration,ORG
115686072737425841,Great Companies,ORG
115686072737425841,DOL,ORG
115686072737425841,Innovation,ORG
115686072737425841,American Worker,ORG
115686072737425841,National Security,ORG
115686072737425841,American,MISC
115686072737425841,Jobs,ORG
115686072737425841,Americas,LOC
115686072737425841,AI,MISC
115686072737425841,U. S,LOC
115686072737425841,Blackwell,ORG
115686072737425841,Rubin,PER
115686072737425841,Administration,ORG
115686072737425841,America,LOC
115686072737425841,Department of Commerce,ORG
115686072737425841,AMD,ORG
115686072737425841,Intel,ORG
115686072737425841,American Companies,ORG
115686072737425841,AMERICA,ORG
115685670623938058,Europeans,MISC
115685670623938058,Trump,PER
115685670623938058,Ukraine,LOC
115684406134734247,Marjorie Traitor Brown,PER
115684406134734247,Green,PER
115684406134734247,Brown,PER
115684406134734247,United States,LOC
115684406134734247,Rotten,PER
115684406134734247,Apple,MISC
115684406134734247,Marjorie,PER
115684406134734247,AM,ORG
115684406134734247,Trump,PER
115684406134734247,60 Minutes,ORG
115684406134734247,Lesley Stahl,PER
115684406134734247,Hunter B,PER
115684406134734247,Russia,LOC
115684406134734247,Hunter,PER
115684406134734247,60 Minutes,ORG
115684406134734247,Paramount,ORG
115684406134734247,ME,LOC
115684406134734247,60 Minutes,ORG
115684406134734247,P,ORG
115684406134734247,S,ORG
115684406134734247,Lesley Stahl,PER
115684406134734247,60 Minutes,ORG
115684406134734247,Hunters Laptop,ORG
115684148454828379,One Rulebook,MISC
115684148454828379,AI,MISC
115684148454828379,States,LOC
115684148454828379,AI,ORG
115680021178321608,United States,LOC
115680021178321608,OUR N,MISC
115680021178321608,United States,LOC
115680021178321608,Supreme Court,ORG
115680021178321608,L,ORG
115680021178321608,AL,LOC
115680021178321608,T,LOC
115680021178321608,##ES,LOC
115680021178321608,Wars,MISC
115680021178321608,United States,LOC
115679783474101246,Obama,MISC
115679783474101246,Roger Clemens,PER
115679765232612242,Roger Clemens,PER
115679765232612242,Witch Hunt,MISC
115679765232612242,CH,MISC
115679765232612242,Hall of Fame,MISC
115679765232612242,Major League Baseball,MISC
115679762314112555,Roger Clemens,PER
115679762314112555,Witch Hunt,MISC
115679762314112555,CH,MISC
115679762314112555,Hall of Fame,MISC
115679762314112555,Major League Baseball,MISC
115678452939414622,Democrats,MISC
115678452939414622,Crook,ORG
115678452939414622,Joe Biden Administration,ORG
115678452939414622,Henry Cuellar,PER
115678452939414622,I,PER
115678452939414622,##da,PER
115678452939414622,Radical,MISC
115678452939414622,Left,ORG
115678452939414622,De,MISC
115678452939414622,Henry,PER
115678452939414622,Democrats,MISC
115678452939414622,Presidential Election,MISC
115678452939414622,Cuellar,PER
115678452939414622,De,MISC
115678452939414622,Henry,PER
115678452939414622,Country,LOC
115678452939414622,USA,LOC
115678452939414622,Henry,PER
115678452939414622,I,PER
115678452939414622,##da,PER
115678452939414622,Oval Office,LOC
115678452939414622,God,PER
115678452939414622,Henry,PER
115678452939414622,Congress,ORG
115678452939414622,Texas,LOC
115678452939414622,Democrat,MISC
115678452939414622,Texas,LOC
115678452939414622,Henry,PER
115678904344018257,Miami,MISC
115678904344018257,Mayor Race,MISC
115678904344018257,Republican,MISC
115678904344018257,Gonzalez,PER
115678904344018257,AMERIC,LOC
115676421048496642,Trump,PER
115676421048496642,State Department Kennedy,ORG
115676421048496642,Center,LOC
115675310112594110,Kennedy,MISC
115675310112594110,Center,LOC
115675310112594110,Honors,MISC
115675310112594110,##D,ORG
115675310112594110,Oval Office,LOC
115674446098726232,Mi,MISC
115674446098726232,Charlotte,LOC
115674446098726232,North Carolina,LOC
115674446098726232,Charlotte,LOC
115674446098726232,Democrats,MISC
115674446098726232,DJ,PER
115674376798726553,Republican,MISC
115674376798726553,Dems,MISC
115674376798726553,Office,LOC
115674376798726553,Indiana,LOC
115669815800105560,Indiana,LOC
115669815800105560,Republican,MISC
115669815800105560,G,ORG
115669815800105560,Todd Huston,PER
115669815800105560,Bill Spo,PER
115669815800105560,Ben Smal,PER
115669815800105560,Elections Committee,ORG
115669815800105560,Tim Wesco,PER
115669815800105560,Congressional Map,MISC
115669815800105560,Indiana,LOC
115669815800105560,Map,MISC
115669815800105560,Indiana,LOC
115669815800105560,Republicans,MISC
115669815800105560,Midterm Elections,MISC
115669815800105560,Indiana,ORG
115669815800105560,Senate,ORG
115669815800105560,Mike Braun,PER
115669815800105560,for Republicans,MISC
115669815800105560,Hoos,LOC
115669815800105560,State,LOC
115669815800105560,Country,LOC
115669815800105560,Senators,MISC
115669815800105560,Re,MISC
115669815800105560,Blake Doriot,PER
115669815800105560,Brett Clark,PER
115669815800105560,Brian Buchanan,PER
115669815800105560,Dan Dernulc,PER
115669815800105560,Ed Charbonne,PER
115669815800105560,Greg Goode,PER
115669815800105560,Jim Buck,PER
115669815800105560,Rick Niemeyer,PER
115669815800105560,Ryan Mishler,PER
115669815800105560,Senators,MISC
115674349662139906,Trump,PER
115674349662139906,Indiana,LOC
115674349662139906,Republicans,MISC
115674102596009965,Baseball Hall of Fame Committee,ORG
115674102596009965,Hall of Fame,MISC
115674102596009965,Roger Clemens,PER
115674102596009965,The Rocket,PER
115674102596009965,Hall,LOC
115674102596009965,Roger,PER
115674102596009965,All Time,MISC
115674102596009965,Cy Young Awards,MISC
115674102596009965,World Series,MISC
115674102596009965,Rocket,PER
115674102596009965,All Time,MISC
115674102596009965,Hall of Fame,MISC
115674102596009965,Nolan Ryan,PER
115674102596009965,Roger Clemens,PER
115674102596009965,Hall of Fame,MISC
115674102596009965,Obama DO,ORG
115674102596009965,Roger,PER
115674102596009965,Rocket,ORG
115674102596009965,Committee,ORG
115674102596009965,Rogers,PER
115674102596009965,History of Baseball!,MISC
115674102596009965,Roger Clemens,PER
115674102596009965,The Baseball Hall of Fame,MISC
115673738803217830,College Sports,ORG
115673713225538385,DHS,ORG
115673713225538385,Democrat,MISC
115673706520574050,C,PER
115673706520574050,##rist,PER
115673706520574050,##iano Ronaldo,PER
115673706520574050,G,MISC
115673706520574050,##RE,MISC
115673706520574050,White House,LOC
115673706520574050,Oval Office,LOC
115673706520574050,DJ,PER
115673681347141352,Oz,PER
115673681347141352,Wal,PER
115673681347141352,Minnesota,MISC
115673681347141352,Me,MISC
115673681347141352,##dicaid,MISC
115673677994343056,Greg Gutfeld,PER
115673677994343056,Trump,PER
115673677994343056,DC,ORG
115673676055612429,Coast Guard,ORG
115673648564690818,DAVID,ORG
115673648564690818,Trump,PER
115673648564690818,Venezuela,LOC
115673648564690818,Putin,PER
115673641220529524,Angel Families,ORG
115673641220529524,Trump,PER
115673487263910414,FIFA,ORG
115673487263910414,World Cup,MISC
115672772354075395,C,PER
115672772354075395,##ait,PER
115672772354075395,##lin Collins,PER
115672772354075395,Fake News CNN,ORG
115672772354075395,Stupid and Nasty,ORG
115672772354075395,Ball,ORG
115672772354075395,##room,LOC
115672772354075395,SPAN,ORG
115672772354075395,CNN,ORG
115672630683376515,Fox,MISC
115672630683376515,and Friends,ORG
115672630683376515,Weekend,MISC
115672630683376515,Stockbro,MISC
115672630683376515,Peter Schiff,PER
115672630683376515,Trump,MISC
115672630683376515,B,PER
115672630683376515,##iden,PER
115672630683376515,B,PER
115672630683376515,##iden,PER
115672630683376515,A,MISC
115672630683376515,Border,MISC
115670459480108739,Trump,PER
115670459480108739,FIFA,ORG
115670459480108739,First Peace Prize,MISC
115669821715563033,CDC Vaccine Committee,ORG
115669821715563033,He,MISC
115669821715563033,##titis B Vaccine Re,MISC
115669821715563033,He,MISC
115669821715563033,B,MISC
115669821715563033,American Childhood Vaccine Schedule,MISC
115669821715563033,Me,MISC
115669821715563033,Department of Health and Human Services,ORG
115669821715563033,Vac,MISC
115669821715563033,Schedule,MISC
115669821715563033,World,LOC
115669821715563033,U,MISC
115669821715563033,S,LOC
115669821715563033,Vaccine Schedule,MISC
115669821715563033,Gold Standard,MISC
115669821715563033,Robert F. Kennedy,PER
115669821715563033,Jr,PER
115669821715563033,CDC,ORG
115669821715563033,Nations Children,ORG
115669821715563033,MA,ORG
115667445871563304,America,LOC
115667445871563304,DOJ,ORG
115667445871563304,Departments of Transportation and Environment,ORG
115667396705453017,Democrats,MISC
115667396705453017,O,MISC
115667396705453017,United,ORG
115667396705453017,States,LOC
115667396705453017,Supreme Court,ORG
115667396705453017,##buster,MISC
115667396705453017,Radical,MISC
115667396705453017,Democrats,MISC
115667396705453017,Country,LOC
115667396705453017,Republicans,MISC
115667396705453017,Country,LOC
115664032674403982,Andrew Wolfe,PER
115664032674403982,National Guards,MISC
115664032674403982,Capital of,LOC
115664032674403982,United States of America,LOC
115664032674403982,Oval Office,LOC
115664032674403982,American Patriots,MISC
115663982335866800,Al Sharpton,PER
115663982335866800,Radical Left,ORG
115663982335866800,NBC,ORG
115663982335866800,James Brown,PER
115622436610625220,Afghanis,MISC
115629765183673638,Trump,PER
115629765183673638,American,MISC
115629765183673638,Washington,LOC
115629765183673638,Lincoln,PER
115629765183673638,Trump,PER
115629765183673638,America,LOC
115629765183673638,West,LOC
115629765183673638,God,ORG
115625429081411360,Great American Citizens,MISC
115625429081411360,Patriots,MISC
115625429081411360,United States,LOC
115625429081411360,Patriotic American Citizens,MISC
115625429081411360,America,LOC
115625429081411360,World War II,MISC
115625429081411360,Somalia,LOC
115625429081411360,State,LOC
115625429081411360,Minnesota,LOC
115625429081411360,Somalia,MISC
115625429081411360,Minnesota,LOC
115625429081411360,Tim Walz,PER
115625429081411360,Country,LOC
115625429081411360,Ilhan Omar,PER
115625429081411360,U. S. A,LOC
115663961478701629,First,ORG
115663961478701629,of Technology,ORG
115663961478701629,Melania Trump,PER
115663957175232306,New York Times,ORG
115663957175232306,Trump,PER
115663952570644904,Manhattan,LOC
115663952570644904,US,MISC
115663952570644904,Jay Clayton,PER
115663947824431940,Net,PER
115663947824431940,##anyahu,PER
115663947824431940,Her,PER
115663947824431940,##zo,PER
115663947824431940,##g,PER
115662373086221699,MA,PER
115662373086221699,##GA,PER
115662373086221699,Texas,LOC
115662373086221699,Congressional,MISC
115662373086221699,District,LOC
115662373086221699,T,PER
115662373086221699,##ver,PER
115662373086221699,G,MISC
115662373086221699,Texas,LOC
115662373086221699,Troy Nehls,PER
115662373086221699,AMERIC,ORG
115662373086221699,Fort Bend,LOC
115662373086221699,U,ORG
115662373086221699,. S.,LOC
115662373086221699,Army,ORG
115662373086221699,T,PER
115662373086221699,Enforcement,ORG
115662373086221699,Military,ORG
115662373086221699,Congress,ORG
115662373086221699,T,PER
115662373086221699,Mi,MISC
115662373086221699,Crime,MISC
115662373086221699,U. S,LOC
115662373086221699,A,LOC
115662373086221699,Advance American Energy,ORG
115662373086221699,Amendment,MISC
115662373086221699,T,PER
115662373086221699,##ver Nehls,PER
115662369700704369,John Judge Carter,PER
115662369700704369,Great People of Texas,ORG
115662369700704369,Williamson County,LOC
115662369700704369,U. S.,LOC
115662369700704369,U. S,LOC
115662369700704369,American Energy,ORG
115662369700704369,Country,LOC
115662369700704369,Amendment,MISC
115662369700704369,Judge Carter,PER
115662367365090087,Randy Weber,PER
115662367365090087,Texas,LOC
115662367365090087,Congressional,MISC
115662367365090087,Randy,PER
115662367365090087,America First,ORG
115662367365090087,G,MISC
115662367365090087,American Energy,ORG
115662367365090087,U. S,LOC
115662367365090087,A,LOC
115662367365090087,American,MISC
115662367365090087,Second Amendment,MISC
115662367365090087,Randy Weber,PER
115662365895882699,Michael Cloud,PER
115662365895882699,Great People of,ORG
115662365895882699,Texas,LOC
115662365895882699,POW,ORG
115662365895882699,##F,ORG
115662365895882699,House Appropriations Committee,ORG
115662365895882699,Michael,PER
115662365895882699,Regulations,ORG
115662365895882699,U. S,LOC
115662365895882699,A,LOC
115662365895882699,Advance American Energy,ORG
115662365895882699,Amendment,MISC
115662365895882699,Michael Cloud,PER
115662364552464423,Nathaniel Moran,PER
115662364552464423,People,ORG
115662364552464423,Texas,LOC
115662364552464423,Nathaniel,PER
115662364552464423,Congress,ORG
115662364552464423,U. S,LOC
115662364552464423,A,LOC
115662364552464423,American Energy,ORG
115662364552464423,Second Amendment,MISC
115662364552464423,Nathaniel Moran,PER
115662363349008651,Craig Goldman,PER
115662363349008651,Texas,LOC
115662363349008651,Congressional,ORG
115662363349008651,Craig,PER
115662363349008651,Congress,ORG
115662363349008651,Farmers,MISC
115662363349008651,American,MISC
115662363349008651,Agriculture,ORG
115662363349008651,##es and Regulations,ORG
115662363349008651,Advance American Energy,ORG
115662363349008651,U. S,LOC
115662363349008651,A,LOC
115662363349008651,Amendment,MISC
115662363349008651,Craig Goldman,PER
115661283977133711,AM,LOC
115661283977133711,##ER,MISC
115661283977133711,##IC,LOC
115659423260785023,Turn,PER
115659423260785023,Scotland,LOC
115659423260785023,World,MISC
115659207921669230,T,PER
115659207921669230,##RI,PER
115659207921669230,##CI,ORG
115659207921669230,MCLA,PER
115659207921669230,DHS,ORG
115659207921669230,Sean,MISC
115659207921669230,Hannity,PER
115659207921669230,Show,MISC
115659207921669230,Nation,LOC
115659207921669230,Tri,PER
115658619396755634,SL,MISC
115658619396755634,Colorado,LOC
115658619396755634,Jared Polis,PER
115658619396755634,Tina Peters,PER
115658619396755634,Democrats,MISC
115658619396755634,Elections,MISC
115658619396755634,Democrats,MISC
115658619396755634,Colorado Votes,MISC
115658619396755634,Election,MISC
115658619396755634,Election Records,MISC
115658619396755634,Federal Law,MISC
115658619396755634,##ren de Aragua,LOC
115656343773820545,B,ORG
115656343773820545,##iden Administration,ORG
115656343773820545,Justice,ORG
115656343773820545,System,MISC
115656343773820545,C,PER
115656343773820545,Joe,PER
115656343773820545,FBI,ORG
115656343773820545,DOJ,ORG
115656343773820545,Party,ORG
115656343773820545,Henry Cuellar,PER
115656343773820545,Open Borders,ORG
115656343773820545,B,MISC
115656343773820545,##iden Border Catast,MISC
115656343773820545,Sleep,PER
115656343773820545,Joe,PER
115656343773820545,I,PER
115656343773820545,##mel,PER
115656343773820545,##da,PER
115656343773820545,T,MISC
115656343773820545,Radical Left Democrats,MISC
115656343773820545,Democracy,MISC
115656343773820545,Far Left Agenda,MISC
115656343773820545,Agenda,MISC
115656343773820545,Country,LOC
115656343773820545,Texas,LOC
115656343773820545,Henry Cuellar,PER
115656343773820545,I,PER
115656343773820545,##mel,PER
115656343773820545,##da,PER
115656343773820545,Henry,PER
115656327877659916,Matt Van Epps,PER
115656327877659916,Great,MISC
115656327877659916,State of,LOC
115656327877659916,Tennessee,LOC
115653238186658350,Matt Van Epps,PER
115653238186658350,Congressional,MISC
115653238186658350,Great,MISC
115653238186658350,State of,LOC
115653238186658350,Tennessee,LOC
115653238186658350,Radical Left Democrats,MISC
115653238186658350,Republican Party,ORG
115653225494931779,Matt,PER
115652422974373513,AUTOPEN,MISC
115652422974373513,Joseph R. B,PER
115652422974373513,##iden,LOC
115652422974373513,Jr,PER
115652422974373513,Doc,MISC
115652356733049190,Lula,PER
115652356733049190,Brazil,LOC
115652356733049190,Crime,MISC
115652356733049190,Brazilian,MISC
115652356733049190,Lula,PER
115652356733049190,United Nations,ORG
115651209876382028,GB News,ORG
115651209876382028,Donald Trump,PER
115650472826053655,America First Patriots,ORG
115650472826053655,Tennessee,LOC
115650472826053655,7th Congressional District,LOC
115650472826053655,MA,MISC
115650472826053655,Matt Van Epps,PER
115650472826053655,Election,MISC
115650472826053655,Matt,PER
115650472826053655,##RE,MISC
115650472826053655,Christianity,MISC
115650472826053655,Country Music,MISC
115650314096956008,DJ,PER
115649576495618820,##R,MISC
115650062002934091,Dallas County,LOC
115650062002934091,Texas,LOC
115650062002934091,Republican,MISC
115650062002934091,Freedom,ORG
115650062002934091,Democrats,MISC
115650062002934091,DJ,PER
115649563087207461,QDallas County,LOC
115649563087207461,Texas,LOC
115649563087207461,Republican,MISC
115649563087207461,Democrats,MISC
115649563087207461,DJ,PER
115649503125687789,Burt Jones,PER
115649503125687789,Georgia,LOC
115649503125687789,G,MISC
115649503125687789,Burt,PER
115647715850270252,Anna Paulina,PER
115647715850270252,Adam Shifty Schiff,PER
115647708910290144,America,LOC
115647697688351327,Honduras,LOC
115647697688351327,Presidential Election,MISC
115647697688351327,Honduras,LOC
115647697688351327,National Electoral Commission,ORG
115647697688351327,V,MISC
115647697688351327,Tito Asfura,PER
115647697688351327,Salvador Nasralla,PER
115647697688351327,Asfu,PER
115647697688351327,Commission,ORG
115647697688351327,Honduran,MISC
115647567538614723,Jim Hanson,PER
115647567538614723,U. S. Army Special Forces,ORG
115647567538614723,Jesse Watt,PER
115647333846814832,Mark Kelly,PER
115647333846814832,Unpa,MISC
115647333846814832,##otic,MISC
115647333846814832,##ians,MISC
115647333846814832,United States,LOC
115647107696867275,America First Patriots,ORG
115647107696867275,Tennessee,LOC
115647107696867275,7th Congressional District,LOC
115647107696867275,Matt Van Epps,PER
115647107696867275,Election Day,MISC
115647107696867275,Election,MISC
115647107696867275,MA,MISC
115647107696867275,Matt Van Epps,PER
115647107696867275,Christianity,MISC
115647107696867275,Country Music,MISC
115647107696867275,Election Day,MISC
115647063978030089,Obama,PER
115647063978030089,United States,LOC
115647063978030089,Country,LOC
115647063978030089,Obama Administration,ORG
115647063978030089,Republican Party,ORG
115647063978030089,ME,ORG
115647063978030089,Eric Holder,PER
115647063978030089,FA,ORG
115647063978030089,Democrats,MISC
115647063978030089,Supreme Court of the,ORG
115647063978030089,United States,LOC
115647063978030089,Constitution,MISC
115647063978030089,Republicans,MISC
115647063978030089,Presidential Election,MISC
115647063978030089,##8,MISC
115647063978030089,Republicans,MISC
115647063978030089,American People,MISC
115647063978030089,J,LOC
115646159943244507,Minnesota,LOC
115646159943244507,Wal,PER
115646159943244507,##z,PER
115645716721136333,White House,LOC
115645706907524793,White House,LOC
115645123576749080,United States,LOC
115645123576749080,Country,LOC
115645123576749080,Syria,LOC
115645123576749080,Syria,LOC
115645123576749080,Syria,LOC
115645123576749080,Israel,LOC
115645123576749080,Syria,LOC
115645123576749080,Syria,LOC
115645123576749080,Syria,LOC
115645123576749080,Ahmed al - Sharaa,PER
115645123576749080,Syria,LOC
115645123576749080,Israel,LOC
115642722629712717,Naval Forces,ORG
115642722629712717,Kirk Lippold,PER
115642722629712717,U. S. Navy,ORG
115642689265118703,Naval Forces,ORG
115642689265118703,Kirk Lippold,PER
115642689265118703,U. S. Navy,ORG
115642237340050337,Marc Siegel,PER
115642237340050337,Se,MISC
115642237340050337,Marc Siegel,PER
115642237340050337,Great Book,MISC
115639158069045029,Kelly,PER
115639158069045029,Trump,PER
115639158069045029,##Donal,MISC
115639158069045029,##T,MISC
115641123675257358,Presidential Ballroom,LOC
115641123675257358,White House,LOC
115641123675257358,Z,ORG
115641123675257358,American,MISC
115641123675257358,##yer,MISC
115641123675257358,##room,LOC
115641123675257358,White House,LOC
115641123675257358,White House,LOC
115641123675257358,West Wing,LOC
115641100589870564,Tennessee,LOC
115641100589870564,Set,MISC
115641100589870564,Elections,MISC
115641100589870564,##RE,MISC
115641100589870564,Christianity,MISC
115641100589870564,Country Music,MISC
115641100589870564,AM,LOC
115641083942804824,BAD PEOPLE,ORG
115641083942804824,Country,LOC
115641083942804824,Biden Administration,ORG
115641083942804824,R,MISC
115641083942804824,Election,MISC
115641083942804824,United States of America,LOC
115641083942804824,AM,LOC
115641083942804824,##ERIC,ORG
115641076038424832,Babe Ruth,PER
115641076038424832,Baseball,MISC
115640171509477265,America First Patriots,ORG
115640171509477265,Tennessee,LOC
115640171509477265,7th Congressional District,LOC
115640171509477265,Election Day,MISC
115640171509477265,Matt Van Epps,PER
115640171509477265,Matt,PER
115640171509477265,Christianity,MISC
115640171509477265,Open,ORG
115640171509477265,Borders,MISC
115640171509477265,Country,MISC
115640171509477265,Race,MISC
115640171509477265,Radical Left Democrats,MISC
115640171509477265,Matt Van Epps,PER
115640171509477265,Election,MISC
115640171509477265,Matt,PER
115639208611971612,Joe Biden,PER
115639208611971612,Mayor,PER
115639208611971612,Border C,MISC
115639208611971612,Kamala Harris,PER
115639162273110013,De,PER
115639162273110013,##bra Lea,PER
115639162273110013,Fox & Friends,ORG
115639162273110013,Charlie Hurt,PER
115639162273110013,Energy and Wisdom,MISC
115634967838729337,Saudi Arabia,LOC
115634967838729337,Mohammed,PER
115634967838729337,Salman,PER
115634952920337470,Immigration and Nationality Act,MISC
115634952920337470,Section,MISC
115634952920337470,United States,LOC
115634952920337470,United States,LOC
115633174669225455,AMERICA,LOC
115633174669225455,LE,LOC
115633174669225455,##LS,LOC
115633174669225455,Republicans,MISC
115633174669225455,Midterm Elections,MISC
115633041089714842,Airlines,ORG
115633041089714842,"##s, Drug Dealers",ORG
115633041089714842,##kers,ORG
115633041089714842,V,ORG
115633041089714842,##ZUE,ORG
115632959311037868,United States,LOC
115632959311037868,Stock,ORG
115632959311037868,Market,MISC
115632959311037868,States,LOC
115632959311037868,Military,ORG
115632959311037868,Southern Border,ORG
115632959311037868,USA,LOC
115632959311037868,American,MISC
115632959311037868,United States,LOC
115632959311037868,Supreme Court,ORG
115632959311037868,God,PER
115632959311037868,America,LOC
115629406693931908,Tito Asfura,PER
115629406693931908,Honduras,LOC
115629406693931908,United States,LOC
115629406693931908,Great People of,MISC
115629406693931908,Honduras,LOC
115629406693931908,United States,LOC
115629406693931908,Tito,PER
115629406693931908,United States,LOC
115629406693931908,Honduras,LOC
115629406693931908,Juan Orlando Hernandez,PER
115629406693931908,Tito Asfura,PER
115629406693931908,Election,MISC
115629406693931908,Honduras,LOC
115629406693931908,Great Political,MISC
115629406693931908,Success,MISC
115629406693931908,AS,ORG
115629406693931908,OR,ORG
115629406693931908,H,ORG
115629406693931908,##ND,ORG
115629406693931908,##UR,ORG
115629335172411031,Elections,MISC
115629335172411031,Honduras,LOC
115629335172411031,Maduro,PER
115629335172411031,Cuba,LOC
115629335172411031,Nicaragua,LOC
115629335172411031,Venezuela,LOC
115629335172411031,Democracy,ORG
115629335172411031,Mad,PER
115629335172411031,##uro,PER
115629335172411031,Tito Asfura,PER
115629335172411031,National Party,ORG
115629335172411031,Tito,PER
115629335172411031,Tegucigalpa,LOC
115629335172411031,R,PER
115629335172411031,##ix,PER
115629335172411031,##i Moncada,PER
115629335172411031,Fi,PER
115629335172411031,##del Castro,PER
115629335172411031,Honduras,LOC
115629335172411031,Tito Asfura,PER
115629335172411031,Communists,MISC
115629335172411031,Salvador Nasralla,PER
115629335172411031,Nasral,PER
115629335172411031,Freedom,ORG
115629335172411031,Communist,MISC
115629335172411031,Xioma,PER
115629335172411031,##ra Castro,PER
115629335172411031,Castro,PER
115629335172411031,anti,MISC
115629335172411031,Communist,MISC
115629335172411031,Asfu,PER
115629335172411031,Honduras,LOC
115629335172411031,Freedom,PER
115629335172411031,Honduras,LOC
115629335172411031,Tito Asfura,PER
115629335172411031,Tito,PER
115629335172411031,Na,MISC
115629335172411031,Honduras,LOC
115629335172411031,Moncada,PER
115629335172411031,Communists,MISC
115629335172411031,Nasral,PER
115629335172411031,Freedom,ORG
115629335172411031,Honduras,LOC
115629335172411031,Freedom and Democracy,ORG
115629335172411031,Tito Asfura,PER
115629010097815862,Sleep,PER
115629010097815862,Joe Biden,PER
115629010097815862,Autopen,ORG
115629010097815862,Autopen,ORG
115629010097815862,UnitedStates,ORG
115629010097815862,Radical Left Lunatics,ORG
115629010097815862,B,PER
115629010097815862,##iden,PER
115629010097815862,Resolute Desk,ORG
115629010097815862,Oval Office,LOC
115629010097815862,C,PER
115629010097815862,Joe Biden,PER
115629010097815862,Autopen,ORG
115629010097815862,Joe Biden,PER
115629010097815862,Autopen,MISC
115626148731779942,America,MISC
115626148731779942,Todd Starnes,PER
115626148731779942,DJ,PER
115625427648743414,Immigration,ORG
115625427648743414,Policy,MISC
115625427648743414,Third World,MISC
115625427648743414,Countries,LOC
115625427648743414,U. S.,LOC
115625427648743414,B,ORG
115625427648743414,##iden,ORG
115625427648743414,Sleepy Joe Biden,ORG
115625427648743414,Autopen,ORG
115625427648743414,United States,LOC
115625427648743414,Federal,MISC
115625427648743414,Foreign National,MISC
115625427648743414,Western Civilization,MISC
115625427648743414,Auto,ORG
115625427648743414,##pen,MISC
115625427648743414,R,ORG
115625427648743414,MI,ORG
115625427648743414,America,LOC
115625421503636680,Afghanistan,LOC
115625421503636680,C,PER
115625421503636680,##rook,PER
115625421503636680,Joe Biden,PER
115623160236217960,Professional Golf,MISC
115623160236217960,Fu,PER
115623160236217960,##zzy Zoeller,PER
115623160236217960,Fu,PER
115623160236217960,##zzy,PER
115623160236217960,Masters Tournament,MISC
115623160236217960,U. S. Open,MISC
115623160236217960,Winged Foot Golf Club,LOC
115623160236217960,Greg Norman,PER
115619210705501837,Great National Guard Warriors,ORG
115619210705501837,##ERIC,ORG
115618335917111212,Donald Trump,PER
115618236412963848,Elections,MISC
115618236412963848,Honduras,LOC
115618236412963848,Maduro,PER
115618236412963848,Cuba,LOC
115618236412963848,Nicaragua,LOC
115618236412963848,Venezuela,LOC
115618236412963848,Democracy,ORG
115618236412963848,Mad,PER
115618236412963848,##uro,PER
115618236412963848,Tito Asfura,PER
115618236412963848,National Party,ORG
115618236412963848,Tito,PER
115618236412963848,Tegucigalpa,LOC
115618236412963848,R,PER
115618236412963848,##ix,PER
115618236412963848,##i Moncada,PER
115618236412963848,Fi,PER
115618236412963848,##del Castro,PER
115618236412963848,Honduras,LOC
115618236412963848,Tito Asfura,PER
115618236412963848,Communists,MISC
115618236412963848,Salvador Nasralla,PER
115618236412963848,Nasral,PER
115618236412963848,Freedom,ORG
115618236412963848,Communist,MISC
115618236412963848,Xioma,PER
115618236412963848,##ra Castro,PER
115618236412963848,Castro,PER
115618236412963848,anti,MISC
115618236412963848,Communist,MISC
115618236412963848,Asfu,PER
115618236412963848,Honduras,LOC
115618236412963848,Freedom,PER
115618236412963848,Honduras,LOC
115618236412963848,Tito Asfura,PER
115618236412963848,Tito,PER
115618236412963848,Na,MISC
115618236412963848,Honduras,LOC
115618236412963848,Moncada,PER
115618236412963848,Communists,MISC
115618236412963848,Nasral,PER
115618236412963848,Freedom,ORG
115618236412963848,Honduras,LOC
115618236412963848,Freedom and Democracy,ORG
115618236412963848,Tito Asfura,PER
115617866419112089,National Guards,ORG
115617866419112089,God,PER
115617866419112089,Great National Guard,ORG
115617866419112089,Military,ORG
115617866419112089,Law Enforcement,ORG
115617866419112089,United States,LOC
115617866419112089,Presidency,ORG
115617700844849134,United States,LOC
115617700844849134,G20,MISC
115617700844849134,South Africa,LOC
115617700844849134,South African,MISC
115617700844849134,Human Right Abu,MISC
115617700844849134,A,MISC
115617700844849134,##rikaners,MISC
115617700844849134,Dutch,MISC
115617700844849134,French,MISC
115617700844849134,German,MISC
115617700844849134,New York Times,ORG
115617700844849134,Fake News Media,ORG
115617700844849134,Radical Left Media,ORG
115617700844849134,G20,MISC
115617700844849134,South Africa,LOC
115617700844849134,G20,MISC
115617700844849134,U. S.,LOC
115617700844849134,Ceremony,MISC
115617700844849134,South Africa,LOC
115617700844849134,G20,MISC
115617700844849134,Great City,LOC
115617700844849134,Miami,LOC
115617700844849134,Florida,LOC
115617700844849134,South Africa,LOC
115617658912008194,NE,MISC
115617658912008194,Great,MISC
115617658912008194,State of,LOC
115617658912008194,Georgia,LOC
115617658912008194,Fan,PER
115617658912008194,##i Willis Witch Hunt,PER
115617658912008194,Great American Patriots,ORG
115617658912008194,Fan,PER
115617658912008194,Nathan Wade,PER
115617658912008194,C,PER
115617658912008194,##rook,PER
115617658912008194,Joe B,PER
115617658912008194,##iden,ORG
115617658912008194,Handlers,ORG
115617658912008194,United States of America,LOC
115617658912008194,R,ORG
115617658912008194,Taxpayers of,ORG
115617658912008194,Georgia,LOC
115617658912008194,Caribbean,LOC
115617658912008194,Finance,MISC
115617658912008194,B,ORG
115617658912008194,##iden,ORG
115617658912008194,White House,LOC
115617658912008194,Democrats,MISC
115617658912008194,MAGA Movement,ORG
115617658912008194,ST,PER
115617658912008194,##OL,ORG
115617658912008194,Crime,MISC
115617658912008194,Law Enforcement and Justice System,ORG
115617658912008194,Americans,MISC
115617658912008194,Courts,ORG
115617658912008194,Democrat,MISC
115617658912008194,Witch,ORG
115617658912008194,Hunt,MISC
115617052659110736,Lincoln Memorial Reflecting,ORG
115617052659110736,Pool,LOC
115617052659110736,Interior,ORG
115617052659110736,Doug Burgum,PER
115617052659110736,B,PER
115616548418162346,VICTORIA CO,ORG
115616548418162346,##ES,ORG
115616548418162346,Maria B,LOC
115616545250020843,New York Times,ORG
115616545250020843,Presidential Election,MISC
115616545250020843,##lide,MISC
115616545250020843,Seven Swing States,MISC
115616545250020843,Popular Vote,MISC
115616545250020843,Electoral College,ORG
115616545250020843,Districts,MISC
115616545250020843,Wars,MISC
115616545250020843,New Stock,ORG
115616545250020843,Market,MISC
115616545250020843,Administration,ORG
115616545250020843,and Energy,ORG
115616545250020843,Radical Left Lunatics,ORG
115616545250020843,New York Times,ORG
115616545250020843,Energy,ORG
115616545250020843,Katie Rogers,PER
115616545250020843,America,LOC
115616545250020843,Energy,ORG
115616248406860153,VICTORIA CO,ORG
115616248406860153,##ES,ORG
115616248406860153,Maria B,LOC
115615998120894392,New York Times,ORG
115615998120894392,Presidential Election,MISC
115615998120894392,##lide,MISC
115615998120894392,Seven Swing States,MISC
115615998120894392,Popular Vote,MISC
115615998120894392,Electoral College,ORG
115615998120894392,Nations,LOC
115615998120894392,Districts,MISC
115615998120894392,Wars,MISC
115615998120894392,New Stock,ORG
115615998120894392,Market,MISC
115615998120894392,Administration,ORG
115615998120894392,and Energy,ORG
115615998120894392,Radical Left Lunatics,ORG
115615998120894392,New York Times,ORG
115615998120894392,Energy,ORG
115615998120894392,Katie Rogers,PER
115615998120894392,America,LOC
115615998120894392,Energy,ORG
115612873614937945,America First Patriots,ORG
115612873614937945,Tennessee,LOC
115612873614937945,7th Congressional District,LOC
115612873614937945,MAGA,MISC
115612873614937945,Matt Van Epps,PER
115612873614937945,Election,MISC
115612873614937945,Matt,PER
115612873614937945,M,LOC
115612873614937945,Election Day,MISC
115612779496430359,Nebraska,LOC
115612779496430359,Jim Pillen,PER
115612779496430359,Co,LOC
115612779496430359,##rn,ORG
115612779496430359,##husker,MISC
115612779496430359,State,LOC
115612779496430359,Nebraska Cornhuskers,ORG
115612779496430359,Tom Osborne,PER
115612779496430359,Jim,PER
115612779496430359,Nebraska,ORG
115612779496430359,U,LOC
115612779496430359,S,LOC
115612779496430359,A,LOC
115612779496430359,American Energy,ORG
115612779496430359,Enforcement,ORG
115612779496430359,Amendment,MISC
115612779496430359,Jim Pillen,PER
115612027228424815,Indiana,LOC
115612027228424815,Senate,ORG
115612027228424815,Republicans,MISC
115612027228424815,Red,MISC
115612027228424815,Democrats,MISC
115612027228424815,Sue,MISC
115612027228424815,Republicans,MISC
115612027228424815,Democrats,MISC
115612027228424815,Democrats,MISC
115612027228424815,New,PER
115612027228424815,##t Ging,PER
115612027228424815,Democrats,MISC
115612027228424815,House,ORG
115612027228424815,Republicans,MISC
115612027228424815,American People,MISC
115612027228424815,Price,MISC
115612027228424815,Borders,MISC
115612027228424815,Military,MISC
115612027228424815,Cities,MISC
115612027228424815,Republicans,MISC
115612027228424815,Democrats,MISC
115612027228424815,Democrats,MISC
115612027228424815,Ever,MISC
115612027228424815,High Price,MISC
115612027228424815,Borders,MISC
115612027228424815,DE,MISC
115612027228424815,Office,LOC
115612027228424815,Republicans,MISC
115612027228424815,America,LOC
115612027228424815,Democracy,LOC
115612027228424815,Far Left,MISC
115612027228424815,Indiana House,ORG
115612027228424815,Senate,ORG
115612027228424815,MA,ORG
115612027228424815,Grassroots,ORG
115612027228424815,Republicans,MISC
115612027228424815,Republicans,MISC
115612027228424815,MA,ORG
115612027228424815,AM,LOC
115612027228424815,##ER,ORG
115612027228424815,##IC,LOC
115612007398266637,War,MISC
115612007398266637,Russia,LOC
115612007398266637,Ukraine,LOC
115612007398266637,War,MISC
115612007398266637,Point,MISC
115612007398266637,Peace Plan,MISC
115612007398266637,United States,LOC
115612007398266637,Peace Plan,MISC
115612007398266637,Steve Witko,PER
115612007398266637,Putin,PER
115612007398266637,Moscow,LOC
115612007398266637,Army,ORG
115612007398266637,Dan Driscoll,PER
115612007398266637,Ukrainian,MISC
115612007398266637,J,PER
115612007398266637,##D Vance,PER
115612007398266637,Marco Rubio,PER
115612007398266637,War,ORG
115612007398266637,Pete Hegseth,PER
115612007398266637,White House,LOC
115612007398266637,Susie Wiles,PER
115612007398266637,Z,PER
115612007398266637,##elensky,PER
115612007398266637,Putin,PER
115612007398266637,War,MISC
115612007398266637,AMERICA,LOC
115606895115145727,Great Honor,MISC
115606895115145727,C,PER
115606895115145727,##rist,PER
115606895115145727,##iano Ronaldo,PER
115606895115145727,Barron,PER
115605992780109632,Rand Paul,PER
115605992780109632,Great,MISC
115605992780109632,Commonwealth of Kentucky,ORG
115605992780109632,Republican Party,ORG
115605992780109632,Thomas Massie,PER
115605992780109632,Rand Paul Jr,PER
115605992780109632,Kentucky,LOC
115605992780109632,W,PER
115605992780109632,##ack,PER
115605992780109632,Republican Party,ORG
115605992780109632,MAGA,ORG
115605992780109632,America First,ORG
115605897178712132,Xi,PER
115605897178712132,China,LOC
115605897178712132,Ukraine,LOC
115605897178712132,Russia,LOC
115605897178712132,Fen,ORG
115605897178712132,So,ORG
115605897178712132,##be,ORG
115605897178712132,Farm Products,ORG
115605897178712132,Farmers,MISC
115605897178712132,China,LOC
115605897178712132,South Korea,LOC
115605897178712132,Xi,PER
115605897178712132,Beijing,LOC
115605897178712132,U. S.,LOC
115605897178712132,AMERICA,LOC
115604689359180322,Republican,MISC
115604689359180322,Tim Burchett,PER
115604689359180322,Fox,MISC
115604689359180322,&,ORG
115604689359180322,Friends,MISC
115604689359180322,Classic,MISC
115604689359180322,Marjorie Traitor Brown,PER
115604689359180322,Tim,PER
115604342260009397,She,PER
115604342260009397,##de,PER
115604342260009397,##ur Sanders,PER
115604342260009397,Cleveland,ORG
115604240580797202,United States of America,LOC
115604240580797202,USA,LOC
115604240580797202,America,LOC
115604240580797202,National Security and We,ORG
115604240580797202,##th,ORG
115604240580797202,USA,LOC
115604240580797202,United,ORG
115604240580797202,States,LOC
115604240580797202,Supreme Courts,ORG
115604240580797202,MA,PER
115604240580797202,AM,PER
115604240580797202,##IC,LOC
115604227117479754,Peace Talks,MISC
115604227117479754,Russia,LOC
115604227117479754,Ukraine,LOC
115604227117479754,##ER,LOC
115604227117479754,##IC,ORG
115604207333809204,New York Football Giants,ORG
115604207333809204,NFL,ORG
115604207333809204,Field Goal,MISC
115602969458348561,United States of America,LOC
115602969458348561,Ta,MISC
115602969458348561,USA,LOC
115602969458348561,Ta,MISC
115602969458348561,America National Security and Wealth,ORG
115602969458348561,USA,LOC
115602969458348561,United States Supreme Courts,ORG
115602969458348561,AM,ORG
115602969458348561,##IC,ORG
115601863065566414,Scott Bessent,PER
115601863065566414,Senate,ORG
115601863065566414,Democrats,MISC
115601863065566414,Senate,ORG
115601863065566414,Republicans,MISC
115601476787319590,Republican Party,ORG
115601476787319590,Rand Paul,PER
115601476787319590,Rand Paul Jr,PER
115601476787319590,Massie,ORG
115601476787319590,Marjorie Traitor Brown,PER
115601476787319590,Election threatening,MISC
115601476787319590,Fi,MISC
115601476787319590,##buster,MISC
115601476787319590,De,MISC
115601476787319590,##ms,ORG
115601476787319590,Republican Party,ORG
115601476787319590,USA,LOC
115601476787319590,History,MISC
115601252711182007,Radical Left Networks,ORG
115601252711182007,ABC & NBC,ORG
115601252711182007,Radical Left,ORG
115601252711182007,NE,MISC
115601252711182007,DJ,PER
115600167812342707,E,MISC
115589257346768147,Gary Berntsen,PER
115589257346768147,Ralph Pezzu,PER
115589257346768147,Lara Logan,PER
115589257346768147,Berntsen,PER
115589257346768147,Ralph Pezzu,PER
115589257346768147,Americas,LOC
115589257346768147,Republic,LOC
115589257346768147,Smartmatic,ORG
115589257346768147,U. S,LOC
115589257346768147,Republic,LOC
115589257346768147,Venezuela,LOC
115589257346768147,St,MISC
115589257346768147,##n Elections Investigation,MISC
115589257346768147,Fr,MISC
115589257346768147,Networks,MISC
115589257346768147,Christians,MISC
115589257346768147,US,MISC
115589257346768147,Global,ORG
115589257346768147,Networks,ORG
115589257346768147,Cartel,ORG
115589257346768147,American,MISC
115589257346768147,Chinese,MISC
115589257346768147,US Elections,MISC
115589257346768147,Fr,MISC
115589257346768147,Networks,MISC
115589257346768147,State Department,ORG
115589257346768147,to Save,MISC
115589257346768147,America,LOC
115589257346768147,Cartel Connection,ORG
115589257346768147,Nigeria,LOC
115599455037289127,TIN,ORG
115599428464496784,War,MISC
115599428464496784,Russia,LOC
115599428464496784,Ukraine,LOC
115599428464496784,U. S.,LOC
115599428464496784,Ukrainian,MISC
115599428464496784,Sleepy Joe Biden,ORG
115599428464496784,2020,MISC
115599428464496784,Presidential Election,MISC
115599428464496784,Radical,MISC
115599428464496784,Democrats,MISC
115599428464496784,Ukraine,LOC
115599428464496784,Russia,LOC
115599428464496784,War,MISC
115599428464496784,Putin,PER
115599428464496784,Sleep,PER
115599428464496784,Joe,PER
115599428464496784,E,ORG
115599428464496784,Z,PER
115599428464496784,EU,MISC
115599428464496784,R,LOC
115599428464496784,##USSI,LOC
115599428464496784,USA,LOC
115599428464496784,NATO,LOC
115599428464496784,J,PER
115597077845312894,NE,MISC
115597077845312894,H,MISC
115596544162295527,USA History,MISC
115596544162295527,Sleep,PER
115596544162295527,Joe Biden,PER
115596544162295527,Stock Market,ORG
115596544162295527,Leonard Leo,PER
115596544162295527,Koch,PER
115596544162295527,##eb,ORG
115596544162295527,United States of America,LOC
115596544162295527,System,MISC
115596544162295527,USA,LOC
115596544162295527,DJ,PER
115596533671432236,USA History,MISC
115596533671432236,Sleep,PER
115596533671432236,Joe Biden,PER
115596533671432236,Stock Market,ORG
115596533671432236,Leonard Leo,PER
115596533671432236,Koch,PER
115596533671432236,##eb,ORG
115596533671432236,United States of America,LOC
115596533671432236,System,MISC
115596533671432236,USA,LOC
115596533671432236,DJ,PER
115596415059652997,BBC,ORG
115596415059652997,Trump,PER
115578474822078156,CIA,ORG
115578474822078156,United States,LOC
115578474822078156,Democrat,MISC
115595765848682100,Greg Kelly,PER
115595765848682100,Newsmax,ORG
115595274389789024,Chicago Loop,LOC
115595274389789024,P,PER
115595274389789024,##ritzker,PER
115595274389789024,Chicago,LOC
115595274389789024,Federal Government,ORG
115593240147764609,P,MISC
115593240147764609,Border,MISC
115593240147764609,Stopping Crime,MISC
115593240147764609,Biden,MISC
115593240147764609,AMERIC,LOC
115593179521083607,Marjorie Traitor Brown,PER
115593179521083607,Primary Challenger,MISC
115593179521083607,Trump,PER
115593179521083607,Republican,MISC
115593179521083607,Tom Massie,PER
115593179521083607,Kentucky,LOC
115593179521083607,Rand Paul Jr,PER
115593179521083607,Republican Party,ORG
115593179521083607,Marjorie,PER
115593179521083607,Marjorie,PER
115590786862216464,Minnesota,LOC
115590786862216464,Waltz,PER
115590786862216464,United States,LOC
115590786862216464,Protected Status,MISC
115590786862216464,TPS Program,MISC
115590786862216464,Somali,MISC
115590786862216464,Minnesota,LOC
115590786862216464,Somali,MISC
115590786862216464,DJ,PER
115590382865392804,Great Honor,MISC
115590382865392804,Z,PER
115590382865392804,##oh,PER
115590382865392804,##ran Mamdani,PER
115590382865392804,New York City,LOC
115582451169685243,B,PER
115579789920906826,Democratic,MISC
115579789920906826,Congress,ORG
115580255469225519,WA,LOC
115580255469225519,##SHINGTON,ORG
115579923781748856,American,MISC
115579923781748856,Al Qaeda,ORG
115579923781748856,Obama,PER
115579923781748856,al,MISC
115579923781748856,Qaeda,ORG
115579923781748856,Libyan,MISC
115579923781748856,Benghazi,LOC
115580356465382356,Dems,MISC
115579857467915312,UCMJ,ORG
115579817214103772,Democrats,MISC
115579824866571287,F,ORG
115579824866571287,##OX News,ORG
115579816850718152,ENO,ORG
115579816850718152,##H,ORG
115582417825161974,B,PER
115582417825161974,H,MISC
115580455960616035,ABC Fake News,ORG
115580455960616035,Jimmy Kimmel,PER
115580455960616035,TV Syndicate,ORG
115580448819564585,Ronaldo,PER
115580448819564585,G,MISC
115580448819564585,White House,LOC
115580448819564585,DJ,PER
115580387278716452,USA History,MISC
115579432475646132,Communist,MISC
115579432475646132,New York City,LOC
115579432475646132,Z,PER
115579432475646132,##oh,PER
115579432475646132,##ran Kwame Mamdani,PER
115579432475646132,Oval Office,LOC
115579394833948106,Jeffrey Epstein,PER
115579394833948106,Trump Justice Department,ORG
115579394833948106,Democrats,MISC
115579394833948106,Democrat,MISC
115579394833948106,Democrat,MISC
115579394833948106,Democrat,MISC
115579394833948106,Bill Clinton,PER
115579394833948106,Larry Summers,PER
115579394833948106,Board,ORG
115579394833948106,Harvard,ORG
115579394833948106,Reid Hoffman,PER
115579394833948106,Ha,PER
115579394833948106,##ke,PER
115579394833948106,##em Jeffries,PER
115579394833948106,E,PER
115579394833948106,##ps,PER
115579394833948106,##tein,PER
115579394833948106,E,PER
115579394833948106,##ps,PER
115579394833948106,##tein,PER
115579394833948106,Democrat,MISC
115579394833948106,Congress,ORG
115579394833948106,Stacey Plaskett,PER
115579394833948106,Democrats,MISC
115579394833948106,Jeffrey Epstein,PER
115579394833948106,EP,LOC
115579394833948106,##ST,ORG
115579394833948106,House,ORG
115579394833948106,Mike Johnson,PER
115579394833948106,Senate,ORG
115579394833948106,John Thun,PER
115579394833948106,Bill,MISC
115579394833948106,House,ORG
115579394833948106,Senate,ORG
115579394833948106,Department of Justice,ORG
115579394833948106,Congress,ORG
115579394833948106,Biden Administration,ORG
115579394833948106,S,MISC
115579394833948106,Democrat,MISC
115579394833948106,E,PER
115579394833948106,Democrats,MISC
115579394833948106,E,PER
115579394833948106,Republican Party,ORG
115579394833948106,Borders,MISC
115579394833948106,Men,MISC
115579394833948106,Womens Sports,MISC
115579394833948106,DE,MISC
115579394833948106,B,MISC
115579394833948106,Record Set,MISC
115579394833948106,Iran,LOC
115579394833948106,DE,ORG
115579394833948106,Democrats,MISC
115579394833948106,Nation,MISC
115579394833948106,UK,LOC
115579394833948106,UK,LOC
115579394833948106,UK,MISC
115577964949117047,Sudan,LOC
115577964949117047,Earth,LOC
115577964949117047,Humanitarian Crisis,MISC
115577964949117047,Arab,MISC
115577964949117047,World,LOC
115577964949117047,Saudi Arabia,LOC
115577964949117047,United States,LOC
115577964949117047,Sudan,LOC
115577964949117047,##ization and Culture,MISC
115577964949117047,Saudi Arabia,LOC
115577964949117047,United Arab Emirates,LOC
115577964949117047,Egypt,LOC
115577964949117047,Middle Eastern,MISC
115577964949117047,Sudan,LOC
115577056018106234,Jensen Huang,PER
115577056018106234,Blackwell,ORG
115577056018106234,AI,MISC
115577056018106234,America,LOC
115577056018106234,America,LOC
115577056018106234,America,LOC
115577053608486130,Jensen Huang,PER
115577053608486130,AI,MISC
115577053608486130,U. S,LOC
115577053608486130,Trump,PER
115577053608486130,U. S,LOC
115577050910593912,Jensen Huang,PER
115577050910593912,America,LOC
115577050910593912,Trump,PER
115255512593368090,Donald Trump,PER
115255512593368090,CHINA MATRIX,MISC
115255512593368090,US,LOC
115255512593368090,Chinese,MISC
115255512593368090,America,LOC
115255512593368090,CHINA MATRIX,MISC
115577042043264984,MI,ORG
115577042043264984,D,ORG
115577042043264984,Trump,PER
115577040776570054,Let,PER
115577040776570054,James,PER
115577040776570054,Kentucky,LOC
115577040776570054,AG,MISC
115577040776570054,Cameron,PER
115577037384069112,Trump,PER
115577037384069112,Healthcare,ORG
115577037384069112,GO,MISC
115577034428518924,Trump,PER
115577034428518924,Nobel Prize,MISC
115577034428518924,Russia,LOC
115577034428518924,Ukraine,LOC
115577032965627237,Make America Fentanyl Free,MISC
115577032965627237,Trump,PER
115573090200730933,AI,MISC
115573090200730933,U. S.,LOC
115573090200730933,States,LOC
115573090200730933,Growth Engine,ORG
115573090200730933,States,LOC
115573090200730933,DEI,MISC
115573090200730933,AI,MISC
115573090200730933,W,MISC
115573090200730933,AI,MISC
115573090200730933,Black George,MISC
115573090200730933,Washington,LOC
115573090200730933,Federal Standard,MISC
115573090200730933,China,LOC
115573090200730933,AI,MISC
115573090200730933,N,ORG
115573090200730933,Bill,MISC
115573090200730933,America,LOC
115573085494912311,Senate,ORG
115573085494912311,House Bill,MISC
115573085494912311,Republicans,MISC
115573085494912311,Borders,ORG
115573085494912311,Womens Sports,MISC
115573085494912311,DE,MISC
115573085494912311,B,MISC
115573085494912311,##s Record Set,MISC
115573085494912311,E,MISC
115573085494912311,##HT Wars,MISC
115573085494912311,Military,ORG
115573085494912311,World,LOC
115573085494912311,U. S. A,LOC
115573085494912311,H,MISC
115573085494912311,World,LOC
115573085494912311,Democrats,MISC
115573085494912311,AMERIC,LOC
115572931492563128,AI,MISC
115572931492563128,U. S.,LOC
115572931492563128,States,LOC
115572931492563128,Engine,MISC
115572931492563128,States,LOC
115572931492563128,DEI,MISC
115572931492563128,AI,MISC
115572931492563128,W,MISC
115572931492563128,AI,MISC
115572931492563128,Black George,MISC
115572931492563128,Washington,PER
115572931492563128,Federal Standard,MISC
115570813586755288,AM,ORG
115570813586755288,O,PER
115570813586755288,Congress,ORG
115570813586755288,America,LOC
115570749579575260,Mike Braun,PER
115570749579575260,Indiana,LOC
115570749579575260,Republicans,MISC
115570749579575260,Republican,MISC
115570749579575260,Congressional,ORG
115570749579575260,Republican,MISC
115570749579575260,Democrat,MISC
115570749579575260,Indiana,LOC
115570749579575260,R,ORG
115570749579575260,Rod,PER
115570749579575260,##ric Bray,PER
115570749579575260,Majority,ORG
115570749579575260,House,ORG
115570749579575260,D. C.,LOC
115570749579575260,DJ,PER
115567457865630938,United Nations Security Council,ORG
115567457865630938,of,ORG
115567457865630938,United Nations,ORG
115567457865630938,Peace,MISC
115567457865630938,Historic,MISC
115567457865630938,United Nations,ORG
115567457865630938,U. N. Security Council,ORG
115567457865630938,China,LOC
115567457865630938,Russia,LOC
115567457865630938,France,LOC
115567457865630938,The United Kingdom,LOC
115567457865630938,Algeria,LOC
115567457865630938,Denmark,LOC
115567457865630938,Greece,LOC
115567457865630938,Guyana,LOC
115567457865630938,South Korea,LOC
115567457865630938,Pakistan,LOC
115567457865630938,Panama,LOC
115567457865630938,Sierra Leone,LOC
115567457865630938,Slovenia,LOC
115567457865630938,Somalia,LOC
115567457865630938,Committee,ORG
115567457865630938,Qatar,LOC
115567457865630938,Egypt,LOC
115567457865630938,United Arab Emirates,LOC
115567457865630938,The Kingdom of,LOC
115567457865630938,Saudi Arabia,LOC
115567457865630938,Indonesia,LOC
115567457865630938,Turkiye,LOC
115567457865630938,Jordan,LOC
115567457865630938,Board,ORG
115567081810209795,RIN,ORG
115567081810209795,Indiana,LOC
115567081810209795,Rod Bray,PER
115567081810209795,Senators,MISC
115567081810209795,Numbers,MISC
115567070909453272,United States of America,LOC
115567070909453272,Republican,MISC
115567070909453272,Democrat,MISC
115567070909453272,Indiana,LOC
115567070909453272,Republican,MISC
115567070909453272,Rod Bray,PER
115567070909453272,Congress,ORG
115567070909453272,Democrats,MISC
115567070909453272,Elections,MISC
115567070909453272,Election Inte,MISC
115567070909453272,##rity,MISC
115567070909453272,Republicans,MISC
115567070909453272,Rod Bray,PER
115567070909453272,Democrats,MISC
115567070909453272,AMERIC,LOC
115565882166681770,State,MISC
115565882166681770,House,ORG
115565882166681770,Great State of,LOC
115565882166681770,Indiana,LOC
115565882166681770,Republican Party,ORG
115565882166681770,Red,MISC
115565882166681770,Congressional,ORG
115565882166681770,United States,LOC
115565882166681770,House of Representatives,ORG
115565882166681770,Republican,MISC
115565882166681770,Democrat,MISC
115565882166681770,Democrats,MISC
115565882166681770,Rigged Census,MISC
115565882166681770,Majority,ORG
115565882166681770,Republicans,MISC
115277428755861763,Christopher Ray,PER
115277428755861763,Congress,ORG
115277428755861763,FBI,ORG
115277428755861763,Congress,ORG
115277428755861763,Lawless B,PER
115277428755861763,##iden,LOC
115277428755861763,Democrats,MISC
115277428755861763,DOJ,ORG
115277428755861763,Pam Bondi,PER
115277207989888806,FBI,ORG
115277207989888806,FBI,ORG
115277207989888806,Christopher Wray,PER
115277207989888806,FBI,ORG
115277207989888806,Historic Day,MISC
115277207989888806,Great American Patriots,MISC
115277207989888806,Cops,MISC
115277207989888806,C,MISC
115277207989888806,##ed,MISC
115277207989888806,##ians,MISC
115277207989888806,Christopher Wray,PER
115277207989888806,FBI,ORG
115277207989888806,Come,PER
115277207989888806,##y,PER
115277207989888806,Wray,PER
115277207989888806,Great Country,LOC
115277207989888806,HAPPEN,MISC
115277207989888806,AMERICA,LOC
115565361275932801,Emilio,PER
115565361275932801,UFC STAR,ORG
115565361275932801,Jorge Masvidal,PER
115565361275932801,History of Florida,MISC
115565361275932801,Hispanic V,MISC
115562700432868071,Emilio T. Gonzales,PER
115562700432868071,Miami,LOC
115562700432868071,Florida,LOC
115562700432868071,Miami International Airport,LOC
115562700432868071,City,LOC
115562700432868071,Miami,LOC
115562700432868071,Emilio,PER
115562700432868071,United States Citizenship and Immigration Services,ORG
115562700432868071,U. S. Army,ORG
115562700432868071,Emilio,PER
115562700432868071,Enforcement,ORG
115562700432868071,Miami,LOC
115562700432868071,U. S,LOC
115562700432868071,A,LOC
115562700432868071,American Energy,ORG
115562700432868071,Border,ORG
115562700432868071,Amendment,MISC
115562700432868071,Emilio T. Gonzales,PER
115562700432868071,Election Day,MISC
115562700432868071,V,PER
115562700432868071,EMILIO,ORG
115553996161686638,##T,ORG
115553996161686638,Congress,ORG
115560043250245763,##T,MISC
115560203990233492,Mar - a - Lago,LOC
115560175157673592,Treasury,ORG
115560175157673592,Scott Bessent,PER
115560175157673592,Americans,MISC
115560060266158815,NEC,ORG
115560060266158815,Kevin Hassett,PER
115560060266158815,Joe Biden,PER
115560060266158815,##D,ORG
115560060266158815,##T,ORG
115553981968070207,Fed,ORG
115553981968070207,Trump Trade Policy,MISC
115563298458806964,Democrat,MISC
115563298458806964,Russia,LOC
115563298458806964,Russia,LOC
115563298458806964,Russia,LOC
115563298458806964,Sc,MISC
115563298458806964,E,PER
115563298458806964,##ps,PER
115563298458806964,##tein,PER
115562684567737579,Marjorie,PER
115562684567737579,##tor Brown,PER
115562684567737579,Green,PER
115562684567737579,Brown,PER
115562626931599548,Air Force One,ORG
115562626931599548,F,ORG
115562626931599548,##ake News Media,ORG
115562626931599548,House Republicans,ORG
115562626931599548,E,PER
115562626931599548,##ps,PER
115562626931599548,Democrat,MISC
115562626931599548,Radical Left Lunatics,ORG
115562626931599548,Success,MISC
115562626931599548,Republican Party,ORG
115562626931599548,Victory on the Democrat,MISC
115562626931599548,Department of Justice,ORG
115562626931599548,Public,ORG
115562626931599548,E,PER
115562626931599548,##ps,PER
115562626931599548,##tein,PER
115562626931599548,Democrat,MISC
115562626931599548,Bill Clinton,PER
115562626931599548,Reid Hoffman,PER
115562626931599548,Larry Summers,PER
115562626931599548,E,PER
115562626931599548,##ps,PER
115562626931599548,##tein,PER
115562626931599548,House Oversight Committee,ORG
115562626931599548,Republicans,MISC
115562626931599548,History,LOC
115562626931599548,American People,MISC
115562626931599548,America,LOC
115562626931599548,Military,ORG
115562626931599548,Alien,MISC
115562626931599548,in Women,MISC
115562626931599548,##s,ORG
115562626931599548,Sports,MISC
115562626931599548,Transgender,MISC
115562626931599548,Jeffrey Epstein,PER
115562626931599548,Democrats,MISC
115562626931599548,Landslide Election Victory,MISC
115562626931599548,Republican Party,ORG
115562626931599548,Republican,MISC
115562626931599548,Party,ORG
115562626931599548,Set,MISC
115562626931599548,Achievement,ORG
115562626931599548,E,ORG
115562626931599548,##tein,MISC
115562626931599548,Democrats,MISC
115562626931599548,AM,LOC
115562626931599548,##ERIC,ORG
115560208774541030,Indiana State Senate,ORG
115560208774541030,Republicans,MISC
115560208774541030,R,ORG
115560208774541030,Rod Bray,PER
115560208774541030,Greg Goode,PER
115560208774541030,United,ORG
115560208774541030,States,LOC
115560208774541030,Congress,ORG
115560208774541030,Republican,MISC
115560208774541030,Democrats,MISC
115560208774541030,Republican,MISC
115560208774541030,States,LOC
115560208774541030,Republicans,MISC
115560208774541030,House,ORG
115560208774541030,California,LOC
115560208774541030,Republicans,MISC
115560208774541030,America,LOC
115560208774541030,Mike Braun,PER
115560208774541030,Mike,PER
115560208774541030,Republican,MISC
115560208774541030,America,LOC
115560208774541030,Indiana,LOC
115560208774541030,AM,LOC
115560208774541030,Bray,PER
115560208774541030,Good,PER
115556419150424739,NBC,ORG
115556419150424739,Seth Meyers,PER
115556419150424739,Trump Derangement Syndrome,MISC
115556419150424739,TDS,MISC
115556419150424739,##ings,MISC
115556419150424739,Meyer,PER
115556419150424739,NBC,ORG
115554138689247811,Marjorie Traitor Green,PER
115554138689247811,GRE,MISC
115551127714537339,Congress,ORG
115551127714537339,Marjorie Taylor Greene,PER
115551127714537339,Great,MISC
115551127714537339,State,LOC
115551127714537339,Georgia,LOC
115551127714537339,Achievement,MISC
115551127714537339,Sports,MISC
115551127714537339,DE,MISC
115551127714537339,B,MISC
115551127714537339,Set,MISC
115551127714537339,E,MISC
115551127714537339,Military,ORG
115551127714537339,World,LOC
115551127714537339,U. S. A,LOC
115551127714537339,Marjorie,PER
115551127714537339,Congress,MISC
115551127714537339,U. S.,LOC
115551127714537339,Senators,MISC
115551127714537339,Conservative,MISC
115551127714537339,Marjorie,PER
115551127714537339,District of,LOC
115551127714537339,Georgia,LOC
115551127714537339,Republican,MISC
115553994466678093,Congress,MISC
115553994466678093,Marjorie Taylor Brown,PER
115553994466678093,Green,ORG
115553994466678093,Brown,PER
115553994466678093,Republican Party,ORG
115553994466678093,View,ORG
115553994466678093,R,ORG
115553994466678093,F,MISC
115553994466678093,Rand Paul Jr,PER
115553994466678093,Thomas Mass,PER
115553994466678093,##ie,ORG
115553994466678093,Republican,MISC
115553994466678093,AMERIC,LOC
115551054294277065,Thomas Massie,PER
115551054294277065,Rand Paul Jr,PER
115551054294277065,Republican Party,ORG
115551054294277065,Election,MISC
115551054294277065,Thomas,PER
115549914983720555,Justin Olson,PER
115549914983720555,United States District Court,ORG
115549914983720555,Southern District of Indiana,LOC
115549914983720555,Indiana University Maurer School of Law,ORG
115549914983720555,Justin,PER
115549914983720555,U. S. Attorneys Office,ORG
115549914983720555,Indianapolis,LOC
115549914983720555,Hoos,ORG
115549914983720555,Justin,PER
115549914983720555,Rule of Law,MISC
115549914983720555,Constitutional Rights,MISC
115549914983720555,Justin,PER
115549907135940696,Megan Benton,PER
115549907135940696,United States District Court,ORG
115549907135940696,Western District of Missouri,LOC
115549907135940696,Megan,PER
115549907135940696,J,MISC
115549907135940696,D,MISC
115549907135940696,Vanderbilt University Law School,ORG
115549907135940696,P,ORG
115549907135940696,##latte County Prosecuting Attorneys Office,ORG
115549907135940696,Rule of Law,MISC
115549907135940696,Trial Court,ORG
115549907135940696,P,LOC
115549907135940696,##latte County,LOC
115549907135940696,of,ORG
115549907135940696,Missouri,LOC
115549907135940696,Megan,PER
115549907135940696,Constitution,ORG
115549907135940696,Liberty and Justice,ORG
115549907135940696,Megan,PER
115549898479582155,Brian Lea,PER
115549898479582155,U.,ORG
115549898479582155,S,LOC
115549898479582155,. District Court,ORG
115549898479582155,Western District of Tennessee,LOC
115549898479582155,Brian,PER
115549898479582155,Department of Justice,ORG
115549898479582155,Justice,ORG
115549898479582155,Clarence Thomas,PER
115549898479582155,Ed Carnes,PER
115549898479582155,Brian,PER
115549898479582155,D,LOC
115549898479582155,University of Georgia School of Law,ORG
115549898479582155,Union University,ORG
115549898479582155,Brian,PER
115549898479582155,Constitution,MISC
115549898479582155,Tennessee,LOC
115549898479582155,Brian,PER
115549764700461483,Donald Korb,PER
115549764700461483,Department of the Treasury,ORG
115548824413984773,Sleepy Joe Biden Administration,ORG
115548824413984773,T,MISC
115548824413984773,Dems,MISC
115548824413984773,C,PER
115548824413984773,Joe,ORG
115548824413984773,Party of A,ORG
115548824413984773,##ability,ORG
115548785919046772,Democrats,MISC
115548785919046772,E,MISC
115548785919046772,##ps,PER
115548785919046772,##tein Ho,MISC
115548785919046772,Democrats,MISC
115548785919046772,Republicans,MISC
115548785919046772,SH,MISC
115548785919046772,A,PER
115548785919046772,G,PER
115548785919046772,Pam Bond,PER
115548785919046772,Department of Justice,ORG
115548785919046772,FBI,ORG
115548785919046772,Jeffrey Epstein,PER
115548785919046772,Bill Clinton,PER
115548785919046772,Larry Summers,PER
115548785919046772,Reid Hoffman,PER
115548785919046772,J,PER
115548785919046772,. P. Morgan,PER
115548785919046772,Chase,PER
115548785919046772,Russia,LOC
115548785919046772,Russia,LOC
115548785919046772,Russia,LOC
115548785919046772,Democrats,MISC
115548785919046772,E,PER
115548785919046772,##ps,PER
115548785919046772,##tein,PER
115548785919046772,Island,LOC
115548539359870302,Democrats,MISC
115548539359870302,E,PER
115548539359870302,##ps,PER
115548539359870302,##tein,MISC
115548539359870302,DOJ,ORG
115548539359870302,SH,MISC
115548539359870302,Republicans,MISC
115548539359870302,E,PER
115548539359870302,##ps,PER
115548539359870302,##tein,PER
115548539359870302,Democrat,MISC
115548539359870302,Democrats,MISC
115548539359870302,Republicans,MISC
115548539359870302,Bill Clinton,PER
115548539359870302,Reid Hoffman,PER
115548539359870302,Larry Summers,PER
115548539359870302,E,PER
115548539359870302,##ps,PER
115548539359870302,##tein,PER
115548539359870302,Trump,PER
115548501518888756,Democrats,MISC
115548501518888756,E,PER
115548501518888756,##ps,PER
115548501518888756,##tein,MISC
115548501518888756,DOJ,ORG
115548501518888756,SH,MISC
115548501518888756,Republicans,MISC
115548501518888756,E,PER
115548501518888756,##ps,PER
115548501518888756,##tein,PER
115548501518888756,Democrat,MISC
115548501518888756,Democrats,MISC
115548501518888756,Republicans,MISC
115548501518888756,Bill Clinton,PER
115548501518888756,Reid Hoffman,PER
115548501518888756,Larry Sommer,PER
115548501518888756,E,PER
115548501518888756,##ps,PER
115548501518888756,##tein,PER
115548501518888756,Trump,PER
115545559394082144,Ty,PER
115545559394082144,Book,MISC
115545559394082144,AMERIC,ORG
115205301127455058,George Tyrus Murdoch,PER
115205301127455058,Rupert Murdoch,PER
115205301127455058,Book,MISC
115205301127455058,AMERIC,ORG
115205301127455058,Ty,PER
115205301127455058,##rus,PER
115205301127455058,Professional,ORG
115205301127455058,Wrestling,MISC
115205301127455058,and Television,ORG
115205301127455058,Late Night,MISC
115205301127455058,Television,ORG
115205301127455058,Ty,PER
115205301127455058,##rus,PER
115205301127455058,Greg Gutfeld,PER
115205301127455058,Late Night Show,MISC
115205301127455058,Traditional,ORG
115205301127455058,Late,MISC
115205301127455058,Night Television,ORG
115205301127455058,Radical Left,MISC
115205301127455058,##ings,ORG
115205301127455058,Ty,PER
115205301127455058,",",MISC
115205301127455058,##mor,MISC
115205301127455058,and,MISC
115205301127455058,Der,MISC
115205301127455058,Trump Hate,MISC
115205301127455058,American Way of Life,MISC
115205301127455058,Liberty,ORG
115205301127455058,Pursuit of Happiness,MISC
115205301127455058,Election,MISC
115205301127455058,Presidential Election,MISC
115205301127455058,Book,MISC
115205301127455058,Ty,PER
115205301127455058,Presidential Election,MISC
115205301127455058,Common Sense,MISC
115205301127455058,Country,MISC
115545558485420962,Nicole Parker,PER
115545558485420962,GRE,MISC
115545558485420962,Two FBIs,MISC
115545558485420962,and,MISC
115545558485420962,Bureau,ORG
115527575773543165,FBI,ORG
115527575773543165,Nicole Parker,PER
115527575773543165,FBIs,MISC
115527575773543165,and,MISC
115527575773543165,Bureau,ORG
115527575773543165,Nicole,PER
115527575773543165,We,MISC
115527575773543165,##apon,MISC
115527575773543165,System of Justice,ORG
115527575773543165,F,MISC
115527575773543165,BRAV,ORG
115527575773543165,##TE,MISC
115527575773543165,American Patriots,MISC
115527575773543165,Nicole,PER
115527575773543165,LIB,MISC
115527575773543165,##TY,MISC
115527575773543165,G,MISC
115538410938231838,Democrats,MISC
115538410938231838,Jeffrey Eps,PER
115538410938231838,##tein Hoax,MISC
115538410938231838,SH,MISC
115538279653817159,Democrats,MISC
115538279653817159,Jeffrey Epstein,PER
115538279653817159,Shutdown,MISC
115538279653817159,Republican,MISC
115538279653817159,Democrats,MISC
115538279653817159,Country,LOC
115538279653817159,Tri,MISC
115538279653817159,Country,LOC
115538279653817159,E,PER
115538279653817159,##ps,PER
115538279653817159,##tein,PER
115538279653817159,Republicans,MISC
115538279653817159,Country,LOC
115538279653817159,Democrats,MISC
115538047317239976,Nick Ganje,PER
115538047317239976,United,ORG
115538047317239976,States,LOC
115538047317239976,District Court,ORG
115538047317239976,Southern District of,LOC
115538047317239976,Texas,LOC
115538047317239976,Nick,PER
115538047317239976,Richard Allen Griffin,PER
115538047317239976,Ralph Ericks,PER
115538047317239976,Ted Cruz,PER
115538047317239976,U. S.,LOC
115538047317239976,Southern District of,LOC
115538047317239976,Texas,LOC
115538047317239976,Nick,PER
115538047317239976,Immigration Enforcement,MISC
115538047317239976,Borders,MISC
115538047317239976,The Lone Star State,MISC
115538047317239976,Joe Biden,PER
115538047317239976,I,MISC
115538047317239976,Southern Border,LOC
115538047317239976,Southern Texas,LOC
115538047317239976,Nick Ganjei,PER
115538047317239976,America First,ORG
115538047317239976,Constitution,MISC
115538047317239976,Rule of Law,MISC
115538047317239976,Se,MISC
115538047317239976,Nick,PER
115538010339531154,David Clay F,PER
115538010339531154,United States District Court,ORG
115538010339531154,Western District of,LOC
115538010339531154,Arkansas,LOC
115538010339531154,Clay,PER
115538010339531154,U. S.,LOC
115538010339531154,Western District of,LOC
115538010339531154,Arkansas,LOC
115538010339531154,Arkansas,LOC
115538010339531154,Clay,PER
115538010339531154,Ark,MISC
115538010339531154,Arkansas State University,ORG
115538010339531154,University of Arkansas School of Law,ORG
115538010339531154,Clay,PER
115538010339531154,Rule of Law,MISC
115538010339531154,Clay,PER
115538002658085818,Aaron Peterson,PER
115538002658085818,United States District Court,ORG
115538002658085818,District,LOC
115538002658085818,of,ORG
115538002658085818,Alaska,LOC
115538002658085818,Alaska Department of Law for Natural Resources,ORG
115538002658085818,Aaron,PER
115538002658085818,An,LOC
115538002658085818,##chorage,LOC
115538002658085818,United States Air Force,ORG
115538002658085818,University of Alaska,ORG
115538002658085818,An,LOC
115538002658085818,##chorage,LOC
115538002658085818,Gonzaga University School of Law,ORG
115538002658085818,Last Frontiers,MISC
115538002658085818,Aaron,PER
115538002658085818,Aaron,PER
115538002658085818,Constitution,MISC
115538002658085818,Aaron,PER
115533678904226335,Greg Abbott,PER
115533678904226335,Texas,LOC
115533678904226335,Greg,PER
115533678904226335,Texas,LOC
115533678904226335,MA,ORG
115533678904226335,Republicans,MISC
115533678904226335,Midterm Elections,MISC
115533678904226335,Map,MISC
115533678904226335,Republicans,MISC
115533678904226335,The,LOC
115533678904226335,Lone Star State,LOC
115533678904226335,Greg,PER
115533678904226335,Texas,MISC
115533678904226335,U,LOC
115533678904226335,S,LOC
115533678904226335,A,LOC
115533678904226335,American Energy,MISC
115533678904226335,Enforcement,ORG
115533678904226335,Amendment,MISC
115533678904226335,Greg Abbott,PER
115533666048445520,Chicago,LOC
115533666048445520,Illinois,LOC
115533666048445520,Car Theft,MISC
115533666048445520,##ies,MISC
115533666048445520,Crime,MISC
115533666048445520,DHS,ORG
115533666048445520,Midway Blitz,MISC
115533666048445520,Chicago,LOC
115533666048445520,Federal Force,ORG
115533666048445520,Chicago,LOC
115533666048445520,Memphis,LOC
115533666048445520,Chicago,LOC
115533666048445520,Illinois Radical Democrat Leadership,ORG
115533666048445520,V,MISC
115533666048445520,##wing,MISC
115533666048445520,ICE,ORG
115533666048445520,Agents,ORG
115533666048445520,Democrat,MISC
115533090607800907,Great,MISC
115533090607800907,State of,ORG
115533090607800907,Texas,LOC
115533090607800907,Dad,PER
115533090607800907,##e Phelan,PER
115533090607800907,Politics,ORG
115533090607800907,Bill,MISC
115533090607800907,In,MISC
115533090607800907,Dad,PER
115532927507491211,Dan Patrick,PER
115532927507491211,Great,MISC
115532927507491211,State,LOC
115532927507491211,Texas,LOC
115532927507491211,Office,ORG
115532927507491211,History of Texas,MISC
115532927507491211,Texas,LOC
115532927507491211,Presidential,MISC
115532927507491211,Dan,PER
115532927507491211,Movement,ORG
115532927507491211,Elections,MISC
115532927507491211,Dan,PER
115532927507491211,Congressional Map,MISC
115532927507491211,Texas,LOC
115532927507491211,MA,ORG
115532927507491211,Republicans,MISC
115532927507491211,Midterm Elections,MISC
115532927507491211,America,MISC
115532927507491211,Age,MISC
115532927507491211,Dan,PER
115532927507491211,Drugs,MISC
115532927507491211,U. S,LOC
115532927507491211,A,LOC
115532927507491211,Amendment,MISC
115532927507491211,MA,ORG
115532927507491211,Dan Patrick,PER
115529500724371786,Miracle Mile Shopping Center,LOC
115529500724371786,Chicago,LOC
115529500724371786,Nations,LOC
115529500724371786,City,LOC
115529446165908851,U. S. Supreme Court,ORG
115529446165908851,Tri,MISC
115529446165908851,National Security,MISC
115529141758455385,Obamacare,MISC
115528250588455261,Ahmed Hussein al - Sharaa,PER
115528250588455261,Syria,LOC
115528250588455261,Middle East,LOC
115528250588455261,Great Miracle,MISC
115528250588455261,Middle East,LOC
115528250588455261,Syria,LOC
115527262176895128,O,MISC
115527262176895128,P,LOC
115527262176895128,##HIL,LOC
115527262176895128,##AD,ORG
115527262176895128,##EL,LOC
115527262176895128,##P,ORG
115527262176895128,##H,LOC
115527262176895128,IW,ORG
115527262176895128,JIMA,ORG
115527262176895128,KOREA,ORG
115527262176895128,VI,ORG
115527262176895128,U. S,LOC
115527262176895128,MA,LOC
115527262176895128,AMERICA,LOC
115527159095475127,Radical,MISC
115527159095475127,Left Luna,ORG
115527159095475127,##tics,MISC
115527159095475127,Countries,LOC
115527159095475127,Tri,MISC
115527159095475127,National,ORG
115527159095475127,Security,MISC
115527159095475127,United,ORG
115527159095475127,States,LOC
115527159095475127,Supreme Court,ORG
115527159095475127,Court,ORG
115526165519672797,USA,MISC
115526165519672797,Citizens,ORG
115526165519672797,DJ,PER
115526123205979749,Democrat,MISC
115526123205979749,##down,MISC
115526123205979749,U. S. A,LOC
115526123205979749,Patriots,MISC
115526123205979749,Brand New State of the Art,MISC
115526123205979749,Administration,ORG
115526123205979749,American Patriots,MISC
115526123205979749,AM,LOC
115526107177904576,Democrat,MISC
115526107177904576,##down,MISC
115526107177904576,U. S. A,LOC
115526107177904576,Patriots,MISC
115526107177904576,Brand New State of the Art,MISC
115526107177904576,Administration,ORG
115526107177904576,American Patriots,MISC
115526107177904576,AM,LOC
115525582895720508,Liz Peek,PER
115525582895720508,Maria Bartiromo,PER
115525582895720508,Liz,PER
115520633257497938,Rainforest of Brazil,LOC
115520633257497938,Environmental,MISC
115355273080830875,New York Post,ORG
115355273080830875,Nobel Peace Prize Winner,MISC
115355273080830875,Trump,PER
115355273080830875,Committee,ORG
115355273080830875,Post,ORG
115355273080830875,Venezuelan,MISC
115355273080830875,Mara Corina Machado,PER
115355273080830875,Nobel Peace Prize,MISC
115355273080830875,Donald Trump,PER
115355273080830875,Americas,LOC
115355273080830875,Venezuelan,MISC
115355273080830875,Trump,PER
115355273080830875,Venezuelan,MISC
115355273080830875,Trump,PER
115355273080830875,Americas,LOC
115355273080830875,Venezuela,LOC
115355273080830875,Gaza,LOC
115355273080830875,Ukraine,LOC
115355273080830875,Trump,PER
115521834138408370,DHS,ORG
115521826049485056,City,LOC
115521826049485056,Miami,LOC
115521826049485056,Francis Suarez,PER
115521797504730572,Ballroom at,LOC
115521797504730572,White House,LOC
115521695808009888,BBC,ORG
115521695808009888,T,ORG
115521695808009888,DAV,ORG
115521695808009888,BOS,ORG
115521695808009888,The Telegraph,ORG
115521695808009888,Co,MISC
115521695808009888,Journalists,MISC
115521695808009888,Presidential Election,MISC
115521695808009888,Foreign,MISC
115521695808009888,Country,LOC
115521695808009888,One,MISC
115521695808009888,Democracy,MISC
115521239983259817,I,ORG
115521239983259817,D,ORG
115521239983259817,Radical Left Democrats,MISC
115521239983259817,De,MISC
115521239983259817,I,ORG
115521239983259817,D,ORG
115521239983259817,AMERIC,LOC
115520462584981053,Lindsey Graham,PER
115520462584981053,Schumer Shutdown,MISC
115520462584981053,Americans,MISC
115520462584981053,Senate,ORG
115520462584981053,Democrats,MISC
115520462584981053,Government,ORG
115520448197201824,AUTOP,MISC
115520448197201824,Joe Biden,PER
115520448197201824,American History,MISC
115520448197201824,Election,MISC
115520448197201824,United States,LOC
115520448197201824,B,PER
115520448197201824,##iden,PER
115520448197201824,In,MISC
115520448197201824,U.,LOC
115520448197201824,S. Dollar,MISC
115520448197201824,Green New Scam,ORG
115520448197201824,American Energy Dom,ORG
115520448197201824,##nce,ORG
115520448197201824,Southern,MISC
115520448197201824,Border,LOC
115520448197201824,B,PER
115520448197201824,##iden,PER
115520448197201824,World,LOC
115520448197201824,United States,LOC
115520448197201824,Afghanistan,LOC
115520448197201824,American History,MISC
115520448197201824,American,MISC
115520448197201824,B,PER
115520448197201824,Russia,LOC
115520448197201824,Ukraine,LOC
115520448197201824,Hamas,ORG
115520448197201824,Israel,LOC
115520448197201824,##y,MISC
115520448197201824,Joe Biden,PER
115520448197201824,F,ORG
115520448197201824,##ake News Media,ORG
115520448197201824,Autopen,MISC
115520448197201824,Trump,PER
115520448197201824,B,PER
115520448197201824,##iden,PER
115520448197201824,Law Enforcement,ORG
115520448197201824,Radical Democrat,MISC
115520448197201824,B,ORG
115520448197201824,##iden Crime Family,ORG
115520448197201824,Trump,PER
115520448197201824,AMER,ORG
115520432241623568,Lindsey Graham,PER
115520432241623568,Obama,MISC
115520432241623568,##C,ORG
115520432241623568,##are,MISC
115520432241623568,Healthcare,ORG
115520432241623568,Insurance Companies,ORG
115520428779875897,Lindsey Graham,PER
115520428779875897,Democrats,MISC
115520428779875897,Healthcare System,ORG
115520428779875897,Insurance Companies,ORG
115520428779875897,American Consumers,ORG
115520402338272699,Healthcare Dollar,MISC
115520395997089111,Democrats,MISC
115520395997089111,Health Insurance,ORG
115520395997089111,O,MISC
115520395997089111,Health Coverage,ORG
115520395997089111,Democrats,MISC
115520395997089111,American People,MISC
115520395997089111,Republicans,MISC
115520395997089111,G,MISC
115520387746375038,American,MISC
115520387746375038,People,ORG
115520387746375038,Democrats,MISC
115520387746375038,Government,ORG
115520387746375038,Republicans,MISC
115520387746375038,ObamaCare,MISC
115520387746375038,Health Insurance Companies,ORG
115520387746375038,American People,ORG
115520387746375038,Health Insurance Companies,ORG
115520387746375038,ObamaCare,MISC
115520387746375038,Americans,MISC
115520387746375038,Obama,PER
115520387746375038,P,ORG
115520387746375038,Healthcare,ORG
115520387746375038,Health Insurance,ORG
115520387746375038,Insurance Companies,ORG
115520387746375038,American People,ORG
115514453574326959,Senate,ORG
115514453574326959,Republicans,MISC
115514453574326959,Insurance Companies,ORG
115514453574326959,Obama,MISC
115514453574326959,##C,ORG
115514453574326959,##are,MISC
115514453574326959,BAD Insurance Companies,ORG
115514453574326959,Obama,MISC
115514453574326959,##C,ORG
115514453574326959,##are,MISC
115520282513349957,John Coale,PER
115520282513349957,Tobacco Case Win,MISC
115520282513349957,United States,LOC
115520282513349957,Belarus,LOC
115520282513349957,Belarus,LOC
115520282513349957,Alexander Lukashenko,PER
115519951705472870,United States,LOC
115519951705472870,Congress,ORG
115519951705472870,Country,LOC
115519951705472870,Country,MISC
115519951705472870,Country,LOC
115519951705472870,USA,LOC
115519726463094783,World,MISC
115519726463094783,Tri,MISC
115519726463094783,USA,LOC
115519648221128582,Republicans,MISC
115519648221128582,Great Things,MISC
115519648221128582,##terms,MISC
115519648221128582,Party,MISC
115519648221128582,Party,MISC
115516539764708833,Mark Levin,PER
115516539764708833,Lara Trump,PER
115516539764708833,FoxNews,ORG
115515978292380146,All New,MISC
115515978292380146,F,ORG
115515978292380146,##OX Nation,ORG
115515978292380146,United States Navy,ORG
115515978292380146,Marine Corps,ORG
115515520504887050,Democrats,MISC
115515520504887050,Shut,MISC
115515520504887050,Republicans,MISC
115514359098158106,Democrats,MISC
115511452695728702,V,PER
115511452695728702,##ive,PER
115511452695728702,##k Ramaswamy,PER
115511452695728702,Great,MISC
115511452695728702,State,LOC
115511452695728702,Ohio,LOC
115511452695728702,V,PER
115511452695728702,##ive,PER
115511452695728702,##k,PER
115511452695728702,V,PER
115511452695728702,##ive,PER
115511452695728702,V,PER
115511452695728702,##ive,PER
115511452695728702,##k,PER
115511452695728702,U. S,LOC
115511452695728702,A,LOC
115511452695728702,Energy,ORG
115511452695728702,Crime,MISC
115511452695728702,Amendment,MISC
115511452695728702,V,PER
115511452695728702,##ive,PER
115511452695728702,##k Ramaswamy,PER
115511452695728702,Ohio,LOC
115511357579183415,Democrats,MISC
115511412965888296,White House,LOC
115511412965888296,Ka,PER
115511412965888296,Jo,PER
115511412965888296,##mart Tokayev,PER
115511412965888296,Kazakhstan,LOC
115511412965888296,S,PER
115511412965888296,##ha,PER
115511412965888296,##kat Mirziyoyev,PER
115511412965888296,Uzbekistan,LOC
115511412965888296,Emoma,PER
115511412965888296,##li Rahmon,PER
115511412965888296,Tajikistan,LOC
115511412965888296,Sad,PER
115511412965888296,##yr Japarov,PER
115511412965888296,K,LOC
115511412965888296,##yrgyz Republic,LOC
115511412965888296,Ser,PER
115511412965888296,##dar Berdimuhamedov,PER
115511412965888296,Turkmenistan,LOC
115511412965888296,Central Asian,MISC
115511412965888296,Nations,ORG
115511412965888296,Europe,LOC
115511412965888296,Asia,LOC
115511412965888296,Middle East,LOC
115511412965888296,AB,MISC
115511412965888296,Minerals,ORG
115511412965888296,Talent,ORG
115511412965888296,United States of America,LOC
115511412965888296,C,MISC
115511412965888296,American,MISC
115511412965888296,Critical Minerals,ORG
115511412965888296,Rail,ORG
115511412965888296,United States,LOC
115511412965888296,Kazakhstan,LOC
115511412965888296,Uzbekistan,LOC
115511412965888296,Tajikistan,LOC
115511412965888296,Kyrgyz Republic,LOC
115511412965888296,Turkmenistan,LOC
115511314225352462,Republican Senators,MISC
115511314225352462,Radical Left Democrats,MISC
115511314225352462,I,MISC
115511314225352462,##TE,MISC
115511314225352462,OPEN,MISC
115511090849508843,The Failing New York Times,ORG
115511090849508843,Rate,ORG
115511090849508843,Lily Kuo,PER
115511090849508843,David Pierson,PER
115511090849508843,Xi,PER
115511090849508843,China,LOC
115511090849508843,The Times,ORG
115511090849508843,China,LOC
115511090849508843,Rare Earths,MISC
115511090849508843,##be,ORG
115511090849508843,Xi,PER
115511090849508843,MI,ORG
115511090849508843,Victory,MISC
115511090849508843,U. S. A,LOC
115511090849508843,World,LOC
115511090849508843,China,LOC
115511090849508843,Powers,MISC
115511090849508843,The Failing New York Times,ORG
115511090849508843,Great Event,MISC
115510780457859130,Louisiana,LOC
115510780457859130,John Kennedy,PER
115510780457859130,Bill,MISC
115510780457859130,Congress,ORG
115510780457859130,Rand Paul,PER
115510780457859130,Rand,PER
115510780457859130,Government,ORG
115510780457859130,Rand,PER
115510666739916664,G20,MISC
115510666739916664,South Africa,LOC
115510666739916664,A,MISC
115510666739916664,##rikaners,MISC
115510666739916664,Dutch,MISC
115510666739916664,French,MISC
115510666739916664,German,MISC
115510666739916664,U. S.,LOC
115510666739916664,Human Rights,MISC
115510666739916664,G20,MISC
115510666739916664,Miami,LOC
115510666739916664,Florida,LOC
115510485436664476,United States,ORG
115510485436664476,Senate,ORG
115510485436664476,Deal,MISC
115510485436664476,Democrat,MISC
115510485436664476,Deal,MISC
115510485436664476,Republicans,MISC
115510485436664476,Great American Workers,ORG
115510396474764395,Bee,MISC
115510343852481018,DOJ,ORG
115510343852481018,Meat Packing Companies,ORG
115510343852481018,Col,MISC
115510343852481018,Man,MISC
115510343852481018,American Ranch,ORG
115510343852481018,Majority Foreign Owned Meat Packers,ORG
115510343852481018,Nations,ORG
115510343852481018,Il,ORG
115510343852481018,Mon,ORG
115510343852481018,##op,MISC
115510343852481018,American People,MISC
115510343852481018,DOJ,ORG
115509306635941834,Republicans,MISC
115509306635941834,Fi,MISC
115509306635941834,Victory,LOC
115508709196254115,Option,MISC
115508699750416036,Republicans,MISC
115508699750416036,Fi,MISC
115508699750416036,##buster,MISC
115508699750416036,American Dream,MISC
115508699750416036,Dems,MISC
115508699750416036,DJ,PER
115508680705242553,Nancy Pelosi,PER
115508680705242553,Stock Market,ORG
115508680705242553,American Public,ORG
115508680705242553,America,LOC
115508680705242553,Nancy Pelosi,PER
115506045885898474,Trade and Economic Deal,MISC
115506045885898474,United States,LOC
115506045885898474,Uzbekistan,LOC
115506045885898474,Uzbekistan,LOC
115506045885898474,American,MISC
115506045885898474,Critical Minerals,ORG
115506045885898474,Aviation,ORG
115506045885898474,Automotive Parts,ORG
115506045885898474,Infrastructure,ORG
115506045885898474,"Agriculture,",ORG
115506045885898474,Energy & Chemicals,ORG
115506045885898474,Information Technology,ORG
115506045885898474,Uzbekistan,LOC
115506045885898474,S,PER
115506045885898474,##ha,PER
115506045885898474,##v,PER
115506045885898474,##kat Mirziyoyev,PER
115505478418176575,Benjamin Netanyahu,PER
115505478418176575,Israel,LOC
115505478418176575,Ka,PER
115505478418176575,##m,PER
115505478418176575,Jomart Tokayev,PER
115505478418176575,Kazakhstan,LOC
115505478418176575,Kazakhstan,LOC
115505478418176575,Abraham Accords,MISC
115505478418176575,and,MISC
115505478418176575,Abraham Accords,MISC
115504973020459337,Joe Lombardo,PER
115504973020459337,Nevada,LOC
115504973020459337,Presidential Election,MISC
115504973020459337,Clark County,LOC
115504973020459337,U. S. Army,ORG
115504973020459337,Joe,PER
115504973020459337,Enforcement,ORG
115504973020459337,and Veterans,ORG
115504973020459337,U,LOC
115504973020459337,S,LOC
115504973020459337,A,LOC
115504973020459337,American,MISC
115504973020459337,Energy,ORG
115504973020459337,Amendment,MISC
115504973020459337,Joe Lombardo,PER
115503780433465879,Democrats,MISC
115503780433465879,Fi,MISC
115503780433465879,##buster,MISC
115503780433465879,Republicans,MISC
115503780433465879,Democrats,MISC
115503140217634129,Trump,PER
115503140217634129,B,PER
115503140217634129,##iden,PER
115503140217634129,Walmart,ORG
115503140217634129,Democrats,MISC
115503140217634129,Democrats,MISC
115497796099239673,American People,MISC
115499724149347850,American People,MISC
115499715894035999,Presidential Campaign,MISC
115499715894035999,America Great,MISC
115499626990484138,Nigerian,MISC
115499626990484138,Christians,MISC
115499622304174991,W,ORG
115499622304174991,##almart,ORG
115499622304174991,Sleep,PER
115499622304174991,Joe Biden,PER
115499622304174991,A,ORG
115499622304174991,##DABI,ORG
115499622304174991,Republican,MISC
115499622304174991,Republicans,MISC
115499621107006705,FBI,ORG
115499621107006705,Nicole Parker,PER
115499621107006705,FBIs,MISC
115499621107006705,and,MISC
115499621107006705,Bureau,ORG
115499621107006705,Nicole,PER
115499621107006705,We,MISC
115499621107006705,##apon,MISC
115499621107006705,System of Justice,ORG
115499621107006705,F,MISC
115499621107006705,BRAV,ORG
115499621107006705,##TE,MISC
115499621107006705,American Patriots,MISC
115499621107006705,Nicole,PER
115499621107006705,LIB,MISC
115499621107006705,##TY,MISC
115499621107006705,G,MISC
115499615432000308,Great American Patriot,MISC
115499615432000308,G,PER
115499615432000308,##ian,PER
115499615432000308,##no Caldwell,PER
115499615432000308,Day,MISC
115499615432000308,America,LOC
115499615432000308,V,MISC
115499615432000308,Crime Crisis,MISC
115499615432000308,G,PER
115499615432000308,##ian,PER
115499615432000308,##no,PER
115499615432000308,Horror of the Crime Epidemic,MISC
115499615432000308,Great,MISC
115499615432000308,Cities,LOC
115499615432000308,Chicago,LOC
115499615432000308,G,PER
115499615432000308,##ian,PER
115499615432000308,##no,PER
115499615432000308,AMERIC,LOC
115499609714844979,Barry Loudermilk,PER
115499609714844979,Great State of,LOC
115499609714844979,Georgia,LOC
115499609714844979,American History,MISC
115499609714844979,Barry,PER
115499609714844979,Rights,MISC
115499609714844979,Freedom,MISC
115499609714844979,God,ORG
115499609714844979,History,MISC
115499609714844979,MA,PER
115499609714844979,AMERIC,LOC
115499601111135687,Peter Navarro,PER
115499601111135687,Trade and Manufacturing,ORG
115499601111135687,Book,MISC
115499601111135687,and Lawfare Story,MISC
115499601111135687,Trump Land,LOC
115499601111135687,Great American Patriots,MISC
115499601111135687,Peter,PER
115499601111135687,Justice System,MISC
115499601111135687,2020 Presidential Election,MISC
115499601111135687,Country,LOC
115499601111135687,AMERIC,LOC
115499595196200926,Christina Bobbs,PER
115499595196200926,Mar - a - Lago Rai,MISC
115499595196200926,##s,MISC
115499595196200926,##fare,MISC
115499595196200926,Christi,PER
115499595196200926,Der,MISC
115499595196200926,Jack Smith Investigations,ORG
115499595196200926,Il,MISC
115499595196200926,##al Rai,MISC
115499595196200926,Mar - a - Lago,LOC
115499595196200926,American People,MISC
115499595196200926,B,MISC
115499595196200926,Justice System,MISC
115499595196200926,Radical Left Lunatics,MISC
115499540273989970,G,MISC
115499540273989970,Xi,PER
115499540273989970,China,LOC
115499529258415888,San,PER
115499529258415888,##ae Takaichi,PER
115499529258415888,Japan,LOC
115499436761437618,Asia,LOC
115499436761437618,United States of America,LOC
115499397897941707,Republican Jewish Coalition,ORG
115499354921504983,Christianity,MISC
115499354921504983,Nigeria,LOC
115499354921504983,United States,LOC
115499354921504983,Christian,MISC
115499354921504983,World,LOC
115499324245510580,United States,LOC
115499324245510580,Nuclear Weapons,MISC
115499324245510580,Department of War,ORG
115499324245510580,Nuclear Weapons,MISC
115499313489581846,Miami,LOC
115499313489581846,Francis Suarez,PER
115499233518098762,American Business Forum,ORG
115499233518098762,Miami,LOC
115499233518098762,Florida,LOC
115499222370397593,American History,MISC
115499222370397593,American People,MISC
115499196526115634,United States,LOC
115499196526115634,Golden Age,MISC
115499196526115634,America,MISC
115499184567907673,Americans,MISC
115499184567907673,American,MISC
115499177304548955,Democrat,MISC
115499177304548955,Democrat,MISC
115499177304548955,Congress,ORG
115499177304548955,American People,MISC
115499172943770311,Radical Left Democrats,MISC
115499172943770311,Americans,MISC
115499168374068086,Chuck Schum,PER
115499168374068086,Radical Democrat,MISC
115499168374068086,Congress,ORG
115495081097004172,Voter Reform,MISC
115495081097004172,V,MISC
115495081097004172,ID,MISC
115495081097004172,Mail,MISC
115495081097004172,In,MISC
115495081097004172,Supreme Court,ORG
115495081097004172,No Two State,ORG
115494928414626214,60 Minutes,MISC
115494928414626214,Donald J,PER
115494928414626214,Trump,PER
115494928414626214,CBS,ORG
115494928414626214,60 Minutes,MISC
115494873923565600,SH,PER
115493839582779089,Sean Duffy,PER
115493839582779089,National Aeronautics and Space Administration,ORG
115493839582779089,NASA,ORG
115493839582779089,Jared Isaacman,PER
115493839582779089,NASA,ORG
115493839582779089,Jared,PER
115493839582779089,Space,ORG
115493839582779089,Space,LOC
115493839582779089,NASA,ORG
115493839582779089,Jared,PER
115493839582779089,Monica,PER
115493839582779089,Mi,PER
115493839582779089,##la,PER
115493839582779089,Liv,PER
115493839582779089,DJ,PER
115493792769655959,Orthodox Jews,MISC
115493792769655959,Lakewood,LOC
115493792769655959,Jackson,LOC
115493792769655959,New Jersey,LOC
115493792769655959,Jack Ciattarelli,PER
115493792769655959,Great Community,ORG
115493792769655959,Election,MISC
115493792769655959,New Jersey,LOC
115493792769655959,Country,LOC
115493792769655959,NE,LOC
115493792769655959,J,LOC
115493792769655959,Ko,PER
115493792769655959,##llel,ORG
115493792769655959,Yeshiva,ORG
115493792769655959,J,PER
115493792769655959,Election,MISC
115493792769655959,Jack,PER
115493742592679097,Switzerland,LOC
115493742592679097,Trade and Trade I,MISC
115493742592679097,##lance,MISC
115493742592679097,Jamie,PER
115493742592679097,##son Greer,PER
115493742592679097,Switzerland,LOC
115493671705492320,United,ORG
115493671705492320,States,LOC
115493671705492320,Supreme Court,ORG
115493671705492320,Security,ORG
115493671705492320,Stock Market,ORG
115493671705492320,High,MISC
115493671705492320,Economic Security,MISC
115492840195051630,Rob Wittman,PER
115492840195051630,Virginia,LOC
115492840195051630,Congressional,MISC
115492840195051630,House Armed Services Committee,ORG
115492840195051630,Rob,PER
115492840195051630,America First Agenda,MISC
115492840195051630,Congress,ORG
115492840195051630,Rob,PER
115492840195051630,U,LOC
115492840195051630,S,LOC
115492840195051630,A,LOC
115492840195051630,American Energy,ORG
115492840195051630,Amendment,MISC
115492840195051630,Rob Witt,PER
115492832612668287,Claudia Tenney,PER
115492832612668287,New York,LOC
115492832612668287,Congressional,MISC
115492832612668287,House Election Integrity Caucus,ORG
115492832612668287,Claudia,PER
115492832612668287,America First,ORG
115492832612668287,Free,MISC
115492832612668287,Fair Elections,MISC
115492832612668287,U. S,LOC
115492832612668287,A,LOC
115492832612668287,American Energy,ORG
115492832612668287,Amendment,MISC
115492832612668287,Claudia Tenney,PER
115492361756063244,Uncon,MISC
115492361756063244,##itutional Redistricting Vote,MISC
115492361756063244,California,LOC
115492361756063244,All Mail - In Ballots,ORG
115492361756063244,Republicans,MISC
115492285081397189,C,PER
115492285081397189,Joe B,PER
115492285081397189,Radical Left Democrats,MISC
115492285081397189,DJ,PER
115492078911838554,Joe Scarborough,PER
115492078911838554,MSNBC,MISC
115492078911838554,DJ,PER
115491968446085363,Jewish,MISC
115491968446085363,Z,PER
115491968446085363,##oh,PER
115491968446085363,##ran Mamdani,PER
115491968446085363,J,MISC
115491634358714159,Democrats,MISC
115491634358714159,Midterms,MISC
115491634358714159,Presidential Election,MISC
115491634358714159,##buster,MISC
115491634358714159,The Nuclear Option,MISC
115491634358714159,Republicans,MISC
115491634358714159,Sense,MISC
115491634358714159,Democrat,MISC
115491634358714159,Mid,MISC
115491634358714159,##ms,MISC
115491634358714159,Fi,MISC
115491634358714159,##buster,MISC
115491634358714159,Congress,ORG
115491634358714159,Men,MISC
115491634358714159,Womens Sports,MISC
115491634358714159,Borders,MISC
115491634358714159,Amendment,MISC
115491634358714159,Democrats,MISC
115491634358714159,Elections,MISC
115491634358714159,Supreme Court,ORG
115491634358714159,States,LOC
115491634358714159,Democrat,MISC
115491634358714159,D. C.,LOC
115491634358714159,Puerto Rico,LOC
115491634358714159,V,MISC
115491634358714159,Republicans,MISC
115491634358714159,Policy,MISC
115488077072288045,Communist,MISC
115488077072288045,Z,PER
115488077072288045,##oh,PER
115488077072288045,##ran Mamdan,PER
115488077072288045,Election,MISC
115488077072288045,New York City,LOC
115488077072288045,Federal Fund,ORG
115488077072288045,Communist,MISC
115488077072288045,Z,LOC
115488077072288045,Communist,MISC
115488077072288045,Nation,ORG
115488077072288045,New York City,LOC
115488077072288045,Social Disaster,MISC
115488077072288045,Ma,PER
115488077072288045,##mdan,PER
115488077072288045,Democrat,MISC
115488077072288045,Communist,MISC
115488077072288045,Curtis Sliwa,PER
115488077072288045,Ma,PER
115488077072288045,##m,PER
115488077072288045,##dan,PER
115488077072288045,Andrew Cuo,PER
115488077072288045,Ma,PER
115488077072288045,##dan,PER
115488449295708606,Virginia,LOC
115488449295708606,New Jersey,LOC
115488449295708606,Democrats,MISC
115488449295708606,Co,MISC
115488449295708606,Democrats,MISC
115488448679125333,New Jersey,LOC
115488448679125333,Virginia,LOC
115488448679125333,G,MISC
115488448679125333,##ube,LOC
115488448679125333,Mi,PER
115488448679125333,##kie Sherrill,PER
115488448679125333,Abigail Spanberg,PER
115488448679125333,Energy Co,MISC
115488448679125333,Sense,MISC
115488448679125333,Trump,PER
115488448679125333,ME,LOC
115488448679125333,Democrats,MISC
115488448679125333,Democrat,MISC
115488447988115806,New Jersey,LOC
115488447988115806,Virginia,LOC
115488447988115806,AM,MISC
115488447988115806,##AN C,MISC
115488447988115806,Republican,MISC
115488447988115806,Co,MISC
115488447988115806,Democrat,MISC
115488447988115806,Co,MISC
115488447988115806,Energy,ORG
115488447988115806,Democrat,MISC
115488447377350651,MAGA,MISC
115488447377350651,Mark Lamb,PER
115488447377350651,Great People of Arizona,ORG
115488447377350651,Congressional,ORG
115488447377350651,District,LOC
115488447377350651,Pinal County,LOC
115488447377350651,Mark,PER
115488447377350651,"Law Enforcement, Military, and Veterans",ORG
115488447377350651,Congress,ORG
115488447377350651,Mark,PER
115488447377350651,Crime,MISC
115488447377350651,U,LOC
115488447377350651,S,LOC
115488447377350651,A,LOC
115488447377350651,American Energy,ORG
115488447377350651,Second Amendment,MISC
115488447377350651,Jay Feely,PER
115488447377350651,Mark Lamb,PER
115488447377350651,Arizona,LOC
115488447377350651,5th Congressional District,LOC
115488108743015746,VIRGINIA,ORG
115488108743015746,NE,LOC
115488069736938548,F,MISC
115488069736938548,Poll,MISC
115488069736938548,Radical Left Media,ORG
115488069736938548,Democrats,MISC
115488069736938548,Far Left Wing,MISC
115488069736938548,Fair Poll,MISC
115488069736938548,Wars,MISC
115488069736938548,of our Country,MISC
115488069736938548,U. S.,LOC
115488069736938548,A,ORG
115488069736938548,##ake News,ORG
115488069736938548,Oval Office,LOC
115488065843902022,Kathy Hochul,PER
115488065843902022,New York State,LOC
115488065843902022,Price,MISC
115488065843902022,Upstate,LOC
115488065843902022,Long Island,LOC
115488065843902022,Connecticut,LOC
115488065843902022,New England,LOC
115488065843902022,New York City,LOC
115488065843902022,Manhattan,LOC
115488065843902022,Sean Duffy,PER
115488065843902022,New York City,LOC
115488065843902022,##ges,MISC
115488065843902022,P,MISC
115488065843902022,##ing,MISC
115488065843902022,State,LOC
115488065843902022,Federal Government,ORG
115487673519351557,Claudia Tenney,PER
115487673519351557,People,ORG
115487673519351557,New York,LOC
115487673519351557,House Election Inte,ORG
115487673519351557,##rity Caucus,ORG
115487673519351557,Claudia,PER
115487673519351557,America First Fighter,ORG
115487673519351557,##guard,ORG
115487673519351557,Free,MISC
115487673519351557,Fair Elections,MISC
115487673519351557,U. S,LOC
115487673519351557,A,LOC
115487673519351557,American Energy,ORG
115487673519351557,Amendment,MISC
115487673519351557,Claudia Tenney,PER
115487672617211689,Nick Langworthy,PER
115487672617211689,America First,ORG
115487672617211689,Patriot,MISC
115487672617211689,New York,LOC
115487672617211689,Congressional,MISC
115487672617211689,Nick,PER
115487672617211689,New,ORG
115487672617211689,York,LOC
115487672617211689,Republican State Committee,ORG
115487672617211689,U,ORG
115487672617211689,. S.,LOC
115487672617211689,MAGA Warrior,MISC
115487672617211689,Nick,PER
115487672617211689,U. S,LOC
115487672617211689,A,LOC
115487672617211689,American Energy,ORG
115487672617211689,Amendment,MISC
115487672617211689,Nick Langworthy,PER
115487671846603737,Mike Lawler,PER
115487671846603737,People,ORG
115487671846603737,New,ORG
115487671846603737,York,MISC
115487671846603737,Congressional,MISC
115487671846603737,America First,ORG
115487671846603737,Patriot,MISC
115487671846603737,Mike,PER
115487671846603737,American,MISC
115487671846603737,Energy,ORG
115487671846603737,Brave Military,ORG
115487671846603737,Veterans,ORG
115487671846603737,Law Enforcement,ORG
115487671846603737,Second Amendment,MISC
115487671846603737,Mike,PER
115487671846603737,Hudson Valley,LOC
115487671846603737,New York,LOC
115487671846603737,Mike,PER
115487671846603737,New York,LOC
115487671846603737,Congressional,MISC
115487671165225276,Nicole Malliotakis,PER
115487671165225276,New York,LOC
115487671165225276,Congressional,MISC
115487671165225276,POW,ORG
115487671165225276,##F,ORG
115487671165225276,##L Ways & Means Committee,ORG
115487671165225276,Nicole,PER
115487671165225276,America First,ORG
115487671165225276,G,MISC
115487671165225276,Regulations,MISC
115487671165225276,Golden Age,MISC
115487671165225276,American Energy,ORG
115487671165225276,U. S,LOC
115487671165225276,A,LOC
115487671165225276,NYPD,ORG
115487671165225276,NYF,ORG
115487671165225276,Amendment,MISC
115487671165225276,Nicole Malliotaki,PER
115487670248355008,Andrew Garbarino,PER
115487670248355008,Long Island,LOC
115487670248355008,People,ORG
115487670248355008,New York,LOC
115487670248355008,District,LOC
115487670248355008,Andrew,PER
115487670248355008,Congress,ORG
115487670248355008,Southern Border,ORG
115487670248355008,American,MISC
115487670248355008,Energy,ORG
115487670248355008,Second Amendment,MISC
115487670248355008,Andrew Garbari,PER
115487657312854919,Nick LaLota,PER
115487657312854919,New York,LOC
115487657312854919,Congressional,MISC
115487657312854919,U. S. Navy,ORG
115487657312854919,Nick,PER
115487657312854919,Congress,ORG
115487657312854919,Se,MISC
115487657312854919,Border,MISC
115487657312854919,American Energy,MISC
115487657312854919,U. S,LOC
115487657312854919,A,LOC
115487657312854919,Amendment,MISC
115487657312854919,Men,ORG
115487657312854919,Women,ORG
115487657312854919,State,LOC
115487657312854919,New York,LOC
115487657312854919,Nick LaLota,PER
115487637340888017,Andy Ogles,PER
115487637340888017,Tennessee,LOC
115487637340888017,Congressional,MISC
115487637340888017,Andy,PER
115487637340888017,Conservative Warrior,MISC
115487637340888017,Congress,ORG
115487637340888017,U. S,LOC
115487637340888017,A,LOC
115487637340888017,American Energy,ORG
115487637340888017,Second Amendment,MISC
115487637340888017,Andy Ogles,PER
115487542470944967,America First,ORG
115487542470944967,Michael Whatley,PER
115487542470944967,United States,LOC
115487542470944967,Great,MISC
115487542470944967,State,LOC
115487542470944967,North Carolina,LOC
115487542470944967,Michael,PER
115487542470944967,RNC,ORG
115487542470944967,Presidential Election,MISC
115487542470944967,Swing State,MISC
115487542470944967,Popular Vote,MISC
115487542470944967,Electoral,ORG
115487542470944967,College,MISC
115487542470944967,Michael,PER
115487542470944967,North Carolina,LOC
115487542470944967,Biden Administration,ORG
115487542470944967,U. S.,LOC
115487542470944967,Regulations,MISC
115487542470944967,U,LOC
115487542470944967,S,LOC
115487542470944967,A,LOC
115487542470944967,American Energy,ORG
115487542470944967,Amendment,MISC
115487542470944967,Michael Whatley,PER
115487538389910575,Thomas Massie,PER
115487538389910575,Great Commonwealth of Kentucky,LOC
115487538389910575,S,MISC
115487538389910575,Kentucky,LOC
115487538389910575,4th,LOC
115487538389910575,Congressional,ORG
115487538389910575,District,LOC
115487538389910575,AM,ORG
115487538389910575,##IC,ORG
115487538389910575,Navy,ORG
115487538389910575,Army,ORG
115487538389910575,Ed Gallre,PER
115487538389910575,America First,ORG
115487538389910575,Patriot,MISC
115487538389910575,Ed,PER
115487538389910575,Ed,PER
115487538389910575,U. S,LOC
115487538389910575,A,LOC
115487538389910575,American,MISC
115487538389910575,American Energy,MISC
115487538389910575,Golden Age,MISC
115487538389910575,Congress,ORG
115487538389910575,Crime,MISC
115487538389910575,Amendment,MISC
115487538389910575,Ed Gallre,PER
115487538389910575,Mass,PER
115487538389910575,Great People of,ORG
115487538389910575,Kentucky,LOC
115487538389910575,Republican Party,ORG
115487538389910575,Radical Left,ORG
115487538389910575,Mass,PER
115487538389910575,L,PER
115487534126970172,Cliff Bentz,PER
115487534126970172,Oregon,LOC
115487534126970172,Congressional,MISC
115487534126970172,Cliff,PER
115487534126970172,Oregon Water Resources Commission,ORG
115487534126970172,U. S.,LOC
115487534126970172,U. S,LOC
115487534126970172,A,LOC
115487534126970172,American Energy,ORG
115487534126970172,Amendment,MISC
115487534126970172,Cliff Bentz,PER
115487533079747054,Russell Fry,PER
115487533079747054,America First,ORG
115487533079747054,Patriot,MISC
115487533079747054,South Carolina,LOC
115487533079747054,Congressional,MISC
115487533079747054,MAGA Warrior,MISC
115487533079747054,Russell,PER
115487533079747054,American Energy,ORG
115487533079747054,U. S,LOC
115487533079747054,A,LOC
115487533079747054,Amendment,MISC
115487533079747054,Russell Fry,PER
115487530794623341,William Timmons,PER
115487530794623341,South Carolina,LOC
115487530794623341,Congressional,MISC
115487530794623341,South Carolina,ORG
115487530794623341,Air National Guard,ORG
115487530794623341,William,PER
115487530794623341,"Law Enforcement, Military",ORG
115487530794623341,and Veterans,ORG
115487530794623341,Congress,ORG
115487530794623341,Regulations,MISC
115487530794623341,U. S,LOC
115487530794623341,American Energy,ORG
115487530794623341,Amendment,MISC
115487530794623341,William Timmons,PER
115487529176186545,Congress,ORG
115487529176186545,She,PER
115487529176186545,##ri Biggs,PER
115487529176186545,South Carolina,LOC
115487529176186545,District,LOC
115487529176186545,Air National Guard,ORG
115487529176186545,She,PER
115487529176186545,##ri,PER
115487529176186545,Congress,ORG
115487529176186545,She,PER
115487529176186545,##ri,PER
115487529176186545,U. S,LOC
115487529176186545,A,LOC
115487529176186545,American,MISC
115487529176186545,Energy,ORG
115487529176186545,Amendment,MISC
115487529176186545,She,PER
115487529176186545,##ri Biggs,PER
115487528401379340,Joe Wilson,PER
115487528401379340,South Carolina,LOC
115487528401379340,Congressional,MISC
115487528401379340,District,LOC
115487528401379340,South Carolina Army National Guard,ORG
115487528401379340,House Armed Services Committee,ORG
115487528401379340,Joe,PER
115487528401379340,Congress,ORG
115487528401379340,Joe,PER
115487528401379340,U. S. A,LOC
115487528401379340,American Energy,ORG
115487528401379340,Advance Election In,ORG
115487528401379340,##rity,ORG
115487528401379340,Amendment,MISC
115487528401379340,Joe Wilson,PER
115487527449007567,Congress,ORG
115487527449007567,Stephanie Bice,PER
115487527449007567,Oklahoma,LOC
115487527449007567,Congressional,MISC
115487527449007567,Stephanie,PER
115487527449007567,Congress,ORG
115487527449007567,and Regulations,ORG
115487527449007567,American,MISC
115487527449007567,Energy,ORG
115487527449007567,Southern,MISC
115487527449007567,Border,ORG
115487527449007567,Amendment,MISC
115487527449007567,Stephanie Bice,PER
115487526694807268,Tom Cole,PER
115487526694807268,Oklahoma,LOC
115487526694807268,Congressional,MISC
115487526694807268,P,ORG
115487526694807268,House Appropriations Committee,ORG
115487526694807268,Tom,PER
115487526694807268,America First,ORG
115487526694807268,G,MISC
115487526694807268,Regulations,MISC
115487526694807268,Nations Golden Age,MISC
115487526694807268,American Energy,ORG
115487526694807268,Second Amendment,MISC
115487526694807268,Tom Cole,PER
115487525926377512,Frank Lucas,PER
115487525926377512,Oklahoma,LOC
115487525926377512,Frank,PER
115487525926377512,for American Agriculture,ORG
115487525926377512,Farmers and Ranch,ORG
115487525926377512,Congress,ORG
115487525926377512,U. S,LOC
115487525926377512,A,LOC
115487525926377512,American Energy,ORG
115487525926377512,Military,ORG
115487525926377512,Amendment,MISC
115487525926377512,Frank Lucas,PER
115487525182720756,Kevin Hern,PER
115487525182720756,Oklahoma,LOC
115487525182720756,Congressional,MISC
115487525182720756,House,ORG
115487525182720756,Republican Policy Committee,ORG
115487525182720756,Kevin,PER
115487525182720756,AMERICA,MISC
115487525182720756,Farmers,MISC
115487525182720756,American,MISC
115487525182720756,Agriculture,ORG
115487525182720756,U,LOC
115487525182720756,S,LOC
115487525182720756,A,LOC
115487525182720756,American,MISC
115487525182720756,Energy,ORG
115487525182720756,Southern,MISC
115487525182720756,Border,ORG
115487525182720756,Second Amendment,MISC
115487525182720756,Kevin Her,PER
115487524223496553,Josh Brecheen,PER
115487524223496553,Oklahoma,LOC
115487524223496553,Congressional,ORG
115487524223496553,District,LOC
115487524223496553,Josh,PER
115487524223496553,Conservative Warrior,MISC
115487524223496553,Congress,ORG
115487524223496553,U. S,LOC
115487524223496553,A,LOC
115487524223496553,American Energy,ORG
115487524223496553,Amendment,MISC
115487524223496553,Josh Breche,PER
115487523238345065,Mark Amodei,PER
115487523238345065,Nevada,LOC
115487523238345065,Mark,PER
115487523238345065,Community and Nation,ORG
115487523238345065,U. S. Army,ORG
115487523238345065,Nevada Republican Party,ORG
115487523238345065,U. S.,LOC
115487523238345065,U. S,LOC
115487523238345065,A,LOC
115487523238345065,American Energy,ORG
115487523238345065,Military,ORG
115487523238345065,Veterans,ORG
115487523238345065,Amendment,MISC
115487523238345065,Mark Amode,PER
115487522476295727,Michael Baumgartner,PER
115487522476295727,Washington,LOC
115487522476295727,Congressional,MISC
115487522476295727,District,LOC
115487522476295727,Michael,PER
115487522476295727,Spokane County,LOC
115487522476295727,Congress,ORG
115487522476295727,and Ranch,ORG
115487522476295727,and Regulations,ORG
115487522476295727,American Energy,ORG
115487522476295727,U. S,LOC
115487522476295727,A,LOC
115487522476295727,Military,ORG
115487522476295727,Amendment,MISC
115487522476295727,Michael Baumgart,PER
115487521272358814,Troy Downing,PER
115487521272358814,People,ORG
115487521272358814,Montana,LOC
115487521272358814,Congressional,ORG
115487521272358814,Troy,PER
115487521272358814,Great Country,LOC
115487521272358814,U. S. Air Force,ORG
115487521272358814,V,MISC
115487521272358814,Congress,ORG
115487521272358814,Farmers and Ranch,ORG
115487521272358814,American Energy,ORG
115487521272358814,Southern,LOC
115487521272358814,Border,ORG
115487521272358814,Military,ORG
115487521272358814,Second Amendment,MISC
115487521272358814,Troy Downing,PER
115487520305552246,Ryan Zinke,PER
115487520305552246,Great People of Montana,ORG
115487520305552246,Interior,ORG
115487520305552246,First Administration,ORG
115487520305552246,America First Agenda,MISC
115487520305552246,Ryan,PER
115487520305552246,Congress,ORG
115487520305552246,Se,MISC
115487520305552246,Border,MISC
115487520305552246,U. S,LOC
115487520305552246,A,LOC
115487520305552246,American Energy,ORG
115487520305552246,Amendment,MISC
115487520305552246,Ryan Zink,PER
115487516919335021,Brad Finstad,PER
115487516919335021,Minnesota,LOC
115487516919335021,Congressional,ORG
115487516919335021,House Agriculture Committee,ORG
115487516919335021,Brad,PER
115487516919335021,Farmers and Ranchers,ORG
115487516919335021,Congress,ORG
115487516919335021,Brad,PER
115487516919335021,Regulations,ORG
115487516919335021,U. S,LOC
115487516919335021,A,LOC
115487516919335021,American Energy,ORG
115487516919335021,Crime,MISC
115487516919335021,Amendment,MISC
115487516919335021,Brad Finstad,PER
115487509118195615,Scott DesJarlais,PER
115487509118195615,Tennessee,LOC
115487509118195615,Congressional,MISC
115487509118195615,House Agriculture Committee,ORG
115487509118195615,Scott,PER
115487509118195615,American Agriculture,ORG
115487509118195615,Farmers and Ranchers,ORG
115487509118195615,Congress,ORG
115487509118195615,Regulations,ORG
115487509118195615,U. S,LOC
115487509118195615,A,LOC
115487509118195615,American Energy,ORG
115487509118195615,Crime,MISC
115487509118195615,Amendment,MISC
115487509118195615,Scott DesJarlais,PER
115487507787596823,David Kustoff,PER
115487507787596823,Tennessee,LOC
115487507787596823,Congressional,MISC
115487507787596823,David,PER
115487507787596823,Constitution,MISC
115487507787596823,America First,ORG
115487507787596823,Patriot,MISC
115487507787596823,David,PER
115487507787596823,U,LOC
115487507787596823,S,LOC
115487507787596823,A,LOC
115487507787596823,American Energy,ORG
115487507787596823,Election,MISC
115487507787596823,Amendment,MISC
115487507787596823,David Kusto,PER
115487459643312527,Andy Ogles,PER
115487459643312527,Tennessee,LOC
115487459643312527,Congressional,MISC
115487459643312527,Andy,PER
115487459643312527,Conservative Warrior,MISC
115487459643312527,Congress,ORG
115487459643312527,U. S,LOC
115487459643312527,A,LOC
115487459643312527,American Energy,ORG
115487459643312527,Amendment,MISC
115487459643312527,Andy Ogles,PER
115487459643312527,Re,MISC
115487458723482669,Congress,ORG
115487458723482669,David Kustoff,PER
115487458723482669,Tennessee,LOC
115487458723482669,Congressional,MISC
115487458723482669,David,PER
115487458723482669,Constitution,MISC
115487458723482669,America First,ORG
115487458723482669,Patriot,MISC
115487458723482669,David,PER
115487458723482669,U,LOC
115487458723482669,S,LOC
115487458723482669,A,LOC
115487458723482669,American Energy,ORG
115487458723482669,Election,MISC
115487458723482669,Amendment,MISC
115487458723482669,David Kusto,PER
115487457628694653,Congress,ORG
115487457628694653,Scott DesJarlais,PER
115487457628694653,Tennessee,LOC
115487457628694653,Congressional,MISC
115487457628694653,House Agriculture Committee,ORG
115487457628694653,Scott,PER
115487457628694653,American Agriculture,ORG
115487457628694653,Farmers and Ranchers,ORG
115487457628694653,Congress,ORG
115487457628694653,U. S,LOC
115487457628694653,A,LOC
115487457628694653,American Energy,ORG
115487457628694653,Crime,MISC
115487457628694653,Amendment,MISC
115487457628694653,Scott DesJarlais,PER
115487456971332644,Chuck Fleischmann,PER
115487456971332644,Tennessee,LOC
115487456971332644,Congressional,MISC
115487456971332644,Chuck,PER
115487456971332644,MAGA Warrior,MISC
115487456971332644,Congress,ORG
115487456971332644,U. S,LOC
115487456971332644,A,LOC
115487456971332644,American Energy,ORG
115487456971332644,Crime,MISC
115487456971332644,Amendment,MISC
115487456971332644,Chuck Fleisch,PER
115487456380926200,Tim Burchett,PER
115487456380926200,America First,ORG
115487456380926200,Patriot,MISC
115487456380926200,Tennessee,LOC
115487456380926200,Congressional,MISC
115487456380926200,Knox County,LOC
115487456380926200,U. S.,LOC
115487456380926200,Tim,PER
115487456380926200,Community,ORG
115487456380926200,Congress,ORG
115487456380926200,U. S,LOC
115487456380926200,A,LOC
115487456380926200,American Energy,ORG
115487456380926200,Military,ORG
115487456380926200,Amendment,MISC
115487456380926200,Tim Burchet,PER
115487455722792140,Congress,ORG
115487455722792140,Diana Harshbarger,PER
115487455722792140,Tennessee,LOC
115487455722792140,Congressional,ORG
115487455722792140,District,LOC
115487455722792140,Diana,PER
115487455722792140,America First,ORG
115487455722792140,GRE,MISC
115487455722792140,American Energy,ORG
115487455722792140,Congress,ORG
115487455722792140,U. S,LOC
115487455722792140,A,LOC
115487455722792140,Crime,MISC
115487455722792140,Amendment,MISC
115487455722792140,Diana Harshbar,PER
115487454603803196,John McGuire,PER
115487454603803196,America,MISC
115487454603803196,First,ORG
115487454603803196,Virginia,LOC
115487454603803196,Congressional District,LOC
115487454603803196,John,PER
115487454603803196,Great Country,LOC
115487454603803196,U,ORG
115487454603803196,.,LOC
115487454603803196,S. Navy,ORG
115487454603803196,Rural Virginia,LOC
115487454603803196,American Energy,ORG
115487454603803196,Amendment,MISC
115487454603803196,John,PER
115487454603803196,MA,ORG
115487454603803196,John McGuire,PER
115487454024721017,Congress,ORG
115487454024721017,Jen Kiggans,PER
115487454024721017,Virginia,LOC
115487454024721017,Navy,ORG
115487454024721017,Jen,PER
115487454024721017,Congress,ORG
115487454024721017,Jen,PER
115487454024721017,American,MISC
115487454024721017,Energy,ORG
115487454024721017,Independence,MISC
115487454024721017,Second Amendment,MISC
115487454024721017,Jen Kiggans,PER
115487453441228308,Morgan Griffith,PER
115487453441228308,Virginia,LOC
115487453441228308,Congressional,MISC
115487453441228308,P,ORG
115487453441228308,##L House Energy and Commerce Committee,ORG
115487453441228308,Morgan,PER
115487453441228308,American Energy,ORG
115487453441228308,and,ORG
115487453441228308,Regulations,MISC
115487453441228308,U. S. A,LOC
115487453441228308,Nations Golden Age,MISC
115487453441228308,Se,MISC
115487453441228308,Crime,MISC
115487453441228308,Amendment,MISC
115487453441228308,Morgan Griffith,PER
115487452865254311,Ben Cline,PER
115487452865254311,Virginia,LOC
115487452865254311,Congressional,MISC
115487452865254311,Ben,PER
115487452865254311,Heroes,MISC
115487452865254311,Law Enforcement,ORG
115487452865254311,Military and Veterans,ORG
115487452865254311,Congress,ORG
115487452865254311,Ben,PER
115487452865254311,U. S,LOC
115487452865254311,A,LOC
115487452865254311,American Energy,ORG
115487452865254311,Amendment,MISC
115487452865254311,Ben Cline,PER
115487452294166543,Rob Wittman,PER
115487452294166543,Virginia,LOC
115487452294166543,Congressional,MISC
115487452294166543,House Armed Services Committee,ORG
115487452294166543,Mike,PER
115487452294166543,America First Agenda,MISC
115487452294166543,Congress,ORG
115487452294166543,Rob,PER
115487452294166543,U,LOC
115487452294166543,S,LOC
115487452294166543,A,LOC
115487452294166543,American Energy,ORG
115487452294166543,Amendment,MISC
115487452294166543,Rob Witt,PER
115487451656777132,Mike Simpson,PER
115487451656777132,Idaho,LOC
115487451656777132,Mike,PER
115487451656777132,Idaho,LOC
115487451656777132,House of Representatives,ORG
115487451656777132,U. S.,LOC
115487451656777132,Congress,ORG
115487451656777132,U,LOC
115487451656777132,S,LOC
115487451656777132,A,LOC
115487451656777132,American Energy,ORG
115487451656777132,Amendment,MISC
115487451656777132,Mike Simpson,PER
115487451093103232,Russ Fulcher,PER
115487451093103232,Idaho,LOC
115487451093103232,Idaho,MISC
115487451093103232,Russ,PER
115487451093103232,U. S.,LOC
115487451093103232,U. S,LOC
115487451093103232,A,LOC
115487451093103232,American Energy,ORG
115487451093103232,Amendment,MISC
115487451093103232,Russ Fulcher,PER
115487424416949967,Pete Stauber,PER
115487424416949967,Minnesota,LOC
115487424416949967,Pete,PER
115487424416949967,Law Enforcement,ORG
115487424416949967,Military,ORG
115487424416949967,and Veterans,ORG
115487424416949967,Congress,ORG
115487424416949967,Pete,PER
115487424416949967,U,LOC
115487424416949967,S,LOC
115487424416949967,A,LOC
115487424416949967,American Energy,ORG
115487424416949967,Amendment,MISC
115487424416949967,Pete Stauber,PER
115487423618581189,Michelle Fischbach,PER
115487423618581189,Minnesota,LOC
115487423618581189,Congressional,MISC
115487423618581189,Michelle,PER
115487423618581189,Minnesota,LOC
115487423618581189,Senate,ORG
115487423618581189,U. S.,LOC
115487423618581189,Congress,ORG
115487423618581189,American Energy,ORG
115487423618581189,U. S,LOC
115487423618581189,A,LOC
115487423618581189,Amendment,MISC
115487423618581189,Michelle Fischbach,PER
115487423040942295,Tom Emmer,PER
115487423040942295,America First,ORG
115487423040942295,Patriot,MISC
115487423040942295,Minnesota,LOC
115487423040942295,U. S.,LOC
115487423040942295,House of Representatives,ORG
115487423040942295,Tom,PER
115487423040942295,America First Age,MISC
115487423040942295,U. S,LOC
115487423040942295,A,LOC
115487423040942295,American Energy,ORG
115487423040942295,Amendment,MISC
115487423040942295,Tom Emmer,PER
115487422134481211,Congress,ORG
115487422134481211,Brad Finstad,PER
115487422134481211,Minnesota,LOC
115487422134481211,Congressional,ORG
115487422134481211,House Agriculture Committee,ORG
115487422134481211,Brad,PER
115487422134481211,Farmers and Ranchers,ORG
115487422134481211,Congress,ORG
115487422134481211,Brad,PER
115487422134481211,U. S,LOC
115487422134481211,A,LOC
115487422134481211,American Energy,ORG
115487422134481211,Crime,MISC
115487422134481211,Amendment,MISC
115487422134481211,Brad Finstad,PER
115487421529452815,Mark Alford,PER
115487421529452815,America First Patriot,ORG
115487421529452815,Missouri,LOC
115487421529452815,Congressional,MISC
115487421529452815,Mark,PER
115487421529452815,News An,ORG
115487421529452815,##est and Fair,MISC
115487421529452815,Corrupt Fake News,ORG
115487421529452815,Great Country,LOC
115487421529452815,Congress,ORG
115487421529452815,Mark,PER
115487421529452815,U. S,LOC
115487421529452815,A,LOC
115487421529452815,American Energy,ORG
115487421529452815,Amendment,MISC
115487421529452815,Mark Alford,PER
115487420927533924,Bob Onder,PER
115487420927533924,MAGA Warrior,MISC
115487420927533924,Missouri,LOC
115487420927533924,Congressional,MISC
115487420927533924,Bob,PER
115487420927533924,Congress,ORG
115487420927533924,American,MISC
115487420927533924,Energy,ORG
115487420927533924,Crime,MISC
115487420927533924,Amendment,MISC
115487420927533924,Bob Onder,PER
115487420258581068,Congress,ORG
115487420258581068,Ann Wagner,PER
115487420258581068,Missouri,LOC
115487420258581068,Congressional,MISC
115487420258581068,Financial Services Subcommittee on Capital Markets,ORG
115487420258581068,Ann,PER
115487420258581068,AMERIC,ORG
115487420258581068,##A,MISC
115487420258581068,G,MISC
115487420258581068,Regulations,MISC
115487420258581068,Nations Golden Age,MISC
115487420258581068,American Energy,ORG
115487420258581068,Southern Border,ORG
115487420258581068,Amendment,MISC
115487420258581068,Ann Wagner,PER
115487419101245893,Jason Smith,PER
115487419101245893,America First,ORG
115487419101245893,Patriot,MISC
115487419101245893,Missouri,LOC
115487419101245893,Congressional,MISC
115487419101245893,POWERF,ORG
115487419101245893,House Ways & Means Committee,ORG
115487419101245893,Jason,PER
115487419101245893,America First,ORG
115487419101245893,Regulations,ORG
115487419101245893,American Energy,ORG
115487419101245893,U. S,LOC
115487419101245893,Nations Golden Age,MISC
115487419101245893,Military,ORG
115487419101245893,Second Amendment,MISC
115487419101245893,Jason Smith,PER
115487418490322231,Eric Burlison,PER
115487418490322231,MAGA Warrior,MISC
115487418490322231,Missouri,LOC
115487418490322231,Congressional,MISC
115487418490322231,Eric,PER
115487418490322231,Congress,ORG
115487418490322231,Regulations,ORG
115487418490322231,American Energy,ORG
115487418490322231,U. S,LOC
115487418490322231,A,LOC
115487418490322231,Amendment,MISC
115487418490322231,Eric Burlison,PER
115487417887119597,Sam Graves,PER
115487417887119597,Missouri,LOC
115487417887119597,Congressional,MISC
115487417887119597,Sam,PER
115487417887119597,American Agriculture,MISC
115487417887119597,Congress,ORG
115487417887119597,Regulations,MISC
115487417887119597,U. S,LOC
115487417887119597,A,LOC
115487417887119597,American Energy,ORG
115487417887119597,Amendment,MISC
115487417887119597,Sam Graves,PER
115487417269482211,Adrian Smith,PER
115487417269482211,Nebraska,LOC
115487417269482211,Congressional,MISC
115487417269482211,POW,ORG
115487417269482211,##L Ways & Means Committee,ORG
115487417269482211,Adrian,PER
115487417269482211,America First,ORG
115487417269482211,and Ranch,ORG
115487417269482211,U. S,LOC
115487417269482211,A,LOC
115487417269482211,American Energy,ORG
115487417269482211,Nations Golden Age,MISC
115487417269482211,Se,MISC
115487417269482211,Amendment,MISC
115487417269482211,Adrian Smith,PER
115487416652012147,Mike Flood,PER
115487416652012147,Nebraska,LOC
115487416652012147,Nebraska,ORG
115487416652012147,Legislature,ORG
115487416652012147,U. S.,LOC
115487416652012147,Mike,PER
115487416652012147,Congress,ORG
115487416652012147,U. S,LOC
115487416652012147,American Energy,ORG
115487416652012147,Military,ORG
115487416652012147,Amendment,MISC
115487416652012147,Mike Flood,PER
115487416040700648,Derrick Van Orden,PER
115487416040700648,America,MISC
115487416040700648,First,ORG
115487416040700648,Wisconsin,LOC
115487416040700648,Congressional,ORG
115487416040700648,District,LOC
115487416040700648,Navy,ORG
115487416040700648,Derrick,PER
115487416040700648,Congress,ORG
115487416040700648,Derrick,PER
115487416040700648,Great Farmers,ORG
115487416040700648,American Agriculture,ORG
115487416040700648,Migrant Crime,MISC
115487416040700648,Second Amendment,MISC
115487416040700648,Derrick Van Or,PER
115487415350975092,Bryan Steil,PER
115487415350975092,Wisconsin,ORG
115487415350975092,Congressional,MISC
115487415350975092,House Administration Committee,ORG
115487415350975092,Bryan,PER
115487415350975092,America First,ORG
115487415350975092,Election In,ORG
115487415350975092,##rity,ORG
115487415350975092,Southern Border,ORG
115487415350975092,American Agriculture,MISC
115487415350975092,Second Amendment,MISC
115487415350975092,Bryan Steil,PER
115487415350975092,Re,MISC
115487414487226114,Tony Wied,PER
115487414487226114,America First,ORG
115487414487226114,Patriot,MISC
115487414487226114,Wisconsin,LOC
115487414487226114,Congressional,MISC
115487414487226114,District,LOC
115487414487226114,Tony,PER
115487414487226114,America First,ORG
115487414487226114,U. S,LOC
115487414487226114,A,LOC
115487414487226114,American Energy,ORG
115487414487226114,Tony,PER
115487414487226114,Crime,MISC
115487414487226114,Military,ORG
115487414487226114,Amendment,MISC
115487414487226114,Tony Wied,PER
115487413806174322,Glenn Grothman,PER
115487413806174322,Wisconsin,LOC
115487413806174322,Glenn,PER
115487413806174322,MAGA Warrior,MISC
115487413806174322,Congress,ORG
115487413806174322,Border,ORG
115487413806174322,Military,ORG
115487413806174322,U. S. A,LOC
115487413806174322,American,MISC
115487413806174322,Energy,ORG
115487413806174322,Amendment,MISC
115487413806174322,Glenn Groth,PER
115487413163865371,Scott Fitzgerald,PER
115487413163865371,People,MISC
115487413163865371,Wisconsin,LOC
115487413163865371,U,ORG
115487413163865371,. S.,LOC
115487413163865371,Army Reserve,ORG
115487413163865371,Scott,PER
115487413163865371,Congress,ORG
115487413163865371,Scott,PER
115487413163865371,U. S,LOC
115487413163865371,A,LOC
115487413163865371,American Energy,ORG
115487413163865371,Amendment,MISC
115487413163865371,Scott Fitzgerald,PER
115487409928245363,Mario Diaz,PER
115487409928245363,Balar,PER
115487409928245363,Florida,LOC
115487409928245363,Mario,PER
115487409928245363,Community,ORG
115487409928245363,Congress,ORG
115487409928245363,U,LOC
115487409928245363,S,LOC
115487409928245363,A,LOC
115487409928245363,American Energy,ORG
115487409928245363,Military,ORG
115487409928245363,Amendment,MISC
115487409928245363,Mario Diaz,PER
115487409928245363,Balar,PER
115487408895007566,Scott Franklin,PER
115487408895007566,Great People of Florida,ORG
115487408895007566,U. S. Naval Academy,ORG
115487408895007566,Navy,ORG
115487408895007566,Scott,PER
115487408895007566,Congress,ORG
115487408895007566,Scott,PER
115487408895007566,U. S,LOC
115487408895007566,A,LOC
115487408895007566,American,MISC
115487408895007566,Energy,ORG
115487408895007566,Amendment,MISC
115487408895007566,Scott Franklin,PER
115487407766645489,V,PER
115487407766645489,##ern Buchanan,PER
115487407766645489,Florida,LOC
115487407766645489,POWERF,ORG
115487407766645489,##L House Ways & Means Committee,ORG
115487407766645489,V,PER
115487407766645489,##ern,PER
115487407766645489,America First,ORG
115487407766645489,Regulations,ORG
115487407766645489,American Energy,ORG
115487407766645489,U. S,LOC
115487407766645489,A,LOC
115487407766645489,Golden Age,MISC
115487407766645489,Congress,ORG
115487407766645489,Crime,MISC
115487407766645489,Military,ORG
115487407766645489,Veterans,ORG
115487407766645489,Second Amendment,MISC
115487407766645489,V,PER
115487407766645489,##ern Buchanan,PER
115487407342367814,Gus Bilirakis,PER
115487407342367814,Florida,LOC
115487407342367814,Congressional,MISC
115487407342367814,POWERF,ORG
115487407342367814,House Energy and Commerce Committee,ORG
115487407342367814,Gus,PER
115487407342367814,American Energy,ORG
115487407342367814,Regulations,ORG
115487407342367814,U. S. A,LOC
115487407342367814,Age,MISC
115487407342367814,Congress,ORG
115487407342367814,Gus,PER
115487407342367814,Se,MISC
115487407342367814,Border,MISC
115487407342367814,Crime,MISC
115487407342367814,Amendment,MISC
115487407342367814,Gus Bilirak,PER
115483612584051928,Mike Carey,PER
115483612584051928,Ohio,LOC
115483612584051928,P,ORG
115483612584051928,House Ways & Means Committee,ORG
115483612584051928,Mike,PER
115483612584051928,America First,ORG
115483612584051928,G,MISC
115483612584051928,Regulations,MISC
115483612584051928,American,MISC
115483612584051928,Energy,ORG
115483612584051928,U. S,LOC
115483612584051928,A,LOC
115483612584051928,Age,MISC
115483612584051928,U,ORG
115483612584051928,.,LOC
115483612584051928,S. Army,ORG
115483612584051928,Mike,PER
115483612584051928,##grant Crime,MISC
115483612584051928,Amendment,MISC
115483612584051928,Mike Carey,PER
115483611124274810,Dave Joyce,PER
115483611124274810,Ohio,LOC
115483611124274810,Congressional,MISC
115483611124274810,Dave,PER
115483611124274810,Enforcement,ORG
115483611124274810,America First,ORG
115483611124274810,Patriot,MISC
115483611124274810,Congress,ORG
115483611124274810,Dave,PER
115483611124274810,U,LOC
115483611124274810,S,LOC
115483611124274810,A,LOC
115483611124274810,American Energy,ORG
115483611124274810,Amendment,MISC
115483611124274810,Dave Joyce,PER
115483604966976923,Troy Balderson,PER
115483604966976923,Ohio,LOC
115483604966976923,Congressional,MISC
115483604966976923,Troy,PER
115483604966976923,U. S.,LOC
115483604966976923,Champion Small Business,ORG
115483604966976923,Advance American Energy,ORG
115483604966976923,U. S,LOC
115483604966976923,A,LOC
115483604966976923,Amendment,MISC
115483604966976923,Troy Balderson,PER
115483600717795173,Warren Davidson,PER
115483600717795173,Great People of Ohio,ORG
115483600717795173,Congressional,MISC
115483600717795173,West Point,LOC
115483600717795173,U,ORG
115483600717795173,. S,LOC
115483600717795173,. Army,ORG
115483600717795173,Warren,PER
115483600717795173,Congress,ORG
115483600717795173,Warren,PER
115483600717795173,Se,MISC
115483600717795173,U. S,LOC
115483600717795173,A,LOC
115483600717795173,American,MISC
115483600717795173,Energy,ORG
115483600717795173,Amendment,MISC
115483600717795173,Warren Davidson,PER
115483597298904555,Mike Turner,PER
115483597298904555,Ohio,LOC
115483597298904555,Congressional,MISC
115483597298904555,POWERF,ORG
115483597298904555,##L House Armed Services Committee,ORG
115483597298904555,Mike,PER
115483597298904555,Military,ORG
115483597298904555,Congress,ORG
115483597298904555,U,LOC
115483597298904555,S. A,LOC
115483597298904555,American Energy,ORG
115483597298904555,Amendment,MISC
115483597298904555,Mike Turner,PER
115483588957385542,Mike Rulli,PER
115483588957385542,America First,ORG
115483588957385542,Patriot,MISC
115483588957385542,Ohio,LOC
115483588957385542,Mike,PER
115483588957385542,Congress,ORG
115483588957385542,Regulations,ORG
115483588957385542,American,MISC
115483588957385542,Energy,ORG
115483588957385542,U. S,LOC
115483588957385542,A,LOC
115483588957385542,Amendment,MISC
115483588957385542,Mike Rulli,PER
115483585666476879,Jim Jordan,PER
115483585666476879,America First,ORG
115483585666476879,Patriot,MISC
115483585666476879,Ohio,LOC
115483585666476879,Congressional,MISC
115483585666476879,House Judiciary Committee,ORG
115483585666476879,Jim,PER
115483585666476879,Marxist,MISC
115483585666476879,Socialist,MISC
115483585666476879,Communists,MISC
115483585666476879,Radical Left,ORG
115483585666476879,MA,ORG
115483585666476879,##GA,MISC
115483585666476879,Jim,PER
115483585666476879,U. S,LOC
115483585666476879,A,LOC
115483585666476879,American Energy,ORG
115483585666476879,Second Amendment,MISC
115483585666476879,Jim Jordan,PER
115483583008573608,Bob Latta,PER
115483583008573608,Ohio,LOC
115483583008573608,Bob,PER
115483583008573608,Wood County,LOC
115483583008573608,Congress,ORG
115483583008573608,U. S,LOC
115483583008573608,A,LOC
115483583008573608,Advance American Energy,ORG
115483583008573608,Amendment,MISC
115483583008573608,Bob Latta,PER
115483506946659561,Dave Taylor,PER
115483506946659561,Ohio,LOC
115483506946659561,Business,MISC
115483506946659561,Dave,PER
115483506946659561,America First,ORG
115483506946659561,GRE,MISC
115483506946659561,American Energy,ORG
115483506946659561,U,LOC
115483506946659561,S,LOC
115483506946659561,A,LOC
115483506946659561,American,MISC
115483506946659561,Second Amendment,MISC
115483506946659561,Dave Taylor,PER
115483506187792362,Max Miller,PER
115483506187792362,People,MISC
115483506187792362,Ohio,LOC
115483506187792362,Max,PER
115483506187792362,U,ORG
115483506187792362,. S.,LOC
115483506187792362,Marine Corps,ORG
115483506187792362,First,ORG
115483506187792362,Administration,MISC
115483506187792362,AMERICA,MISC
115483506187792362,Congress,ORG
115483506187792362,Max,PER
115483506187792362,Southern,MISC
115483506187792362,Border,ORG
115483506187792362,American,MISC
115483506187792362,Energy,ORG
115483506187792362,Amendment,MISC
115483506187792362,Max Miller,PER
115483497131354385,Glenn GT Thompson,PER
115483497131354385,Pennsylvania,LOC
115483497131354385,Congressional,MISC
115483497131354385,House Agriculture Committee,ORG
115483497131354385,GT,PER
115483497131354385,American Agriculture,ORG
115483497131354385,Farmers and Ranchers,ORG
115483497131354385,Congress,ORG
115483497131354385,U. S,LOC
115483497131354385,A,LOC
115483497131354385,American Energy,ORG
115483497131354385,Amendment,MISC
115483497131354385,GT Thompson,PER
115483496366694822,Lloyd Smucker,PER
115483496366694822,Pennsylvania,LOC
115483496366694822,Congressional,MISC
115483496366694822,Lloyd,PER
115483496366694822,U. S.,LOC
115483496366694822,Congress,ORG
115483496366694822,and Ranch,ORG
115483496366694822,American Energy,ORG
115483496366694822,U. S. A,LOC
115483496366694822,Amendment,MISC
115483496366694822,Lloyd Smucker,PER
115483495393568211,Dan Meuser,PER
115483495393568211,America First,ORG
115483495393568211,Patriot,MISC
115483495393568211,Pennsylvania,LOC
115483495393568211,Congressional,MISC
115483495393568211,Revenue,ORG
115483495393568211,Pennsylvania,LOC
115483495393568211,U. S.,LOC
115483495393568211,Dan,PER
115483495393568211,Community,ORG
115483495393568211,Congress,ORG
115483495393568211,U. S,LOC
115483495393568211,A,LOC
115483495393568211,American Energy,ORG
115483495393568211,Military,ORG
115483495393568211,Amendment,MISC
115483495393568211,Dan Meuser,PER
115483494581672791,Guy Reschenthaler,PER
115483494581672791,Pennsylvania,LOC
115483494581672791,Congressional,MISC
115483494581672791,Guy,PER
115483494581672791,America First Age,MISC
115483494581672791,Southern Border,ORG
115483494581672791,American Energy,ORG
115483494581672791,Military,ORG
115483494581672791,U. S,LOC
115483494581672791,A,LOC
115483494581672791,Second Amendment,MISC
115483494581672791,Guy Reschenthal,PER
115483493833786784,John Joyce,PER
115483493833786784,Pennsylvania,LOC
115483493833786784,Congressional,MISC
115483493833786784,Pennsylvania Federal Leadership Team,ORG
115483493833786784,John,PER
115483493833786784,Congress,ORG
115483493833786784,American Energy,ORG
115483493833786784,Military / Veterans,ORG
115483493833786784,Second Amendment,MISC
115483493833786784,John Joyce,PER
115483493122773638,Scott Perry,PER
115483493122773638,Great People of Pennsylvania,ORG
115483493122773638,Congressional,MISC
115483493122773638,Army,ORG
115483493122773638,Scott,PER
115483493122773638,MAGA Warrior,MISC
115483493122773638,AMERICA,ORG
115483493122773638,Scott,PER
115483493122773638,Border,MISC
115483493122773638,Migrant Crime,MISC
115483493122773638,Military,ORG
115483493122773638,Rule of Law,MISC
115483493122773638,Amendment,MISC
115483493122773638,Pennsylvania Federal Leadership Team,ORG
115483493122773638,Scott Perry,PER
115483492025820257,Rob Bresnahan,PER
115483492025820257,Pennsylvania,LOC
115483492025820257,Rob,PER
115483492025820257,American Dream,MISC
115483492025820257,Rob,PER
115483492025820257,Border,MISC
115483492025820257,Mi,MISC
115483492025820257,##nt Crime,MISC
115483492025820257,Second Amendment,MISC
115483492025820257,Rob Bresnahan,PER
115483491309251871,Ryan Mackenzie,PER
115483491309251871,America First,ORG
115483491309251871,Patriot,MISC
115483491309251871,Great People of Pennsylvania,ORG
115483491309251871,Congressional,MISC
115483491309251871,Congress,ORG
115483491309251871,Ryan,PER
115483491309251871,V,ORG
115483491309251871,American Energy,ORG
115483491309251871,Second Amendment,MISC
115483491309251871,Ryan Mackenzie,PER
115483490583943218,Brian Babin,PER
115483490583943218,D. D. S,ORG
115483490583943218,Texas,LOC
115483490583943218,House Science Committee,ORG
115483490583943218,Brian,PER
115483490583943218,and Regulations,ORG
115483490583943218,American Energy,ORG
115483490583943218,U. S. A,LOC
115483490583943218,Law Enforcement,ORG
115483490583943218,Military,ORG
115483490583943218,Amendment,MISC
115483490583943218,Brian Babin,PER
115483489851598217,Brandon Gill,PER
115483489851598217,MAGA,MISC
115483489851598217,Texas,LOC
115483489851598217,Brandon,PER
115483489851598217,Danielle,PER
115483489851598217,Din,PER
115483489851598217,##esh DSou,PER
115483489851598217,Congress,ORG
115483489851598217,Brandon,PER
115483489851598217,AMER,MISC
115483489851598217,##IC,ORG
115483489851598217,##A,MISC
115483489851598217,Southern Border,MISC
115483489851598217,Champion American Energy,ORG
115483489851598217,Amendment,MISC
115483489851598217,Brandon Gill,PER
115483489119629845,Troy Nehls,PER
115483489119629845,People of Texas,ORG
115483489119629845,Congressional,MISC
115483489119629845,Fort Bend County,LOC
115483489119629845,U. S. Army,ORG
115483489119629845,Troy,PER
115483489119629845,Law Enforcement,ORG
115483489119629845,Military,ORG
115483489119629845,and Veterans,ORG
115483489119629845,Congress,ORG
115483489119629845,U,LOC
115483489119629845,S,LOC
115483489119629845,A,LOC
115483489119629845,American Energy,ORG
115483489119629845,Amendment,MISC
115483489119629845,Troy Nehls,PER
115483488236956361,Monica De La Cruz,PER
115483488236956361,Texas,LOC
115483488236956361,Congressional,MISC
115483488236956361,Monica,PER
115483488236956361,AM,MISC
115483488236956361,G,MISC
115483488236956361,American,MISC
115483488236956361,Energy,ORG
115483488236956361,Regulations,MISC
115483488236956361,Southern Border,ORG
115483488236956361,Farmers,ORG
115483488236956361,American,MISC
115483488236956361,Amendment,MISC
115483488236956361,Monica De La Cruz,PER
115483487297164906,Doc Ronny Jackson,PER
115483487297164906,America First,ORG
115483487297164906,Patriot,MISC
115483487297164906,Texas,LOC
115483487297164906,Congressional,MISC
115483487297164906,U. S. Navy,ORG
115483487297164906,Doc Ronny,PER
115483487297164906,Congress,ORG
115483487297164906,U. S,LOC
115483487297164906,A,LOC
115483487297164906,American Energy,ORG
115483487297164906,Amendment,MISC
115483487297164906,Doc Ronny Jackson,PER
115483486488391164,August Pfluger,PER
115483486488391164,Texas,LOC
115483486488391164,Congressional,MISC
115483486488391164,Republican Study Committee,ORG
115483486488391164,America First Age,MISC
115483486488391164,Regulations,MISC
115483486488391164,Farmers,MISC
115483486488391164,American,MISC
115483486488391164,Agriculture,ORG
115483486488391164,U. S,LOC
115483486488391164,A,LOC
115483486488391164,American Energy,ORG
115483486488391164,Second Amendment,MISC
115483486488391164,P,PER
115483485693600679,Jake Ellzey,PER
115483485693600679,America First,ORG
115483485693600679,Patriot,MISC
115483485693600679,Texas,LOC
115483485693600679,Navy,ORG
115483485693600679,V,MISC
115483485693600679,##an,MISC
115483485693600679,Jake,PER
115483485693600679,Congress,ORG
115483485693600679,American Energy,MISC
115483485693600679,U. S,LOC
115483485693600679,A,LOC
115483485693600679,Second Amendment,MISC
115483485693600679,Jake Ellze,PER
115483484931163272,Lance Gooden,PER
115483484931163272,America First,ORG
115483484931163272,Patriot,MISC
115483484931163272,Texas,LOC
115483484931163272,Congressional,ORG
115483484931163272,MAGA Warrior,MISC
115483484931163272,Lance,PER
115483484931163272,American Energy,ORG
115483484931163272,U. S,LOC
115483484931163272,A,LOC
115483484931163272,Military,ORG
115483484931163272,Amendment,MISC
115483484931163272,Lance Good,PER
115483484532414248,Keith Self,PER
115483484532414248,People,MISC
115483484532414248,Texas,LOC
115483484532414248,West Point,LOC
115483484532414248,Army,ORG
115483484532414248,Keith,PER
115483484532414248,Congress,ORG
115483484532414248,Crime,MISC
115483484532414248,American Energy,MISC
115483484532414248,U. S. A,LOC
115483484532414248,Amendment,MISC
115483484532414248,Keith Self,PER
115483440357834964,O,MISC
115483440357834964,AM,LOC
115483440357834964,O,MISC
115483437897423013,Roger Williams,PER
115483437897423013,Texas,LOC
115483437897423013,Congressional,MISC
115483437897423013,House Small Business Committee,ORG
115483437897423013,Roger,PER
115483437897423013,America First,ORG
115483437897423013,U. S,LOC
115483437897423013,A,LOC
115483437897423013,American Energy,ORG
115483437897423013,Roger,PER
115483437897423013,Amendment,MISC
115483437897423013,Roger Williams,PER
115483436982762122,Congress,ORG
115483436982762122,Beth Van Duyne,PER
115483436982762122,People,MISC
115483436982762122,Texas,LOC
115483436982762122,First Administration,ORG
115483436982762122,America First Agenda,MISC
115483436982762122,Beth,PER
115483436982762122,Congress,ORG
115483436982762122,Congress,ORG
115483436982762122,Se,ORG
115483436982762122,Border,ORG
115483436982762122,Crime,MISC
115483436982762122,U,LOC
115483436982762122,S,LOC
115483436982762122,A,LOC
115483436982762122,American Energy,ORG
115483436982762122,Amendment,MISC
115483436982762122,Beth Van Duyne,PER
115483435191255103,Pete Sessions,PER
115483435191255103,Texas,LOC
115483435191255103,Congressional,MISC
115483435191255103,House Rules Committee,ORG
115483435191255103,National Republican Congressional Committee,ORG
115483435191255103,Pete,PER
115483435191255103,Congress,ORG
115483435191255103,America First Age,MISC
115483435191255103,American Energy,ORG
115483435191255103,U. S,LOC
115483435191255103,A,LOC
115483435191255103,Second Amendment,MISC
115483435191255103,Pete Sessions,PER
115483434354278744,Jo,PER
115483434354278744,##de,PER
115483434354278744,##y Arrington,PER
115483434354278744,Texas,LOC
115483434354278744,Congressional,MISC
115483434354278744,House Budget Committee,ORG
115483434354278744,Jo,PER
115483434354278744,##de,PER
115483434354278744,##y,PER
115483434354278744,America First,ORG
115483434354278744,G,MISC
115483434354278744,U. S,LOC
115483434354278744,A,LOC
115483434354278744,Advance American Energy,ORG
115483434354278744,Nations Golden Age,MISC
115483434354278744,Se,MISC
115483434354278744,Amendment,MISC
115483434354278744,Jo,PER
115483434354278744,##de,PER
115483434354278744,##y Arrington,PER
115483401027909719,Gary Palmer,PER
115483401027909719,Alabama,LOC
115483401027909719,Congressional,MISC
115483401027909719,Gary,PER
115483401027909719,Conservative Warrior,MISC
115483401027909719,Congress,ORG
115483401027909719,U. S,LOC
115483401027909719,A,LOC
115483401027909719,American Energy,ORG
115483401027909719,Advance Election,ORG
115483401027909719,Second Amendment,MISC
115483401027909719,Gary Palmer,PER
115483400223477879,Dale Strong,PER
115483400223477879,Alabama,LOC
115483400223477879,Congressional,MISC
115483400223477879,Dale,PER
115483400223477879,Congress,ORG
115483400223477879,and Ranch,ORG
115483400223477879,U. S,LOC
115483400223477879,A,LOC
115483400223477879,American Energy,ORG
115483400223477879,Second Amendment,MISC
115483400223477879,Dale Strong,PER
115483398591251199,Robert Aderholt,PER
115483398591251199,Alabama,LOC
115483398591251199,Congressional,MISC
115483398591251199,P,ORG
115483398591251199,House Appropriations Committee,ORG
115483398591251199,Robert,PER
115483398591251199,America First,ORG
115483398591251199,Regulations,ORG
115483398591251199,U. S. A,LOC
115483398591251199,American,MISC
115483398591251199,Energy,ORG
115483398591251199,Nations Golden Age,MISC
115483398591251199,Amendment,MISC
115483398591251199,Robert Aderhol,PER
115483397195615826,Mike Rogers,PER
115483397195615826,People,MISC
115483397195615826,Alabama,ORG
115483397195615826,House Armed Services Committee,ORG
115483397195615826,Alabama,LOC
115483397195615826,Mike,PER
115483397195615826,AM,MISC
115483397195615826,##ERIC,ORG
115483397195615826,##A,MISC
115483397195615826,Congress,ORG
115483397195615826,Mike,PER
115483397195615826,U,LOC
115483397195615826,S. A,LOC
115483397195615826,American Energy,ORG
115483397195615826,Second Amendment,MISC
115483397195615826,Mike Rogers,PER
115483382708030237,French Hill,PER
115483382708030237,Arkansas,LOC
115483382708030237,Congressional,ORG
115483382708030237,District,LOC
115483382708030237,House Financial Services Committee,ORG
115483382708030237,French,MISC
115483382708030237,America First,ORG
115483382708030237,GRE,MISC
115483382708030237,U. S,LOC
115483382708030237,A,LOC
115483382708030237,American Energy,ORG
115483382708030237,Nations Golden Age,MISC
115483382708030237,Se,MISC
115483382708030237,Border,MISC
115483382708030237,Crime,MISC
115483382708030237,Amendment,MISC
115483382708030237,French Hill,PER
115483381794647329,Bruce Westerman,PER
115483381794647329,Arkansas,LOC
115483381794647329,Congressional,ORG
115483381794647329,Arkansas Razorback,ORG
115483381794647329,Bruce,PER
115483381794647329,House Natural Resources Committee,ORG
115483381794647329,Bruce,PER
115483381794647329,Growth,ORG
115483381794647329,American Energy,ORG
115483381794647329,C,PER
115483381794647329,C,PER
115483381794647329,B,PER
115483381794647329,Congress,ORG
115483381794647329,Bruce,PER
115483381794647329,U. S,LOC
115483381794647329,A,LOC
115483381794647329,Crime,MISC
115483381794647329,Veterans,ORG
115483381794647329,Second Amendment,MISC
115483381794647329,Bruce Westerman,PER
115483376777280289,Rick Crawford,PER
115483376777280289,America First,ORG
115483376777280289,Patriot,MISC
115483376777280289,Arkansas,LOC
115483376777280289,Congressional,ORG
115483376777280289,U. S. Army,ORG
115483376777280289,News Anchor and Agriculture Reporter,ORG
115483376777280289,Rick,PER
115483376777280289,Corrupt Fake News,ORG
115483376777280289,Great Country,LOC
115483376777280289,Congress,ORG
115483376777280289,Rick,PER
115483376777280289,U. S,LOC
115483376777280289,A,LOC
115483376777280289,American Energy,ORG
115483376777280289,Military,ORG
115483376777280289,Amendment,MISC
115483376777280289,Rick Crawford,PER
115483375767326344,Steve Womack,PER
115483375767326344,People,ORG
115483375767326344,Arkansas,LOC
115483375767326344,U. S. Army,ORG
115483375767326344,Steve,PER
115483375767326344,Congress,ORG
115483375767326344,Crime,MISC
115483375767326344,American,MISC
115483375767326344,Energy,ORG
115483375767326344,U. S,LOC
115483375767326344,A,LOC
115483375767326344,Amendment,MISC
115483375767326344,Steve Womack,PER
115483375767326344,Re,MISC
115483347669595966,James Comer,PER
115483347669595966,Great People of Kentucky,ORG
115483347669595966,House Oversight Committee,ORG
115483347669595966,James,PER
115483347669595966,Radical,MISC
115483347669595966,Left A,ORG
115483347669595966,##untable,ORG
115483347669595966,Co,MISC
115483347669595966,and Destruction,MISC
115483347669595966,AMERICA,ORG
115483347669595966,America First,ORG
115483347669595966,Patriot,MISC
115483347669595966,James,PER
115483347669595966,Se,MISC
115483347669595966,U. S,LOC
115483347669595966,A,LOC
115483347669595966,American Energy,ORG
115483347669595966,Military / Veterans,ORG
115483347669595966,Second Amendment,MISC
115483347669595966,James Comer,PER
115483346572613945,Hal Rogers,PER
115483346572613945,Kentucky,LOC
115483346572613945,Congressional,MISC
115483346572613945,U,ORG
115483346572613945,.,LOC
115483346572613945,S. House,ORG
115483346572613945,Hal,PER
115483346572613945,Working Men and Women of Kentucky,ORG
115483346572613945,Appalachian,LOC
115483346572613945,Congress,ORG
115483346572613945,Hal,PER
115483346572613945,U. S,LOC
115483346572613945,A,LOC
115483346572613945,American Energy,ORG
115483346572613945,Amendment,MISC
115483346572613945,Hal Rogers,PER
115483345591728067,Brett Guthrie,PER
115483345591728067,Kentucky,LOC
115483345591728067,Congressional,MISC
115483345591728067,House Energy and Commerce Committee,ORG
115483345591728067,Brett,PER
115483345591728067,American Energy,ORG
115483345591728067,Regulations,MISC
115483345591728067,U,LOC
115483345591728067,S,LOC
115483345591728067,A,LOC
115483345591728067,Nations,MISC
115483345591728067,Age,MISC
115483345591728067,West Point,LOC
115483345591728067,U,ORG
115483345591728067,. S,LOC
115483345591728067,. Army,ORG
115483345591728067,Brett,PER
115483345591728067,Mi,MISC
115483345591728067,##nt Crime,MISC
115483345591728067,Amendment,MISC
115483345591728067,Brett Guthrie,PER
115483339842449904,Burgess Owens,PER
115483339842449904,America First,ORG
115483339842449904,Patriot,MISC
115483339842449904,Utah,LOC
115483339842449904,Super Bowl Champion,MISC
115483339842449904,Burgess,PER
115483339842449904,Congress,ORG
115483339842449904,Regulations,ORG
115483339842449904,American Energy,ORG
115483339842449904,U. S. A,LOC
115483339842449904,Amendment,MISC
115483339842449904,Burgess Owens,PER
115483337042625634,Mike Kennedy,PER
115483337042625634,D,PER
115483337042625634,Utah,LOC
115483337042625634,Mike,PER
115483337042625634,Congress,ORG
115483337042625634,U. S,LOC
115483337042625634,American Energy,ORG
115483337042625634,Amendment,MISC
115483337042625634,Mike Kennedy,PER
115483335781073046,Congress,ORG
115483335781073046,Celeste Maloy,PER
115483335781073046,Great People of Utah,ORG
115483335781073046,Celeste,PER
115483335781073046,Congress,ORG
115483335781073046,Se,ORG
115483335781073046,Border,ORG
115483335781073046,Crime,MISC
115483335781073046,American Energy,ORG
115483335781073046,U. S. A,LOC
115483335781073046,Second Amendment,MISC
115483335781073046,Celeste Mal,PER
115483335025617789,Blake Moore,PER
115483335025617789,Utah,LOC
115483335025617789,Congressional,MISC
115483335025617789,House Republican Conference,ORG
115483335025617789,Blake,PER
115483335025617789,America First Age,MISC
115483335025617789,Regulations,MISC
115483335025617789,U,LOC
115483335025617789,S,LOC
115483335025617789,A,LOC
115483335025617789,American Energy,ORG
115483335025617789,Second Amendment,MISC
115483335025617789,Blake Moore,PER
115483334603209840,Trent Kelly,PER
115483334603209840,Mississippi,LOC
115483334603209840,U. S. Army,ORG
115483334603209840,Trent,PER
115483334603209840,Courage,MISC
115483334603209840,Great Heroes,MISC
115483334603209840,Law Enforcement,ORG
115483334603209840,Military and Veterans,ORG
115483334603209840,Congress,ORG
115483334603209840,Trent,PER
115483334603209840,U. S,LOC
115483334603209840,A,LOC
115483334603209840,American Energy,ORG
115483334603209840,Amendment,MISC
115483334603209840,Trent Kelly,PER
115476772387145483,Trump,PER
115476772387145483,United States,LOC
115476772387145483,China,LOC
115476772387145483,Trump,PER
115476772387145483,Xi,PER
115476772387145483,South Korea,LOC
115476772387145483,China,MISC
115476772387145483,National Defense,ORG
115476772387145483,Dong Jun,PER
115476772387145483,Malaysia,LOC
115476772387145483,Trump,PER
115476772387145483,G,MISC
115476772387145483,U. S.,LOC
115476772387145483,China,LOC
115476772387145483,Department of War,ORG
115476772387145483,Dong,PER
115476772387145483,God,PER
115476772387145483,China,LOC
115476772387145483,USA,LOC
115476887786298120,Christians,MISC
115476887786298120,Nigeria,LOC
115476887786298120,Department of War,ORG
115476887786298120,Nigerian,MISC
115476887786298120,Christians,MISC
115476887786298120,Islamic,MISC
115476385101120405,Nigerian,MISC
115476385101120405,Christians,MISC
115476385101120405,U. S. A,LOC
115476385101120405,Nigeria,LOC
115476385101120405,Islamic,MISC
115476385101120405,Terrorists,ORG
115476385101120405,Department of War,ORG
115476385101120405,Christians,MISC
115483019659144300,New Jersey,LOC
115483019659144300,Virginia,LOC
115483019659144300,AM,MISC
115483019659144300,##AN C,MISC
115483019659144300,Republican,MISC
115483019659144300,Co,MISC
115483019659144300,Democrat,MISC
115483019659144300,Co,MISC
115483019659144300,Energy,ORG
115483019659144300,Democrat,MISC
115483014123680949,New Jersey,LOC
115483014123680949,Virginia,LOC
115483014123680949,G,MISC
115483014123680949,##ube,LOC
115483014123680949,Mi,PER
115483014123680949,##kie Sherrill,PER
115483014123680949,Abigail Spanberg,PER
115483014123680949,Energy Co,MISC
115483014123680949,Sense,MISC
115483014123680949,Trump,PER
115483014123680949,ME,LOC
115483014123680949,Democrats,MISC
115483014123680949,Democrat,MISC
115482995616124761,Virginia,LOC
115482995616124761,New Jersey,LOC
115482995616124761,Democrats,MISC
115482995616124761,Co,MISC
115482995616124761,Democrats,MISC
115482994992396118,Pat Fallon,PER
115482994992396118,People of Texas,ORG
115482994992396118,Air Force,ORG
115482994992396118,National Championship Winning,MISC
115482994992396118,Notre Dame,ORG
115482994992396118,Lou Holtz,PER
115482994992396118,Pat,PER
115482994992396118,Congress,ORG
115482994992396118,Pat,PER
115482994992396118,U,LOC
115482994992396118,S,LOC
115482994992396118,A,LOC
115482994992396118,American,MISC
115482994992396118,Energy,ORG
115482994992396118,Military,ORG
115482994992396118,Amendment,MISC
115482994992396118,Pat Fallon,PER
115482994183924113,Congress,ORG
115482994183924113,Mariannette Miller,PER
115482994183924113,Meek,PER
115482994183924113,Great People,MISC
115482994183924113,of Iowa,ORG
115482994183924113,Congressional,MISC
115482994183924113,U. S. Army,ORG
115482994183924113,Marianne,PER
115482994183924113,America First,ORG
115482994183924113,Congress,ORG
115482994183924113,Marianne,PER
115482994183924113,U,LOC
115482994183924113,S,LOC
115482994183924113,A,LOC
115482994183924113,American Energy,ORG
115482994183924113,Amendment,MISC
115482994183924113,Mariannette Miller,PER
115482994183924113,Meek,PER
115482993389104673,Michael Guest,PER
115482993389104673,Great People of Mississippi,ORG
115482993389104673,House Ethics Committee,ORG
115482993389104673,Michael,PER
115482993389104673,Marxist,MISC
115482993389104673,Socialist,MISC
115482993389104673,Communists,MISC
115482993389104673,Radical Left,ORG
115482993389104673,America First,ORG
115482993389104673,Patriot,MISC
115482993389104673,Michael,PER
115482993389104673,U,LOC
115482993389104673,S,LOC
115482993389104673,A,LOC
115482993389104673,American Energy,ORG
115482993389104673,Amendment,MISC
115482993389104673,Michael Guest,PER
115482992338432058,Mike Kelly,PER
115482992338432058,Pennsylvania,LOC
115482992338432058,POWERF,ORG
115482992338432058,##L House Ways & Means Committee,ORG
115482992338432058,Mike,PER
115482992338432058,America First,ORG
115482992338432058,G,MISC
115482992338432058,Regulations,ORG
115482992338432058,American Energy,ORG
115482992338432058,U. S,LOC
115482992338432058,A,LOC
115482992338432058,Age,MISC
115482992338432058,Military,ORG
115482992338432058,Second Amendment,MISC
115482992338432058,Men and Women,ORG
115482992338432058,Pennsylvania,LOC
115482992338432058,Mike Kelly,PER
115482990032900099,Sarah Huckabee Sanders,PER
115482990032900099,Arkansas,LOC
115482990032900099,First,ORG
115482990032900099,Administration,MISC
115482990032900099,Sarah,PER
115482990032900099,America First Agenda,MISC
115482990032900099,White House,LOC
115482990032900099,Sarah,PER
115482990032900099,Arkansas,ORG
115482990032900099,U. S,LOC
115482990032900099,A,LOC
115482990032900099,American,MISC
115482990032900099,Energy,ORG
115482990032900099,Crime,MISC
115482990032900099,Enforcement,ORG
115482990032900099,Amendment,MISC
115482990032900099,Sarah Huckabee Sanders,PER
115482954448237364,Pennsylvania,LOC
115482954448237364,Rule of Law,MISC
115482954448237364,Constitution,MISC
115482954448237364,Radical Democrat,MISC
115482954448237364,Supreme Court,ORG
115482954448237364,Ballot,ORG
115482954448237364,Liberal,MISC
115482954448237364,Donohue,PER
115482954448237364,Dougherty,PER
115482954448237364,We,PER
115482954448237364,Congressional,ORG
115482954448237364,Sleep,PER
115482954448237364,Joe Biden,PER
115482954448237364,Election,MISC
115482910469184199,NFL,MISC
115482910469184199,J,ORG
115482823879151068,60 Minutes,MISC
115482823879151068,Kansas City,LOC
115482823879151068,Buffalo,LOC
115482823879151068,NFL Football Game,MISC
115482823879151068,Kamal,PER
115482817545218922,Orthodox Jewish,MISC
115482817545218922,America,LOC
115482817545218922,Historic 2024 Presidential Campaign,MISC
115482817545218922,Lakewood,LOC
115482817545218922,New Jersey,LOC
115482817545218922,New Jersey,LOC
115482817545218922,Orthodox,MISC
115482817545218922,Lakewood,LOC
115482817545218922,Jack Ciattarelli,PER
115482817545218922,Jack,PER
115482817545218922,Jack,PER
115482817545218922,Yeshiva,ORG
115482817545218922,New Jersey,LOC
115482817545218922,Jack,PER
115482817545218922,CIA,PER
115482797655964985,Case on Tariffs,MISC
115482797655964985,History of the Country,MISC
115482797655964985,World,LOC
115482797655964985,Security,ORG
115482797655964985,Stock,ORG
115482797655964985,Market,MISC
115482797655964985,All Time High,MISC
115482797655964985,Office,LOC
115482797655964985,National Security,ORG
115482797655964985,China,LOC
115482797655964985,Democrats,MISC
115482797655964985,Court,ORG
115482797655964985,United States,LOC
115482797655964985,Supreme Court,ORG
115482797655964985,Third World,MISC
115482797655964985,God,PER
115482790527492824,America First,ORG
115482790527492824,Bruce Blakeman,PER
115482790527492824,Nassau County,LOC
115482790527492824,Bruce,PER
115482790527492824,MA,ORG
115482790527492824,Brave Heroes of Law Enforcement,ORG
115482790527492824,ICE,ORG
115482790527492824,Border Patrol,ORG
115482790527492824,Second Amendment,MISC
115482790527492824,Crime,MISC
115482790527492824,Co,MISC
115482790527492824,##sm,MISC
115482790527492824,Great Cities,MISC
115482790527492824,Bruce,PER
115482790527492824,U,LOC
115482790527492824,S,LOC
115482790527492824,A,LOC
115482790527492824,American Energy,ORG
115482790527492824,Nations,MISC
115482790527492824,Age,MISC
115482790527492824,Election Day,MISC
115482790527492824,BR,MISC
115482790527492824,##UC,ORG
115482790527492824,B,PER
115481621608702748,Jay Clayton,PER
115481133984555013,O,MISC
115481133984555013,##ION,ORG
115481133984555013,ARCT,MISC
115481133984555013,Russian Collusion,MISC
115481133984555013,Imp,MISC
115481133984555013,##ments,ORG
115481133984555013,Jack Smith,PER
115481133984555013,Cha,PER
115481133984555013,Roger Stone,PER
115481133984555013,77,ORG
115481133984555013,##WABC Radio,ORG
115478361803609448,L. A. Dodgers,ORG
115476722685054429,G,MISC
115476722685054429,Gary Player,PER
115476637068029863,Republicans,MISC
115476637068029863,Schum,MISC
115476637068029863,##er Shut,MISC
115476637068029863,Democrats,MISC
115476637068029863,Fi,MISC
115476637068029863,##buster,MISC
115476637068029863,Supreme Court,ORG
115476637068029863,States,LOC
115476637068029863,V,MISC
115476637068029863,Ex,MISC
115476637068029863,##ist,MISC
115476637068029863,##down,MISC
115476637068029863,Americans,MISC
115476637068029863,AM,ORG
115476637068029863,Republicans,MISC
115476261248208645,Xi,PER
115476261248208645,China,LOC
115476261248208645,God,PER
115476261248208645,China,LOC
115476261248208645,USA,LOC
115476226653143069,60,MISC
115476226653143069,Minutes,ORG
115476218592581611,Seth Meyers,PER
115476218592581611,NBC,ORG
115476218592581611,NBC,ORG
115471065919157533,Government,ORG
115471065919157533,S,MISC
115471065919157533,Courts,ORG
115471065919157533,Americans,MISC
115471065919157533,Radical Democrats,MISC
115471065919157533,Court,ORG
115471065919157533,SNA,MISC
115471065919157533,Democrats,MISC
115471065919157533,Government,ORG
115471065919157533,States,LOC
115471065919157533,Court,ORG
115471065919157533,Military,ORG
115471065919157533,Enforcement Pay,ORG
115471065919157533,Democrats,MISC
115471065919157533,S,MISC
115471065919157533,Senate,ORG
115471065919157533,Democrats,MISC
115471065919157533,Government,ORG
115471065919157533,Cry,ORG
115471065919157533,Chuck,PER
115471065919157533,Schum,ORG
115470116607441456,Christianity,MISC
115470116607441456,Nigeria,LOC
115470116607441456,Christians,MISC
115470116607441456,Islam,MISC
115470116607441456,Nigeria,LOC
115470116607441456,Christians,MISC
115470116607441456,Nigeria,LOC
115470116607441456,Riley Moore,PER
115470116607441456,Tom Cole,PER
115470116607441456,House Appropriations Committee,ORG
115470116607441456,United States,LOC
115470116607441456,Nigeria,LOC
115470116607441456,Great Christian,MISC
115470116607441456,World,LOC
115470116607441456,AMERICA,LOC
115470031277654302,The Kennedy Center,LOC
115470031277654302,White Enamel,MISC
115469942090837414,Lincoln Bathroom,LOC
115469942090837414,White House,LOC
115469852646643521,Lincoln Bathroom,LOC
115469852646643521,White House,LOC
115469852646643521,Lincoln Era,MISC
115469852646643521,St,MISC
115469852646643521,Abraham Lincoln,PER
115469554183399273,Donald J. Trump,PER
115469554183399273,Republic of Korea,LOC
115466450476422202,Asia,LOC
115466450476422202,China,LOC
115466450476422202,Japan,LOC
115466450476422202,South Korea,LOC
115466450476422202,Malaysia,LOC
115466450476422202,Australia,LOC
115466450476422202,Canada,LOC
115466450476422202,New Zealand,LOC
115466450476422202,Singapore,LOC
115466450476422202,Thailand,LOC
115466450476422202,Cambodia,LOC
115466450476422202,Vietnam,LOC
115466450476422202,America,LOC
115466450476422202,Presidential Election,MISC
115466450476422202,Democrats,MISC
115466450476422202,United States of America,LOC
115466450476422202,Republicans,MISC
115466450476422202,John Thun,PER
115466450476422202,House,ORG
115466450476422202,Mike Johnson,PER
115466450476422202,Democrats,MISC
115466450476422202,Trump Derangement Syndrome,MISC
115466450476422202,TDS,MISC
115466450476422202,System,LOC
115466450476422202,Country,LOC
115466450476422202,American,MISC
115466450476422202,Republicans,MISC
115466450476422202,Republicans,MISC
115466450476422202,Nuclear Option,MISC
115466450476422202,Democrats,MISC
115466450476422202,West Virginia,LOC
115466450476422202,Sin,ORG
115466450476422202,Arizona,LOC
115466450476422202,Democrats,MISC
115466450476422202,United States,LOC
115466450476422202,Washington,LOC
115466450476422202,Puerto Rico States,LOC
115466450476422202,Senate,ORG
115466450476422202,House,ORG
115466449868630054,AM,LOC
115466017324489749,O,MISC
115466017324489749,##MA,MISC
115466017324489749,Democrats,MISC
115464409692406079,Great,MISC
115464409692406079,Law Enforcement Patriots,ORG
115464409692406079,Worlds Premier Law Enforcement Task Force,ORG
115464409692406079,Make D. C. Safe Task Force,ORG
115464409692406079,Nations Capital City,LOC
115464409692406079,Agency,ORG
115464409692406079,Task Force,ORG
115464406342534500,Chris Wright,PER
115464406342534500,Lawrence Berkeley National Lab,ORG
115464406342534500,Nobel Prize,MISC
115464406342534500,Quantum,MISC
115464406342534500,Quantum,MISC
115464406342534500,AI,MISC
115464406342534500,Fusion,MISC
115464406342534500,Trump,MISC
115464406342534500,Trump,PER
115464406342534500,Nobel Prize,MISC
115464125214326353,United States,LOC
115464125214326353,Japan,LOC
115464111207583333,"Washington, D. C.",LOC
115464111207583333,Historic,MISC
115464111207583333,Asia,LOC
115463473432662826,L,MISC
115462098072054944,Xi,PER
115462098072054944,China,LOC
115462098072054944,Xi,PER
115462098072054944,China,LOC
115462098072054944,##beans,ORG
115462098072054944,Farmers,ORG
115462098072054944,Administration,ORG
115462098072054944,Farmers,ORG
115462098072054944,Xi,PER
115462098072054944,China,LOC
115462098072054944,Earth,ORG
115462098072054944,Minerals,ORG
115462098072054944,##ts,ORG
115462098072054944,China,LOC
115462098072054944,Fentanyl,ORG
115462098072054944,Fentanyl Crisis,MISC
115462098072054944,China,LOC
115462098072054944,American Energy,ORG
115462098072054944,Oil and Gas,ORG
115462098072054944,Great State of,ORG
115462098072054944,Alaska,LOC
115462098072054944,Chris Wright,PER
115462098072054944,Doug Burgum,PER
115462098072054944,Energy,ORG
115462098072054944,Energy Deal,MISC
115462098072054944,Americans,MISC
115462098072054944,Asia,LOC
115462098072054944,"Washington, D. C",LOC
115462098072054944,Great,MISC
115462098072054944,Malaysia,LOC
115462098072054944,Japan,LOC
115462098072054944,South Korea,LOC
115462098072054944,Australia,LOC
115462098072054944,Canada,LOC
115462098072054944,New Zealand,LOC
115462098072054944,Singapore,LOC
115462098072054944,Thailand,LOC
115462098072054944,Vietnam,LOC
115462098072054944,Lee Jae My,PER
115462006949579771,Tri,MISC
115462006949579771,Chuck Schum,PER
115460439199531354,G,ORG
115460423936412555,United States,LOC
115460423936412555,Nuclear Weapons,MISC
115460423936412555,Russia,LOC
115460423936412555,China,LOC
115460423936412555,Department of War,ORG
115460423936412555,Nuclear Weapons,MISC
115459747028353384,DJ,PER
115459712836946359,South Korea,LOC
115459712836946359,Nuclear Powered Submarine,ORG
115459712836946359,Philadelphia Shipyards,LOC
115459712836946359,U. S,LOC
115459712836946359,A,ORG
115459712836946359,Shipbuilding,ORG
115459712836946359,Country,LOC
115459712836946359,##BA,ORG
115459650821125830,South Korea,LOC
115459650821125830,USA,LOC
115459650821125830,United States,LOC
115459650821125830,Oil and Gas,ORG
115459650821125830,Country,LOC
115459650821125830,South Korean,MISC
115459650821125830,Companies,ORG
115459650821125830,Business,ORG
115459650821125830,Military Alliance,ORG
115459650821125830,Nuclear Powered Submarine,MISC
115459650821125830,Submarine,MISC
115459650821125830,South Korea,LOC
115459641125796285,War on the Climate Change Hoax,MISC
115459641125796285,Bill Gates,PER
115459612900259962,Virginia,LOC
115459612900259962,New Jersey,LOC
115459612900259962,Democrats,MISC
115459612900259962,Co,MISC
115459612900259962,Democrats,MISC
115459554252660428,Xi,PER
115459554252660428,China,LOC
115459554252660428,DJ,PER
115459538588191547,South Korea,LOC
115459538588191547,USA,LOC
115459538588191547,United States,LOC
115459538588191547,Oil and Gas,ORG
115459538588191547,Country,LOC
115459538588191547,South Korean,MISC
115459538588191547,Companies,ORG
115459538588191547,Business,ORG
115459538588191547,Military Alliance,ORG
115459538588191547,Nuclear Powered Submarine,MISC
115459538588191547,Submarine,MISC
115459449416715730,MA,ORG
115459449416715730,##APPEN,MISC
115459446440286252,FBI,MISC
115459446440286252,Walter Giardina,PER
115459446440286252,D,MISC
115459446440286252,CO,MISC
115459446440286252,Jack Smith,PER
115459446440286252,Lisa Monaco,PER
115459446440286252,Andrew Weissmann,PER
115459446440286252,Li,PER
115459446440286252,##ddle Jay Bratt,PER
115459446440286252,Nor,PER
115459446440286252,##m Eisen,PER
115459446440286252,FAKE Charity,ORG
115459446440286252,CR,PER
115459446440286252,##EW,ORG
115459446440286252,Christopher Wray,PER
115459446440286252,Me,PER
115459446440286252,##rrick Garland,PER
115459446440286252,Thomas Windom,PER
115459446440286252,J - 6,MISC
115459446440286252,Hunt,MISC
115459433541589439,FBI,MISC
115459433541589439,Walter Giardina,PER
115459433541589439,D,MISC
115459433541589439,CO,MISC
115459433541589439,Jack Smith,PER
115459433541589439,Lisa Monica,PER
115459433541589439,Andrew Weissmann,PER
115459433541589439,Li,PER
115459433541589439,##ddle Jay Bratt,PER
115459433541589439,Nor,PER
115459433541589439,##m Eisen,PER
115459433541589439,FAKE Charity,ORG
115459433541589439,CR,PER
115459433541589439,##EW,ORG
115459433541589439,Christopher Wray,PER
115459433541589439,Me,PER
115459433541589439,##rrick Garland,PER
115459433541589439,Thomas Windom,PER
115459433541589439,J - 6,MISC
115459433541589439,Hunt,MISC
115459203578150327,Ma,PER
115459203578150327,##m,PER
115459203578150327,##dan,PER
115458823430143771,Trump,PER
115458823430143771,Asia Trip,MISC
115458823430143771,Landmark Win,MISC
115458823430143771,America,LOC
115458636243379847,Donald J. Trump,PER
115458636243379847,Republic of Korea,LOC
115458478288023570,Republic of Korea,LOC
115458478288023570,American,MISC
115458483828065961,America,LOC
115458471324307354,South Korea,LOC
115457600588415376,Jack Smith,PER
115456708839350276,Tri,MISC
115456708839350276,USA,LOC
115456708839350276,Xi,PER
115456708839350276,China,LOC
115456708839350276,DJ,PER
115452216206626792,Trump,PER
115452216206626792,Department of War,ORG
115452216206626792,Designated Terrorist Organizations,ORG
115452216206626792,DTO,ORG
115452216206626792,Eastern Pacific,LOC
115452216206626792,U. S.,LOC
115452216206626792,USSOUTHCOM,ORG
115452216206626792,Search,MISC
115452216206626792,and Rescue,ORG
115452216206626792,SA,ORG
115452216206626792,Mexican,MISC
115452216206626792,SAR,ORG
115452216206626792,Department,ORG
115452216206626792,Americans,MISC
115452216206626792,Al,MISC
115452216206626792,Qaeda,MISC
115451439348965135,Toyota,ORG
115451439348965135,United States,LOC
115451446582285625,##T,MISC
115451446582285625,America,LOC
115451450033479493,USS George Washington,LOC
115451450033479493,Americas Navy,ORG
115451450033479493,First in War,MISC
115451465173248970,San,PER
115451465173248970,##ae Takai,PER
115451465173248970,Japanese,MISC
115451465173248970,North Korea,LOC
115455691749593540,James Woods,PER
115455691749593540,Adam Schi,PER
115455691749593540,Democrat,MISC
115455691749593540,Eric Schmitt,PER
115455691749593540,Sc,PER
115455691749593540,Sc,PER
115447911581618198,Trump,PER
115447911581618198,Asia,LOC
115447911581618198,Malaysia,LOC
115447911581618198,America,LOC
115450395356071917,Donald J. Trump,PER
115450395356071917,Japanese,MISC
115450395356071917,San,PER
115450395356071917,##ae Takaichi,PER
115452148487180766,American,MISC
115455332224820388,South Korea,LOC
115455332224820388,Canada,LOC
115414670134103540,Paul Gosar,PER
115414670134103540,D,LOC
115414670134103540,D,ORG
115414670134103540,S,LOC
115414670134103540,America First,ORG
115414670134103540,Patriot,MISC
115414670134103540,Arizona,LOC
115414670134103540,Congressional,MISC
115414670134103540,MAGA Warrior,MISC
115414670134103540,Paul,PER
115414670134103540,U. S,LOC
115414670134103540,A,LOC
115414670134103540,Advance American Energy,ORG
115414670134103540,Amendment,MISC
115414670134103540,Paul Gosar,PER
115445084269284249,Elections,MISC
115445084269284249,Tri,MISC
115445084269284249,of,MISC
115445084269284249,of Investment,MISC
115445084269284249,Record Set,MISC
115445084269284249,Strong Border,MISC
115445084269284249,Left Loser,ORG
115445047857168881,Japan,LOC
115445047857168881,DJ,PER
115444936741535260,Radical Left,MISC
115444936741535260,Republicans,MISC
115444924244999128,Oval Office,LOC
115444920810335631,Oval Office,LOC
115444920810335631,World,MISC
115444920810335631,AM,LOC
115444920810335631,##IC,LOC
115444920810335631,##A,MISC
115444908825959315,Argentina,LOC
115444908825959315,Javier Milei,PER
115444908825959315,Trump,MISC
115444908825959315,Javier,PER
115444894900287475,T,MISC
115444894900287475,Arts,ORG
115444894900287475,and,LOC
115444894900287475,Entertainment,ORG
115444894900287475,Center,LOC
115444894900287475,United States of America,LOC
115444830915442121,New Jersey,LOC
115444830915442121,Virginia,LOC
115444830915442121,G,MISC
115444830915442121,##ube,LOC
115444830915442121,Mi,PER
115444830915442121,##kie Sherrill,PER
115444830915442121,Abigail Spanberg,PER
115444830915442121,Energy Co,MISC
115444830915442121,Sense,MISC
115444830915442121,Trump,PER
115444830915442121,ME,LOC
115444830915442121,Democrats,MISC
115444830915442121,Democrat,MISC
115444163384468198,Javier Milei,PER
115444163384468198,Landslide Victory,MISC
115444163384468198,Argentina,LOC
115444163384468198,People of Argentina,ORG
115443565409065734,Malaysia,LOC
115443565409065734,Trade and Rare Earth Deal,MISC
115443565409065734,Peace Treaty,MISC
115443565409065734,Thailand,LOC
115443565409065734,Cambodia,LOC
115443565409065734,Japan,LOC
115442848945833358,Washington Post,ORG
115442848945833358,Trump,PER
115442848945833358,East Wing,LOC
115442322929776750,America,LOC
115442316583935494,O,MISC
115441871289276790,NBA,ORG
115441871289276790,Players,MISC
115441871289276790,Democrats,MISC
115441871289276790,2020,MISC
115441871289276790,Presidential Election,MISC
115441871289276790,Country,LOC
115441871289276790,C,PER
115441871289276790,Mo,PER
115441871289276790,DOJ,ORG
115441871289276790,American,MISC
115441871289276790,Midterms,MISC
115441871289276790,California,MISC
115441871289276790,V,MISC
115437112529618205,Malaysia,LOC
115437112529618205,Peace Deal,MISC
115437112529618205,Cambodia,LOC
115437112529618205,Thailand,LOC
115437112529618205,Thailand,LOC
115437112529618205,Great People of Thailand,ORG
115437112529618205,Peace Deal,MISC
115437112529618205,DJ,PER
115436697060819133,Canada,LOC
115436697060819133,Ronald Reagan,PER
115436697060819133,Speech on,MISC
115436697060819133,##riffs,MISC
115436697060819133,Reagan Foundation,ORG
115436697060819133,Ronald Reagan,PER
115436697060819133,Presidential Radio Address,MISC
115436697060819133,Ronald Reagan Presidential Foundation and Institute,ORG
115436697060819133,Canada,LOC
115436697060819133,United,ORG
115436697060819133,States,LOC
115436697060819133,Supreme Court,ORG
115436697060819133,United States,LOC
115436697060819133,United States,LOC
115436697060819133,Canadian,MISC
115436697060819133,World,LOC
115436697060819133,Ronald Reagan,PER
115436697060819133,National Security and the Economy,MISC
115436697060819133,Canada,LOC
115436697060819133,World Series,MISC
115436697060819133,Canada,LOC
115436558661444946,Middle East,LOC
115436558661444946,Hamas,ORG
115436558661444946,Americans,MISC
115436558661444946,G,MISC
115436558661444946,##RE,MISC
115436151669143136,Jimmy Patronis,PER
115436151669143136,MAGA Warrior,MISC
115436151669143136,Florida,LOC
115436151669143136,Congressional,MISC
115436151669143136,Generation,MISC
115436151669143136,Floridian,MISC
115436151669143136,Panhandle,LOC
115436151669143136,Jimmy,PER
115436151669143136,Great,LOC
115436151669143136,State of,ORG
115436151669143136,Florida,LOC
115436151669143136,U. S.,LOC
115436151669143136,House of Representatives,ORG
115436151669143136,Jimmy,PER
115436151669143136,U. S,LOC
115436151669143136,A,LOC
115436151669143136,American,MISC
115436151669143136,Energy,ORG
115436151669143136,Amendment,MISC
115436151669143136,Jimmy Patronis,PER
115435567269756205,Richard Hudson,PER
115435567269756205,North Carolina,LOC
115435567269756205,Congressional,MISC
115435567269756205,District,LOC
115435567269756205,National Republican Congressional Committee,ORG
115435567269756205,NRCC,ORG
115435567269756205,Richard,PER
115435567269756205,America First Patriots,ORG
115435567269756205,##4 Elections,MISC
115435567269756205,Congress,ORG
115435567269756205,Richard,PER
115435567269756205,Regulations,MISC
115435567269756205,U. S. A,LOC
115435567269756205,American Energy,ORG
115435567269756205,Crime,MISC
115435567269756205,/ Veterans,ORG
115435567269756205,Amendment,MISC
115435567269756205,Richard Hudson,PER
115435565975811522,David Rouzer,PER
115435565975811522,North Carolina,LOC
115435565975811522,Congressional,MISC
115435565975811522,David,PER
115435565975811522,U. S.,LOC
115435565975811522,Congress,ORG
115435565975811522,and,ORG
115435565975811522,American Energy,ORG
115435565975811522,U. S. A,LOC
115435565975811522,Amendment,MISC
115435565975811522,David Rouzer,PER
115435565492870939,Addison McDowell,PER
115435565492870939,America First,ORG
115435565492870939,Patriot,MISC
115435565492870939,North Carolina,LOC
115435565492870939,Congressional,MISC
115435565492870939,MAGA Warrior,MISC
115435565492870939,Addison,PER
115435565492870939,Ted Budd,PER
115435565492870939,Richard Hudson,PER
115435565492870939,Great State of,ORG
115435565492870939,North Carolina,LOC
115435565492870939,Congress,ORG
115435565492870939,Addison,PER
115435565492870939,Farmers,MISC
115435565492870939,American,MISC
115435565492870939,Agriculture,ORG
115435565492870939,U. S. A,LOC
115435565492870939,American Energy,ORG
115435565492870939,Military,ORG
115435565492870939,Second Amendment,MISC
115435565492870939,Addison McDowell,PER
115435125397678740,Nicole Malliotakis,PER
115435125397678740,New York,LOC
115435125397678740,Congressional,MISC
115435125397678740,POW,ORG
115435125397678740,##F,ORG
115435125397678740,##L Ways & Means Committee,ORG
115435125397678740,Nicole,PER
115435125397678740,America First,ORG
115435125397678740,G,MISC
115435125397678740,Regulations,MISC
115435125397678740,Golden Age,MISC
115435125397678740,American Energy,ORG
115435125397678740,U. S,LOC
115435125397678740,A,LOC
115435125397678740,NYPD,ORG
115435125397678740,NYF,ORG
115435125397678740,Amendment,MISC
115435125397678740,Nicole Malliotaki,PER
115434906751111005,Jack Bergman,PER
115434906751111005,People,ORG
115434906751111005,Michigan,LOC
115434906751111005,Congressional,MISC
115434906751111005,U,ORG
115434906751111005,. S.,LOC
115434906751111005,Marine Corps,ORG
115434906751111005,Jack,PER
115434906751111005,Nation,LOC
115434906751111005,Congress,ORG
115434906751111005,Jack,PER
115434906751111005,and Ranch,ORG
115434906751111005,Men and Women,ORG
115434906751111005,Michigan,LOC
115434906751111005,U. S,LOC
115434906751111005,Regulations,ORG
115434906751111005,American Energy,ORG
115434906751111005,Military,ORG
115434906751111005,Amendment,MISC
115434906751111005,Jack Bergman,PER
115434876884564053,Lisa McClain,PER
115434876884564053,People,MISC
115434876884564053,Michigan,ORG
115434876884564053,House Republican Conference,ORG
115434876884564053,Lisa,PER
115434876884564053,America First Age,MISC
115434876884564053,Regulations,MISC
115434876884564053,Farmers,ORG
115434876884564053,American Agriculture,ORG
115434876884564053,U,LOC
115434876884564053,S,LOC
115434876884564053,A,LOC
115434876884564053,Advance American Energy,ORG
115434876884564053,Amendment,MISC
115434876884564053,Lisa McClain,PER
115434875694997684,Greg Steube,PER
115434875694997684,Great People of Florida,ORG
115434875694997684,U. S. Army JAG Corps,ORG
115434875694997684,Greg,PER
115434875694997684,Congress,ORG
115434875694997684,Greg,PER
115434875694997684,U,LOC
115434875694997684,S,LOC
115434875694997684,A,LOC
115434875694997684,Champion Small Business,ORG
115434875694997684,American Energy,ORG
115434875694997684,Amendment,MISC
115434875694997684,Greg Steube,PER
115434874266267478,Mike Haridopolos,PER
115434874266267478,America First,ORG
115434874266267478,Patriot,MISC
115434874266267478,Florida,LOC
115434874266267478,Congressional,MISC
115434874266267478,U. S.,LOC
115434874266267478,Mike,PER
115434874266267478,Community,ORG
115434874266267478,Congress,ORG
115434874266267478,U. S,LOC
115434874266267478,American Energy,ORG
115434874266267478,Amendment,MISC
115434874266267478,Mike Haridopolos,PER
115434873038322093,Randy Fine,PER
115434873038322093,MAGA Warrior,MISC
115434873038322093,Florida,LOC
115434873038322093,Harvard,MISC
115434873038322093,Randy,PER
115434873038322093,U. S.,LOC
115434873038322093,Great,MISC
115434873038322093,People of,ORG
115434873038322093,the,MISC
115434873038322093,Sunshine State,ORG
115434873038322093,TIM,ORG
115434873038322093,Congress,ORG
115434873038322093,Randy,PER
115434873038322093,U,LOC
115434873038322093,S,LOC
115434873038322093,A,LOC
115434873038322093,American Energy,ORG
115434873038322093,Military,ORG
115434873038322093,Veterans,ORG
115434873038322093,Amendment,MISC
115434873038322093,Randy Fine,PER
115434871867209348,Randy Fine,PER
115434871867209348,MAGA Warrior,MISC
115434871867209348,Florida,LOC
115434871867209348,Harvard,MISC
115434871867209348,Randy,PER
115434871867209348,U. S.,LOC
115434871867209348,Great,MISC
115434871867209348,People of,ORG
115434871867209348,the,MISC
115434871867209348,Sunshine State,ORG
115434871867209348,TIM,ORG
115434871867209348,Congress,ORG
115434871867209348,Randy,PER
115434871867209348,U,LOC
115434871867209348,S,LOC
115434871867209348,A,LOC
115434871867209348,American Energy,ORG
115434871867209348,Military,ORG
115434871867209348,Veterans,ORG
115434871867209348,Amendment,MISC
115434871867209348,Randy Fine,PER
115434870750784024,Jack Bergman,PER
115434870750784024,People,ORG
115434870750784024,Michigan,LOC
115434870750784024,Congressional,MISC
115434870750784024,U,ORG
115434870750784024,. S.,LOC
115434870750784024,Marine Corps,ORG
115434870750784024,Jack,PER
115434870750784024,Nation,LOC
115434870750784024,Congress,ORG
115434870750784024,Jack,PER
115434870750784024,and Ranch,ORG
115434870750784024,Men and Women,ORG
115434870750784024,Michigan,LOC
115434870750784024,U. S,LOC
115434870750784024,Regulations,ORG
115434870750784024,American Energy,ORG
115434870750784024,Military,ORG
115434870750784024,Amendment,MISC
115434870750784024,Jack Bergman,PER
115434869707731740,Jeff Hurd,PER
115434869707731740,Great People of Colorado,ORG
115434869707731740,Jeff,PER
115434869707731740,Community,ORG
115434869707731740,Congress,ORG
115434869707731740,Border,ORG
115434869707731740,Military,ORG
115434869707731740,Veterans,ORG
115434869707731740,Advance American Energy,ORG
115434869707731740,U. S,LOC
115434869707731740,A,LOC
115434869707731740,Amendment,MISC
115434869707731740,Jeff Hu,PER
115434868395866889,Andy Ogles,PER
115434868395866889,Tennessee,LOC
115434868395866889,Congressional,MISC
115434868395866889,Andy,PER
115434868395866889,Conservative Warrior,MISC
115434868395866889,Congress,ORG
115434868395866889,U. S,LOC
115434868395866889,A,LOC
115434868395866889,American Energy,ORG
115434868395866889,Amendment,MISC
115434868395866889,Andy Ogles,PER
115434868395866889,Re,MISC
115434867478490056,Mar,PER
115434867478490056,##lin Stutzman,PER
115434867478490056,America First,ORG
115434867478490056,Patriot,MISC
115434867478490056,Indiana,LOC
115434867478490056,3rd Congressional District,LOC
115434867478490056,Mar,PER
115434867478490056,##lin,PER
115434867478490056,American,MISC
115434867478490056,Agriculture,ORG
115434867478490056,Congress,ORG
115434867478490056,U. S,LOC
115434867478490056,A,LOC
115434867478490056,American Energy,ORG
115434867478490056,Amendment,MISC
115434867478490056,Mar,PER
115434867478490056,##lin Stutz,PER
115434866506983325,Dar,PER
115434866506983325,##in LaHood,PER
115434866506983325,Illinois,LOC
115434866506983325,POW,ORG
115434866506983325,House Ways & Means Committee,ORG
115434866506983325,Dar,PER
115434866506983325,America First,ORG
115434866506983325,and Regulations,ORG
115434866506983325,American Energy,ORG
115434866506983325,U. S,LOC
115434866506983325,A,LOC
115434866506983325,Age,MISC
115434866506983325,Se,MISC
115434866506983325,Amendment,MISC
115434866506983325,Dar,PER
115434866506983325,##in LaHood,PER
115434864876564194,Mike Ezell,PER
115434864876564194,People of Mississippi,ORG
115434864876564194,Jackson County,LOC
115434864876564194,U. S.,LOC
115434864876564194,Mike,PER
115434864876564194,Law Enforcement,ORG
115434864876564194,and,ORG
115434864876564194,Veterans,MISC
115434864876564194,Congress,ORG
115434864876564194,U,LOC
115434864876564194,S. A,LOC
115434864876564194,American,MISC
115434864876564194,Energy,ORG
115434864876564194,Amendment,MISC
115434864876564194,Mike Ezell,PER
115434864384907731,Brad Knott,PER
115434864384907731,North Carolina,LOC
115434864384907731,Congressional,MISC
115434864384907731,Brad,PER
115434864384907731,Constitution,MISC
115434864384907731,America First,ORG
115434864384907731,Patriot,MISC
115434864384907731,Brad,PER
115434864384907731,Military,ORG
115434864384907731,U. S,LOC
115434864384907731,A,LOC
115434864384907731,American Energy,ORG
115434864384907731,Amendment,MISC
115434864384907731,Brad Knot,PER
115434862488071211,Chuck Edwards,PER
115434862488071211,MAGA Warrior,MISC
115434862488071211,North Carolina,LOC
115434862488071211,Congressional,MISC
115434862488071211,U. S.,LOC
115434862488071211,Chuck,PER
115434862488071211,Congress,ORG
115434862488071211,American,MISC
115434862488071211,Energy,ORG
115434862488071211,U. S,LOC
115434862488071211,A,LOC
115434862488071211,Military,ORG
115434862488071211,Amendment,MISC
115434862488071211,Chuck Edwards,PER
115434861975122052,Greg Murphy,PER
115434861975122052,D,PER
115434861975122052,North Carolina,LOC
115434861975122052,3rd Congressional District,LOC
115434861975122052,House Veterans ' Affairs Committee,ORG
115434861975122052,Greg,PER
115434861975122052,Congress,ORG
115434861975122052,Greg,PER
115434861975122052,U. S,LOC
115434861975122052,A,LOC
115434861975122052,American,MISC
115434861975122052,Energy,ORG
115434861975122052,Amendment,MISC
115434861975122052,Greg Murphy,PER
115433013824981623,Brian Babin,PER
115433013824981623,D. D. S,ORG
115433013824981623,Texas,LOC
115433013824981623,House Science Committee,ORG
115433013824981623,Brian,PER
115433013824981623,and Regulations,ORG
115433013824981623,American Energy,ORG
115433013824981623,U. S. A,LOC
115433013824981623,Law Enforcement,ORG
115433013824981623,Military,ORG
115433013824981623,Amendment,MISC
115433013824981623,Brian Babin,PER
115433013192840304,Doc Ronny Jackson,PER
115433013192840304,America First,ORG
115433013192840304,Patriot,MISC
115433013192840304,Texas,LOC
115433013192840304,Congressional,MISC
115433013192840304,U. S. Navy,ORG
115433013192840304,Doc Ronny,PER
115433013192840304,Congress,ORG
115433013192840304,U. S,LOC
115433013192840304,A,LOC
115433013192840304,American Energy,ORG
115433013192840304,Amendment,MISC
115433013192840304,Doc Ronny Jackson,PER
115433011980643529,August Pfluger,PER
115433011980643529,Texas,LOC
115433011980643529,Congressional,MISC
115433011980643529,Republican Study Committee,ORG
115433011980643529,America First Age,MISC
115433011980643529,Regulations,MISC
115433011980643529,Farmers,MISC
115433011980643529,American,MISC
115433011980643529,Agriculture,ORG
115433011980643529,U. S,LOC
115433011980643529,A,LOC
115433011980643529,American Energy,ORG
115433011980643529,Second Amendment,MISC
115433011980643529,P,PER
115433011374281959,Jake Ellzey,PER
115433011374281959,America First,ORG
115433011374281959,Patriot,MISC
115433011374281959,Texas,LOC
115433011374281959,Navy,ORG
115433011374281959,V,MISC
115433011374281959,##an,MISC
115433011374281959,Jake,PER
115433011374281959,Congress,ORG
115433011374281959,American Energy,MISC
115433011374281959,U. S,LOC
115433011374281959,A,LOC
115433011374281959,Second Amendment,MISC
115433011374281959,Jake Ellze,PER
115433010735171759,Lance Gooden,PER
115433010735171759,America First,ORG
115433010735171759,Patriot,MISC
115433010735171759,Texas,LOC
115433010735171759,Congressional,ORG
115433010735171759,MAGA Warrior,MISC
115433010735171759,Lance,PER
115433010735171759,American Energy,ORG
115433010735171759,U. S,LOC
115433010735171759,A,LOC
115433010735171759,Military,ORG
115433010735171759,Amendment,MISC
115433010735171759,Lance Good,PER
115433010108866479,Troy Nehls,PER
115433010108866479,People of Texas,ORG
115433010108866479,Congressional,MISC
115433010108866479,Fort Bend County,LOC
115433010108866479,U. S. Army,ORG
115433010108866479,Troy,PER
115433010108866479,Law Enforcement,ORG
115433010108866479,Military,ORG
115433010108866479,and Veterans,ORG
115433010108866479,Congress,ORG
115433010108866479,U,LOC
115433010108866479,S,LOC
115433010108866479,A,LOC
115433010108866479,American Energy,ORG
115433010108866479,Amendment,MISC
115433010108866479,Troy Nehls,PER
115433009519508016,Keith Self,PER
115433009519508016,People,MISC
115433009519508016,Texas,LOC
115433009519508016,West Point,LOC
115433009519508016,Army,ORG
115433009519508016,Keith,PER
115433009519508016,Congress,ORG
115433009519508016,Crime,MISC
115433009519508016,American Energy,MISC
115433009519508016,U. S. A,LOC
115433009519508016,Amendment,MISC
115433009519508016,Keith Self,PER
115433008735462318,Claudia Tenney,PER
115433008735462318,People,ORG
115433008735462318,New York,LOC
115433008735462318,House Election Inte,ORG
115433008735462318,##rity Caucus,ORG
115433008735462318,Claudia,PER
115433008735462318,America First Fighter,ORG
115433008735462318,##guard,ORG
115433008735462318,Free,MISC
115433008735462318,Fair Elections,MISC
115433008735462318,U. S,LOC
115433008735462318,A,LOC
115433008735462318,American Energy,ORG
115433008735462318,Amendment,MISC
115433008735462318,Claudia Tenney,PER
115433008069468996,Nick Langworthy,PER
115433008069468996,America First,ORG
115433008069468996,Patriot,MISC
115433008069468996,New York,LOC
115433008069468996,Congressional,MISC
115433008069468996,Nick,PER
115433008069468996,New,ORG
115433008069468996,York,LOC
115433008069468996,Republican State Committee,ORG
115433008069468996,U,ORG
115433008069468996,. S.,LOC
115433008069468996,MAGA Warrior,MISC
115433008069468996,Nick,PER
115433008069468996,U. S,LOC
115433008069468996,A,LOC
115433008069468996,American Energy,ORG
115433008069468996,Amendment,MISC
115433008069468996,Nick Langworthy,PER
115433007140347848,Nicole Malliotakis,PER
115433007140347848,New York,LOC
115433007140347848,Congressional,MISC
115433007140347848,P,ORG
115433007140347848,##F,ORG
115433007140347848,House Appropriations Committee,ORG
115433007140347848,Nicole,PER
115433007140347848,America First,ORG
115433007140347848,Regulations,MISC
115433007140347848,Golden Age,MISC
115433007140347848,American Energy,ORG
115433007140347848,U. S,LOC
115433007140347848,A,LOC
115433007140347848,NYPD,ORG
115433007140347848,NYF,ORG
115433007140347848,Amendment,MISC
115433007140347848,Nicole Malliotaki,PER
115433006793180195,Eli Crane,PER
115433006793180195,America First,ORG
115433006793180195,Patriot,MISC
115433006793180195,Arizona,LOC
115433006793180195,Congressional,MISC
115433006793180195,Navy,ORG
115433006793180195,Eli,PER
115433006793180195,Congress,ORG
115433006793180195,Eli,PER
115433006793180195,and Regulations,ORG
115433006793180195,American Energy,ORG
115433006793180195,U. S,LOC
115433006793180195,A,LOC
115433006793180195,Amendment,MISC
115433006793180195,Eli Crane,PER
115432378654253078,Christopher Wray,PER
115432378654253078,Jack Smith,PER
115432378654253078,Me,PER
115432378654253078,##rrick Garland,PER
115432378654253078,Lisa Monaco,PER
115432378654253078,Biden Administration,ORG
115432378654253078,Operation Arctic Frost,MISC
115432378654253078,Senators,MISC
115432378654253078,Congress,ORG
115432378654253078,2020,MISC
115432378654253078,Presidential Election,MISC
115432378654253078,Radical Left,MISC
115432378654253078,##tics,MISC
115432277352547206,Christopher Wray,PER
115432277352547206,Merrill Garland,PER
115432277352547206,Lisa,PER
115431695569678615,Andrew Clyde,PER
115431695569678615,People,MISC
115431695569678615,Georgia,ORG
115431695569678615,U. S. Navy,ORG
115431695569678615,Andrew,PER
115431695569678615,Andrew,PER
115431695569678615,U,LOC
115431695569678615,S,LOC
115431695569678615,A,LOC
115431695569678615,Andrew,PER
115431695569678615,Se,MISC
115431695569678615,Border,MISC
115431695569678615,Crime,MISC
115431695569678615,American Energy,MISC
115431695569678615,Amendment,MISC
115431695569678615,Andrew Clyde,PER
115428907096790566,##IT,ORG
115428907096790566,P,PER
115428907096790566,AM,ORG
115428874684902595,CANADA,ORG
115428874684902595,Ronald Reagan,PER
115428874684902595,Canada,LOC
115428874684902595,United States,LOC
115428874684902595,Supreme Court,ORG
115428874684902595,Canada,LOC
115428874684902595,U. S.,LOC
115428874684902595,Ronald Reagan Foundation,ORG
115428874684902595,AMERIC,LOC
115428798659352209,Ford,ORG
115428798659352209,General Motors UP,ORG
115428798659352209,Truck,MISC
115428798659352209,Trump,PER
115426967566430347,Ronald Reagan Foundation,ORG
115426967566430347,Canada,LOC
115426967566430347,Ronald Reagan,PER
115426967566430347,U,ORG
115426967566430347,. S.,LOC
115426967566430347,Supreme Court,ORG
115426967566430347,U. S,LOC
115426967566430347,A,LOC
115426967566430347,CA,PER
115426967566430347,##NADA,ORG
115426967566430347,DJ,PER
115426823727952497,Ronald Reagan Foundation,ORG
115426823727952497,Canada,LOC
115426823727952497,Ronald Reagan,PER
115426823727952497,U,ORG
115426823727952497,. S.,LOC
115426823727952497,Supreme Court,ORG
115426823727952497,U. S,LOC
115426823727952497,A,LOC
115426823727952497,CA,PER
115426823727952497,##NADA,ORG
115426823727952497,DJ,PER
115426103540693339,Down Syndrome A,MISC
115426103540693339,Month,MISC
115426103540693339,Down Syndrome,MISC
115426103540693339,Country,LOC
115426103540693339,God,PER
115425827275887037,Democrats,MISC
115425827275887037,##hey,PER
115424560133045127,Federal Government,ORG
115424560133045127,San Francisco,LOC
115424560133045127,California,LOC
115424560133045127,Daniel Lurie,PER
115424560133045127,Lurie,PER
115424560133045127,Law,MISC
115424560133045127,San Francisco,LOC
115424560133045127,Crime,MISC
115424560133045127,Jensen Huang,PER
115424560133045127,Marc Benioff,PER
115424560133045127,San Francisco,LOC
115424560133045127,San Francisco,LOC
115421521228626427,Kelly Armstrong,PER
115421521228626427,State of,LOC
115421521228626427,North Dakota,LOC
115421521228626427,Great People,MISC
115421521228626427,North Dakota,LOC
115420878291596525,Lee Zeld,PER
115420878291596525,Trump EPA,ORG
115420878291596525,EPA,ORG
115420822058223259,Josh Hawley,PER
115420822058223259,CNN,ORG
115420822058223259,Trump,PER
115420822058223259,White House,LOC
115420822058223259,Man,PER
115420822058223259,##u Raju,PER
115420822058223259,Hawley,PER
115420822058223259,Man,PER
115420822058223259,Christopher Columbus,PER
115420822058223259,Thomas Jefferson,PER
115420822058223259,Theodore Roosevelt,PER
115420822058223259,East Wing,LOC
115420822058223259,Over,PER
115420686286814272,Chicago,LOC
115420686286814272,P,PER
115420686286814272,##ritzker,PER
115420559392004198,Barack Hussein Obama,PER
115420559392004198,Joe Biden,PER
115420559392004198,Joe Biden,PER
115420559392004198,Obama,PER
115420559392004198,Swing State,MISC
115420559392004198,Black Vote,MISC
115420559392004198,Black Voters,ORG
115420559392004198,O,MISC
115420559392004198,GRE,MISC
115420439983527137,American,MISC
115420439983527137,America,LOC
115420439983527137,World,MISC
115420439983527137,B,PER
115420439983527137,##ret Bai,PER
115420439983527137,GRE,MISC
115420439983527137,Book,MISC
115420439983527137,Teddy Roosevelt,PER
115420439983527137,American,MISC
115420439983527137,Teddy Roosevelt,PER
115420439983527137,of a Superpower,MISC
115420436157664232,Oval Office,LOC
115420436157664232,Brad Little,PER
115420436157664232,GRE,MISC
115420436157664232,Idaho,LOC
114661266771433205,Brad Little,PER
114661266771433205,Idaho,LOC
114661266771433205,Brad,PER
114661266771433205,Idaho,LOC
114661266771433205,and Ranch,ORG
114661266771433205,Enforcement,ORG
114661266771433205,Amendment,MISC
114661266771433205,Brad Little,PER
115420411260976917,Eric Trump,PER
115419815673188246,Treasury Sanctions,ORG
115419815673188246,Russian,MISC
115419815673188246,Oil Companies,ORG
115419815673188246,Moscow,LOC
115419815673188246,Ce,ORG
115419686256202789,The,ORG
115419686256202789,Wall Street Journal,ORG
115419686256202789,U. S. A,LOC
115419686256202789,Ukraine,LOC
115419686256202789,Russia,LOC
115419686256202789,U. S.,LOC
115419686256202789,Ukraine,LOC
115419589580674458,W,PER
115419589580674458,##ilton Simpson,PER
115419589580674458,Florida,LOC
115419589580674458,Home State,LOC
115419589580674458,S,MISC
115419589580674458,W,PER
115419589580674458,##ilton,PER
115419589580674458,Generation,MISC
115419589580674458,Floridian,MISC
115419589580674458,State,ORG
115419589580674458,Senate,ORG
115419589580674458,Sunshine State,LOC
115419589580674458,America First,ORG
115419589580674458,Patriot,MISC
115419589580674458,W,PER
115419589580674458,##ilton,PER
115419589580674458,Florida Agriculture,ORG
115419589580674458,Farmers and Ranch,ORG
115419589580674458,American Energy,MISC
115419589580674458,U,LOC
115419589580674458,S,LOC
115419589580674458,A,LOC
115419589580674458,Se,MISC
115419589580674458,Amendment,MISC
115419589580674458,W,PER
115419589580674458,##ilton Simpson,PER
115419584805414647,Mike Dunleavy,PER
115419584805414647,Alaska,LOC
115419584805414647,Great,MISC
115419584805414647,State of,LOC
115419584805414647,Alaska,LOC
115419584805414647,ALAS,LOC
115419583758354199,Leech Lake Band,ORG
115419583758354199,O,LOC
115419583758354199,##jibwe,ORG
115419580763584285,Jim Pillen,PER
115419580763584285,Great State of,LOC
115419580763584285,Nebraska,LOC
115419580763584285,Nebraska,LOC
115419580763584285,Cornhusker State,LOC
115419577297297862,Mike Kehoe,PER
115419577297297862,Great State of,LOC
115419577297297862,Missouri,LOC
115419577297297862,The,MISC
115419577297297862,Show Me State,MISC
115419577297297862,Patriots,MISC
115419510654451460,New Jersey,LOC
115419510654451460,Virginia,LOC
115419510654451460,AM,MISC
115419510654451460,##AN C,MISC
115419510654451460,Republican,MISC
115419510654451460,Co,MISC
115419510654451460,Democrat,MISC
115419510654451460,Co,MISC
115419510654451460,Energy,ORG
115419510654451460,Democrat,MISC
115418866635313882,Mary Barra,PER
115418866635313882,General Motors,ORG
115418866635313882,Bill Ford,PER
115418866635313882,Ford Motor Company,ORG
115418866635313882,Size,MISC
115418866635313882,Si,MISC
115418866635313882,Truck and Car Manufacturers,ORG
115418866635313882,United States,LOC
115418866635313882,National Security,ORG
115418866635313882,and,ORG
115418834028774105,Countries,MISC
115418834028774105,Cat,ORG
115418834028774105,##tle Ranch,MISC
115418813519600271,Cattle Ranch,ORG
115418813519600271,United States,LOC
115418813519600271,Brazil,LOC
115412289768445562,Middle East,LOC
115412289768445562,Middle East,LOC
115412289768445562,GAZA,LOC
115412289768445562,Hamas,ORG
115412289768445562,Hamas,ORG
115412289768445562,Middle East,LOC
115412289768445562,Israel,LOC
115412289768445562,Hamas,ORG
115412289768445562,Hamas,ORG
115412289768445562,Indonesia,LOC
115412289768445562,Middle East,LOC
115412289768445562,U. S,LOC
115412289768445562,A,LOC
115408925114284473,FBI,ORG
115408925114284473,Administration,ORG
115408925114284473,V,MISC
115408925114284473,Criminal,MISC
115408925114284473,Criminal Enterprises,ORG
115408925114284473,Fen,MISC
115408925114284473,America,LOC
115408925114284473,Ka,PER
115408925114284473,##sh,PER
115408925114284473,Dan,PER
115408925114284473,Andrew,PER
115408925114284473,FBI,ORG
115408925114284473,MA,PER
115408925114284473,AMERIC,LOC
115408922697857899,J,ORG
115408922697857899,CIATTAR,ORG
115408922697857899,Mi,PER
115408922697857899,##kie Sherrill,PER
115408922697857899,Democrats,MISC
115408922697857899,Country,LOC
115408922697857899,Jack Ciattarelli,PER
115408922697857899,Mi,PER
115408922697857899,##kie Sherrill,PER
115408922697857899,Mi,PER
115408922697857899,##TT,ORG
115408916651989676,Jack Ciattarelli,PER
115408916651989676,New Jersey,LOC
115408916651989676,Mi,PER
115408916651989676,##kie Sherrill,PER
115408916651989676,Energy,ORG
115408916651989676,New Jersey,LOC
115408916651989676,Power of Common Sense,MISC
115408916651989676,New Jersey,LOC
115408916651989676,Jack,PER
115408916651989676,Mi,PER
115408916651989676,##kie Sherrill,PER
115408916651989676,Energy,ORG
115408916651989676,New Jersey,LOC
115408916651989676,Jack,PER
115408916651989676,Washington,LOC
115408916651989676,Electric,ORG
115408916651989676,Energy,ORG
115408916651989676,Gas,ORG
115408916651989676,Mi,PER
115408916651989676,##kie,PER
115408916651989676,Government,ORG
115408916651989676,Energy,ORG
115408916651989676,Jack Ciattarelli,PER
115408916651989676,White House,LOC
115408916651989676,Jack Ciattarelli,PER
115408916651989676,Energy,ORG
115408916651989676,Mi,PER
115408916651989676,##kie,PER
115408916651989676,Energy,ORG
115408916651989676,New Jersey,LOC
115408594704490513,White House,LOC
115408594704490513,White House Ballroom,LOC
115408594704490513,White House,LOC
115408594704490513,East Wing,LOC
115408594704490513,White House,LOC
115408594704490513,American,MISC
115408594704490513,White House Ballroom,LOC
115408594704490513,Patriots,ORG
115408594704490513,Great American Companies,ORG
115408594704490513,Ballroom,LOC
115408279042674945,Alexander Van Hook,PER
115408279042674945,United States District Court,ORG
115408279042674945,Western District of,LOC
115408279042674945,Louisiana,LOC
115408279042674945,Alexander,PER
115408279042674945,Centenary College of Louisiana,ORG
115408279042674945,Louisiana State University,ORG
115408279042674945,##ris Doctorate,MISC
115408279042674945,United States,LOC
115408279042674945,Western District of,LOC
115408279042674945,Louisiana,LOC
115408279042674945,Alexander,PER
115408279042674945,Louisiana,LOC
115408279042674945,Constitutional Rights,MISC
115408279042674945,Alexander,PER
115408279042674945,Alexander,PER
115408277865887528,William Crain,PER
115408277865887528,United States District Court,ORG
115408277865887528,Eastern District of,LOC
115408277865887528,Louisiana,LOC
115408277865887528,William,PER
115408277865887528,Louisiana State University,ORG
115408277865887528,Louisiana,LOC
115408277865887528,State Court,ORG
115408277865887528,Louisiana Supreme Court,ORG
115408277865887528,William,PER
115408277865887528,Constitution,MISC
115408277865887528,Rule of Law,MISC
115408277865887528,Rights,MISC
115408277865887528,William,PER
115408277865887528,William,PER
115402354000676703,I,PER
115402354000676703,Mark Savaya,PER
115402354000676703,Republic of Iraq,LOC
115402354000676703,Marks,PER
115402354000676703,Iraq,MISC
115402354000676703,U. S.,LOC
115402354000676703,American,MISC
115402354000676703,Mark,PER
115402354000676703,Michigan,LOC
115402354000676703,Muslim Americans,MISC
115402354000676703,Mark,PER
115401193724514444,Maria Bartiromo,PER
115401193724514444,FoxNews,ORG
115401182824973489,Gustavo Petro,PER
115401182824973489,Colombia,LOC
115401182824973489,Colombia,LOC
115401182824973489,Colombia,LOC
115401182824973489,Pet,PER
115401182824973489,USA,LOC
115401182824973489,America,LOC
115401182824973489,CO,LOC
115401182824973489,##OMBI,LOC
115401182824973489,United States,LOC
115401182824973489,Pet,PER
115401182824973489,America,LOC
115401182824973489,United States,LOC
115401182824973489,Donald J,PER
115401182824973489,Trump,PER
115400895783278217,Gustavo Petro,PER
115400895783278217,Columbia,LOC
115400895783278217,Columbia,LOC
115400895783278217,Columbia,LOC
115400895783278217,Pet,PER
115400895783278217,##ro,ORG
115400895783278217,USA,LOC
115400895783278217,America,LOC
115400895783278217,CO,LOC
115400895783278217,United States,LOC
115400895783278217,Pet,PER
115400895783278217,America,LOC
115400895783278217,United States,LOC
115400895783278217,Donald J,PER
115400895783278217,Trump,PER
115373650611754631,Eric,PER
115373650611754631,Eric,PER
115396632441470075,S,ORG
115396632441470075,United States,LOC
115396632441470075,U. S. Intelligence,ORG
115396632441470075,Fentany,MISC
115396632441470075,Americans,MISC
115396632441470075,Ecuador,LOC
115396632441470075,Colombia,LOC
115396632441470075,U,ORG
115396632441470075,.,LOC
115396632441470075,S. Forces,ORG
115396632441470075,United States of America,LOC
115396632441470075,AMERICA,LOC
115387504970821391,Slip,MISC
115387504970821391,Republican,MISC
115387504970821391,Democrat,MISC
115387504970821391,U. S.,LOC
115387504970821391,District,ORG
115387504970821391,Republican,MISC
115387504970821391,S,MISC
115387504970821391,##lip,ORG
115387504970821391,Republican,MISC
115387504970821391,U. S.,LOC
115387504970821391,Democrat,MISC
115387504970821391,DJ,PER
115391463725537040,Vol,PER
115391463725537040,##odymy,PER
115391463725537040,##r Zelenskyy,PER
115391463725537040,Ukraine,LOC
115391463725537040,Putin,PER
115391463725537040,War,MISC
115391463725537040,Guts,MISC
115391463725537040,Victory,MISC
115391463725537040,War,MISC
115391855540856433,Thomas Massie,PER
115391855540856433,Great,LOC
115391855540856433,Commonwealth,ORG
115391855540856433,of Kentucky,LOC
115391855540856433,S,MISC
115391855540856433,Kentucky,LOC
115391855540856433,4th,LOC
115391855540856433,Congressional,ORG
115391855540856433,District,LOC
115391855540856433,AM,ORG
115391855540856433,##IC,ORG
115391855540856433,Navy,ORG
115391855540856433,Army,ORG
115391855540856433,Ed Gallre,PER
115391855540856433,America First,ORG
115391855540856433,Patriot,MISC
115391855540856433,Ed,PER
115391855540856433,Ed,PER
115391855540856433,U,LOC
115391855540856433,S,LOC
115391855540856433,A,LOC
115391855540856433,Farmers,MISC
115391855540856433,American,MISC
115391855540856433,American Energy,MISC
115391855540856433,Golden Age,MISC
115391855540856433,Congress,ORG
115391855540856433,Crime,MISC
115391855540856433,Amendment,MISC
115391855540856433,Ed,PER
115391855540856433,Mass,PER
115391855540856433,Great People of,ORG
115391855540856433,Kentucky,LOC
115391855540856433,Republican Party,ORG
115391855540856433,Radical Left,ORG
115391855540856433,Mass,PER
115391855540856433,##ie,PER
115391855540856433,L,PER
115391855540856433,Mass,PER
115391855540856433,Ed Gallre,PER
115391842662459841,Rand Paul,PER
115391842662459841,Great,MISC
115391842662459841,Commonwealth of Kentucky,ORG
115391842662459841,Republican Party,ORG
115391842662459841,Thomas Massie,PER
115391842662459841,Rand Paul Jr,PER
115391842662459841,Kentucky,LOC
115391842662459841,W,PER
115391842662459841,##ack,PER
115391842662459841,Republican Party,ORG
115391842662459841,MAGA,ORG
115391842662459841,America First,ORG
115391767709119144,George Santos,PER
115391767709119144,Country,LOC
115391767709119144,George,PER
115391767709119144,Democrat,MISC
115391767709119144,Richard Da Nan,PER
115391767709119144,Dick Blument,PER
115391767709119144,Da Nan,PER
115391767709119144,Vietnam V,MISC
115391767709119144,##an,MISC
115391767709119144,W,MISC
115391767709119144,##nded,MISC
115391767709119144,Dead,MISC
115391767709119144,Great Hero,MISC
115391767709119144,Vietnam,LOC
115391767709119144,Vietnam,LOC
115391767709119144,Battle,MISC
115391767709119144,War Hero,MISC
115391767709119144,Military,ORG
115391767709119144,George Santos,PER
115391767709119144,Santos,PER
115391767709119144,George,PER
115391767709119144,George Santos,PER
115391767709119144,George,PER
115391496046848119,North Carolina,LOC
115391496046848119,Republican,MISC
115391496046848119,Congressional Map,MISC
115391496046848119,North Carolina,LOC
115391496046848119,North Carolina,LOC
115391496046848119,MA,ORG
115391496046848119,Republican,MISC
115391496046848119,Midterm Elections,MISC
115391496046848119,America First Age,MISC
115391496046848119,North Carolina,LOC
115391496046848119,Nation,LOC
115391496046848119,Electoral,ORG
115391496046848119,College,MISC
115391496046848119,States,MISC
115391496046848119,Party,ORG
115391496046848119,American People,ORG
115391496046848119,Republican,MISC
115391496046848119,North Carolina,LOC
115391496046848119,Legislature,ORG
115391496046848119,of S,MISC
115391496046848119,Republicans,MISC
115391496046848119,The Tar Heel State,LOC
115391496046848119,our Country,MISC
115391496046848119,AMER,LOC
115391496046848119,CA,PER
115386869985631344,YouTube,ORG
115386869985631344,Kai,PER
115386869985631344,Golf Match,MISC
115386869985631344,Trump National Golf Club,LOC
115386869985631344,"Washington,",LOC
115386869985631344,D. C,LOC
115386862652518090,United States Air Force Academy,ORG
115386862652518090,Chapel,LOC
115386862652518090,One,MISC
115386860322605604,G,MISC
115386860322605604,U. S.,LOC
115386860322605604,States,LOC
115386860322605604,Republicans,MISC
115386860322605604,Democrats,MISC
115386860322605604,Chuck Grassley,PER
115386860322605604,Blue,MISC
115386860322605604,S,ORG
115386860322605604,##lip,MISC
115386860322605604,Democrats,MISC
115386860322605604,Republicans,MISC
115386860322605604,G,MISC
115386860322605604,##RE,MISC
115386860322605604,Radical Left Democrats,MISC
115385308751129485,International Maritime Organization,ORG
115385308751129485,London,LOC
115385308751129485,Carbon Tax,MISC
115385308751129485,United States,LOC
115385308751129485,Global Green New Scam Tax,MISC
115385308751129485,Shipping,ORG
115385308751129485,American,MISC
115385308751129485,Consumers OR,ORG
115385308751129485,Green New Scam,MISC
115385308751129485,Green,MISC
115385308751129485,United States,LOC
115385308751129485,London,LOC
115385030312911724,Hamas,ORG
115385030312911724,Gaza,LOC
115384956858741387,Vladimir Putin,PER
115384956858741387,Russia,LOC
115384956858741387,Putin,PER
115384956858741387,United States,LOC
115384956858741387,Great Acco,MISC
115384956858741387,##lishment of Peace,MISC
115384956858741387,Middle East,LOC
115384956858741387,Success in the,MISC
115384956858741387,Middle East,LOC
115384956858741387,War,MISC
115384956858741387,Russia,LOC
115384956858741387,Ukraine,LOC
115384956858741387,Putin,PER
115384956858741387,Mel,PER
115384956858741387,##ania,PER
115384956858741387,Trade,MISC
115384956858741387,Russia,LOC
115384956858741387,United States,LOC
115384956858741387,War,MISC
115384956858741387,Ukraine,LOC
115384956858741387,United States,LOC
115384956858741387,Marco Rubio,PER
115384956858741387,Putin,PER
115384956858741387,Budapest,LOC
115384956858741387,Hungary,LOC
115384956858741387,War,MISC
115384956858741387,Russia,LOC
115384956858741387,Ukraine,LOC
115384956858741387,Zele,PER
115384956858741387,##nsky,PER
115384956858741387,Oval Office,LOC
115384956858741387,Putin,PER
115384523296720119,Putin,PER
115384523296720119,Putin,PER
115374634610067538,Donald J. Trump,PER
115374634610067538,Charlie Kirk,PER
115374634610067538,Presidential Medal of Freedom,MISC
115374634610067538,American,MISC
115375511151051697,Trump Administration,ORG
115375511151051697,Charlie Kirk,PER
115375511151051697,Charlie,PER
115375111830070922,John Moolenaar,PER
115375111830070922,Michigan,LOC
115375111830070922,Congressional,MISC
115375111830070922,Select Committee,ORG
115375111830070922,CCP,ORG
115375111830070922,John,PER
115375111830070922,U. S,LOC
115375111830070922,A,LOC
115375111830070922,Advance American Energy,ORG
115375111830070922,Amendment,MISC
115375111830070922,John Moolenaar,PER
115375110884191581,Tom Cole,PER
115375110884191581,Oklahoma,LOC
115375110884191581,Congressional,MISC
115375110884191581,P,ORG
115375110884191581,House Appropriations Committee,ORG
115375110884191581,Tom,PER
115375110884191581,America First,ORG
115375110884191581,G,MISC
115375110884191581,Regulations,MISC
115375110884191581,Nations Golden Age,MISC
115375110884191581,American Energy,ORG
115375110884191581,Second Amendment,MISC
115375110884191581,Tom Cole,PER
115375110148150196,Russell Fry,PER
115375110148150196,America First,ORG
115375110148150196,Patriot,MISC
115375110148150196,South Carolina,LOC
115375110148150196,Congressional,MISC
115375110148150196,MAGA Warrior,MISC
115375110148150196,Russell,PER
115375110148150196,American Energy,ORG
115375110148150196,U. S,LOC
115375110148150196,A,LOC
115375110148150196,Amendment,MISC
115375110148150196,Russell Fry,PER
115375109495548501,William Timmons,PER
115375109495548501,South Carolina,LOC
115375109495548501,Congressional,MISC
115375109495548501,South Carolina,ORG
115375109495548501,Air National Guard,ORG
115375109495548501,William,PER
115375109495548501,"Law Enforcement, Military",ORG
115375109495548501,and Veterans,ORG
115375109495548501,Congress,ORG
115375109495548501,Regulations,MISC
115375109495548501,U. S,LOC
115375109495548501,American Energy,ORG
115375109495548501,Amendment,MISC
115375109495548501,William Timmons,PER
115375108797044323,Vince Fong,PER
115375108797044323,California,LOC
115375108797044323,Congressional,MISC
115375108797044323,Vince,PER
115375108797044323,Congress,ORG
115375108797044323,Water Solutions,ORG
115375108797044323,and Ranch,ORG
115375108797044323,Amendment,MISC
115375108797044323,Vince Fong,PER
115375108572896191,Tim Moore,PER
115375108572896191,North Carolina,LOC
115375108572896191,Congressional,MISC
115375108572896191,Tim,PER
115375108572896191,North,ORG
115375108572896191,Carolina,LOC
115375108572896191,House of Representatives,ORG
115375108572896191,U. S.,LOC
115375108572896191,Congress,ORG
115375108572896191,U,LOC
115375108572896191,S,LOC
115375108572896191,A,LOC
115375108572896191,American,MISC
115375108572896191,Energy,ORG
115375108572896191,Amendment,MISC
115375108572896191,Tim Moore,PER
115375107555771159,Congress,ORG
115375107555771159,Laurel Lee,PER
115375107555771159,Florida,LOC
115375107555771159,Congressional,MISC
115375107555771159,Laurel,PER
115375107555771159,Florida,ORG
115375107555771159,Congress,ORG
115375107555771159,Laurel,PER
115375107555771159,U,LOC
115375107555771159,S,LOC
115375107555771159,A,LOC
115375107555771159,American,MISC
115375107555771159,Energy,ORG
115375107555771159,Second Amendment,MISC
115375107555771159,Laurel Lee,PER
115375107170577916,Congress,ORG
115375107170577916,Kat Cammack,PER
115375107170577916,Florida,LOC
115375107170577916,Congressional,MISC
115375107170577916,Congress,ORG
115375107170577916,Kat,PER
115375107170577916,U,LOC
115375107170577916,S,LOC
115375107170577916,A,LOC
115375107170577916,and Ranch,ORG
115375107170577916,Advance American Energy,ORG
115375107170577916,Amendment,MISC
115375107170577916,Kat Cammack,PER
115375106561964982,Neal Dunn,PER
115375106561964982,Great People of Florida,ORG
115375106561964982,Congressional,MISC
115375106561964982,U,ORG
115375106561964982,. S,LOC
115375106561964982,. Army,ORG
115375106561964982,Neal,PER
115375106561964982,Congress,ORG
115375106561964982,Neal,PER
115375106561964982,American Energy,ORG
115375106561964982,Second Amendment,MISC
115375106561964982,Neal Dunn,PER
115375105881550079,Bob Onder,PER
115375105881550079,MAGA Warrior,MISC
115375105881550079,Missouri,LOC
115375105881550079,Congressional,MISC
115375105881550079,Bob,PER
115375105881550079,Congress,ORG
115375105881550079,American,MISC
115375105881550079,Energy,ORG
115375105881550079,Crime,MISC
115375105881550079,Amendment,MISC
115375105881550079,Bob Onder,PER
115374972311663773,Javier Milei,PER
115374972311663773,Argentina,LOC
115374972311663773,Midterms,MISC
115374972311663773,Argentina,LOC
115374972311663773,Javier Milei,PER
115374972311663773,AR,LOC
115374972311663773,##GENTIN,ORG
115374202790006886,China,LOC
115374202790006886,##be,ORG
115374202790006886,Soybean Farmers,ORG
115374202790006886,Hostile Act,MISC
115374202790006886,China,LOC
115374202790006886,Cooking Oil,ORG
115374202790006886,Cooking Oil,ORG
115374202790006886,China,LOC
115373751811822463,Designated Terrorist Organization,ORG
115373751811822463,DTO,ORG
115373751811822463,USSOUTHCOM,ORG
115373751811822463,Coast of Venezuela,LOC
115373751811822463,DTO,ORG
115373751811822463,International Waters,LOC
115373751811822463,U. S. Forces,ORG
115373521310796812,Middle East,LOC
115373521310796812,Charlie K,PER
115373521310796812,Presidential Medal of Freedom,MISC
115373521310796812,Rose Garden,LOC
115373521310796812,Presidential Wall of Fame,MISC
115373521310796812,Palm Court,LOC
115373521310796812,Main South Entrance,LOC
115370899456605514,Time Magazine,ORG
115370899456605514,All Time,MISC
115370891823342027,"Washington, D. C",LOC
115370891823342027,Israel,LOC
115370891823342027,Egypt,LOC
115370891823342027,Great Countries,MISC
115370891823342027,Gaza,LOC
115370756035314921,Jensen Huang,PER
115370756035314921,Trump,PER
115370756035314921,Miracle,MISC
115370746210555899,G,PER
115370746210555899,##ior,PER
115370746210555899,##gia Meloni,PER
115370746210555899,GRE,ORG
115370746210555899,Italy,LOC
115370746210555899,I Am Giorgia,MISC
115370746210555899,Roots,MISC
115370746210555899,My Principles,MISC
115370746210555899,G,PER
115370746210555899,##ior,PER
115370746210555899,Italy,LOC
115370746210555899,Country,MISC
115367994821475171,Pakistani,MISC
115367994821475171,She,PER
115367994821475171,##hbaz Sharif,PER
115367994821475171,##onal,MISC
115367994821475171,##T,MISC
115367994821475171,Gaza Peace Summit,MISC
115367950848477257,Middle East,LOC
115367893972306613,Free World,ORG
115367574318732455,United States Navy,ORG
115366807600343140,USA,LOC
115366807600343140,GO,MISC
115366807600343140,Israel,LOC
115366807600343140,Golden Age of the,MISC
115366807600343140,Middle East,LOC
115366805606870680,God,PER
115366805606870680,Middle East,LOC
115366802439420195,Israel,LOC
115366802439420195,Knesset,LOC
115366802439420195,Holy Land,LOC
115366802439420195,P,LOC
115366802439420195,God,PER
115366790852004595,##T,ORG
115366790852004595,Knesset,LOC
115366790852004595,Jerusalem,LOC
115366790852004595,Donald J,PER
115366790852004595,Trump,PER
115362978954725477,Conrad Black,PER
115362978954725477,Trump,PER
115362978954725477,Middle East,LOC
115362978954725477,Israel,LOC
115362973187528235,Americas Colleges,ORG
115362973187528235,Universities,ORG
115362973187528235,United States,LOC
115362973187528235,Youth and Society,ORG
115362973187528235,ANTI,MISC
115362973187528235,AMERICAN I,MISC
115362973187528235,Great,MISC
115362973187528235,Op,MISC
115362973187528235,Americans,MISC
115362973187528235,American,MISC
115362973187528235,##es,MISC
115362973187528235,Federal Law,MISC
115362973187528235,Truth,ORG
115362973187528235,Federal Government,ORG
115362973187528235,Golden Age of Academic Excellence,MISC
115362973187528235,Higher Education,MISC
115362973187528235,Federal Law,MISC
115362973187528235,Rights,MISC
115362973187528235,Speech,MISC
115362973187528235,De,MISC
115362973187528235,American,MISC
115362973187528235,Americans,MISC
115362973187528235,American,MISC
115362973187528235,Americans,MISC
115362196088273474,China,LOC
115362196088273474,Xi,PER
115362196088273474,Depression,MISC
115362196088273474,U. S. A,LOC
115362196088273474,China,LOC
115362196088273474,DJ,PER
115361806192142146,Ukraine,LOC
115361806192142146,Sc,PER
115361806192142146,##am,MISC
115361806192142146,Il,MISC
115361806192142146,Ho,MISC
115361806192142146,Watergate,ORG
115361806192142146,Adam Schiff,PER
115361806192142146,Schiff,PER
115361806192142146,DJ,PER
115359298785234325,Dan Scavino,PER
115359298785234325,Trump Administration,ORG
115359298785234325,White House,LOC
115359298785234325,Presidential Personnel Office,ORG
115359298785234325,Sergio Gor,PER
115359298785234325,India,LOC
115359298785234325,Dan,PER
115359298785234325,Dan,PER
115359298785234325,DJ,PER
115359345947837427,BIDEN FBI,ORG
115359345947837427,J,MISC
115359097815090250,Bill Brennan,PER
115359097815090250,Fake News CNN,ORG
115356736998906023,Chuck Schumer,PER
115356736998906023,Radical Left,MISC
115356736998906023,Chuck Schum,PER
115356736998906023,Democrats,MISC
115356736998906023,Brave Troops,ORG
115356736998906023,Pete Hegseth,PER
115356736998906023,Troops,ORG
115356736998906023,He,PER
115356736998906023,##gseth,PER
115356736998906023,Democrats,MISC
115356736998906023,Military,ORG
115356736998906023,Security of our Nation,ORG
115356736998906023,Radical Left Democrats,MISC
115356736998906023,Healthcare,ORG
115356736998906023,AMERICA,LOC
115353404685317152,U. S.,LOC
115353404685317152,D. C,LOC
115351840469973590,China,LOC
115351840469973590,Trade,MISC
115351840469973590,World,ORG
115351840469973590,AL,MISC
115351840469973590,Countries,MISC
115351840469973590,International Trade,MISC
115351840469973590,Nations,ORG
115351840469973590,China,LOC
115351840469973590,U. S. A,LOC
115351840469973590,Nations,ORG
115351840469973590,China,LOC
115351840469973590,United States of America,LOC
115351840469973590,China,LOC
115351840469973590,China,LOC
115351840469973590,AMERICA,LOC
115350455734003647,China,LOC
115350455734003647,World,LOC
115350455734003647,Earths,MISC
115350455734003647,China,LOC
115350455734003647,World,LOC
115350455734003647,China,LOC
115350455734003647,Trade,MISC
115350455734003647,China,LOC
115350455734003647,Trade,ORG
115350455734003647,China,LOC
115350455734003647,World,LOC
115350455734003647,Elements,ORG
115350455734003647,Monopoly,MISC
115350455734003647,U. S.,LOC
115350455734003647,Monopoly,MISC
115350455734003647,China,MISC
115350455734003647,Nations,ORG
115350455734003647,Xi,PER
115350455734003647,Free World,ORG
115350455734003647,Xi,PER
115350455734003647,APEC,ORG
115350455734003647,South Korea,LOC
115350455734003647,Chinese,MISC
115350455734003647,China,LOC
115350455734003647,States,LOC
115350455734003647,America,LOC
115345041705180674,World,MISC
115255034951633832,AGPamB,ORG
115255034951633832,##ond,PER
115255034951633832,U. S.,LOC
115255034951633832,Jason Reding Quiones,PER
115255034951633832,Southern District of,ORG
115255034951633832,Florida,LOC
115255034951633832,Ryan Routh,PER
115255034951633832,Trump,PER
115255034951633832,U. S.,LOC
115255034951633832,Ai,PER
115255034951633832,##leen Cannon,PER
115345035086352570,Gary Player,PER
115345035086352570,United Nations,MISC
115345035086352570,Trump,PER
115344973130792718,FBI,ORG
115344973130792718,Christopher Wray,PER
115344973130792718,Capitol,LOC
115344973130792718,Political Bias,MISC
115344973130792718,Abu,MISC
115344973130792718,Ka,PER
115344973130792718,##sh Patel,PER
115344973130792718,Pam Bondi,PER
115344973130792718,Political Bias,MISC
115344973130792718,Bureau,ORG
115344973130792718,DOJ,ORG
115344969648448054,Ben Carson,PER
115344969648448054,N,ORG
115344969648448054,United States Department of Agriculture,ORG
115344969648448054,Carson,PER
115344969648448054,Presidential Medal of Freedom,MISC
115344969648448054,American Patriot,MISC
115344969648448054,of Happiness,MISC
115344969648448054,Ben,PER
115344056627930464,E,PER
115344056627930464,##ylon Levy,PER
115344056627930464,FoxNews,ORG
115344056627930464,Middle East,LOC
115344029460933968,United States,LOC
115344029460933968,Mike Huckabee,PER
115344029460933968,Peace,MISC
115344029460933968,Middle East,LOC
115344029460933968,Mike,PER
115344000556414178,Republican,MISC
115344000556414178,Brian Mast,PER
115344000556414178,Florida,LOC
115344000556414178,Hostages,MISC
115344000556414178,Middle East,LOC
115344000556414178,Fox & Friends,ORG
115344000556414178,Brian,PER
115344000556414178,DJ,PER
115340993884364431,Israel,LOC
115340993884364431,Hamas,ORG
115340993884364431,Peace Plan,MISC
115340993884364431,Israel,LOC
115340993884364431,G,MISC
115340993884364431,##REAT Day,MISC
115340993884364431,Arab,MISC
115340993884364431,Muslim,MISC
115340993884364431,World,LOC
115340993884364431,Israel,LOC
115340993884364431,Nations,ORG
115340993884364431,United States of America,LOC
115340993884364431,Qatar,LOC
115340993884364431,Egypt,LOC
115340993884364431,Turkey,LOC
115340993884364431,AMERICA,LOC
115339214405326306,Jeff Van Drew,PER
115339214405326306,MA,MISC
115339214405326306,New Jersey,LOC
115339214405326306,Congressional,ORG
115339214405326306,House Judiciary Subcommittee,ORG
115339214405326306,Oversight,ORG
115339214405326306,Jeff,PER
115339214405326306,America First Agenda,MISC
115339214405326306,Regulations,MISC
115339214405326306,Mi,MISC
115339214405326306,Crime,MISC
115339214405326306,American Energy,ORG
115339214405326306,Second Amendment,MISC
115339214405326306,Jeff Van Drew,PER
115339130014906858,Chris Smith,PER
115339130014906858,New Jersey,LOC
115339130014906858,House,ORG
115339130014906858,Committee on Foreign Affairs,ORG
115339130014906858,Chris,PER
115339130014906858,America First Age,MISC
115339130014906858,U. S,LOC
115339130014906858,American Energy,ORG
115339130014906858,Amendment,MISC
115339130014906858,Chris Smith,PER
115339108942948542,Florida,LOC
115339108942948542,James Uthmeier,PER
115339108942948542,G,MISC
115339108942948542,Sunshine State,LOC
115339108942948542,James,PER
115339108942948542,America First,ORG
115339108942948542,Warrior,MISC
115339108942948542,MAGA,ORG
115339108942948542,AL,ORG
115339108942948542,ALCATRA,ORG
115339108942948542,United States Supreme Court,ORG
115339108942948542,Executive Power,ORG
115339108942948542,Deep State,ORG
115339108942948542,James,PER
115339108942948542,Law Enforcement,ORG
115339108942948542,FLORID,ORG
115339108942948542,James,PER
115339108942948542,Law and Order,ORG
115339108942948542,Constitutional Rights,MISC
115339108942948542,Second Amendment,MISC
115339108942948542,James Uthmei,PER
115338509988551290,Chicago,LOC
115338509988551290,P,PER
115338509988551290,##ritzker,PER
115271135823530018,O,MISC
115336547657622506,AMERIC,LOC
115336083572186272,Jack Smith,PER
115336083572186272,B,ORG
115336083572186272,##iden DOJ,ORG
115336083572186272,Republican,MISC
115336083572186272,Senators,MISC
115336083572186272,Republican,MISC
115336083572186272,Republican Party,ORG
115335985411793079,Matt Van Epps,PER
115335985411793079,Tennessee,LOC
115335985411793079,DJ,PER
115335941705023271,Richard Da Nan,PER
115335941705023271,Dick Blumenthal,PER
115335941705023271,United States,LOC
115335941705023271,Senate,ORG
115335941705023271,Dick,PER
115335941705023271,F,ORG
115335941705023271,##ake News Media,ORG
115335941705023271,War Hero,MISC
115335941705023271,Vietnam,LOC
115335941705023271,Vietnam,LOC
115335941705023271,Blument,PER
115335941705023271,U. S.,LOC
115335941705023271,Senate,ORG
115335941705023271,Richard Da Nan,PER
115335941705023271,Dick Blumenthal,PER
115335941705023271,United States,LOC
115335941705023271,Senate,ORG
115332976894666371,America,MISC
115332976894666371,First,ORG
115332976894666371,Patriot,MISC
115332976894666371,Matt Van Epps,PER
115332976894666371,Great People of Tennessee,ORG
115332976894666371,Congressional,ORG
115332976894666371,West Point,ORG
115332976894666371,Combat Decorated Army,ORG
115332976894666371,##op,ORG
115332976894666371,Matt,PER
115332976894666371,Congress,ORG
115332976894666371,Matt,PER
115332976894666371,U. S. A,LOC
115332976894666371,American,MISC
115332976894666371,Energy,ORG
115332976894666371,Amendment,MISC
115332976894666371,Jim Jordan,PER
115332976894666371,MAGA,ORG
115332976894666371,Matt Van Epps,PER
115332976894666371,Tennessee,LOC
115332976894666371,Congressional,ORG
115332976894666371,District,LOC
115332808536869094,Jack Smith,PER
115332793655857227,Michael Baumgartner,PER
115332793655857227,Republican,MISC
115332793655857227,Great,MISC
115332793655857227,State,LOC
115332793655857227,Washington,LOC
115332793655857227,Maria Bartiromos,PER
115332793655857227,Michael,PER
115332793655857227,DJ,PER
115329671584864920,Democrats,MISC
115329671584864920,United,ORG
115329671584864920,States,LOC
115329671584864920,Government,ORG
115329671584864920,Record Stock Market,ORG
115329671584864920,Society,ORG
115329671584864920,Americans,MISC
115329671584864920,Democrats,MISC
115329671584864920,Government,ORG
115328463321928109,United States,LOC
115328193599837767,Lu,PER
115328193599837767,##la,PER
115328193599837767,Brazil,LOC
115328193599837767,Brazil,LOC
115328193599837767,United States,LOC
115328193599837767,Countries,MISC
115327555965429625,Japan,LOC
115327555965429625,Japan,LOC
115327555965429625,Donald J. Trump,PER
115327091437197645,Season,MISC
115327091437197645,EC,MISC
115327091437197645,U,LOC
115327091437197645,S,LOC
115324116995053528,Al Sharpton,PER
115324116995053528,T,ORG
115324116995053528,##UM,MISC
115324116995053528,Ra,MISC
115324116995053528,Tawana B,MISC
115324116995053528,##ley Ho,MISC
115324116995053528,Brian Roberts,PER
115324116995053528,Fake News NBC,ORG
115324116995053528,Television History,MISC
115324116995053528,Roberts,PER
115324116995053528,Federal Communications Commission,ORG
115324116995053528,NBC,ORG
115324116995053528,Democrat,MISC
115324116995053528,ABC,ORG
115324116995053528,##ake,ORG
115324116995053528,Republicans,MISC
115324114715261770,OPEC,ORG
115324114715261770,Big Homebu,ORG
115324114715261770,Country,LOC
115324114715261770,Fan,PER
115324114715261770,##nie Mae,PER
115324114715261770,Freddie Mac,PER
115324114715261770,Big Homebu,ORG
115324114715261770,American Dream,MISC
115323624233369062,U. S. Navy,ORG
115323624233369062,America,LOC
115323624233369062,Democrat,MISC
115323611813143803,Naval,ORG
115323611813143803,U. S,LOC
115323611813143803,S,ORG
115323790604734426,Hamas,ORG
115323790604734426,World,LOC
115323790604734426,Arab,MISC
115323790604734426,Muslim,MISC
115323790604734426,War,MISC
115323790604734426,Gaza,LOC
115323790604734426,Middle East,LOC
115323790604734426,Egypt,LOC
115323790604734426,Ce,MISC
115322333732211990,FoxNews,ORG
115322333732211990,Peter Doo,PER
115322333732211990,Democrat,MISC
115322333732211990,Mark Kelly,PER
115322333732211990,Republicans,MISC
115322333732211990,Interview,MISC
115322333732211990,Fox,PER
115322333732211990,Democrats,MISC
115322333732211990,Republican,MISC
115322333732211990,Fox,PER
115322333732211990,Fox,MISC
115322333732211990,##N,ORG
115322333732211990,##ews,MISC
115322333732211990,Republicans,MISC
115322333732211990,Fox,PER
115322323424244142,Radical Left Lunatic,MISC
115322323424244142,Jay Jones,PER
115322323424244142,Jason Miyares,PER
115322323424244142,G,MISC
115322323424244142,Virginia,LOC
115322323424244142,S,MISC
115322323424244142,Republican,MISC
115322323424244142,Abigail Spanberger,PER
115322323424244142,Democrats,MISC
115322323424244142,Democrat,MISC
115322323424244142,Jay Jones,PER
115322323424244142,Race,MISC
115322323424244142,People of Virginia,ORG
115322323424244142,G,MISC
115322323424244142,Jason Miyares,PER
115321994845181490,Navy,ORG
115321994845181490,United States,LOC
115321994845181490,Naval,ORG
115321994845181490,E,ORG
115321994845181490,DJ,PER
115318223084524890,Univision,ORG
115318223084524890,Hispanic Network,ORG
115318223084524890,Google,ORG
115318223084524890,YouTube,ORG
115318223084524890,Republicans,MISC
115318223084524890,Midterms,MISC
115318223084524890,Republican Record,MISC
115318223084524890,Hispanic,MISC
115318223084524890,Google,ORG
115318223084524890,Univision,ORG
115317679562891817,Israel,LOC
115317679562891817,Hamas,ORG
115317679562891817,Hamas,ORG
115317679562891817,Ce,ORG
115317679562891817,##asefire,ORG
115317679562891817,Hostages and Prisoner Exchange,ORG
115317676598981431,Let,PER
115317676598981431,##iti,PER
115317676598981431,##a James,PER
115317676598981431,New York State,LOC
115317676598981431,Total Disaster,MISC
115317676598981431,Kathy Hochu,PER
115317676598981431,Donald J. Trump,PER
115317676598981431,SCUM,ORG
115317676598981431,Attorney Generals Office,ORG
115317676598981431,New York,LOC
115317676598981431,New York Stock Exchange,ORG
115317676598981431,NASDA,LOC
115317676598981431,Texas Exchange,ORG
115316576281168745,Israel,LOC
115316576281168745,Host,ORG
115316576281168745,Peace Deal,MISC
115316576281168745,Hamas,ORG
115316576281168745,Gaza,LOC
115312821068691123,ICE,ORG
115312821068691123,Border Patrol,ORG
115312821068691123,Law Enforcement,ORG
115312821068691123,U. S. Military,ORG
115312821068691123,American Flag,MISC
115312550655380642,Salute,MISC
115312550655380642,Fleet,ORG
115312550655380642,Norfolk,LOC
115312550655380642,Virginia,LOC
115312550655380642,United States Navy,ORG
115312550655380642,Pete Hegseth,PER
115312550655380642,Navy,ORG
115312550655380642,John Phelan,PER
115312550655380642,United States of America,LOC
115312550655380642,Chuck Schumer,PER
115312550655380642,Ha,PER
115312550655380642,##ke,PER
115312550655380642,##em Jeffries,PER
115312550655380642,Minority,MISC
115312550655380642,Democrats,MISC
115312550655380642,Government Shut,MISC
115312550655380642,U. S.,LOC
115312550655380642,Navy,ORG
115312550655380642,Military Service,ORG
115312550655380642,American Naval History,MISC
115312550655380642,U. S. Navy,ORG
115312550655380642,Democrats,MISC
115312550655380642,of the Navy,ORG
115312298602997974,Hamas,ORG
115312298602997974,Israel,LOC
115312298602997974,Gaza,LOC
115312298602997974,Host,MISC
115312298602997974,Gaza,LOC
115312298602997974,Middle East,LOC
115311560762123348,America,MISC
115311560762123348,First,ORG
115311560762123348,Patriot,MISC
115311560762123348,Matt Van Epps,PER
115311560762123348,Great People of Tennessee,ORG
115311560762123348,Congressional,ORG
115311560762123348,District,LOC
115311560762123348,West Point,LOC
115311560762123348,Combat Dec,ORG
115311560762123348,##ora,MISC
115311560762123348,##ted Army,ORG
115311560762123348,##op,ORG
115311560762123348,Matt,PER
115311560762123348,Congress,ORG
115311560762123348,Matt,PER
115311560762123348,U. S,LOC
115311560762123348,A,LOC
115311560762123348,American,MISC
115311560762123348,Energy,ORG
115311560762123348,Amendment,MISC
115311560762123348,Jim Jordan,PER
115311560762123348,MAGA Warriors,ORG
115311560762123348,Matt Van Epps,PER
115311560762123348,Tennessee,LOC
115311560762123348,7th Congressional District,LOC
115311360340851958,##O,MISC
115311360340851958,Coast of Venezuela,LOC
115311360340851958,American Territory,LOC
115311232842528048,Homeland Security and Counterterrorism,ORG
115311232842528048,New York City,LOC
115311232842528048,State,LOC
115311232842528048,DJ,PER
115311008657859843,Idaho,LOC
115311008657859843,Home,LOC
115311008657859843,G,MISC
115311008657859843,Jim Risch,PER
115310630808491399,Hamas,ORG
115310630808491399,Middle East,LOC
115310630808491399,MA,MISC
115310630808491399,Israel,LOC
115310630808491399,Hamas,ORG
115310630808491399,MI,PER
115310630808491399,Palestinians,MISC
115310630808491399,Gaza,LOC
115310630808491399,Hamas,ORG
115310630808491399,Middle East,LOC
115310630808491399,United States of America,LOC
115310630808491399,Israel,LOC
115310630808491399,Middle East,LOC
115310630808491399,Middle East,LOC
115310630808491399,Hamas,ORG
115310630808491399,Washington,LOC
115310630808491399,Hamas,ORG
115307871751959358,Republican,MISC
115304536210429622,Republican Party,ORG
115304536210429622,Communist,MISC
115304536210429622,NYC,LOC
115304536210429622,Dems,MISC
115304536210429622,DJ,PER
115304455138824245,Russ Vought,PER
115304455138824245,Democrat,MISC
115304455138824245,Radical Left Democrats,MISC
115304455138824245,AMERIC,LOC
115304401783234720,OP,MISC
115302268694968810,Republicans,MISC
115302268694968810,Democrat,MISC
115302268694968810,AM,LOC
115302268694968810,##ERIC,ORG
115301502762018573,Middle East Peace Deal,MISC
115300785090391636,Max,PER
115300785090391636,##ine Waters,PER
115300785090391636,Healthcare for,ORG
115300785090391636,Aliens,ORG
115300785090391636,Top of,MISC
115300785090391636,Line,MISC
115300785090391636,American Taxpayers Healthcare,ORG
115300247218302066,Jerome Too Late Powell,PER
115300247218302066,O,MISC
115300187189696754,Soybean Farmers of our Country,ORG
115300187189696754,China,LOC
115300187189696754,Farmers,ORG
115300187189696754,Sleep,PER
115300187189696754,Joe Biden,PER
115300187189696754,China,LOC
115300187189696754,Soybeans,ORG
115300187189696754,Xi,PER
115300187189696754,China,LOC
115300187189696754,So,ORG
115300187189696754,##beans,ORG
115300187189696754,O,PER
115300121637799728,Oregon,LOC
115300121637799728,Dream World,LOC
115300121637799728,Portland,LOC
115300121637799728,Third World,MISC
115300121637799728,Country,LOC
115300121637799728,American Patriots,MISC
115300121637799728,O,MISC
115300121637799728,C,MISC
115300118756896774,National Guard,ORG
115300118756896774,Oregon,LOC
115300118756896774,GRE,MISC
115300118756896774,Law Enforcement Officers,ORG
115300118756896774,Laws,MISC
115300118756896774,Oregon,LOC
115300118756896774,ANTIFA,ORG
115300118756896774,Radical Left Anarchists,ORG
115300118756896774,Federal Law Enforcement Officers,ORG
115300118756896774,Federal Property,ORG
115300118756896774,Federal Immigration Laws,MISC
115300118756896774,Rule of Law,MISC
115300118756896774,MOBS,ORG
115300118756896774,Cities,LOC
115300118756896774,America,LOC
115300118756896774,National Guard,ORG
115300118756896774,OR,ORG
115300118756896774,", Death, and Destruction",MISC
115300118756896774,of,ORG
115300118756896774,LA,MISC
115300118756896774,DJ,PER
115299125682668163,Scum,MISC
115291063849193343,Donald J. Trump,PER
115291063849193343,Gaza,LOC
115291063849193343,Palestinian,MISC
115291063849193343,Israeli,MISC
115291063849193343,West Asian,MISC
115291063849193343,Trump,PER
115291063849193343,##T,ORG
115295135491509033,Donald J. Trump,PER
115295135491509033,First Deal,MISC
115295135491509033,American,MISC
115295135491509033,##ients,MISC
115287723938349086,North Carolina,LOC
115287723938349086,China,LOC
115287723938349086,United States,LOC
115287691323395767,United States of America,LOC
115287691323395767,Countries,LOC
115287691323395767,California,LOC
115287691323395767,United States,LOC
115287691323395767,AMERIC,LOC
115287641147640374,New York City,LOC
115287641147640374,Communist,MISC
115287641147640374,Z,PER
115287641147640374,##oh,PER
115287641147640374,##ran Mamdani,PER
115287641147640374,Republican Party,ORG
115287641147640374,Washington,LOC
115287641147640374,City,LOC
115287641147640374,FAKE Communist,MISC
115287641147640374,DJ,PER
115285407847623317,NFL,ORG
115284390473558678,Border Patrol,ORG
115283825662825835,24 Karat Gold,MISC
115283825662825835,Oval Office,LOC
115283825662825835,Cabinet Room,LOC
115283825662825835,White House,LOC
115283825662825835,Oval Office,LOC
115283825662825835,DJ,PER
115283456384015419,Russell M. Nelson,PER
115283456384015419,Church of Jesus Christ of Latter,ORG
115283456384015419,day Saints,ORG
115283456384015419,Russell,PER
115283456384015419,Wendy,PER
115283456384015419,Country,LOC
115283456384015419,Russell,PER
115283020712432544,Church,LOC
115283020712432544,of Jesus Christ of Latter - day Saints,ORG
115283020712432544,Grand Blanc,LOC
115283020712432544,Michigan,LOC
115283020712432544,FBI,ORG
115283020712432544,Federal Investigation,ORG
115283020712432544,State,ORG
115283020712432544,Local,ORG
115283020712432544,Christians,MISC
115283020712432544,United States of America,LOC
115283020712432544,Trump Administration,ORG
115283020712432544,Public,ORG
115282475594529474,Charles,PER
115282475594529474,Cam,PER
115282475594529474,##illa,PER
115282475594529474,Royal Family,ORG
115282009590636281,G,PER
115282009590636281,MI,MISC
115279734861052153,New York Times,MISC
115279734861052153,Douglas Murray,PER
115279734861052153,DJ,PER
115277958170081067,Christopher Wray,PER
115277958170081067,S,PER
115277958170081067,Chris Christie,PER
115277958170081067,Chris,PER
115277150178333751,FBI,ORG
115277150178333751,FBI,ORG
115277150178333751,Christopher Wray,PER
115277150178333751,FBI,ORG
115277150178333751,Historic Day,MISC
115277150178333751,Great American Patriots,MISC
115277150178333751,Cops,MISC
115277150178333751,C,MISC
115277150178333751,##ed,MISC
115277150178333751,##ians,MISC
115277150178333751,Christopher Wray,PER
115277150178333751,FBI,ORG
115277150178333751,Come,PER
115277150178333751,##y,PER
115277150178333751,Wray,PER
115277150178333751,Great Country,LOC
115277150178333751,H,MISC
115277150178333751,##APPEN,MISC
115277150178333751,AM,LOC
115277150178333751,##ICA,LOC
115276694936263266,Homeland Security,ORG
115276694936263266,Kris,PER
115276694936263266,##ti Noem,PER
115276694936263266,Pete Hegseth,PER
115276694936263266,Portland,LOC
115276694936263266,ICE Facilities,ORG
115276694936263266,Antifa,ORG
115276694936263266,Full Force,ORG
115273002921064922,Ka,PER
115273002921064922,##sh Patel,PER
115273002921064922,FBI,ORG
115273002921064922,Indictment of the Worst,MISC
115273002921064922,FBI,ORG
115273002921064922,History of our Country,MISC
115273002921064922,James,PER
115273002921064922,Co,MISC
115273002921064922,FBI,ORG
115273002921064922,Come,PER
115273002921064922,FBI,ORG
115273002921064922,U. S.,LOC
115273002921064922,Lindsey Halligan,PER
115273002921064922,DO,ORG
115273002921064922,AMERIC,LOC
115272913573921379,Middle Eastern Community,ORG
115272913573921379,Gaza,LOC
115272913573921379,Complete,MISC
115272913573921379,Agreement,MISC
115272913573921379,Hamas,ORG
115272913573921379,Israel,LOC
115272913573921379,B,PER
115272913573921379,##ibi Netanyahu,PER
115272791741064606,Brendan Carr,PER
115272791741064606,Federal Communications Commission,ORG
115272791741064606,FCC,ORG
115272791741064606,True American Patriot,MISC
115272791741064606,MA,ORG
115272791741064606,G,MISC
115272791741064606,Brendan,PER
115272791741064606,AMERIC,ORG
115272758814629814,Lisa Monaco,PER
115272758814629814,Legal Lightweight,MISC
115272758814629814,Andrew Weissmann,PER
115272758814629814,National Security,ORG
115272758814629814,Barack Hussein Obama,PER
115272758814629814,Lawfare and Weaponization,MISC
115272758814629814,C,PER
115272758814629814,Joe Biden,PER
115272758814629814,Lisa,ORG
115272758814629814,P,ORG
115272758814629814,##pet,MISC
115272758814629814,Me,PER
115272758814629814,##rrick Garland,PER
115272758814629814,Deep State,MISC
115272758814629814,R,LOC
115272758814629814,##USSI,LOC
115272758814629814,##A,ORG
115272758814629814,R,LOC
115272758814629814,##US,LOC
115272758814629814,##SIA,ORG
115272758814629814,RUS,LOC
115272758814629814,##SIA,ORG
115272758814629814,##ax,MISC
115272758814629814,Il,MISC
115272758814629814,##al Raid,MISC
115272758814629814,Mar - a - Lago,LOC
115272758814629814,B,MISC
115272758814629814,##iden Autopen Scanda,MISC
115272758814629814,Docume,MISC
115272758814629814,Witch Hunt,MISC
115272758814629814,Monaco,PER
115272758814629814,Global Affairs,ORG
115272758814629814,Microsoft,ORG
115272758814629814,High,ORG
115272758814629814,##sitive Information,ORG
115272758814629814,Monaco,ORG
115272758814629814,U,ORG
115272758814629814,. S,LOC
115272758814629814,. National Security,ORG
115272758814629814,Microsoft,ORG
115272758814629814,United,ORG
115272758814629814,States,LOC
115272758814629814,Government,ORG
115272758814629814,Monaco,PER
115272758814629814,U.,ORG
115272758814629814,S,LOC
115272758814629814,. Government,ORG
115272758814629814,Security Clearance,ORG
115272758814629814,National Security Intelligence,ORG
115272758814629814,Federal Properties,ORG
115272758814629814,Microsoft,ORG
115272758814629814,Lisa Monaco,PER
115272758814629814,DJ,PER
115272665190921190,Lisa Monaco,PER
115272665190921190,Legal Lightweight,MISC
115272665190921190,Andrew Weissmann,PER
115272665190921190,National Security,ORG
115272665190921190,Barr,PER
115272665190921190,##ack Hussein Obama,PER
115272665190921190,Lawfare,MISC
115272665190921190,Weaponization,MISC
115272665190921190,C,PER
115272665190921190,Joe Biden,PER
115272665190921190,Lisas P,ORG
115272665190921190,##pet,MISC
115272665190921190,Me,PER
115272665190921190,##rrick Garland,PER
115272665190921190,Deep State,MISC
115272665190921190,R,LOC
115272665190921190,##USSI,LOC
115272665190921190,##A,ORG
115272665190921190,R,LOC
115272665190921190,##US,LOC
115272665190921190,##SIA,ORG
115272665190921190,R,LOC
115272665190921190,##US,LOC
115272665190921190,##SIA,ORG
115272665190921190,##ax,MISC
115272665190921190,Il,MISC
115272665190921190,##al Raid,MISC
115272665190921190,Mar - a - Lago,LOC
115272665190921190,B,MISC
115272665190921190,##iden Autopen Scanda,MISC
115272665190921190,Docume,MISC
115272665190921190,Witch Hunt,MISC
115272665190921190,Monaco,PER
115272665190921190,Global Affairs,ORG
115272665190921190,Microsoft,ORG
115272665190921190,Highly,ORG
115272665190921190,##sitive Information,ORG
115272665190921190,Monaco,ORG
115272665190921190,U.,ORG
115272665190921190,S,LOC
115272665190921190,. National Security,ORG
115272665190921190,Microsoft,ORG
115272665190921190,United,ORG
115272665190921190,States,LOC
115272665190921190,Government,ORG
115272665190921190,Monaco,PER
115272665190921190,U,ORG
115272665190921190,. S,LOC
115272665190921190,. Government,ORG
115272665190921190,Security Clearance,ORG
115272665190921190,National Security Intelligence,ORG
115272665190921190,Federal Properties,ORG
115272665190921190,Microsoft,ORG
115272665190921190,Lisa Monaco,PER
115272665190921190,DJ,PER
115272539858157742,Amelia Earhart,PER
115272539858157742,Aviation,ORG
115272539858157742,Pioneer,MISC
115272539858157742,Atlantic Ocean,LOC
115272539858157742,Aviation,ORG
115272539858157742,South Pacific,LOC
115272539858157742,World,LOC
115272539858157742,Amelia,PER
115272539858157742,World,LOC
115272539858157742,Administration,ORG
115272539858157742,Government Records,MISC
115272539858157742,Amelia Earhart,PER
115272539858157742,AMERICA,LOC
115271189838263038,Ryder Cup,MISC
115270250599016202,##TY CO,MISC
115270250599016202,AM,LOC
115270236987768479,Co,PER
115270236987768479,James Come,PER
115270236987768479,Co,MISC
115270236987768479,C,MISC
115270236987768479,Joe B,PER
115270236987768479,ZERO,ORG
115270236987768479,James Dirty Co,PER
115270236987768479,Come,PER
115270236987768479,DJ,PER
115268421148098339,Radical Left Democrat,MISC
115267566687091858,Jerome Too,PER
115267566687091858,Powell,PER
115267513846352215,AM,LOC
115267513846352215,##ICA,LOC
115267513846352215,Country,LOC
115267513846352215,James Comey,PER
115267513846352215,Co,MISC
115267513846352215,FBI,ORG
115267513846352215,Grand Jury,ORG
115267513846352215,AMERIC,LOC
115267512131958759,Ph,ORG
115267512131958759,##ce,ORG
115267512131958759,Manufacturing Plant,ORG
115267512131958759,America,LOC
115267512131958759,Ph,ORG
115267512131958759,##ce,ORG
115267512131958759,Products,ORG
115267459188661048,Kitchen Cabinets,ORG
115267459188661048,Bathroom Vanities,ORG
115267459188661048,Fu,ORG
115267459188661048,United States,LOC
115267459188661048,Countries,LOC
115267459188661048,National Security,ORG
115267382531822964,Great Heavy Truck Manufact,ORG
115267382531822964,Great Large Truck Company Man,ORG
115267382531822964,Peterbilt,ORG
115267382531822964,Kenworth,ORG
115267382531822964,Freightliner,ORG
115267382531822964,Mack Trucks,ORG
115267382531822964,National,ORG
115267382531822964,Security,MISC
115265761140050795,Donald J. Trump,PER
115265761140050795,Turkish,MISC
115265761140050795,Rece,PER
115265761140050795,##p Tayyip Erdoan,PER
115265761140050795,White House,LOC
115265100530813233,Donald J. Trump,PER
115265100530813233,Marine Corps Silent Drill Platoon,ORG
115265100530813233,Oval Office,LOC
115265100530813233,Presidential Challenge Co,MISC
115265657211315840,Oval Office,LOC
115265657211315840,Donald J,PER
115265657211315840,Trump,PER
115265260242945334,DJ,PER
115265101508136637,Trump,PER
115265101508136637,##S,LOC
115265101508136637,DanScavino,PER
115265101508136637,ErinElm,PER
115264848871452989,Jack Ciattarelli,PER
115264848871452989,Mike Sherrill,PER
115264848871452989,New Jersey,LOC
115264848871452989,Jack,PER
115264848871452989,She,PER
115264848871452989,##rri,PER
115264848871452989,Open Borders,ORG
115264848871452989,Womens Sports,ORG
115264848871452989,America,LOC
115264848871452989,Communist,MISC
115264848871452989,New York City,LOC
115264848871452989,Jack,PER
115264848871452989,New Jersey,LOC
115261466629181518,United Nations,ORG
115261466629181518,Main Speaking Floor,LOC
115261466629181518,Mel,PER
115261466629181518,##ania,PER
115261466629181518,The London Times,ORG
115261466629181518,UN,ORG
115261466629181518,Television,ORG
115261466629181518,World,LOC
115261466629181518,Hall,LOC
115261466629181518,Speech,MISC
115261466629181518,Speech,MISC
115261466629181518,Auditorium,LOC
115261466629181518,Speech,MISC
115261466629181518,World,ORG
115261466629181518,Leaders,MISC
115261466629181518,Speech,MISC
115261466629181518,Mel,PER
115261466629181518,UN,ORG
115261466629181518,United Nations,ORG
115261466629181518,Secret Service,ORG
115261110149678466,Kamala Harris,PER
115261110149678466,Speech,MISC
115261110149678466,Election,MISC
115261110149678466,Presidential Election,MISC
115261110149678466,21st Century,MISC
115261110149678466,Fox News,ORG
115261110149678466,Electoral College,ORG
115261110149678466,Nation,LOC
115261110149678466,Swing States,LOC
115261110149678466,California,MISC
115261110149678466,Mail,MISC
115261110149678466,Popular Vote,MISC
115261110149678466,Bush,PER
115261110149678466,Election,MISC
115261110149678466,Elections,MISC
115261110149678466,Kamal,PER
115261110149678466,21st Century,MISC
115261110149678466,Democrat Party,ORG
115261106680507707,ICE Field Office,ORG
115261106680507707,Dallas,LOC
115261106680507707,Texas,LOC
115261106680507707,Anti,MISC
115261106680507707,I,MISC
115261106680507707,Brave Men and Women of ICE,ORG
115261106680507707,Country,LOC
115261106680507707,Der,MISC
115261106680507707,Leftists,MISC
115261106680507707,Radical Left Democrats,MISC
115261106680507707,Law Enforcement,ORG
115261106680507707,ICE,ORG
115261106680507707,Nazis,MISC
115261106680507707,Radical Left,MISC
115261106680507707,Terror,ORG
115261106680507707,##ists,MISC
115261106680507707,Charlie Kirk,PER
115261106680507707,Law Enforcement,ORG
115261106680507707,ANTIFA,ORG
115261106680507707,##ist Organization,ORG
115261106680507707,Domestic Terrorism Networks,ORG
115261106680507707,AMER,ORG
115261106680507707,Trump Administration,ORG
115261106680507707,Law Enforcement,ORG
115261106680507707,Strong Borders,ORG
115261106680507707,Homeland,ORG
115261106680507707,Criminal,MISC
115261106680507707,Left Wing Domestic Terrorism,ORG
115260643704742189,Democrats,MISC
115260643704742189,F,MISC
115260643704742189,Healthcare,MISC
115260643704742189,Democrats,MISC
115260643704742189,Radical Left News,ORG
115260643704742189,Democrats,MISC
115260643704742189,DE,MISC
115260643704742189,Medicaid,MISC
115260643704742189,Social,ORG
115260643704742189,Security,MISC
115260643704742189,Democrats,MISC
115260643704742189,Hospital,LOC
115260643704742189,Democrats,MISC
115260643704742189,Borders,MISC
115260643704742189,America,LOC
115260622454907511,Minority,MISC
115260622454907511,Left Democrats,MISC
115260622454907511,Congressional,ORG
115260622454907511,Government of the,ORG
115260622454907511,United States,LOC
115260622454907511,Tri,MISC
115260622454907511,Trans,MISC
115260622454907511,Me,MISC
115260622454907511,##dicaid,MISC
115260622454907511,Criminal,MISC
115260622454907511,American,MISC
115260622454907511,##yer,MISC
115260622454907511,Trans,MISC
115260622454907511,Radical Left,MISC
115260622454907511,Presidential Election,MISC
115260622454907511,Swing States,MISC
115260622454907511,Popular Vote,MISC
115260622454907511,Democrats,MISC
115260622454907511,##able Hospital Fund,ORG
115260622454907511,Republican,MISC
115260622454907511,ME,ORG
115260622454907511,Democrats,MISC
115260622454907511,Congress,ORG
115260622454907511,America First,ORG
115260622454907511,AMERIC,LOC
115260622454907511,Congressional,ORG
115260622454907511,Democrats,MISC
115260622454907511,Radical Left,MISC
115260622454907511,Borders,MISC
115260622454907511,Criminal,MISC
115260622454907511,America,LOC
115260622454907511,Republicans,MISC
115260622454907511,American,MISC
115256938634035559,ABC Fake News,ORG
115256938634035559,Jimmy Kimmel,PER
115256938634035559,White House,LOC
115256938634035559,ABC,ORG
115256938634035559,Show,MISC
115256938634035559,Network,ORG
115256938634035559,Democrat,MISC
115256938634035559,GA,ORG
115256938634035559,DNC,ORG
115256938634035559,Campaign,MISC
115256938634035559,ABC,ORG
115256938634035559,Jimmy Kimmel,PER
115254123044077073,U. N,ORG
115254123044077073,NE,MISC
115254123044077073,United Nations,ORG
115254123044077073,Western,MISC
115254123044077073,U,ORG
115254123044077073,N,ORG
115254113238985787,Russia,LOC
115254113238985787,United States,LOC
115254113238985787,European,MISC
115254113238985787,AL,ORG
115254113238985787,Russia,LOC
115254036566259781,UN,ORG
115254036566259781,Administration,ORG
115255130298104593,Ukraine,LOC
115255130298104593,Russia,LOC
115255130298104593,Economic,MISC
115255130298104593,Russia,LOC
115255130298104593,Ukraine,LOC
115255130298104593,European Union,ORG
115255130298104593,Ukraine,LOC
115255130298104593,Europe,LOC
115255130298104593,NATO,ORG
115255130298104593,Borders,LOC
115255130298104593,War,MISC
115255130298104593,Russia,LOC
115255130298104593,Russia,LOC
115255130298104593,Moscow,LOC
115255130298104593,Great,MISC
115255130298104593,Cities,LOC
115255130298104593,Russia,LOC
115255130298104593,War,MISC
115255130298104593,Economy,MISC
115255130298104593,Ukraine,LOC
115255130298104593,Ukraine,LOC
115255130298104593,Putin,PER
115255130298104593,Russia,LOC
115255130298104593,Ukraine,LOC
115255130298104593,NATO,ORG
115255130298104593,NATO,ORG
115255130298104593,##IT,ORG
115255130298104593,AMERICA,LOC
115255115250137156,Pam Bondi,PER
115255115250137156,Todd Blanche,PER
115255115250137156,DOJ,ORG
115255115250137156,Florida,LOC
115255115250137156,Judge and Jury,ORG
115255115250137156,Secret Service,ORG
115255115250137156,Department of Florida Law Enforcement,ORG
115255115250137156,Sheriffs Office,ORG
115255115250137156,AM,LOC
115255115250137156,##ICA,LOC
115254544745193117,Argentina,LOC
115254544745193117,Javier Milei,PER
115254544745193117,People,MISC
115254544745193117,Argentina,LOC
115254544745193117,Radical Left,MISC
115254544745193117,C,PER
115254544745193117,Joe Biden,PER
115254544745193117,History our,ORG
115254544745193117,Nation,MISC
115254544745193117,Argentina,LOC
115254544745193117,Argentina,LOC
115254544745193117,Mile,PER
115254544745193117,Argentina,LOC
115254544745193117,Javier Mile,PER
115254363337739989,United Nations,ORG
115254363337739989,Forum,ORG
115254363337739989,United Nations,ORG
115254363337739989,America,LOC
115253901757845391,Minority,MISC
115253901757845391,Left Democrats,MISC
115253901757845391,Congressional,ORG
115253901757845391,Government of the,ORG
115253901757845391,United States,LOC
115253901757845391,Tri,MISC
115253901757845391,Trans,MISC
115253901757845391,Me,MISC
115253901757845391,##dicaid,MISC
115253901757845391,Criminal,MISC
115253901757845391,American,MISC
115253901757845391,##yer,MISC
115253901757845391,Trans,MISC
115253901757845391,Radical Left,MISC
115253901757845391,Presidential Election,MISC
115253901757845391,Swing States,MISC
115253901757845391,Popular Vote,MISC
115253901757845391,Democrats,MISC
115253901757845391,##able Hospital Fund,ORG
115253901757845391,Republican,MISC
115253901757845391,ME,ORG
115253901757845391,Democrats,MISC
115253901757845391,Congress,ORG
115253901757845391,America First,ORG
115253901757845391,AMERIC,LOC
115253901757845391,Congressional,ORG
115253901757845391,Democrats,MISC
115253901757845391,Radical Left,MISC
115253901757845391,Borders,MISC
115253901757845391,Criminal,MISC
115253901757845391,America,LOC
115253901757845391,Republicans,MISC
115253901757845391,American,MISC
115250311291343080,Uzbekistan,LOC
115250311291343080,S,PER
115250311291343080,##ha,PER
115250311291343080,##v,PER
115250311291343080,##kat Mirziyoyev,PER
115250311291343080,Mirziyoyev,PER
115250311291343080,G,MISC
115250311291343080,##REAT Deal,MISC
115250311291343080,Boeing,ORG
115250311291343080,Uzbekistan Airways,ORG
115250311291343080,Dreamliner,MISC
115250311291343080,United States,LOC
115250311291343080,Mirziyoyev,PER
115249076293700355,Kazakhstan,LOC
115249076293700355,Ka,PER
115249076293700355,Jo,PER
115249076293700355,##mart Kemeluly Tokayev,PER
115249076293700355,Railroad Equipment P,MISC
115249076293700355,##chase,MISC
115249076293700355,United States Locomotives and Rail Equipment,ORG
115249076293700355,U,ORG
115249076293700355,. S,LOC
115249076293700355,. Rail Industry,ORG
115249076293700355,Tokayev,PER
115249076293700355,Country,LOC
115248712390172467,Venezuelan,MISC
115244831318960560,##T,ORG
115244831318960560,Charlie,PER
115243170361759043,Americans,MISC
115243170361759043,Charlie Kirk,PER
115243170361759043,Charlie Kirk,PER
115243170361759043,America,LOC
115243170361759043,Charlie,PER
115239776714791650,Lindsey Halligan,PER
115239776714791650,White House,LOC
115239776714791650,United States,LOC
115239776714791650,Eastern District,LOC
115239776714791650,Virginia,LOC
115239776714791650,Lindsey,PER
115239776714791650,We,MISC
115239776714791650,Justice System,MISC
115239776714791650,C,PER
115239776714791650,Joe Biden,PER
115239776714791650,Democrats,MISC
115239776714791650,Uncon,MISC
115239776714791650,##itutional,MISC
115239776714791650,UnA,MISC
115239776714791650,##n,MISC
115239776714791650,Mar - a - Lago,LOC
115239776714791650,Palm Beach,LOC
115239776714791650,Florida,LOC
115239776714791650,Law Firm,ORG
115239776714791650,Florida,LOC
115239776714791650,Lindsey,PER
115239776714791650,Democrat,MISC
115239776714791650,Hoax,MISC
115239776714791650,Pam Bondi,PER
115239776714791650,Todd Blanche,PER
115239776714791650,Lindsey,PER
115239776714791650,G,MISC
115239776714791650,J,LOC
115239776714791650,Virginia,LOC
115239776714791650,Country,LOC
115239776714791650,AMERIC,LOC
115239306164275142,Pam Bondi,PER
115239306164275142,G,MISC
115239306164275142,United States,LOC
115239306164275142,Country,LOC
115239306164275142,Eastern District,LOC
115239306164275142,Virginia,LOC
115239306164275142,Lindsey Halligan,PER
115239306164275142,Democrat,MISC
115239306164275142,Republican,MISC
115239306164275142,Lindsey Halligan,PER
115239306164275142,United States,LOC
115239306164275142,Great Country,LOC
115239044548033727,Pam,PER
115239044548033727,Come,PER
115239044548033727,##y,PER
115239044548033727,Adam Shifty Schi,PER
115239044548033727,Let,ORG
115239044548033727,Democrat,MISC
115239044548033727,U. S.,LOC
115239044548033727,Virginia,LOC
115239044548033727,Republican,MISC
115239044548033727,Dem,MISC
115239044548033727,Senators,MISC
115239044548033727,Lindsey Halligan,PER
115239044548033727,DJ,PER
115239012437859070,"Washington, D. C.",LOC
115239012437859070,D. C.,LOC
115239012437859070,DJ,PER
115238993505561388,Pam,PER
115238993505561388,Come,PER
115238993505561388,##y,PER
115238993505561388,Adam Shifty Schi,PER
115238993505561388,Let,PER
115238993505561388,Democrat,MISC
115238993505561388,U. S.,LOC
115238993505561388,Virginia,LOC
115238993505561388,Republican,MISC
115238993505561388,Dem,MISC
115238993505561388,Senators,MISC
115238993505561388,Lindsey,PER
115238993505561388,DJ,PER
115238745589536576,Afghanistan,LOC
115238745589536576,Bagram Airbase,LOC
115238745589536576,United States of America,LOC
115238745589536576,H,MISC
115238745589536576,##APPEN,MISC
115238745589536576,DJ,PER
115238732896636210,"Washington, D. C.",LOC
115238732896636210,D. C.,LOC
115238637490866159,Nicole Parker,PER
115238637490866159,FBI,ORG
115238637490866159,FoxNews,ORG
115238637490866159,Nicole,PER
115238637490866159,DJ,PER
115237675581682288,Venezuela,LOC
115237675581682288,World,MISC
115237675581682288,Asylum,MISC
115237675581682288,Venezuelan,MISC
115237675581682288,United States of America,LOC
115237675581682288,O,MISC
115234681538876098,Erik Siebert,PER
115234681538876098,U. S.,LOC
115234681538876098,Eastern District of Virginia,LOC
115234681538876098,Democrat,MISC
115234681538876098,Great State of Virginia,LOC
115234681538876098,Democrat,MISC
115234681538876098,Republican,MISC
115234681538876098,AM,LOC
115234681538876098,##ERICA,ORG
115233841743981161,David Letterman,PER
115233821158063044,Republican Party,ORG
115233821158063044,Convention,MISC
115233821158063044,Midterm Election,MISC
115233821158063044,AM,LOC
115233821158063044,##ERIC,ORG
115233555445134712,Designated Terrorist Organization,ORG
115233555445134712,USSOUTHCOM,ORG
115233555445134712,Americans,MISC
115233555445134712,U. S. Forces,ORG
115233555445134712,F,ORG
115233555445134712,N,ORG
115233555445134712,IL,ORG
115233555445134712,AM,LOC
115233555445134712,##IC,LOC
115233273741566911,Continuing Resolution,MISC
115233273741566911,Republican,MISC
115233273741566911,House,ORG
115233273741566911,Republicans,MISC
115233273741566911,Government,ORG
115233273741566911,Senate,ORG
115233273741566911,Republicans,MISC
115233273741566911,John Fetterman,PER
115233273741566911,Democrat,MISC
115233273741566911,Democrats,MISC
115233273741566911,Country,LOC
115233273741566911,Borders,LOC
115233273741566911,Crime,MISC
115233273741566911,D. C,LOC
115233273741566911,Government,ORG
115233273741566911,House,ORG
115233273741566911,Democrats,MISC
115233273741566911,Charlie Kirk,PER
115233273741566911,Republicans,MISC
115233273741566911,Popular Vote,MISC
115233273741566911,Swing,LOC
115233273741566911,States,MISC
115233273741566911,Electoral,ORG
115233273741566911,College,MISC
115233273741566911,U. S. Counties,LOC
115233273741566911,Democrats,MISC
115233273741566911,Democracy,MISC
115233273741566911,##oters,ORG
115233272162019294,System,MISC
115233272162019294,American People,MISC
115233272162019294,American,MISC
115233272162019294,L,ORG
115233272162019294,##EGAL Immigration System,MISC
115233272162019294,Pro Growth,ORG
115233272162019294,Projects,MISC
115232256964155055,Rece,PER
115232256964155055,##p Tayyip Erdoan,PER
115232256964155055,Turkey,LOC
115232256964155055,White House,LOC
115232256964155055,Trade and Military Deal,MISC
115232256964155055,Boeing,ORG
115232256964155055,F - 16 Deal,MISC
115232256964155055,F - 35,MISC
115232256964155055,Erdoan,PER
115231649861246548,Xi,PER
115231649861246548,China,LOC
115231649861246548,Trade,MISC
115231649861246548,Fentany,MISC
115231649861246548,War,MISC
115231649861246548,Russia,LOC
115231649861246548,Ukraine,LOC
115231649861246548,T,MISC
115231649861246548,##ikTok Deal,MISC
115231649861246548,Xi,PER
115231649861246548,APEC Summit,MISC
115231649861246548,South Korea,LOC
115231649861246548,China,LOC
115231649861246548,Xi,PER
115231649861246548,United States,LOC
115231649861246548,T,ORG
115231649861246548,##ikTok,ORG
115231649861246548,APEC,ORG
115227872322760999,U. S. Military Academy,ORG
115227872322760999,West Point,LOC
115227872322760999,Confederate,MISC
115227872322760999,Robert E. Lee,PER
115227872322760999,West Point Library,LOC
115227872322760999,Naming Commission,ORG
115227872322760999,Confederacy,MISC
115227870570776224,Il,PER
115227870570776224,Omar,PER
115227870570776224,Country,LOC
115227870570776224,Somalia,LOC
115227870570776224,Terrorism,MISC
115227870570776224,Civil War,MISC
115227870570776224,In,MISC
115227870570776224,Somalia,LOC
115227870570776224,Il,PER
115227870570776224,##han Omar,PER
115227870570776224,America,LOC
115227870570776224,P,PER
115227870570776224,S,ORG
115227870570776224,AMERICA,ORG
115227590551904968,Il,PER
115227590551904968,##han Omar,PER
115227590551904968,Home Country of Somalia,LOC
115227570336805813,Chicago,LOC
115227570336805813,CH,LOC
115227439432496065,Republican,MISC
115227439432496065,Juan Ciscomani,PER
115227439432496065,Juan Ciscomani,PER
115227439432496065,A,MISC
115227439432496065,##Z,LOC
115227439432496065,US,LOC
115227439432496065,US,LOC
115227402361307056,Ma,MISC
115227402361307056,Mile,ORG
115227391845966364,Jimmy Kimmel,PER
115227391845966364,Best Picture of the Year,MISC
115227391845966364,Show,MISC
115227391845966364,History of the Academy Awards,MISC
115227330235996125,House,ORG
115227330235996125,Republicans,MISC
115227330235996125,V,MISC
115227330235996125,C,MISC
115227330235996125,##LE,MISC
115227330235996125,Democrats,MISC
115227330235996125,Cry,PER
115227330235996125,Chuck Schumer,PER
115227330235996125,Government,ORG
115227330235996125,Republicans,MISC
115227330235996125,Government,ORG
115227330235996125,House,ORG
115227330235996125,Republican,MISC
115222459539841970,U. S.,LOC
115222459539841970,A,MISC
115222459539841970,Patriots,MISC
115222459539841970,ANTIFA,ORG
115222459539841970,ANTIFA,ORG
115222372625104790,Great News for America,MISC
115222372625104790,Jimmy Kimmel,PER
115222372625104790,ABC,ORG
115222372625104790,Kimmel,PER
115222372625104790,Z,ORG
115222372625104790,Colbert,PER
115222372625104790,Jimmy,PER
115222372625104790,Seth,PER
115222372625104790,F,ORG
115222372625104790,##ake,MISC
115222372625104790,News NBC,ORG
115222372625104790,NBC,ORG
115217256645822887,Turning Point,MISC
115217256645822887,Jack Smith,PER
115217256645822887,Corrupt & Inc,ORG
115217256645822887,##ent Biden Administration,ORG
115217256645822887,Charlie,PER
115217256645822887,Justice Department,ORG
115217256645822887,Sleep,PER
115217256645822887,Joe B,PER
115217256645822887,ME,ORG
115217256645822887,B,PER
115217256645822887,##iden,PER
115217256645822887,Kamal,PER
115217256645822887,Co,MISC
115216612718850378,K,PER
115216612718850378,##IE,PER
115216612718850378,##LL,ORG
115216073639611002,##D,PER
115216073639611002,##T,MISC
115216073639611002,MelaniaTrump,MISC
115216073639611002,United Kingdom,LOC
115215373441679018,##D,ORG
115215373441679018,Mel,ORG
115215373441679018,##T,ORG
115215373441679018,Marine One,ORG
115215373441679018,Air Force OneNext,ORG
115215373441679018,United Kingdom,LOC
115216434940272027,Laws,MISC
115216434940272027,The New York Times,ORG
115216434940272027,Great State of,MISC
115216434940272027,Florida,LOC
115216434940272027,Radical Left Media,ORG
115216434940272027,U. S. A,LOC
115216434940272027,DJ,PER
115215935113008933,White House,LOC
115215588649960500,NE,MISC
115215588649960500,Justice and Law,ORG
115215588649960500,Georgia,LOC
115215588649960500,Georgia Supreme Court,ORG
115215588649960500,Fan,PER
115215588649960500,##i Willis,PER
115215588649960500,F,MISC
115215588649960500,Witch Hunt,MISC
115215588649960500,Great American Patriots,MISC
115215588649960500,Willis,PER
115215588649960500,Nathan Wade,PER
115215588649960500,Caribbean,LOC
115215588649960500,Finance,MISC
115215588649960500,Georgia,LOC
115215588649960500,Witch Hunt,MISC
115215588649960500,Biden White House,LOC
115215588649960500,Jack Smith,PER
115215588649960500,Uncon,MISC
115215588649960500,Georgia Hoax,MISC
115215588649960500,S,LOC
115215588649960500,##ham,MISC
115215588649960500,New York,LOC
115215588649960500,Country,LOC
115215588649960500,American Justice System,MISC
115215588649960500,Radical Left Democrats,MISC
115215588649960500,Political Lawfare,MISC
115215588649960500,U. S. A,LOC
115215588649960500,AMERIC,LOC
115215531079925851,War,MISC
115215531079925851,Azerbaijan,LOC
115215531079925851,Armenia,LOC
115215531079925851,Il,PER
115215531079925851,##ham Aliyev,PER
115215531079925851,Nikol Pashinyan,PER
115215531079925851,United States of America,LOC
115215419860494912,Gavin Newscum,PER
115215419860494912,California,LOC
115215419860494912,Income Housing,ORG
115215419860494912,Pacific Palisades,LOC
115215419860494912,News,PER
115215419860494912,Gallons of Water,ORG
115215419860494912,Pacific Northwest,LOC
115215419860494912,Income Housing,ORG
115215419860494912,California,LOC
115215419860494912,Lee Zeldin,PER
115215419860494912,EPA,ORG
115215419860494912,California,LOC
115215419860494912,Karen Bass,PER
115215419860494912,Gavin Newscum,PER
115215419860494912,Income Housing,ORG
115215419860494912,Super Lu,LOC
115215419860494912,##x,ORG
115215419860494912,##ury Pacific Palisades Fire Site,LOC
115215419860494912,New York City,LOC
115215419860494912,John Lindsay,PER
115215419860494912,##J,PER
115215419860494912,##oh,PER
115215419860494912,##n Lindsay,PER
115215419860494912,Republican,MISC
115215278610415981,Na,PER
115215278610415981,##ren,PER
115215278610415981,##dra Modi,PER
115215278610415981,Na,PER
115215278610415981,War,MISC
115215278610415981,Russia,LOC
115215278610415981,Ukraine,LOC
115215278610415981,DJ,PER
115215261916717696,Republicans,MISC
115215261916717696,Midterm Convention,MISC
115215261916717696,Presidential Election,MISC
115210251262068973,News Report,ORG
115210251262068973,Hamas,ORG
115210251262068973,Israel,MISC
115210251262068973,Hamas,ORG
115158844720799812,B,PER
115158844720799812,##iden,PER
115158844720799812,Western,MISC
115158844720799812,Trump,PER
115158844720799812,We The People,ORG
115158844720799812,Trump,PER
115158844720799812,Trump,PER
115158844720799812,House,ORG
115158844720799812,Trump,PER
115158844720799812,Senate,ORG
115158844720799812,Trump,PER
115158844720799812,America,LOC
115158844720799812,We The People,ORG
115158844720799812,Revolutionary War,MISC
115158844720799812,America,LOC
115158844720799812,God,PER
115158844720799812,We The People,ORG
115158844720799812,Great Britain,LOC
115158844720799812,God,PER
115158844720799812,We The People,ORG
115158844720799812,U. S.,LOC
115158844720799812,Constitution,MISC
115158844720799812,Magna Carta,MISC
115158844720799812,We The People,ORG
115158844720799812,Europe,LOC
115158844720799812,Islam,MISC
115158844720799812,The Power,ORG
115158844720799812,Civil War,MISC
115158844720799812,Congress,ORG
115158844720799812,B,PER
115158844720799812,##iden,PER
115158844720799812,Supreme Court,ORG
115158844720799812,Trump,PER
115158844720799812,We The People,ORG
115158844720799812,Congress,ORG
115214606264586178,Hollywood,LOC
115158330468381986,Ai,PER
115158330468381986,##leen ] Cannon,PER
115158330468381986,Obama,MISC
115158330468381986,D. C,LOC
115158330468381986,Je,PER
115158330468381986,##b Boasberg,PER
115199460946450022,Memphis,LOC
115199460946450022,FBI,ORG
115199460946450022,Federal Government,ORG
115199460946450022,Chicago,LOC
115199460946450022,Los Angeles,LOC
115199460946450022,WASHINGTON,LOC
115199460946450022,D. C,LOC
115199460946450022,DJ,PER
115204049358078594,United States,LOC
115204049358078594,Investment,MISC
115204049358078594,Chip,ORG
115204049358078594,Semiconductors,ORG
115204049358078594,Shipbuilding,ORG
115204049358078594,Ship,MISC
115204049358078594,Ship,MISC
115204049358078594,Investment,ORG
115204049358078594,America,LOC
115211918198289404,Li,MISC
115211918198289404,Laws,MISC
115211918198289404,The New York Times,ORG
115211918198289404,History,MISC
115211918198289404,of our,ORG
115211918198289404,Country,MISC
115211918198289404,Radical Left Democrat Party,ORG
115211918198289404,Kamal,PER
115211918198289404,Harris,PER
115211918198289404,The New York Times,ORG
115211918198289404,The Times,ORG
115211918198289404,America First Movement,ORG
115211918198289404,MAGA,ORG
115211918198289404,Fake News Networks,ORG
115211918198289404,George Slopadopoulos,PER
115211918198289404,ABC / Disney,ORG
115211918198289404,60 Minutes,ORG
115211918198289404,CBS / Paramount,ORG
115211918198289404,The New York Times,ORG
115211918198289404,Great State of,MISC
115211918198289404,Florida,LOC
115211918198289404,AMERIC,ORG
115210542156462323,Bill Lee,PER
115210542156462323,Tennessee,LOC
115210542156462323,Memphis Safe Task Force,ORG
115210521101816652,Bill Lee,PER
115210521101816652,Tennessee,LOC
115210521101816652,Memphis Safe Task Force,ORG
115210075167747572,U. S. Military Forces,ORG
115210075167747572,S,LOC
115210075167747572,##O,MISC
115210075167747572,Venezuela,LOC
115210075167747572,International Waters,LOC
115210075167747572,U. S,LOC
115210075167747572,U,ORG
115210075167747572,. S,LOC
115210075167747572,. National Security,ORG
115210075167747572,Foreign Policy,ORG
115210075167747572,U,ORG
115210075167747572,. S.,LOC
115210075167747572,U. S. Forces,ORG
115210075167747572,AM,MISC
115210075167747572,American Citizens,MISC
115209549037822166,Republicans,MISC
115209549037822166,John Thune,PER
115209549037822166,Mike Johnson,PER
115209549037822166,C,MISC
115209549037822166,##LEAN,MISC
115209549037822166,Government,ORG
115209549037822166,Chuck Schum,PER
115209549037822166,Government,ORG
115209549037822166,Republicans,MISC
115209549037822166,Radical Left Democrat,MISC
115209549037822166,Clean,MISC
115209549037822166,House of Representatives,ORG
115209549037822166,Democrats,MISC
115209549037822166,Government,ORG
115209549037822166,Republicans,MISC
115209549037822166,Government,ORG
115209549037822166,OPEN,MISC
115209549037822166,Democrats,MISC
115209549037822166,Republicans,MISC
115209549037822166,DJ,PER
115209308362990527,Eric,PER
115209308362990527,UN,PER
115209308362990527,Amazon,LOC
115209308362990527,Eric,PER
115102880953568178,U. S. Army,ORG
115102880953568178,Michael Verardo,PER
115102880953568178,American Hero,MISC
115102880953568178,Nation,LOC
115102880953568178,I,ORG
115102880953568178,Afghanistan,LOC
115102880953568178,Michael,PER
115102880953568178,Sarah,PER
115102880953568178,Sarah,PER
115102880953568178,W,ORG
115102880953568178,##nded Warriors,ORG
115102880953568178,Military Families,ORG
115102880953568178,Spirit of,ORG
115102880953568178,America,MISC
115102880953568178,Michael,PER
115102880953568178,of,MISC
115102880953568178,Sarah,PER
115102880953568178,Patriots,MISC
115102880953568178,Michael,PER
115208353139528932,MI,LOC
115208260926006345,Trade Meeting in Europe,MISC
115208260926006345,United States of America,LOC
115208260926006345,China,LOC
115208260926006345,Country,LOC
115208260926006345,Xi,PER
115208260926006345,DJ,PER
115208219886830624,SEC,ORG
115208219886830624,Companies and Corporations,ORG
115208219886830624,China,LOC
115208193218518172,SEC,ORG
115208193218518172,Companies and Corporations,ORG
115208193218518172,China,LOC
115208143657180249,NFL,ORG
115208143657180249,##off Rule,MISC
115208143657180249,America,LOC
115208143657180249,NFL,ORG
115208055477865026,NFL,ORG
115208055477865026,##off Rule,MISC
115208055477865026,America,LOC
115208055477865026,NFL,ORG
115207991871277413,Kathy Hochul,PER
115207991871277413,New York,LOC
115207991871277413,Liddle Communist,MISC
115207991871277413,Z,PER
115207991871277413,##oh,PER
115207991871277413,##ran Mamdani,PER
115207991871277413,New York,LOC
115207991871277413,New York City,LOC
115207991871277413,Washington,LOC
115207991871277413,DJ,PER
115206570863756188,Federal Government,ORG
115206570863756188,United States of America,LOC
115206570863756188,"Washington, D. C.",LOC
115206570863756188,Nations Capital,LOC
115206570863756188,D. C.,LOC
115206570863756188,U. S. A,LOC
115206570863756188,World,LOC
115206570863756188,Radical Left Democrats,MISC
115206570863756188,Mu,PER
115206570863756188,##riel Bowser,PER
115206570863756188,Capital,LOC
115206570863756188,Federal Government,ORG
115206570863756188,Metropolitan Police Department,ORG
115206570863756188,ICE,ORG
115206570863756188,"Washington, D. C.",LOC
115206570863756188,National Emergency,MISC
115206570863756188,AM,LOC
115206570863756188,##ER,ORG
115206570863756188,##IC,LOC
115206570863756188,DJ,PER
115206527064725917,Federal Government,ORG
115206527064725917,United States of America,LOC
115206527064725917,"Washington, D. C.",LOC
115206527064725917,Nations Capital,LOC
115206527064725917,D. C.,LOC
115206527064725917,U. S. A,LOC
115206527064725917,World,LOC
115206527064725917,Radical Left Democrats,MISC
115206527064725917,Mu,PER
115206527064725917,##riel Bowser,PER
115206527064725917,Capital,LOC
115206527064725917,Federal Government,ORG
115206527064725917,Metropolitan Police Department,ORG
115206527064725917,ICE,ORG
115206527064725917,"Washington,",LOC
115206527064725917,D. C.,LOC
115206527064725917,National Emergency,MISC
115206527064725917,AMERICA,LOC
115206527064725917,DJ,PER
115205520510774944,Chandra Nagamallaiah,PER
115205520510774944,Dallas,LOC
115205520510774944,Texas,LOC
115205520510774944,ILLEGAL ALIEN,ORG
115205520510774944,Cuba,LOC
115205520510774944,Country,LOC
115205520510774944,Homeland,LOC
115205520510774944,Joe Biden,PER
115205520510774944,Cuba,LOC
115205520510774944,Homeland Security,ORG
115205520510774944,Kris,PER
115205520510774944,##ti Noem,PER
115205520510774944,Pam Bondi,PER
115205520510774944,Border,ORG
115205520510774944,C,MISC
115205520510774944,Tom Homan,PER
115205520510774944,Administration,ORG
115205520510774944,MA,ORG
115205520510774944,AMERICA,ORG
115203966487358380,Joe Concha,PER
115203966487358380,Inside Trumps Big Beautiful Campaign,MISC
115203966487358380,Joe,PER
115203966487358380,Movement,ORG
115203966487358380,Iconic Moments,MISC
115203966487358380,Historic Election,MISC
115203966487358380,F,ORG
115203966487358380,##ake News,MISC
115198530237918666,C,PER
115198530237918666,##ian Curley,PER
115198530237918666,Seasons Met PGA,MISC
115198530237918666,Head Professional Championship,MISC
115198530237918666,C,PER
115198530237918666,##ian,PER
115198530237918666,Trump National Golf Club,LOC
115198530237918666,Westchester,LOC
115196697263809382,J,ORG
115196697263809382,NATO,ORG
115196697263809382,Russia,LOC
115196697263809382,NATO Nations,ORG
115196697263809382,NATO Nations,ORG
115196697263809382,R,LOC
115196697263809382,##US,LOC
115196697263809382,##SIA,ORG
115196697263809382,NATO,ORG
115196697263809382,Russian Oil,ORG
115196697263809382,Russia,LOC
115196697263809382,NATO,ORG
115196697263809382,CHINA,ORG
115196697263809382,Russia,LOC
115196697263809382,Ukraine,LOC
115196697263809382,China,LOC
115196697263809382,Russia,LOC
115196697263809382,Ta,MISC
115196697263809382,B,ORG
115196697263809382,Z,LOC
115196697263809382,##ele,ORG
115196697263809382,##nsky,MISC
115196697263809382,Russian,MISC
115196697263809382,Ukrainian,MISC
115196697263809382,NATO,ORG
115196697263809382,United States,LOC
115196697263809382,UN,ORG
115194602130168891,Casa C,LOC
115194602130168891,##iprian,ORG
115194602130168891,##i,LOC
115193110827591178,Missouri,LOC
115193110827591178,Red,MISC
115193110827591178,Congress,ORG
115193110827591178,Congressional Map,MISC
115193110827591178,Chambers of the Missouri Legislature,ORG
115193110827591178,Mike Kehoe,PER
115193110827591178,Senate,ORG
115193110827591178,Cindy O ' Laugh,PER
115193110827591178,Senate,ORG
115193110827591178,Tony Luetkemeyer,PER
115193110827591178,Chad Perkins,PER
115193110827591178,Dirk Deaton,PER
115193110827591178,Patriotic,MISC
115193110827591178,FA,LOC
115193110827591178,MA,MISC
115193110827591178,Republican,MISC
115193110827591178,Congress,ORG
115193110827591178,Midterm Elections,MISC
115193110827591178,Republicans,MISC
115193110827591178,Show Me State,MISC
115193110827591178,Save our Country,MISC
115193110827591178,AMERICA,ORG
115187206743663378,Ron Johnson,PER
115187206743663378,State,ORG
115187206743663378,Wisconsin,LOC
115187206743663378,Wisconsin,LOC
115187206743663378,Wisconsin,LOC
115187206020244589,Republican,MISC
115187206020244589,John Thune,PER
115187206020244589,Sisseton,ORG
115187206020244589,Wahpeton Oyate Tribe,ORG
115187206020244589,Great State of,LOC
115187206020244589,South Dakota,LOC
115187206020244589,Storm,MISC
115187206020244589,and Flooding,MISC
115187206020244589,South Dakota,LOC
115187206020244589,Historic Mar,LOC
115187206020244589,##gins,MISC
115187206020244589,MA,LOC
115187206020244589,AMERIC,LOC
115187205784578767,Roger Marshall,PER
115187205784578767,Great State of,LOC
115187205784578767,Kansas,LOC
115187205784578767,Big Victories,MISC
115187205784578767,Marshall,PER
115187205784578767,Moran,PER
115187205784578767,Republican,MISC
115187205784578767,Congress,ORG
115187205784578767,Republican,MISC
115187205784578767,State Legislature,ORG
115186969669045268,Great,MISC
115186969669045268,North Carolina,LOC
115186969669045268,Ted,PER
115186969669045268,##d Budd,PER
115186969669045268,Michael Whatley,PER
115186969669045268,North Carolina,LOC
115186969669045268,Republicans,MISC
115186969669045268,North Carolinian,MISC
115186969669045268,Stein,PER
115186969669045268,Democrat,MISC
115186969669045268,Roy Cooper,PER
115186969669045268,Storm,MISC
115186969669045268,Damage,MISC
115186969669045268,North Carolina,LOC
115186969669045268,Michael Whatley,PER
115186969669045268,Ted Bud,PER
115186868794986559,Roger Marshall,PER
115186868794986559,Kansas,LOC
115186868794986559,U. S. Army,ORG
115186868794986559,Roger,PER
115186868794986559,U. S.,LOC
115186868794986559,Senate,ORG
115186868794986559,Roger,PER
115186868794986559,American,MISC
115186868794986559,Southern,MISC
115186868794986559,Border,ORG
115186868794986559,American,MISC
115186868794986559,Energy,ORG
115186868794986559,Amendment,MISC
115186868794986559,KAN,ORG
115186868794986559,Roger Marshall,PER
115186503899309206,America,LOC
115186503899309206,GRE,MISC
115186230726893391,Potomac,LOC
115186230726893391,Pentagon,LOC
115186228312744900,Virginia,LOC
115186228312744900,New York,LOC
115186228312744900,Pennsylvania,LOC
115186228312744900,Americans,MISC
115186228312744900,American,MISC
115186203931436783,Charlie Kirk,PER
115186203931436783,G,MISC
115186203931436783,##IANT,MISC
115183827069786801,Mark Harris,PER
115183827069786801,North Carolina,LOC
115183827069786801,FoxNews,ORG
115183827069786801,Mark,PER
115183827069786801,DJ,PER
115182019266546196,Charlie Kirk,PER
115182019266546196,American Patriot,MISC
115182019266546196,American Flags,MISC
115182019266546196,United States,LOC
115182019266546196,Half Ma,LOC
115182019266546196,P,MISC
115182019266546196,M,LOC
115181934991844419,Charlie Kirk,PER
115181934991844419,Heart of the Youth,MISC
115181934991844419,United States of America,LOC
115181934991844419,Charlie,PER
115181934991844419,ALL,ORG
115181934991844419,Mel,PER
115181934991844419,##ania,PER
115181934991844419,Erik,PER
115181934991844419,Charlie,PER
115181549363103818,Charlie Kirk,PER
115180631135047280,Russia,LOC
115180631135047280,Poland,LOC
115180154793561569,Powell,PER
115180154793561569,DJ,PER
115180060678818221,AN,ORG
115180060678818221,Ukraine,LOC
115180060678818221,America,LOC
115180060678818221,Quick,MISC
115177916289896131,Lenny,PER
115177916289896131,AM,LOC
115177916289896131,##IC,ORG
115176746512388246,Missouri,LOC
115176746512388246,Republican,MISC
115176746512388246,Congressional Map,MISC
115176746512388246,Missouri,LOC
115176746512388246,Office,MISC
115176746512388246,History of the State,MISC
115176746512388246,Missouri,LOC
115176746512388246,MA,ORG
115176746512388246,Republican,MISC
115176746512388246,Midterm Elections,MISC
115176746512388246,Missouri,LOC
115176746512388246,Senate,ORG
115176746512388246,Map,MISC
115176746512388246,Republicans,MISC
115176746512388246,Show Me State,MISC
115176746512388246,Country,LOC
115176746512388246,AMERIC,LOC
115176472700835865,India,LOC
115176472700835865,United States of America,LOC
115176472700835865,Barriers,MISC
115176472700835865,Nations,MISC
115176472700835865,Mo,PER
115176472700835865,##di,PER
115176472700835865,Great Countries,MISC
115176212194047212,Elizabeth Tsurkov,PER
115176212194047212,Princeton,ORG
115176212194047212,Student,MISC
115176212194047212,American Citizen,MISC
115176212194047212,Kataib Hezbollah,ORG
115176212194047212,MILITANT Hezbollah,ORG
115176212194047212,American,MISC
115176212194047212,Iraq,LOC
115176212194047212,H,ORG
115176212194047212,##AM,LOC
115176212194047212,##AS,ORG
115176193823019593,Trump Administration,ORG
115176193823019593,United States Military,ORG
115176193823019593,Israel,LOC
115176193823019593,Hamas,ORG
115176193823019593,Doha,LOC
115176193823019593,Capital,LOC
115176193823019593,Qatar,LOC
115176193823019593,Net,PER
115176193823019593,##anyahu,PER
115176193823019593,Qatar,LOC
115176193823019593,Sovereign,ORG
115176193823019593,United States,LOC
115176193823019593,Peace,MISC
115176193823019593,Israel,LOC
115176193823019593,Americas,LOC
115176193823019593,Hamas,ORG
115176193823019593,Gaza,LOC
115176193823019593,Steve Witkoff,PER
115176193823019593,Qataris,MISC
115176193823019593,Qatar,LOC
115176193823019593,U. S.,LOC
115176193823019593,AL,ORG
115176193823019593,Netanyahu,PER
115176193823019593,Peace,MISC
115176193823019593,Qatar,LOC
115176193823019593,Marco Rubio,PER
115176193823019593,Defense Cooperation Agreement,MISC
115176193823019593,Qatar,LOC
115175155559334769,Donald J. Trump,PER
115175155559334769,Democrat,MISC
115175155559334769,Charlotte,LOC
115174504752942494,Fed,ORG
115174504752942494,Organization,ORG
115174504752942494,Ken Griffin,PER
115174504752942494,Data,MISC
115174504752942494,Pope,PER
115174504752942494,Jesus,PER
115174504752942494,Jay Hatfield Infrastructure Capital Advisors,ORG
115174504752942494,CIO,ORG
115174504752942494,Maria,ORG
115174504752942494,B,LOC
115174504752942494,Powell,PER
115174504752942494,Fed,ORG
115174504752942494,Greg Faranello,PER
115174504752942494,American Securities,ORG
115174504752942494,Maria B,LOC
115171801902619547,America,LOC
115171248213293804,Nick Bosa,PER
115171248213293804,San Francisco 49ers,ORG
115171248213293804,Seattle,ORG
115170494005487289,Ukrainian,MISC
115170494005487289,America,LOC
115170494005487289,War in Ukraine,MISC
115170494005487289,Metro,ORG
115170494005487289,Charlotte,LOC
115170494005487289,North Carolina,LOC
115170494005487289,CA,LOC
115170494005487289,##ESS BA,ORG
115170494005487289,Democrats,MISC
115170494005487289,Roy Cooper,PER
115170494005487289,North Carolina,LOC
115170494005487289,Republicans,MISC
115170494005487289,Mainstream Media,ORG
115170494005487289,MI,PER
115170494005487289,##CHA,ORG
115169843962994945,G,PER
115169843962994945,##ian,PER
115169843962994945,##no Caldwell,PER
115169843962994945,America,LOC
115169843962994945,Crime Crisis,MISC
115169843962994945,G,PER
115169843962994945,##ian,PER
115169843962994945,##no,PER
115169843962994945,Horror of the Crime E,MISC
115169843962994945,##emic,MISC
115169843962994945,Great,MISC
115169843962994945,Cities,LOC
115169843962994945,G,PER
115169843962994945,##ian,PER
115169843962994945,AMERICA,ORG
115169727944499112,AM,ORG
115169709094964283,Sean Hannity,PER
115169709094964283,Democrats,MISC
115169695509089058,S,ORG
115169695509089058,AMERIC,LOC
115169686997623003,U. S,LOC
115169686997623003,CA,PER
115169254084774448,Mary,PER
115169254084774448,Peace,LOC
115168933967621443,Chicago,LOC
115168933967621443,P,PER
115168933967621443,##ritzker,PER
115168933967621443,Federal Government,ORG
115168933967621443,Chicago,LOC
115168933967621443,Criminal,MISC
115168933967621443,City and State,ORG
115168933967621443,Illinois,LOC
115168933967621443,DE,LOC
115168933967621443,DJ,PER
115168778764944128,"Washington, D. C",LOC
115168778764944128,Trump,PER
115168758828419703,West Point,LOC
115168758828419703,Award Ce,MISC
115168758828419703,##ony,MISC
115168758828419703,Tom Hank,PER
115168758828419703,American Awards,MISC
115168758828419703,Academy Awards,MISC
115168758828419703,Fake Award,MISC
115168758828419703,and Practice,MISC
115168758828419703,Fairness and Justice,MISC
115168758828419703,DE,MISC
115168717159863645,B,MISC
115168717159863645,##IDEN AUTOPEN,MISC
115168717159863645,R,LOC
115168717159863645,##USSI,LOC
115168717159863645,##A,ORG
115168717159863645,R,LOC
115168717159863645,##USSI,LOC
115168717159863645,##A,ORG
115168717159863645,R,LOC
115168717159863645,##USSI,LOC
115168717159863645,##A H,ORG
115168503787643723,NYC,LOC
115168503787643723,Trump,PER
115165715028507857,Immigration Enforcement Operation,MISC
115165715028507857,H,LOC
115165715028507857,##yundai Battery Plant,LOC
115165715028507857,Georgia,LOC
115165715028507857,Foreign Companies,ORG
115165715028507857,United States,LOC
115165715028507857,Nations Immigration Laws,MISC
115165715028507857,Investment,ORG
115165715028507857,World Class,MISC
115165715028507857,American,ORG
115165715028507857,Workers,MISC
115165715028507857,##IT,MISC
115165715028507857,AMERICA,LOC
115164422928262033,War,MISC
115164422928262033,Israeli,MISC
115164422928262033,Hamas,ORG
115164422928262033,Hamas,ORG
115164422928262033,AMERICA,LOC
115164113502668318,Country,MISC
115164113502668318,Co,MISC
115164084768725650,Tennis Center,LOC
115154159518653872,Ashley Hinson,PER
115154159518653872,United States,LOC
115154159518653872,Senate,ORG
115154159518653872,Iowa,LOC
115154159518653872,Ashley,PER
115154159518653872,Ashley,PER
115154159518653872,Iowa,LOC
115154159518653872,United States,LOC
115154159518653872,Senate,ORG
115154159518653872,AM,LOC
115154159518653872,Iowa Workers,ORG
115154159518653872,Farmers,ORG
115154159518653872,American Agriculture,ORG
115154159518653872,Innovation,ORG
115154159518653872,Se,MISC
115154159518653872,Southern Border,MISC
115154159518653872,Migra,MISC
115154159518653872,Crime,MISC
115154159518653872,Second Amendment,MISC
115154159518653872,Ashley Hinson,PER
115153378284802465,Google,ORG
115153378284802465,Google,ORG
115153378284802465,European Union,ORG
115153378284802465,American Companies,ORG
115153232183118149,Europe,LOC
115153232183118149,American,MISC
115153232183118149,Google,ORG
115153232183118149,Dollar,MISC
115153232183118149,American Investments and Jobs,ORG
115153232183118149,Google,ORG
115153232183118149,American Tech Companies,ORG
115153232183118149,American,MISC
115153232183118149,Administration,ORG
115153232183118149,Apple,ORG
115153232183118149,American Ingenuity,MISC
115153232183118149,Section 301,MISC
115153232183118149,American,MISC
115153232183118149,Companies,ORG
115153232183118149,AMERICA,LOC
115152111914572913,Jerome Too,PER
115152111914572913,Late,MISC
115152111914572913,Powell,PER
115152031890524220,Democrat Party,ORG
115152031890524220,Jeffrey Epstein,PER
115152031890524220,Island,LOC
115152031890524220,E,PER
115152031890524220,##ps,PER
115152031890524220,##tein,PER
115152031890524220,DOJ,ORG
115152031890524220,Congress,ORG
115152031890524220,E,PER
115152031890524220,##ps,PER
115152031890524220,##tein,PER
115152031890524220,Radical,MISC
115152031890524220,Left,ORG
115152031890524220,Democrats,MISC
115152031890524220,Party,ORG
115152031890524220,Republicans,MISC
115152031890524220,Party,ORG
115152031890524220,Dems,MISC
115152031890524220,Democrat,MISC
115152031890524220,Russia,LOC
115152031890524220,Russia,LOC
115152031890524220,Russia,LOC
115152031890524220,Republican,MISC
115152031890524220,Administration,ORG
115152031890524220,Democrat Party,ORG
115152031890524220,Department of Justice,ORG
115152031890524220,Democrat,MISC
115152031890524220,E,PER
115152031890524220,##ps,PER
115152031890524220,Republicans,MISC
115152031890524220,AM,LOC
115152031890524220,##ERIC,ORG
115151165397446776,Jerry Nadler,PER
115151165397446776,Congress,ORG
115151165397446776,USA,LOC
115151165397446776,History,MISC
115151165397446776,Congress,ORG
115151165397446776,New York City,LOC
115151165397446776,Nancy Pelo,PER
115151165397446776,U. S. A,LOC
115151165397446776,Nadler,PER
115151165397446776,Washington,LOC
115151165397446776,D. C,LOC
115151165397446776,MA,LOC
115151165397446776,AMERIC,LOC
115151159839778614,India,LOC
115151159839778614,Russia,LOC
115151159839778614,China,LOC
115151159839778614,Donald J. Trump,PER
115148649416502990,Delta,ORG
115148649416502990,Delta,ORG
115148649416502990,Gulf of Mexico,LOC
115148649416502990,Gulf of America,LOC
115148649416502990,Not,ORG
115148649416502990,Airman,ORG
115148649416502990,Not,ORG
115148649416502990,Air Missions,ORG
115148649416502990,Delta,ORG
115148649416502990,Not,ORG
115148649416502990,Airman,ORG
115148649416502990,MA,ORG
115144139539095661,United States,LOC
115144139539095661,District of Columbia,LOC
115144139539095661,Jean,PER
115144139539095661,##ine Pirro,PER
115144139539095661,U. S.,LOC
115144139539095661,China,LOC
115144139539095661,Sinaloa Cartel,ORG
115144139539095661,Trump,PER
115144139539095661,Rubio,PER
115144139539095661,Sinaloa Cartel,ORG
115144139539095661,Foreign Terrorist Organization,ORG
115144108080211609,Stephen Miller,PER
115144108080211609,Democrat,MISC
115144078281517668,Chicago,LOC
115144078281517668,World,LOC
115144078281517668,DJ,PER
115143490689155283,Rosie ODonnell,PER
115143490689155283,Great American,MISC
115136798909755892,U. S. Military Forces,ORG
115136798909755892,Tren de Aragua Na,ORG
115136798909755892,S,LOC
115136798909755892,##UTHC,ORG
115136798909755892,TDA,ORG
115136798909755892,Foreign Terrorist Organization,ORG
115136798909755892,Nicolas Maduro,PER
115136798909755892,United States,LOC
115136798909755892,Western Hemisphere,LOC
115136798909755892,International,MISC
115136798909755892,United States,LOC
115136798909755892,U. S. Forces,ORG
115136798909755892,United States of America,LOC
115141178950731936,Poland,LOC
115141178950731936,Polish,MISC
115141178950731936,Ka,PER
115141178950731936,##rol Nawrock,PER
115141178950731936,Poland,LOC
115141085934172527,Polish,MISC
115141085934172527,F - 16,MISC
115141085934172527,Polish,MISC
115141085934172527,Ka,PER
115141085934172527,##rol Nawrock,PER
115141085934172527,White House,LOC
115141027239026556,Hamas,ORG
115137717177283585,Xi,PER
115137717177283585,China,LOC
115137717177283585,United States of America,LOC
115137717177283585,China,LOC
115137717177283585,FREEDOM,ORG
115137717177283585,Americans,MISC
115137717177283585,China,LOC
115137717177283585,Victory and Glory,MISC
115137717177283585,Xi,PER
115137717177283585,China,LOC
115137717177283585,Vladimir Putin,PER
115137717177283585,Kim Jong Un,PER
115137717177283585,United States of America,LOC
115136375132635794,U. S. Space Command,ORG
115136375132635794,Huntsville,LOC
115136375132635794,Alabama,LOC
115136375132635794,CIT,LOC
115136375132635794,ALAB,LOC
115136375132635794,##AM,ORG
115134772860379495,CHICAGO,ORG
115134530741891730,Chicago,LOC
115134530741891730,Chicago,LOC
115134530741891730,P,PER
115134530741891730,##ritzker,PER
115134530741891730,DC,LOC
115134530741891730,Chicago,LOC
115134530741891730,AM,LOC
115134530741891730,##ERICA,ORG
115131453547647085,Woody Allen,PER
115131453547647085,Donald Trump,PER
115131453547647085,Movie,MISC
115131453547647085,Celebrity,MISC
115130857021044948,United States of America,LOC
115130857021044948,Rudy Giulian,PER
115130857021044948,New York City,LOC
115130857021044948,American Patriot,MISC
115130857021044948,AMERIC,LOC
115129261076571259,India,LOC
115129261076571259,India,LOC
115129261076571259,India,LOC
115129261076571259,India,LOC
115129261076571259,Russia,LOC
115129261076571259,U. S,LOC
115128985245605660,Drug Companies,ORG
115128985245605660,Covid Drugs,MISC
115128985245605660,CDC,ORG
115128985245605660,Pfizer,ORG
115128985245605660,Bobby Kennedy Jr,PER
115128985245605660,CDC,ORG
115128985245605660,Drug Companies,ORG
115128985245605660,CDC,ORG
115128985245605660,O,MISC
115128985245605660,BR,MISC
115128985245605660,DJ,PER
115128853265372429,Mu,PER
115128853265372429,##riel Bowser,PER
115128853265372429,D. C.,LOC
115128853265372429,D. C,LOC
115128853265372429,P,PER
115128853265372429,##ritzker,PER
115128853265372429,Wes Moore,PER
115128853265372429,News,PER
115128853265372429,Chicago,LOC
115128853265372429,"Washington, D. C.",LOC
115128853265372429,Chicago,LOC
115128853265372429,Los Angeles,LOC
115128853265372429,New York,LOC
115128853265372429,Drenched City,MISC
115128853265372429,Baltimore,LOC
115128853265372429,Bowser,PER
115128853265372429,D. C.,LOC
115128853265372429,L. A,LOC
115128853265372429,Palisades,LOC
115128853265372429,L,LOC
115128853265372429,A,LOC
115128853265372429,Olympics,MISC
115128853265372429,Mu,PER
115128853265372429,##riel Bowser,PER
115128853265372429,D. C.,LOC
115126499944858986,Trilli,MISC
115126499944858986,USA,LOC
115126499944858986,Radical Left Court,ORG
115126499944858986,Third World Nation,MISC
115126499944858986,DJ,PER
115126449469247578,CH,LOC
115126426327367030,Fed Case,MISC
115126426327367030,DJ,PER
115126426327367030,Trump,PER
115126421567567735,DJ,PER
115126384708348116,USA,LOC
115126384708348116,Windmills,MISC
115126384708348116,Tri,MISC
115126384708348116,America,LOC
115126310071570564,Fake News ABC,ORG
115126310071570564,Week,MISC
115126310071570564,George Slopadopol,PER
115126310071570564,Donna Brazile,PER
115126310071570564,C,PER
115126310071570564,Hillary Clinton,PER
115126310071570564,F,ORG
115126310071570564,##ake News CNN,ORG
115126310071570564,ABC News,ORG
115126310071570564,Meg,PER
115126310071570564,##yn Kelly,PER
115126310071570564,Donna,PER
115126310071570564,S,PER
115126310071570564,Chris Christie,PER
115126310071570564,ABC Fake News,ORG
115125782692352784,DC Safe SIT R,ORG
115125782692352784,El Salvadorian,MISC
115125782692352784,MS,MISC
115125782692352784,13,MISC
115125782692352784,National Guard,ORG
115125330212310166,DC,ORG
115125318282199234,DC,LOC
115124685956430001,D,MISC
115124685956430001,Radical Left,ORG
115124685956430001,Democrat,MISC
115124685956430001,Obama,PER
115124685956430001,U. S,LOC
115124685956430001,A,LOC
115124166787814415,Jon Grud,PER
115124163211780188,Major League Baseball,MISC
115124163211780188,Roger Clemens,PER
115124163211780188,Hall of Fame,MISC
115124163211780188,Total Strike Outs,MISC
115124163211780188,Run Average,MISC
115124163211780188,World Series,MISC
115124163211780188,Cy Young Awards,MISC
115124163211780188,Baseball,ORG
115124163211780188,Rob Manfred,PER
115124163211780188,Roger Clemens,PER
115124041395193539,Elise Stefanik,PER
115124041395193539,Warrior,MISC
115124034604820821,Senate,ORG
115124034604820821,Pacific Palisades,ORG
115124030766596526,United States,LOC
115124030766596526,Housing,ORG
115123713005977554,Miranda Devine,PER
115123713005977554,Katie Pavlich,PER
115123713005977554,FoxNews,ORG
115123673064341664,Hilary Fordwich,PER
115123673064341664,Armstrong Williams,PER
115123673064341664,Show,MISC
115123673064341664,Hilary,PER
115123673064341664,Armstrong,PER
115123673064341664,AMERICA & ST,ORG
115120906287440313,The Great,MISC
115120906287440313,Mark Levin,PER
115120881794624188,Labor Day,MISC
115120881794624188,USA,LOC
115120881794624188,Courts,ORG
115120881794624188,DJ,PER
115120863399877029,I,ORG
115120863399877029,D,ORG
115120863399877029,Far Away Military,ORG
115120863399877029,DJ,PER
115120828581193223,Slip,ORG
115120828581193223,Republican Party,ORG
115120067667186412,DC,LOC
115120036321239638,Chicago,LOC
115120036321239638,J,PER
115120036321239638,##B Pritzker,PER
115120036321239638,Illinois,LOC
115119151783895076,White House,LOC
115119151783895076,GRE,MISC
115119151783895076,Buildings,MISC
115119151783895076,White House,LOC
115119151783895076,Rose Garden,LOC
115119151783895076,Rose Garden,LOC
115119151783895076,White House,LOC
115119151783895076,AMERIC,LOC
115118817792640786,Veterans Affairs,ORG
115118817792640786,Doug Collins,PER
115118817792640786,Veterans,MISC
115118817792640786,Veterans Crisis Line,ORG
115118817792640786,Veterans Affairs,ORG
115114587950181071,Constitution,MISC
115114587950181071,Article II,MISC
115114587950181071,Mexico,LOC
115114587950181071,Canada,LOC
115114587950181071,China,LOC
115114587950181071,II,MISC
115114587950181071,Congress,ORG
115114587950181071,Congress,ORG
115114587950181071,II,MISC
115114587950181071,Supreme Court,ORG
115114587950181071,Justice,PER
115114587950181071,Thomas,PER
115114587950181071,Gorsuch,PER
115114587950181071,Ka,PER
115114587950181071,##ugh,PER
115114587950181071,Justice Alito,PER
115114339832960282,AL,ORG
115114339832960282,TARIFFS,ORG
115114339832960282,High,ORG
115114339832960282,Partisan Appeals Court,ORG
115114339832960282,United States of America,LOC
115114339832960282,U. S. A,LOC
115114339832960282,United States of America,LOC
115114339832960282,Labor Day,MISC
115114339832960282,T,ORG
115114339832960282,##IFFS,ORG
115114339832960282,Companies,ORG
115114339832960282,AMERICA,ORG
115114339832960282,United,ORG
115114339832960282,States,LOC
115114339832960282,Supreme Court,ORG
115114339832960282,America,LOC
115114270276925608,Mike Kehoe,PER
115114270276925608,State of,LOC
115114270276925608,Missouri,LOC
115114270276925608,Congressional Map,MISC
115114270276925608,Missouri,LOC
115114270276925608,MA,ORG
115114270276925608,Republican,MISC
115114270276925608,Midterm Elections,MISC
115114270276925608,America First Age,MISC
115114270276925608,Show - Me State,MISC
115114270276925608,Presidential Election,MISC
115114270276925608,R,PER
115114270276925608,Party,ORG
115114270276925608,American People,ORG
115114270276925608,Republican,MISC
115114270276925608,Missouri Legislature,ORG
115114270276925608,Congressional Map,MISC
115114270276925608,Mike Kehoe,PER
115114270276925608,AM,LOC
115114270276925608,##ERIC,ORG
115112927549205725,Hulk,PER
115112927549205725,Hulk Hogan,PER
115109848555666148,DC,LOC
115109848555666148,DC,LOC
115108269835339794,Christina Bobbs,PER
115108269835339794,Christina,PER
115108269835339794,Der,MISC
115108269835339794,Jack Smith Investigation,MISC
115108269835339794,Rai,MISC
115108269835339794,Mar -,LOC
115108269835339794,a,MISC
115108269835339794,- Lago,LOC
115108269835339794,American People,ORG
115108269835339794,Sham Case,MISC
115108269835339794,Radical Left,ORG
115106855887002067,P,PER
115106855887002067,##ritzker,PER
115106855887002067,Chicago,LOC
115106855887002067,Democrats,MISC
115106855887002067,DJ,PER
115106822268468130,Republican Party,ORG
115106822268468130,AMERIC,LOC
115106822268468130,Presidential Election,MISC
115106822268468130,##R,MISC
115106822268468130,Democrats,MISC
115106822268468130,Country Des,MISC
115106822268468130,##ying,MISC
115106822268468130,B,PER
115106822268468130,##iden,PER
115106822268468130,Administration,MISC
115106822268468130,USA,LOC
115106822268468130,National Convention,MISC
115106822268468130,Republican Party,ORG
115106822268468130,Midterms,MISC
115106822268468130,AM,LOC
115106822268468130,##ER,ORG
115106822268468130,##ICA,LOC
115103943282239129,The Color of Death,MISC
115103943282239129,Trey Gowdy,PER
115102954264650044,Utah,LOC
115102954264650044,Republican,MISC
115102954264650044,Utah,LOC
115102954264650044,Election,MISC
115102954264650044,Radical Left,MISC
115102954264650044,All Citizens of Utah,ORG
115102954264650044,Judiciary,ORG
115102954264650044,Congressional,ORG
115102954264650044,Republicans,MISC
115102954264650044,Congress,ORG
115102954264650044,Utah GOP,ORG
115102954264650044,##IT,ORG
115102954264650044,Republican,MISC
115102954264650044,Congress,ORG
115101274999111772,Minneapolis,LOC
115101274999111772,Minnesota,LOC
115101274999111772,FBI,ORG
115101274999111772,White House,LOC
115100868745163117,R,PER
115100868745163117,Karl Rove,PER
115100868745163117,Fox & Friends,ORG
115100868745163117,Republican Party,ORG
115100868745163117,De,ORG
115100868745163117,##ms,MISC
115100868745163117,P,ORG
115100792784831675,George Soros,PER
115100792784831675,Radical Left,MISC
115100792784831675,R,ORG
115100792784831675,V,MISC
115100792784831675,Protest,MISC
115100792784831675,United States of America,LOC
115100792784831675,America,LOC
115100792784831675,So,PER
115100792784831675,##ros,PER
115100792784831675,Country,LOC
115100792784831675,West Coast,LOC
115099185736327475,Fake News NBC,ORG
115099185736327475,Late Night,MISC
115099185736327475,Seth Meyer,PER
115099185736327475,Fake News NBC,ORG
115099185736327475,Il,ORG
115098905035838387,Republicans,MISC
115098905035838387,BA,PER
115098905035838387,DJ,PER
115098861391135351,DC,LOC
115098861391135351,DJ,PER
115098852835094028,Mike Johnson,PER
115098852835094028,John Thune,PER
115098852835094028,Republicans,MISC
115098852835094028,Comprehensive Crime Bill,MISC
115098852835094028,Country,LOC
115098852835094028,AMERIC,LOC
115098837339559726,Great Presidential Election,MISC
115098837339559726,AM,LOC
115098837339559726,##ERIC,ORG
115098660302858709,New York Times,MISC
115098660302858709,##ling,MISC
115098660302858709,Trey Gowdy,PER
115098660302858709,G,MISC
115098660302858709,Trey,PER
115098660302858709,DJ,PER
115098161051613732,Chicago,LOC
115098161051613732,C,ORG
115098161051613732,P,PER
115098161051613732,##ritzker,PER
115098161051613732,Mayor Johnson,PER
115098161051613732,Chicago,LOC
115097715754727825,C,ORG
115097715754727825,##racker Barrel,ORG
115095945859977843,Cabinet,ORG
115095945859977843,Meeting,MISC
115095945859977843,White House,LOC
115095712740396417,ABBE,LOC
115095712740396417,GA,LOC
115095611962356054,Robert,PER
115095611962356054,Heaven,LOC
115095579197949665,Cracker Barrel,ORG
115095579197949665,News Conference,MISC
115095579197949665,Cracker Barrel,ORG
115095579197949665,United States of America,LOC
115095579197949665,World,LOC
115095254091273904,D. C.,LOC
115095254091273904,D,LOC
115092243259973570,United States,LOC
115092243259973570,American Tech,MISC
115092243259973570,Companies,ORG
115092243259973570,Digital Tax,MISC
115092243259973570,Digital Services Legislation,MISC
115092243259973570,Digital Markets Regulations,MISC
115092243259973570,American Technology,ORG
115092243259973570,China,LOC
115092243259973570,Tech Companies,ORG
115092243259973570,Digital Tax,MISC
115092243259973570,United States,LOC
115092243259973570,U. S. A.,LOC
115092243259973570,High,MISC
115092243259973570,Protected Technology,MISC
115092243259973570,and,ORG
115092243259973570,Chips,MISC
115092243259973570,America,LOC
115092243259973570,American Technology Companies,ORG
115092243259973570,America,LOC
115092243259973570,Tech Companies,ORG
115092243259973570,AMERICA,LOC
115089605510353605,S,MISC
115089605510353605,##O,MISC
115089605510353605,##UT,LOC
115089605510353605,##H,MISC
115089605510353605,KOR,LOC
115089605510353605,##EA,MISC
115089605510353605,Purge,MISC
115089605510353605,Revolution,MISC
115089605510353605,White House,LOC
115089582863713336,Z,PER
115089582863713336,USA,LOC
115089582863713336,Country,LOC
115089582863713336,United States States,LOC
115089582863713336,USA,LOC
115089582863713336,America,LOC
115089457027851323,Chicago,LOC
115089457027851323,DC,LOC
115089457027851323,DC,LOC
115087160158530143,ABC,ORG
115087160158530143,NBC,ORG
115087160158530143,##KE NEWS,ORG
115087160158530143,World,LOC
115087160158530143,Republicans,MISC
115087160158530143,Conservatives,MISC
115086929873163909,Presidential History,MISC
115086929873163909,ABC & NBC,ORG
115086929873163909,##KE NEWS,ORG
115086929873163909,FCC,ORG
115086929873163909,Democracy,MISC
115086877071260300,F,ORG
115086877071260300,##ake News,MISC
115086877071260300,MA,LOC
115086877071260300,AM,LOC
115086877071260300,##ERIC,ORG
115086695163847248,Constitutional Right,MISC
115086695163847248,U. S.,LOC
115086695163847248,States,LOC
115086695163847248,Democrat,MISC
115086695163847248,United States,LOC
115086695163847248,Chuck Grassley,PER
115086695163847248,Great State of,LOC
115086695163847248,Iowa,LOC
115086695163847248,Democrats,MISC
115086695163847248,C,PER
115086695163847248,Joe Biden,PER
115086695163847248,Democrats,MISC
115086695163847248,Chuck Grass,PER
115086695163847248,Republican,MISC
115086695163847248,Democrats,MISC
115086673663478175,U. S.,LOC
115086673663478175,States,LOC
115086673663478175,Democrat,MISC
115086673663478175,United States,LOC
115086673663478175,Chuck Grassley,PER
115086673663478175,Great,MISC
115086673663478175,State of,LOC
115086673663478175,Iowa,LOC
115086673663478175,Democrats,MISC
115086673663478175,C,PER
115086673663478175,Joe Biden,PER
115086673663478175,Democrats,MISC
115086673663478175,Chuck Grass,PER
115086673663478175,Republican,MISC
115086673663478175,Democrats,MISC
115086563627159779,S,PER
115086563627159779,Chris Christie,PER
115086563627159779,News Show,MISC
115086563627159779,This Week With,MISC
115086563627159779,George Slopadopol,PER
115086563627159779,ABC Fake News,ORG
115086563627159779,Jonathan Karl,PER
115086563627159779,S,PER
115086563627159779,##py Chris,PER
115086563627159779,George Washington Bridge,LOC
115086563627159779,Chris,PER
115086563627159779,DJ,PER
115085538447688269,A,ORG
115085538447688269,##ppellate Court,ORG
115085538447688269,Engor,PER
115085538447688269,Let,PER
115085538447688269,James,PER
115085538447688269,DJ,PER
115084666474687343,Golf,MISC
115084666474687343,Roger Clemens,PER
115084666474687343,Ka,PER
115084666474687343,##cy,PER
115084666474687343,Roger Clemens,PER
115084666474687343,##chers,MISC
115084666474687343,All Time,MISC
115084666474687343,Games,MISC
115084666474687343,Cy Young Award,MISC
115084666474687343,World Series,MISC
115084666474687343,Nolan Ryan,PER
115084666474687343,Baseball Hall of Fame,MISC
115084666474687343,Roger,PER
115084666474687343,Pete Rose,PER
115084666474687343,Hall of Fame,MISC
115084666474687343,Pete,PER
115084666474687343,Pete Rose,PER
115084666474687343,Roger Clemens,PER
115084162750679122,Wes Moore,PER
115084162750679122,Maryland,LOC
115084162750679122,Bronze Star,MISC
115084149454997135,Wes Moore,PER
115084149454997135,Maryland,LOC
115084149454997135,Maryland,LOC
115084149454997135,Baltimore,LOC
115084149454997135,Crime,MISC
115084149454997135,Wes Moore,PER
115084149454997135,Crime,MISC
115084149454997135,Blue States,LOC
115084149454997135,Wes Moore,PER
115084149454997135,Gavin Newscum,PER
115084149454997135,L,LOC
115084149454997135,A,LOC
115084149454997135,DC,LOC
115084149454997135,DC,LOC
115084149454997135,Baltimore,LOC
115084149454997135,Maryland,LOC
115084149454997135,P. S,LOC
115084149454997135,Baltimore,LOC
115084149454997135,Wes,PER
115084149454997135,Wes Moore,PER
115084149454997135,AM,LOC
115084149454997135,##IC,LOC
115081441604745953,F - 22 Raptor,MISC
115081430531030440,Ke,PER
115081430531030440,##egan Bradley,PER
115081430531030440,American Ryder Cup,MISC
115081430531030440,Ryder Cup,MISC
115081430531030440,PGA Tour,MISC
115081430531030440,Tournament Friday,MISC
115078969663814221,Dan Patrick,PER
115078969663814221,Great,MISC
115078969663814221,State,LOC
115078969663814221,Texas,LOC
115078969663814221,Office,ORG
115078969663814221,History of Texas,MISC
115078969663814221,Texas,LOC
115078969663814221,Presidential,MISC
115078969663814221,Dan,PER
115078969663814221,Movement,ORG
115078969663814221,Elections,MISC
115078969663814221,Dan,PER
115078969663814221,Congressional Map,MISC
115078969663814221,Texas,LOC
115078969663814221,MA,ORG
115078969663814221,Republicans,MISC
115078969663814221,Midterm Elections,MISC
115078969663814221,America,MISC
115078969663814221,Age,MISC
115078969663814221,Dan,PER
115078969663814221,Drugs,MISC
115078969663814221,U. S,LOC
115078969663814221,A,LOC
115078969663814221,Amendment,MISC
115078969663814221,MA,ORG
115078969663814221,Dan Patrick,PER
115074855100531685,Lindsey Freeman,PER
115074855100531685,United States District Court,ORG
115074855100531685,Middle District of,LOC
115074855100531685,North Carolina,LOC
115074855100531685,Lindsey,PER
115074855100531685,Department of Justice,ORG
115074855100531685,Country,LOC
115074855100531685,U. S.,LOC
115074855100531685,UP,ORG
115074855100531685,Law School,ORG
115074855100531685,Harvard,ORG
115074855100531685,Constitutional Rights,MISC
115074855100531685,Lindsey,PER
115074853922882875,David Bragdon,PER
115074853922882875,United,ORG
115074853922882875,States,LOC
115074853922882875,District Court,ORG
115074853922882875,Middle District of,LOC
115074853922882875,North Carolina,LOC
115074853922882875,UVA School of Law,ORG
115074853922882875,Campbell University,ORG
115074853922882875,David,PER
115074853922882875,Law and Order,ORG
115074853922882875,U. S.,LOC
115074853922882875,United,ORG
115074853922882875,States,LOC
115074853922882875,Supreme Court,ORG
115074853922882875,Clarence Thomas,PER
115074853922882875,Constitution,MISC
115074853922882875,Rule of Law,MISC
115074853922882875,David,PER
115074852826314245,Susan Courtwright Rodriguez,PER
115074852826314245,United States District Court,ORG
115074852826314245,Western District of,LOC
115074852826314245,North Carolina,LOC
115074852826314245,Western District of,LOC
115074852826314245,North Carolina,LOC
115074852826314245,Susan,PER
115074852826314245,Great,MISC
115074852826314245,People,ORG
115074852826314245,J,MISC
115074852826314245,Antonin Scalia Law School,ORG
115074852826314245,George Mason University,ORG
115074852826314245,"Washington, D. C.",LOC
115074852826314245,Frank Whitney,PER
115074852826314245,Susan,PER
115074852826314245,Law,MISC
115074852826314245,and Order,ORG
115074852826314245,Constitution,MISC
115074852826314245,Susan,PER
115074851803012151,Matthew Orso,PER
115074851803012151,United,ORG
115074851803012151,States,LOC
115074851803012151,Court,ORG
115074851803012151,Western District of,LOC
115074851803012151,North Carolina,LOC
115074851803012151,Matthew,PER
115074851803012151,America First,ORG
115074851803012151,Patriot,MISC
115074851803012151,Radical,MISC
115074851803012151,People,ORG
115074851803012151,North Carolina,LOC
115074851803012151,Matthew,PER
115074851803012151,Rule of Law,MISC
115074851803012151,Constitutional Rights,MISC
115074851803012151,Matthew,PER
115074849478784264,Mobile,LOC
115074849478784264,Alabama,LOC
115074849478784264,Convention Center,LOC
115074849478784264,Convention Center,LOC
115074849478784264,Stadium,LOC
115074849478784264,Alabama,LOC
115074444617901812,United States of America,LOC
115074444617901812,IN,ORG
115074444617901812,##L,ORG
115074444617901812,Great American Company,ORG
115074444617901812,Deal,MISC
115074444617901812,Li,PER
115074444617901812,##p,PER
115074444617901812,B,PER
115074444617901812,##u Tan,PER
115074444617901812,Company,ORG
115074444617901812,United States,LOC
115074444617901812,America,LOC
115074444617901812,IN,ORG
115074444617901812,Semi,ORG
115074444617901812,##s and Chips,ORG
115074444617901812,IN,ORG
115074444617901812,Nation,LOC
115074444617901812,AMERIC,ORG
115074344428193585,Sergio Gor,PER
115074344428193585,United States,LOC
115074344428193585,Republic of India,LOC
115074344428193585,South,LOC
115074344428193585,Central,LOC
115074344428193585,Asian,MISC
115074344428193585,Personnel,ORG
115074344428193585,Sergio,PER
115074344428193585,America First Patriots,ORG
115074344428193585,Department,ORG
115074344428193585,our Federal Government,ORG
115074344428193585,Departments and Agencies,ORG
115074344428193585,Sergio,PER
115074344428193585,White House,LOC
115074344428193585,Sergio,PER
115074344428193585,Historic Presidential Campaigns,MISC
115074344428193585,Books,MISC
115074344428193585,Movement,ORG
115074344428193585,Sergio,PER
115074344428193585,Personnel,ORG
115074344428193585,American People,ORG
115074344428193585,MA,ORG
115074344428193585,AM,LOC
115074344428193585,##ERIC,ORG
115074344428193585,Sergio,PER
115074344428193585,Sergio,PER
115074268844516691,Radical,MISC
115074268844516691,Left,ORG
115074268844516691,Congressional Budget Office,ORG
115074268844516691,CBO,ORG
115074268844516691,Ta,MISC
115074268844516691,Tri,MISC
115074268844516691,Ta,MISC
115074268844516691,Market,MISC
115074267817502694,Ta,MISC
115074267817502694,United States,LOC
115074267817502694,Countries,LOC
115074267817502694,United States,LOC
115074267817502694,Fu,ORG
115074267817502694,Business,ORG
115074267817502694,North Carolina,LOC
115074267817502694,South Carolina,LOC
115074267817502694,Michigan,LOC
115074267817502694,States,LOC
115074267817502694,Union,LOC
115074158839984797,MAGA,MISC
115074158839984797,Joe Gruters,PER
115074158839984797,Republican National Committee,ORG
115074158839984797,Michael Whatley,PER
115074158839984797,Campaign for,MISC
115074158839984797,United States Senate,ORG
115074158839984797,Great State of North Carolina,LOC
115074158839984797,MI,PER
115074158839984797,##CHA,ORG
115074158839984797,MA,PER
115074158839984797,AMERICA,ORG
115074158839984797,Republican Party of Florida,ORG
115074158839984797,Joe,PER
115074158839984797,State,LOC
115074158839984797,Florida,LOC
115074158839984797,Joe,PER
115074158839984797,MA,PER
115074158839984797,AM,LOC
115074158839984797,##ERICA,ORG
115074158839984797,Republican,MISC
115074158839984797,Joe,PER
115072565335011054,United States,LOC
115072565335011054,DE,MISC
115072565335011054,Election Day,MISC
115070876988527695,"Washington, D. C",LOC
115070876988527695,D. C. National Guard,ORG
115070876988527695,Police,ORG
115070876988527695,Mu,PER
115070876988527695,##riel Bowser,PER
115070876988527695,Federal,MISC
115070876988527695,Washington D. C.,LOC
115070802633295008,New York State,LOC
115070802633295008,Let,PER
115070802633295008,##ici,PER
115070802633295008,##a James,PER
115070802633295008,New York,LOC
115070802633295008,A,ORG
115070802633295008,##ppellate Division,ORG
115070802633295008,New,ORG
115070802633295008,York,LOC
115070802633295008,Judicial System,ORG
115070802633295008,Let,PER
115070802633295008,##ici,PER
115070802633295008,##a James,PER
115070088108962428,U. S.,LOC
115070088108962428,Pam Bond,PER
115068985647592045,"Washington, D. C",LOC
115068968882877150,National Guard,ORG
115068968882877150,"Washington, D. C.",LOC
115068606930305176,Dustin Burrows,PER
115068606930305176,Republicans,MISC
115068606930305176,Texas House of Representatives,ORG
115068606930305176,Dustin,PER
115068606930305176,Texas House,ORG
115068606930305176,Texas,LOC
115068606930305176,Republicans,MISC
115068606930305176,Congress,ORG
115068606930305176,Republicans,MISC
115068606930305176,Texas,LOC
115068606930305176,Dustin,PER
115068606930305176,U,LOC
115068606930305176,S,LOC
115068606930305176,A,LOC
115068606930305176,American Energy,ORG
115068606930305176,Border,MISC
115068606930305176,Amendment,MISC
115068606930305176,Dustin Burrows,PER
115068606930305176,House,ORG
115068391246280549,United States,LOC
115068391246280549,Steve Witkoff,PER
115067582190707382,FA,MISC
115067582190707382,New York State,LOC
115067582190707382,Let,PER
115067582190707382,James Case,PER
115067582190707382,Court,ORG
115067582190707382,New York State,LOC
115067582190707382,Witch Hunt,MISC
115067582190707382,Election Inter,MISC
115067582190707382,City,ORG
115067582190707382,State,ORG
115067582190707382,Arthur Engor,PER
115067582190707382,Ha,MISC
115067582190707382,Let,PER
115067582190707382,James,PER
115067582190707382,David Friedman,PER
115067582190707382,Court,ORG
115067582190707382,of our Country,MISC
115067581427069480,Political Trials,MISC
115067581427069480,Election,MISC
115067581427069480,B,ORG
115067581427069480,##iden / Harris Campaign,ORG
115067581427069480,History,MISC
115067581427069480,Corrupt Case,MISC
115067581427069480,Corrupt Letitia James Case,MISC
115067581427069480,Ha,MISC
115067581427069480,Biden / Harris Administration,ORG
115067581427069480,ME,ORG
115067581427069480,United States,LOC
115067581427069480,Eric Trump,PER
115067581427069480,Trump Organization,ORG
115067581427069480,Justice,ORG
115067581427069480,Legal Team,ORG
115067581427069480,New York City,LOC
115067581427069480,State,LOC
115067017601499775,Ukraine,LOC
115067017601499775,Russia,LOC
115067017601499775,Joe Biden,PER
115067017601499775,Ukraine,LOC
115067017601499775,Z,PER
115067017601499775,DJ,PER
115066670303535454,TIN,ORG
115066670303535454,Patriot,MISC
115066670303535454,C,MISC
115066670303535454,##rook,MISC
115066670303535454,Colorado,LOC
115066670303535454,Mail - In Ballot,ORG
115066670303535454,Tina Peters,PER
115066670303535454,Democrats,MISC
115066670303535454,Election,MISC
115066339632774609,California,LOC
115066339632774609,Transgender,MISC
115066304815869662,Great,MISC
115066304815869662,State of,LOC
115066304815869662,Missouri,LOC
115066304815869662,IN,LOC
115066304815869662,Midterms,MISC
115066304815869662,Missouri,LOC
115064867714909057,Southern Border,ORG
115064867714909057,"Washington, D. C",LOC
115064840755804065,MSNBC,ORG
115064840755804065,NE,MISC
115064840755804065,AI,PER
115064840755804065,MSNBC,ORG
115064763272706560,Gavin Newscum,PER
115064763272706560,Great State,MISC
115064763272706560,California,LOC
115064763272706560,California,LOC
115064763272706560,DJ,PER
115064726295507295,Republicans,MISC
115064705209848959,Texas,LOC
115064705209848959,Congressional,ORG
115064705209848959,Rights,MISC
115064705209848959,Texas,LOC
115064705209848959,Florida,LOC
115064705209848959,Indiana,LOC
115064705209848959,Republicans,MISC
115064705209848959,God,PER
115064705209848959,America,LOC
115061558603769379,Marco Rubio,PER
115061558603769379,Putin,PER
115061558603769379,Zele,PER
115061558603769379,##nsky,PER
115061558603769379,Donald J. Trump,PER
115061532152460260,Environmental Protection Agency,ORG
115061532152460260,Lee Zeld,PER
115061532152460260,Z,PER
115061532152460260,Trump EPA,ORG
115061532152460260,EPA,ORG
115061523871381886,Environmental Protection Agency,ORG
115061523871381886,Lee Zeldin,PER
115061523871381886,American,MISC
115061523871381886,Americans,MISC
115061523871381886,American,MISC
115061523871381886,American,MISC
115061515379882720,Scott Bessent,PER
115061515379882720,Trump,PER
115061417084982814,WIN,ORG
115061417084982814,##DM,PER
115061417084982814,SOLAR,ORG
115061417084982814,Solar,ORG
115061417084982814,USA,LOC
115061417084982814,MA,LOC
115057827631877948,Jerome Too Late Powell,PER
115057827631877948,Housing Industry,ORG
115057235181892448,Eric Schmitt,PER
115057235181892448,G,MISC
115057235181892448,Missouri,LOC
115057235181892448,Eric,PER
115057235181892448,B,ORG
115057235181892448,A,ORG
115057235181892448,G,ORG
115057235181892448,U. S.,LOC
115057235181892448,Senate,ORG
115057235181892448,America First Agenda,MISC
115057235181892448,Radica Left,MISC
115057232009491029,Statistics,MISC
115057232009491029,U. S. Border Patrol,ORG
115057232009491029,Z,ORG
115057232009491029,Alien,MISC
115057232009491029,Texas Border,LOC
115057232009491029,Texas,LOC
115057232009491029,Republicans,MISC
115057232009491029,Midterm Elections,MISC
115057232009491029,Texas House,ORG
115057232009491029,Dustin Burrows,PER
115057232009491029,Republican,MISC
115057232009491029,Legislature,ORG
115057232009491029,Greg Abbott,PER
115057229339116421,Mark Alford,PER
115057229339116421,America First Patriot,ORG
115057229339116421,Missouri,LOC
115057229339116421,Congressional,MISC
115057229339116421,Mark,PER
115057229339116421,News An,ORG
115057229339116421,##est and Fair,MISC
115057229339116421,Corrupt Fake News,ORG
115057229339116421,Great Country,LOC
115057229339116421,Congress,ORG
115057229339116421,Mark,PER
115057229339116421,U. S,LOC
115057229339116421,A,LOC
115057229339116421,American Energy,ORG
115057229339116421,Amendment,MISC
115057229339116421,Mark Alford,PER
115057228167480219,Ron Estes,PER
115057228167480219,Kansas,LOC
115057228167480219,Ron,PER
115057228167480219,U. S.,LOC
115057228167480219,U. S,LOC
115057228167480219,A,LOC
115057228167480219,American Energy,ORG
115057228167480219,Country,LOC
115057228167480219,Amendment,MISC
115057228167480219,Ron Estes,PER
115057227758129383,Jeff Crank,PER
115057227758129383,Great People of Colorado,ORG
115057227758129383,Jeff,PER
115057227758129383,America First Age,MISC
115057227758129383,Congress,ORG
115057227758129383,Regulations,MISC
115057227758129383,U,LOC
115057227758129383,S,LOC
115057227758129383,A,LOC
115057227758129383,Advance American Energy,ORG
115057227758129383,Amendment,MISC
115057227758129383,Jeff Crank,PER
115057226416192109,Frank Lucas,PER
115057226416192109,Oklahoma,LOC
115057226416192109,Frank,PER
115057226416192109,for American Agriculture,ORG
115057226416192109,Farmers and Ranch,ORG
115057226416192109,Congress,ORG
115057226416192109,U. S,LOC
115057226416192109,A,LOC
115057226416192109,American Energy,ORG
115057226416192109,Military,ORG
115057226416192109,Amendment,MISC
115057226416192109,Frank Lucas,PER
115057226006495872,Congress,ORG
115057226006495872,She,PER
115057226006495872,##ri Biggs,PER
115057226006495872,South Carolina,LOC
115057226006495872,District,LOC
115057226006495872,Air National Guard,ORG
115057226006495872,She,PER
115057226006495872,##ri,PER
115057226006495872,Congress,ORG
115057226006495872,She,PER
115057226006495872,##ri,PER
115057226006495872,U. S,LOC
115057226006495872,A,LOC
115057226006495872,American,MISC
115057226006495872,Energy,ORG
115057226006495872,Amendment,MISC
115057226006495872,She,PER
115057226006495872,##ri Biggs,PER
115057224848483899,Congress,ORG
115057224848483899,Julie Fedorchak,PER
115057224848483899,Great People,MISC
115057224848483899,North Dakota,LOC
115057224848483899,Julie,PER
115057224848483899,Congress,ORG
115057224848483899,U. S,LOC
115057224848483899,A,LOC
115057224848483899,American,MISC
115057224848483899,Energy,ORG
115057224848483899,Military,ORG
115057224848483899,Veterans,ORG
115057224848483899,Amendment,MISC
115057224848483899,Julie Fedorchak,PER
115057224448370906,Dave Taylor,PER
115057224448370906,Ohio,LOC
115057224448370906,Business,MISC
115057224448370906,Dave,PER
115057224448370906,America First,ORG
115057224448370906,GRE,MISC
115057224448370906,American Energy,ORG
115057224448370906,U,LOC
115057224448370906,S,LOC
115057224448370906,A,LOC
115057224448370906,American,MISC
115057224448370906,Second Amendment,MISC
115057224448370906,Dave Taylor,PER
115057223325978530,Congress,ORG
115057223325978530,Mary Miller,PER
115057223325978530,Illinois,LOC
115057223325978530,Congressional,ORG
115057223325978530,Mary,PER
115057223325978530,American Agriculture,MISC
115057223325978530,Congress,ORG
115057223325978530,U. S,LOC
115057223325978530,A,LOC
115057223325978530,American Energy,ORG
115057223325978530,Amendment,MISC
115057223325978530,Mary Miller,PER
115057222950737259,Pat Harrigan,PER
115057222950737259,Great People,ORG
115057222950737259,North Carolina,LOC
115057222950737259,West Point,LOC
115057222950737259,Decorated Green Beret,MISC
115057222950737259,Pat,PER
115057222950737259,Congress,ORG
115057222950737259,Pat,PER
115057222950737259,Crime,MISC
115057222950737259,U,LOC
115057222950737259,S,LOC
115057222950737259,A,LOC
115057222950737259,Small Business,ORG
115057222950737259,American,MISC
115057222950737259,Energy,ORG
115057222950737259,Second Amendment,MISC
115057222950737259,Pat Harrigan,PER
115057221778612718,Leigh Wambsgan,PER
115057221778612718,Texas,LOC
115057221778612718,Senate,ORG
115057221778612718,9,MISC
115057221778612718,America First,ORG
115057221778612718,Patriot,MISC
115057221778612718,Leigh,PER
115057221778612718,Choice,MISC
115057221778612718,American Dream,MISC
115057221778612718,U. S. Energy,ORG
115057221778612718,Southern,MISC
115057221778612718,Second Amendment,MISC
115057221778612718,Leigh,PER
115057221778612718,Dan Patrick,PER
115057221778612718,Great,MISC
115057221778612718,of,MISC
115057221778612718,Texas,LOC
115057221778612718,Leigh Wambsgan,PER
115057221353307566,David Cook,PER
115057221353307566,Texas,LOC
115057221353307566,Senate,ORG
115057221353307566,David,PER
115057221353307566,State Senate,ORG
115057221353307566,David,PER
115057221353307566,Regulations,ORG
115057221353307566,American,MISC
115057221353307566,Energy,ORG
115057221353307566,Border,ORG
115057221353307566,Second Amendment,MISC
115057221353307566,David,PER
115057221353307566,Dan Patrick,PER
115057221353307566,America First Patriots,ORG
115057221353307566,Great State of,LOC
115057221353307566,Texas,LOC
115057221353307566,David Cook,PER
115056962817663370,Copper,ORG
115056962817663370,Mine,MISC
115056962817663370,Arizona,LOC
115056962817663370,Resolution,MISC
115056962817663370,Radical Left Court,ORG
115056962817663370,Country,LOC
115056962817663370,Copper,MISC
115056962817663370,NO,MISC
115056962817663370,Ninth Circuit,ORG
115056962817663370,Radical Left,MISC
115056962817663370,Anti - American,MISC
115056962817663370,Copper competitive,MISC
115056962817663370,U. S. A,LOC
115056962817663370,Ninth Circuit,ORG
115056914674717313,Museums,ORG
115056914674717313,Washington,LOC
115056914674717313,Country,LOC
115056914674717313,Smithsonian,ORG
115056914674717313,Country,LOC
115056914674717313,Museums,ORG
115056914674717313,Colleges,ORG
115056914674717313,Country,LOC
115056914674717313,Museums,ORG
115056908379843753,Mark Levin,PER
115056908379843753,Show,MISC
115055649201137901,US,LOC
115055649201137901,S & P,ORG
115055649201137901,Trump,PER
115055190585472069,U,PER
115055190585472069,J,LOC
115055161214269452,Fox & Friends,ORG
115055161214269452,A,MISC
115052030103944534,Vol,PER
115052030103944534,##odymyr Zelenskyy,PER
115052030103944534,Ukraine,LOC
115052030103944534,Emmanuel Macron,PER
115052030103944534,France,LOC
115052030103944534,Alexander Stubb,PER
115052030103944534,Finland,LOC
115052030103944534,G,PER
115052030103944534,##ior,PER
115052030103944534,##gia Meloni,PER
115052030103944534,Italy,LOC
115052030103944534,Ke,PER
115052030103944534,##ir Starmer,PER
115052030103944534,United Kingdom,LOC
115052030103944534,Federal Republic of Germany,LOC
115052030103944534,Friedrich Merz,PER
115052030103944534,European Commission,ORG
115052030103944534,Ursula von der Le,PER
115052030103944534,NATO,ORG
115052030103944534,Mark Rutte,PER
115052030103944534,White House,LOC
115052030103944534,Oval Office,LOC
115052030103944534,G,MISC
115052030103944534,Ukraine,LOC
115052030103944534,European,MISC
115052030103944534,Countries,LOC
115052030103944534,United States of America,LOC
115052030103944534,Russia,LOC
115052030103944534,Ukraine,LOC
115052030103944534,Putin,PER
115052030103944534,Putin,PER
115052030103944534,Zelensky,PER
115052030103944534,Tri,ORG
115052030103944534,##lat,MISC
115052030103944534,J,PER
115052030103944534,##D Vance,PER
115052030103944534,Marco Rubio,PER
115052030103944534,Steve Witko,PER
115052030103944534,Russia,LOC
115052030103944534,Ukraine,LOC
115052358324894178,Ursula von der Leyen,PER
115052358324894178,European Commission,ORG
115052358324894178,Worldwide,MISC
115052358324894178,Mel,PER
115052358324894178,##ania,PER
115051906127274792,Republican,MISC
115051906127274792,Great,MISC
115051906127274792,State of,LOC
115051906127274792,Texas,LOC
115051906127274792,Bill,MISC
115051906127274792,Greg Abbott,PER
115051906127274792,Dan Patrick,PER
115051906127274792,Dustin Burrows,PER
115051906127274792,Texas,ORG
115051906127274792,Legislature,ORG
115051906127274792,GRE,MISC
115051906127274792,Republicans,MISC
115051906127274792,our Country,MISC
115051906127274792,Republicans,MISC
115051906127274792,Cause,MISC
115051906127274792,Map,MISC
115051906127274792,AMERIC,LOC
115050161923440039,Wars,MISC
115050161923440039,Nuclear,MISC
115050161923440039,Wall Street Journal,ORG
115050161923440039,Russia,LOC
115050161923440039,Ukraine,LOC
115050161923440039,Sleep,PER
115050161923440039,Joe,MISC
115050161923440039,R,MISC
115050064654728051,Russia,LOC
115050064654728051,Ukraine,LOC
115050064654728051,United States of America,LOC
115050064654728051,Moscow,LOC
115050064654728051,St. Petersburg,LOC
115050064654728051,F,ORG
115050064654728051,##ake News Media,ORG
115050064654728051,Democrat Partners,ORG
115050064654728051,Donald J,PER
115050064654728051,Trump,PER
115050064654728051,FA,ORG
115050064654728051,NEWS,ORG
115050064654728051,Radical,MISC
115050064654728051,Left,ORG
115050064654728051,Democrats,MISC
115049974697549520,D. C,LOC
115049974697549520,F,MISC
115049974697549520,Crime,MISC
115049974697549520,Washington,LOC
115049974697549520,D. C,LOC
115049974697549520,United States,LOC
115049974697549520,World,LOC
115049974697549520,D. C.,LOC
115049921290485283,White House,LOC
115049921290485283,European,MISC
115049921290485283,America,LOC
115049921290485283,DJ,PER
115049902258471066,Hamas,ORG
115049902258471066,Israel,LOC
115049902258471066,America,LOC
115049902258471066,Iran,MISC
115049902258471066,DJ,PER
115049485680941254,MA,MISC
115049485680941254,Times,MISC
115049485680941254,Watermark Paper,ORG
115049485680941254,World,LOC
115049485680941254,In,MISC
115049485680941254,L,LOC
115049485680941254,H,LOC
115049485680941254,Midterm Elections,MISC
115049485680941254,States,LOC
115049485680941254,Federal Government,ORG
115049485680941254,Federal Government,ORG
115049485680941254,United States,LOC
115049485680941254,H,MISC
115049485680941254,Left,MISC
115049485680941254,Borders,MISC
115049485680941254,##s Sports,MISC
115049485680941254,Democrats,MISC
115049485680941254,In,MISC
115049485680941254,MA,PER
115049485680941254,BR,LOC
115049485680941254,O,PER
115047211271212413,American Flags,MISC
115047211271212413,White House,LOC
115047211271212413,DJ,PER
115047148158426856,Trump,PER
115047148158426856,India,LOC
115047148158426856,Pakistan,LOC
115047148158426856,##l,LOC
115047148158426856,Iran,LOC
115047148158426856,Serbia,LOC
115047148158426856,Kosovo,LOC
115047148158426856,Trump,PER
115047148158426856,Congo,LOC
115047148158426856,Rwanda,LOC
115047148158426856,##hailand,LOC
115047148158426856,Cambodia,LOC
115047148158426856,Clashes,MISC
115047148158426856,Armenia,LOC
115047148158426856,Azerbaijan,LOC
115047148158426856,##audi Arabia,LOC
115047148158426856,Syria,LOC
115047148158426856,Lebanon,LOC
115047148158426856,Abraham,ORG
115047148158426856,Accords,MISC
115047148158426856,Trump,PER
115047148158426856,Ukraine,LOC
115047148158426856,Russia,LOC
115047181541136552,United States,LOC
115047166895807142,Fake News,ORG
115047166895807142,Trump,PER
115047166895807142,European Leaders,MISC
115047166895807142,White House,LOC
115047166895807142,America,LOC
115047166895807142,DJ,PER
115047141648054993,White House,LOC
115047141648054993,European,MISC
115047141648054993,DJ,PER
115047128460078066,Z,PER
115047128460078066,##elenskyy,PER
115047128460078066,Ukraine,LOC
115047128460078066,Russia,LOC
115047128460078066,Obama,PER
115047128460078066,Crimea,LOC
115047128460078066,NATO,ORG
115047099758548722,Connecticut,LOC
115047099758548722,Chris Murphy,PER
115047099758548722,Putin,PER
115047099758548722,Murphy,PER
115047099758548722,Russian,MISC
115047099758548722,America,LOC
115047099758548722,Putin,PER
115047099758548722,Chris Murphy,PER
115047099758548722,John Bolton,PER
115046837910548412,Fake News,ORG
115046837910548412,Vladimir Putin,PER
115046837910548412,Russia,LOC
115046837910548412,Summit,MISC
115046837910548412,United States,LOC
115046837910548412,U. S.,LOC
115046837910548412,F,ORG
115046837910548412,##ake News,ORG
115046837910548412,Summit,MISC
115046837910548412,Democrat,MISC
115046837910548412,D. C.,LOC
115046837910548412,Country,LOC
115046837910548412,Southern Border,MISC
115046837910548412,ZERO,LOC
115046837910548412,D. C.,LOC
115044523086480891,The,MISC
115044523086480891,View,ORG
115044523086480891,MS,MISC
115044523086480891,##NBC,ORG
115044479755763458,DJ,PER
115044290751337518,R,LOC
115044290751337518,##USSIA,LOC
115044273350523209,Russia,LOC
115044273350523209,Moscow,LOC
115044273350523209,Deal,MISC
115044273350523209,Fake News,ORG
115044273350523209,Radical Left Democrats,MISC
115044273350523209,FA,ORG
115044273350523209,NE,MISC
115044273350523209,##WS,ORG
115044243039440041,F,ORG
115044243039440041,##ake News,ORG
115044243039440041,T,MISC
115044243039440041,Alaska,LOC
115044243039440041,Bidens stupid War,MISC
115041715493538714,Victor Davis Hanson,PER
115041715493538714,Democratic,MISC
115041715493538714,Party,ORG
115041695270508991,Victor Davis Hanson,PER
115041695270508991,Donald Trump,PER
115041695270508991,Democratic Party,ORG
115041668780502004,Victor Davis Hanson,PER
115041668780502004,Democratic,MISC
115041668780502004,Party,ORG
115037569702889410,Alaska,LOC
115037569702889410,Vladimir Putin,PER
115037569702889410,Russia,LOC
115037569702889410,Z,PER
115037569702889410,##elenskyy,PER
115037569702889410,Ukraine,LOC
115037569702889410,European,MISC
115037569702889410,NATO,ORG
115037569702889410,Russia,LOC
115037569702889410,Ukraine,LOC
115037569702889410,Peace Agreement,MISC
115037569702889410,Ceasefire Agreement,MISC
115037569702889410,Zelensky,PER
115037569702889410,D. C.,LOC
115037569702889410,Oval Office,LOC
115037569702889410,Putin,PER
115033577620780867,Jasmine Crockett,PER
115033577620780867,Democrat Party!,ORG
115033574125099183,Democrats,MISC
115033133751064517,Belarus,LOC
115033133751064517,Aleksandr Lukashenko,PER
115033133751064517,Putin,PER
115033133751064517,Alaska,LOC
115033133751064517,Lukashen,PER
115033133751064517,##ko,PER
115032607453603307,IOWA,ORG
115029630097967935,Kennedy Center Honors,MISC
115029606475866015,Rebecca Taibleson,PER
115029606475866015,United States Court of Appeals,ORG
115029606475866015,Seventh Circuit,ORG
115029606475866015,Great State of Wisconsin,LOC
115029606475866015,Rebecca,PER
115029606475866015,United States,LOC
115029606475866015,Eastern District of,LOC
115029606475866015,Wisconsin,LOC
115029606475866015,United States,LOC
115029606475866015,Rebecca,PER
115029606475866015,United,MISC
115029606475866015,States,LOC
115029606475866015,Supreme Court,ORG
115029606475866015,Brett Kavanaugh,PER
115029606475866015,Anton,PER
115029606475866015,##in Scalia,PER
115029606475866015,Rebecca,PER
115029606475866015,Constitution,MISC
115029606475866015,Rule of Law,MISC
115029606475866015,Rebecca,PER
115028539481492668,One Big Beautiful Bill,MISC
115028539481492668,Security,ORG
115028539481492668,Social Security,ORG
115028533639212309,American,MISC
115028533639212309,Social Security,ORG
115028508095150798,Frank Bisignano,PER
115027044434535539,America,LOC
115027044434535539,Delivers Manufacturing,ORG
115026882886904014,James Clapper,PER
115026874005799261,Obama Intel,ORG
115026874005799261,James Clapper,PER
115026874005799261,NSA,ORG
115026874005799261,Russiagate Intel,ORG
115026867722383342,D. C.,LOC
115026867722383342,Trump,PER
115026837372200506,National Intelligence,ORG
115026837372200506,Tu,PER
115026837372200506,##ls,PER
115026837372200506,##i Gabbard,PER
115026837372200506,Top Secret,MISC
115026837372200506,Obama,PER
115026837372200506,ICA,ORG
115026837372200506,Russia,LOC
115026837372200506,D,MISC
115026837372200506,James Clapper,PER
115026837372200506,IC,ORG
115026837372200506,Russia,LOC
115026837372200506,##ax,MISC
115026837372200506,Clap,PER
115026776769476976,Come,PER
115026776769476976,##y,PER
115026776769476976,FBI,ORG
115026776769476976,Russia,LOC
115026773200228622,Bombshell FBI,ORG
115026773200228622,Clinton,PER
115024069066734919,"Washington, D. C.",LOC
115024069066734919,Third World Countries,MISC
115024069066734919,Mexico City,LOC
115024069066734919,Bo,LOC
115024069066734919,##gota,LOC
115024069066734919,Islamabad,LOC
115024069066734919,Ad,LOC
115024069066734919,##dis Ababa,LOC
115024069066734919,Fallujah,LOC
115024069066734919,Iraq,LOC
115024069066734919,D. C.,LOC
115024069066734919,America,LOC
115024069066734919,D. C.,LOC
115024069066734919,V,MISC
115024069066734919,Crime Statistics,MISC
115024069066734919,D. C. Police Union,ORG
115024069066734919,Democrat,MISC
115024069066734919,Government of D,ORG
115024069066734919,. C.,LOC
115024069066734919,Police,ORG
115024069066734919,Youth,MISC
115024069066734919,D. C.,LOC
115024069066734919,National Average,MISC
115024069066734919,Police,ORG
115024069066734919,D. C.,LOC
115024069066734919,D. C.,LOC
115024069066734919,White House,LOC
115024069066734919,Military,ORG
115024069066734919,Police,ORG
115024069066734919,City,LOC
115022215816175004,Donald,ORG
115022199052825878,MA,ORG
115022199052825878,##RIA HAS,ORG
115022151227119695,New,PER
115022151227119695,##t Gingrich,PER
115022151227119695,Trump,PER
115022012587872496,Republican,MISC
115021897738089560,EricTrump,PER
115021897738089560,America,LOC
115021897738089560,Country,LOC
115021272837599192,Putin,PER
115021272837599192,John Bolton,PER
115021272837599192,American,MISC
115021272837599192,Putin,PER
115021272837599192,Fake News,ORG
115021272837599192,Moscow,LOC
115021272837599192,Leningrad,LOC
115021272837599192,Russia,LOC
115021272837599192,F,ORG
115021272837599192,##ake News,ORG
115021166810580379,European,MISC
115020938176485683,Adam Shi,PER
115020938176485683,Schi,PER
115020938176485683,P,PER
115017726956136844,Bill Lewis,PER
115017726956136844,United,ORG
115017726956136844,States,LOC
115017726956136844,District Court,ORG
115017726956136844,Middle District of Alabama,LOC
115017726956136844,Alabama Supreme Court,ORG
115017726956136844,Alabama Court of Civil Appeals,ORG
115017726956136844,State Court Trial,ORG
115017726956136844,Bill,PER
115017726956136844,Rule of Law,MISC
115017726956136844,Patriot,MISC
115017726956136844,Law and Order,MISC
115017726956136844,Constitution,MISC
115017726956136844,Bill,PER
115017725871815255,Harold Hal Mooty,PER
115017725871815255,Northern District of,LOC
115017725871815255,Alabama,LOC
115017725871815255,Hal,PER
115017725871815255,Alabama,LOC
115017725871815255,BIG,ORG
115017725871815255,Hal,PER
115017725871815255,University of Alabama,ORG
115017725871815255,Rule of Law,MISC
115017725871815255,Constitution,MISC
115017725871815255,People of Alabama,ORG
115017725871815255,Hal,PER
115017724759134535,Edmund LaCour,PER
115017724759134535,Northern District of,LOC
115017724759134535,Alabama,LOC
115017724759134535,Edmund,PER
115017724759134535,Great,MISC
115017724759134535,State of Alabama,ORG
115017724759134535,United States Supreme Court,ORG
115017724759134535,Edmund,PER
115017724759134535,Yale University,ORG
115017724759134535,William Pryor,PER
115017724759134535,Constitution,MISC
115017724759134535,Edmund,PER
115017724357338500,Robert Chamberlin,PER
115017724357338500,United States District Court,ORG
115017724357338500,Northern District of Mississippi,LOC
115017724357338500,Mississippi Supreme Court,ORG
115017724357338500,State Trial Court,ORG
115017724357338500,Robert,PER
115017724357338500,People of Mississippi,ORG
115017724357338500,Country,ORG
115017724357338500,##s,MISC
115017724357338500,Heritage,ORG
115017724357338500,Constitution,MISC
115017724357338500,Liberty,MISC
115017724357338500,Robert,PER
115017723403358459,James Maxwell,PER
115017723403358459,United States District Court,ORG
115017723403358459,Northern District of Mississippi,LOC
115017723403358459,Mississippi Supreme Court,ORG
115017723403358459,James,PER
115017723403358459,Mississippi Court of Appeals,ORG
115017723403358459,U. S.,LOC
115017723403358459,James,PER
115017723403358459,Rule of Law,MISC
115017723403358459,Constitution,MISC
115017723403358459,James,PER
115017465040283855,B,PER
115017465040283855,##ry,PER
115017465040283855,##son DeChambeau,PER
115017465040283855,"Council on Sports, Fitness, and Nutrition",ORG
115017453387635948,Jeanine Pirro,PER
115017453387635948,U. S.,LOC
115017453387635948,District of Columbia,LOC
115012797087354875,Armenia,LOC
115012797087354875,Nik,PER
115012797087354875,##ol Pashinyan,PER
115012797087354875,Azerbaijan,LOC
115012797087354875,Ilham Aliyev,PER
115012797087354875,Peace Treaty,MISC
115012797087354875,Death,MISC
115016246479417087,Stock Market,ORG
115016246479417087,In,MISC
115016246479417087,America,LOC
115016246479417087,CAS,ORG
115016246479417087,Treasury,ORG
115016246479417087,Companies,ORG
115016246479417087,Government,ORG
115016246479417087,David Solomon,PER
115016246479417087,Goldman Sachs,ORG
115016246479417087,Market,MISC
115016246479417087,David,PER
115016246479417087,Financial Institution,ORG
115016216005489412,Country,LOC
115016216005489412,Stock Market,ORG
115016216005489412,In,MISC
115016216005489412,Country,LOC
115016216005489412,CAS,ORG
115016216005489412,Treasury,ORG
115016216005489412,Companies,ORG
115016216005489412,Government,ORG
115016216005489412,David Solomon,PER
115016216005489412,Goldman Sachs,ORG
115016216005489412,Market,MISC
115016216005489412,David,PER
115016216005489412,Financial Institution,ORG
115016089386029482,Jerome Too,PER
115016089386029482,Powell,PER
115016089386029482,Steve Manouychin,PER
115016089386029482,Powell,PER
115016089386029482,Board,ORG
115016089386029482,Powell,PER
115016089386029482,Fed Buildings,ORG
115015483801151739,Country,MISC
115015483801151739,FDR,ORG
115015483801151739,Chuck Todd,PER
115015483801151739,NBC FAKE NEWS,ORG
115015483801151739,David Brody,PER
115015483801151739,Chuck,PER
115015483801151739,FA,ORG
115015483801151739,NEWS,ORG
115015483801151739,NBC,ORG
115015483801151739,Brian Roberts,PER
115015483801151739,Con,PER
115015483801151739,Man,MISC
115012849265805680,Ta,MISC
115012849265805680,Su,MISC
115012849265805680,China,LOC
115012849265805680,Agreement,MISC
115012849265805680,AMERICA,LOC
115012717750060479,Burt Jones,PER
115012717750060479,Great,MISC
115012717750060479,State,LOC
115012717750060479,Georgia,LOC
115012717750060479,B,MISC
115012717750060479,Presidential Election,MISC
115012717750060479,Georgia State Assembly,ORG
115012717750060479,Burt,PER
115012717750060479,Burt,PER
115012717750060479,SEC Championship,MISC
115012717750060479,Georgia Bulldogs,ORG
115012717750060479,Burt,PER
115012717750060479,Burt Jones,PER
115012717750060479,U. S,LOC
115012717750060479,A,LOC
115012717750060479,American,MISC
115012717750060479,Southern,MISC
115012717750060479,Amendment,MISC
115012717750060479,Burt Jones,PER
115012623456747637,DC Police Union,ORG
115012623456747637,Gregg Pemberton,PER
115012623456747637,District of Columbia,LOC
115012532470689820,E,PER
115012532470689820,. J,PER
115012532470689820,. Antoni,PER
115012532470689820,Bureau of Labor Statistics,ORG
115012532470689820,E,ORG
115012532470689820,J,ORG
115012532470689820,E,PER
115012532470689820,. J,PER
115012532470689820,Anton,PER
115012532470689820,E,ORG
115012532470689820,J,PER
115012131343690532,Li,PER
115012131343690532,##p,PER
115012131343690532,B,PER
115012131343690532,##u Tan,PER
115012131343690532,Intel,ORG
115012131343690532,Commerce,ORG
115012131343690532,Howard Lutnick,PER
115012131343690532,Treasury,ORG
115012131343690532,Scott Bessent,PER
115012131343690532,Tan,PER
115011325631302905,Donald J. Trump,PER
115011325631302905,United States of America,LOC
115011030509341542,Washington,LOC
115011030509341542,Bogot,LOC
115011030509341542,Colombia,LOC
115011010669803263,District of Columbia,LOC
115010061198729847,"Washington,",LOC
115010061198729847,D. C,LOC
115010061198729847,Scum,MISC
115010061198729847,Border,MISC
115010061198729847,Z,LOC
115010061198729847,D. C.,LOC
115010061198729847,DJ,PER
115010039843011888,L,MISC
115010039843011888,D. C.,LOC
115009924991505341,Jasmine Crockett,PER
115009924991505341,I,ORG
115009924991505341,A,MISC
115009924991505341,of Country,ORG
115009924991505341,Cogni,MISC
115009924991505341,Exam,MISC
115009924991505341,G,MISC
115009924991505341,##RE,MISC
115009924991505341,"Washington,",LOC
115009924991505341,D. C,LOC
115009924991505341,Military Hospital,LOC
115009924991505341,WR,LOC
115009924991505341,Trump,PER
115009924991505341,Radical Left,MISC
115008083924128265,Paul Krugman,PER
115008083924128265,New York Times,ORG
115008083924128265,Doom,MISC
115008083924128265,G,MISC
115008083924128265,Trump,MISC
115007977998503665,China,LOC
115007977998503665,China,LOC
115007977998503665,China,LOC
115007977998503665,USA,LOC
115006296068419815,NE,MISC
115006296068419815,DJ,PER
115005692562794802,Press Conference on Crime and Beautification,MISC
115005692562794802,Press,ORG
115005692562794802,B,LOC
115005692562794802,##riefing,ORG
115005692562794802,Room,LOC
115005692562794802,"Crime, Murder",MISC
115005692562794802,and Death,MISC
115005692562794802,Nations Capital,LOC
115005692562794802,Federal Reserve,ORG
115005692562794802,D. C.,LOC
115005692562794802,Mu,PER
115005692562794802,##riel Bowser,PER
115005692562794802,Numbers,MISC
115005692562794802,American Public,ORG
115005692562794802,Border,LOC
115005692562794802,ZER,ORG
115005692562794802,World,LOC
115005692562794802,A,MISC
115005075016157889,News Conference,MISC
115005075016157889,White House,LOC
115005075016157889,Capital,LOC
115005075016157889,Capital,LOC
115005075016157889,Border,LOC
115005075016157889,ZERO,LOC
115005075016157889,Capital,LOC
115001339487533426,Nancy Pelosi,PER
115001339487533426,Hedge Fund,MISC
115001339487533426,Genius,MISC
115001339487533426,Wall Street,LOC
115001339487533426,Nancy,PER
115001174697386967,Nancy Pelosi,PER
115001174697386967,He,ORG
115001174697386967,##dge Fund,ORG
115001174697386967,Genius,MISC
115001174697386967,Wall Street,LOC
115001174697386967,Nancy,PER
115000471177982480,Tammy Bruce,PER
115000471177982480,Patriot,MISC
115000471177982480,United States,LOC
115000471177982480,United Nations,ORG
115000471177982480,Tammy,PER
115000471177982480,State Department,ORG
115000471177982480,Tammy Bruce,PER
115000471177982480,United Nations,ORG
115000471177982480,Tammy,PER
114999087271735961,Press Conference,MISC
114999087271735961,White House,LOC
114999087271735961,"Washington, D. C",LOC
114999087271735961,World,LOC
114999087271735961,DJ,PER
114998940595835853,Armenia,LOC
114998940595835853,Azerbaijan,LOC
114998940595835853,A,MISC
114996095625446183,Purple,MISC
114996095625446183,Heart,ORG
114996095625446183,Americans,MISC
114995786897421241,Trump,PER
114995779410398631,Trump,PER
114995403653615328,United States of America,LOC
114995403653615328,Vladimir Putin,PER
114995403653615328,Russia,LOC
114995403653615328,Great State of,LOC
114995403653615328,Alaska,LOC
114994989118495992,White House,LOC
114994989118495992,Armenia,LOC
114994989118495992,Azerbaijan,LOC
114994974199724855,India,LOC
114994974199724855,Pakistan,LOC
114994974199724855,Congo,LOC
114994974199724855,Rwanda,LOC
114994974199724855,Thailand,LOC
114994974199724855,Cambodia,LOC
114993652992825116,Stock,ORG
114993652992825116,Market,MISC
114993652992825116,Radical Left Court,ORG
114993652992825116,U. S. A,LOC
114993652992825116,America,LOC
114993652992825116,America,LOC
114993652992825116,Court System,ORG
114993635488352041,Stock,ORG
114993635488352041,Market,MISC
114993635488352041,Radical Left Court,ORG
114993635488352041,U. S. A,LOC
114993635488352041,America,LOC
114993635488352041,America,LOC
114993635488352041,Court System,ORG
114993635488352041,Country,LOC
114991409673956369,Geoff Duncan,PER
114991409673956369,Georgia,LOC
114991409673956369,Republican Party,ORG
114991409673956369,I,PER
114991409673956369,Democrat,MISC
114991409673956369,Geoff,PER
114989897956103830,Azerbaijan,LOC
114989897956103830,Il,PER
114989897956103830,##ham Aliyev,PER
114989897956103830,Armenia,LOC
114989897956103830,Nikol Pashinyan,PER
114989897956103830,White House,LOC
114989897956103830,Historic Peace Summit,MISC
114989897956103830,Nations,MISC
114989897956103830,War,MISC
114989897956103830,Aliyev,PER
114989897956103830,Pashinyan,PER
114989897956103830,White House,LOC
114989897956103830,Signing,MISC
114989897956103830,United States,LOC
114989897956103830,B,MISC
114989897956103830,Agreement,MISC
114989897956103830,South Caucasus Region,LOC
114989897956103830,People,MISC
114989897956103830,Armenia,LOC
114989897956103830,Azerbaijan,LOC
114989897956103830,Historic Day,MISC
114989897956103830,Armenia,LOC
114989897956103830,Azerbaijan,LOC
114989897956103830,United States,LOC
114989707720957929,Senior Club Championship,MISC
114989707720957929,Super Senior Club Championship,MISC
114989707720957929,Bedminster,LOC
114989707720957929,U. S,LOC
114989707720957929,A,LOC
114989706308668257,Executive Office Building,LOC
114989706308668257,White House,LOC
114989699566674317,Edward,PER
114989699566674317,Washington,LOC
114989699566674317,Southern Border,LOC
114989699566674317,ZER,ORG
114989699566674317,Illegals,ORG
114977985620971126,"Washington, D. C.",LOC
114977985620971126,Citizens,MISC
114977985620971126,Law Enforcement,ORG
114977985620971126,Law,MISC
114977985620971126,D. C.,LOC
114977985620971126,"Washington, D. C.",LOC
114977985620971126,Americans,MISC
114977985620971126,D. C.,LOC
114977985620971126,Federal,MISC
114977985620971126,City,LOC
114977985620971126,V,MISC
114977985620971126,Crime,MISC
114977985620971126,City,LOC
114977985620971126,AM,LOC
114977985620971126,##ER,ORG
114977985620971126,##IC,LOC
114988051107686593,Trump,PER
114988051107686593,Purple Heart,MISC
114988051107686593,White House,LOC
114989601141841568,Stephen Moore,PER
114989601141841568,Joe Biden,PER
114989601141841568,Trump,PER
114989601141841568,B,PER
114989601141841568,##iden,PER
114989330714602000,Wall Street Journal Editorial Board,ORG
114989330714602000,Country,LOC
114989330714602000,U. S. A,LOC
114989330714602000,China,LOC
114989330714602000,China,LOC
114989330714602000,World,LOC
114989330714602000,United States,LOC
114989330714602000,Country,LOC
114989330714602000,C,MISC
114989195031706823,Stephen Miran,PER
114989195031706823,Council of Economic Advisors,ORG
114989195031706823,Federal Reserve Board,ORG
114989195031706823,Stephen,PER
114989195031706823,Economics,MISC
114989195031706823,Harvard University,ORG
114989195031706823,First Administration,MISC
114989195031706823,World of Economics,MISC
114989195031706823,Stephen,PER
114988489340134546,Trump,PER
114982518659334871,George Washington,PER
114982518659334871,Pay,PER
114982518659334871,White House Historical Association,ORG
114982518659334871,Peoples,ORG
114982518659334871,House,LOC
114982518659334871,White House,LOC
114982518659334871,AM,LOC
114982518659334871,##ERIC,ORG
114987769694082982,New York Times,ORG
114987769694082982,Selena,PER
114987288040725570,INTEL,ORG
114987271488966063,USA,LOC
114987257158661963,Iran,LOC
114987257158661963,Middle Eastern,MISC
114987257158661963,Countries,LOC
114987257158661963,Abraham Accords,MISC
114987220997209419,Department of Commerce,ORG
114987220997209419,CE,MISC
114987220997209419,Presidential Election,MISC
114987220997209419,Country,LOC
114985474632707201,AMERIC,LOC
114985420201139599,MI,MISC
114985420201139599,##NI,MISC
114985420201139599,LA,ORG
114985420201139599,LA,PER
114985420201139599,USA,LOC
114985420201139599,AM,PER
114984083092546777,Fort Stewart,LOC
114984083092546777,Georgia,LOC
114984083092546777,Army Criminal Investigation Division,ORG
114982898525988419,Steve Witkoff,PER
114982898525988419,Russian,MISC
114982898525988419,Vladimir Putin,PER
114982898525988419,European Allies,MISC
114982898525988419,War,MISC
114982457914490323,National Intelligence,ORG
114982457914490323,Tu,PER
114982457914490323,##ls,PER
114982457914490323,##i Gabbard,PER
114982457914490323,Obama,PER
114982457914490323,National Security Council,ORG
114982457914490323,Intelligence Assessment,MISC
114982457914490323,Moscow,LOC
114982081738276986,Cry,PER
114982081738276986,##in Chuck Schumer,PER
114982081738276986,Republicans,MISC
114982081738276986,Radical Left Democrats,MISC
114982081738276986,Trump A,MISC
114982081738276986,##oint,MISC
114982081738276986,U. S.,LOC
114982081738276986,Republicans,MISC
114982081738276986,Country,MISC
114982081738276986,MA,LOC
114979027654442708,O,ORG
114979027654442708,##MP,MISC
114978749252122903,Democrat Party,ORG
114978217713394397,Casey Wasserman,PER
114978217713394397,LA Olympics,MISC
114978210414172569,U. S.,LOC
114978210414172569,Los Angeles,LOC
114978210414172569,Summer Olympic Games,MISC
114978185450691314,Hulk,MISC
114974461343997782,DJ,PER
114974461343997782,Texas,LOC
114974282191317621,G,MISC
114974282191317621,##RE,MISC
114974282191317621,Tim Scott,PER
114974282191317621,DJ,PER
114973670406612532,TRUTH,ORG
114973670406612532,God,PER
114973670406612532,America,LOC
114973670406612532,DJ,PER
114973667966400208,Gay,PER
114973667966400208,Kings,PER
114973044056093260,Stock Market,MISC
114973044056093260,Dow,MISC
114973044056093260,S & P,ORG
114973044056093260,America,LOC
114971584293011580,G,ORG
114971642899192957,Big Beautiful Bill,MISC
114971642899192957,ICE,ORG
114971642899192957,ICE,ORG
114971053091282290,India,LOC
114971053091282290,Russian Oil,MISC
114971053091282290,Oil,MISC
114971053091282290,Open Market,ORG
114971053091282290,Ukraine,LOC
114971053091282290,Russian War Machine,MISC
114971053091282290,India,LOC
114971053091282290,USA,LOC
114971053091282290,DJ,PER
114971023059049812,Po,PER
114971023059049812,##cahon,ORG
114971023059049812,##tas,PER
114971023059049812,CNBC,ORG
114970981123138842,Elizabeth Warren,PER
114970981123138842,Indian,MISC
114970981123138842,Po,MISC
114970981123138842,##cahon,ORG
114970981123138842,##tas,MISC
114970970276629752,Energy,ORG
114970970276629752,and Taxes,MISC
114970970276629752,Elizabeth Pocahontas Warren,PER
114970970276629752,CNBC,ORG
114970970276629752,Presidential Campaign,MISC
114970952739677687,Sydney Sweeney,PER
114970952739677687,Republican,MISC
114970952739677687,American Eagle,ORG
114970952739677687,Sydney,ORG
114970952739677687,Jaguar,ORG
114970952739677687,Jaguar,ORG
114970952739677687,Bud Li,PER
114970952739677687,Company,ORG
114970952739677687,W,PER
114970952739677687,Taylor Swift,PER
114970952739677687,Super Bowl,MISC
114970952739677687,Republican,MISC
114970930963780013,Sydney Sweeney,PER
114970930963780013,Republican,MISC
114970930963780013,American Eagle,ORG
114970930963780013,Sydney,ORG
114970930963780013,Jaguar,ORG
114970930963780013,Jaguar,ORG
114970930963780013,Bud Li,PER
114970930963780013,Company,ORG
114970930963780013,W,PER
114970930963780013,Taylor Swift,PER
114970930963780013,Super Bowl,MISC
114970930963780013,Republican,MISC
114970840027774464,Sidney Sweeney,PER
114970840027774464,Republican,MISC
114970840027774464,American Eagle,ORG
114970840027774464,Sidney,PER
114970840027774464,Jaguar,ORG
114970840027774464,Bud Li,PER
114970840027774464,##te,ORG
114970840027774464,Company,ORG
114970840027774464,Taylor Swift,PER
114970631477859993,Jobs Report,MISC
114970631477859993,Presidential Election,MISC
114970631477859993,Radical Left Democrats,MISC
114970631477859993,Republican,MISC
114970416998677033,Mark Levin,PER
114970416998677033,On Power,MISC
114970416998677033,Se,MISC
114970416998677033,List,MISC
114970416998677033,Sale,PER
114970416998677033,##na Zito,PER
114970416998677033,Butler,ORG
114970416998677033,List,MISC
114970416998677033,MA,ORG
114970416998677033,Conservatives,MISC
114968330079746127,Democrats,MISC
114968330079746127,Cry,PER
114968330079746127,Chuck Schum,PER
114968330079746127,Dems,MISC
114966707076456802,Tom Emmer,PER
114966707076456802,Minnesota,LOC
114966707076456802,Republican,MISC
114966707076456802,Dems,MISC
114966684792614752,Erin Houchin,PER
114966684792614752,Republican,MISC
114966684792614752,Indiana,LOC
114966684792614752,Labor Statistics Scam,MISC
114966684792614752,FoxNews,ORG
114966684792614752,Erin,PER
114966671063911029,Bureau of of Labor Statistics,ORG
114966671063911029,Presidential Election,MISC
114966671063911029,Election,MISC
114963263700328714,Lara Trump,PER
114963263700328714,Cha,PER
114963263700328714,##rlama,PER
114963263700328714,God,PER
114963263700328714,Wars,MISC
114963263700328714,Republic of the Congo,LOC
114963263700328714,Rwanda,LOC
114963263700328714,India,LOC
114963263700328714,Pakistan,LOC
114963263700328714,Iran,LOC
114963263700328714,J,ORG
114963263700328714,Cha,PER
114963263700328714,##rl,LOC
114963263700328714,##ama,ORG
114963263700328714,Sleep,PER
114963263700328714,Joe,PER
114963263700328714,Kamal,PER
114961565654617117,John Thune,PER
114961565654617117,Mike Johnson,PER
114961565654617117,G,MISC
114961565654617117,L,LOC
114961565654617117,O,MISC
114961541517491341,USA,LOC
114961541517491341,MA,PER
114961541517491341,AM,LOC
114961541517491341,##IC,LOC
114961522912167613,Cry,PER
114961522912167613,Chuck Schum,PER
114961522912167613,Country,LOC
114961522912167613,Republican Party,ORG
114961522912167613,Tell Schumer,PER
114961522912167613,Radical Left Lunatics,ORG
114961522912167613,Democrats,MISC
114961522912167613,Republicans,MISC
114961522912167613,Country,LOC
114961522912167613,AM,LOC
114961522912167613,##ER,ORG
114961522912167613,##IC,LOC
114961147474079611,Republican,MISC
114961147474079611,MA,ORG
114961147474079611,AMERICA,LOC
114961147474079611,Radical Left Democrat,MISC
114961147474079611,George Washington,PER
114961147474079611,Abraham Lincoln,PER
114961147474079611,Dems,MISC
114961147474079611,Democrats,MISC
114961147474079611,Country,LOC
114961147474079611,John Thune,PER
114961147474079611,Republican,MISC
114961147474079611,Senate,ORG
114960298523087379,NE,ORG
114960298523087379,BOMBSHEL,ORG
114960298523087379,R,LOC
114960298523087379,##USSIA,LOC
114959044159495165,American Patriot,MISC
114959044159495165,Art Del Cueto,PER
114959044159495165,National Border Council,ORG
114959044159495165,Fox & Friends,ORG
114959044159495165,Border,MISC
114959044159495165,C,PER
114959044159495165,Joe Biden,PER
114959044159495165,Kamala,PER
114959044159495165,Gangs,LOC
114959044159495165,Prisons,LOC
114959044159495165,Mental Institutions,LOC
114959044159495165,Country,LOC
114959044159495165,Jack Brewer,PER
114955773655328634,Powell,PER
114955773655328634,Adrian,PER
114955773655328634,##a Kugler,PER
114955773655328634,B,ORG
114955523525768040,Rob Finnerty,PER
114955523525768040,Newsmax,ORG
114955222046259464,Jobs Numbers,MISC
114955222046259464,Republicans,MISC
114955222046259464,ME,MISC
114955222046259464,Presidential Election,MISC
114955222046259464,Election,MISC
114955222046259464,Jobs Numbers,MISC
114955222046259464,Jerome Too,PER
114955222046259464,Powell,PER
114955222046259464,Country,LOC
114954846612623858,Country,MISC
114954846612623858,Jobs Numbers,MISC
114954846612623858,B,ORG
114954846612623858,Erik,PER
114954846612623858,##a McEnta,PER
114954846612623858,Labor Statistics,ORG
114954846612623858,Jobs Numbers,MISC
114954846612623858,Election,MISC
114954846612623858,Kamal,PER
114954846612623858,Victory,MISC
114954846612623858,Bureau of Labor Statistics,ORG
114954846612623858,Jobs Growth,MISC
114954846612623858,Presidential Election,MISC
114954846612623858,Numbers,MISC
114954846612623858,B,PER
114954846612623858,McEntarf,PER
114954846612623858,Fed,ORG
114954846612623858,Presidential Election,MISC
114954846612623858,Kamal,PER
114954846612623858,Jerome Too Late Powell,PER
114954549017557270,Russia,LOC
114954549017557270,Dmitry Medvedev,PER
114954549017557270,Security Council of the Russian,ORG
114954549017557270,Federation,LOC
114954549017557270,Nuclear Submarine,ORG
114954267210702518,Russian,MISC
114954267210702518,War with,MISC
114954267210702518,Ukraine,LOC
114954267210702518,Russia,LOC
114954267210702518,Ukraine,LOC
114954267210702518,Ukraine,LOC
114954267210702518,Russian,MISC
114954267210702518,Kyiv,LOC
114954267210702518,Ukrainian,MISC
114954267210702518,Bidens War,MISC
114954267210702518,T,MISC
114953968595024935,Joe Gruters,PER
114953968595024935,Republican National Committee,ORG
114953968595024935,Michael Whatley,PER
114953968595024935,Campaign,ORG
114953968595024935,for the,MISC
114953968595024935,U.,LOC
114953968595024935,S. Senate,ORG
114953968595024935,North Carolina,LOC
114953968595024935,Republican Party of Florida,ORG
114953968595024935,Joe,PER
114953968595024935,RNC,ORG
114953968595024935,Joe,PER
114953968595024935,Movement,ORG
114953968595024935,RNC,ORG
114953968595024935,Republicans,MISC
114953968595024935,RNC,ORG
114953968595024935,Jennifer Saul,PER
114953968595024935,Rich,PER
114953968595024935,National Committee,ORG
114953968595024935,New York,LOC
114953968595024935,Jennifer,PER
114953968595024935,RNC,ORG
114953968595024935,Fundraising Record,MISC
114953968595024935,War Ch,ORG
114953968595024935,##est,MISC
114953968595024935,FANTASTIC,ORG
114953968595024935,Joe Gruters,PER
114953968595024935,Jennifer Saul,PER
114953968595024935,Rich,PER
114953968595024935,America First,ORG
114953968595024935,Success,MISC
114953968595024935,Republicans,MISC
114953968595024935,Country,LOC
114953968595024935,Joe,PER
114953968595024935,Jennifer,PER
114953962646647794,North Carolina,LOC
114953962646647794,Michael Whatley,PER
114953962646647794,Country,LOC
114953962646647794,Lara Trump,PER
114953962646647794,Republican National Committee,ORG
114953962646647794,United States,LOC
114953962646647794,Senate,ORG
114953962646647794,Michael,PER
114953962646647794,RNC,ORG
114953962646647794,Presidential Election,MISC
114953962646647794,Swing State,MISC
114953962646647794,Popular Vote,MISC
114953962646647794,Electoral,ORG
114953962646647794,College,MISC
114953962646647794,North Carolina,LOC
114953962646647794,Michael,PER
114953962646647794,North Carolina,LOC
114953962646647794,Biden Administration,ORG
114953962646647794,U. S.,LOC
114953962646647794,U,LOC
114953962646647794,S,LOC
114953962646647794,A,LOC
114953962646647794,American Energy,ORG
114953962646647794,Amendment,MISC
114953962646647794,Michael Whatley,PER
114953595203270237,Late,MISC
114953595203270237,Jerome Too,PER
114953595203270237,Powell,PER
114953595203270237,USA,LOC
114953451498807072,Jonathan Turley,PER
114953451498807072,U. S.,LOC
114953451498807072,American,MISC
114953428953267494,F,ORG
114951262882039337,Victor Davis Hanson,PER
114951262882039337,NEW Information on,ORG
114951262882039337,Obama,MISC
114951262882039337,Russia,ORG
114951262882039337,##gate,MISC
114951007246294127,Senate,ORG
114951007246294127,Session,MISC
114951007246294127,Executive Calendar,MISC
114951007246294127,Country,LOC
114951007246294127,Lunatic Left,MISC
114951007246294127,Republicans,MISC
114951007246294127,USA,LOC
114953151877294098,Stephen Auth,PER
114953151877294098,Federated Hermes,ORG
114953151877294098,Maria Bartiromo,PER
114953151877294098,Fox Business!,ORG
114953114494129479,Russia,LOC
114953114494129479,Russia,LOC
114953114494129479,Russia,LOC
114953114494129479,American History,MISC
114953049546233760,Jerome Too Late Powell,PER
114953049546233760,H,ORG
114951234439366866,L,PER
114951224261822778,Jonathan Turley,PER
114951224261822778,John Ratcliffe,PER
114951217704804168,Hillary Clinton,PER
114951217704804168,Soros Society,ORG
114951217704804168,Mar - a - Lago,LOC
114951042178223048,Republicans,MISC
114951042178223048,Susan Collins,PER
114951042178223048,AMERIC,LOC
114950348792604159,Maria Bartiromo,PER
114950348792604159,##st,PER
114950348792604159,##hey,PER
114950348792604159,America,LOC
114950348792604159,America,LOC
114950348792604159,Trump,PER
114950241999184378,Democrats,MISC
114950241999184378,Nation,LOC
114950241999184378,History of our Country,MISC
114950241999184378,George Washington,PER
114950241999184378,Abraham Lincoln,PER
114949799547015541,B,PER
114949799547015541,##ry,PER
114949799547015541,##son DeChambeau,PER
114949799547015541,"Council on Sports, Fitness, and Nutrition",ORG
114949797263276943,##T,MISC
114949794821514504,##D,ORG
114949794821514504,##T,MISC
114949794821514504,Presidential Fitness Test,MISC
114949794821514504,Presidential Fitness Award,MISC
114949420607843703,##st,PER
114949420607843703,##hey,PER
114949420607843703,America,LOC
114949420607843703,America,LOC
114949420607843703,Trump,PER
114948452793702817,Mexico,LOC
114948452793702817,Claudia Sheinbaum,PER
114948452793702817,Deal,MISC
114948452793702817,Mexico,LOC
114948452793702817,Nations,MISC
114948452793702817,Border,LOC
114948452793702817,Deal,MISC
114948452793702817,Mexico,LOC
114948452793702817,Fentany,MISC
114948452793702817,##umi,MISC
114948452793702817,Mexico,LOC
114948452793702817,Tariff,MISC
114948452793702817,Mexico,LOC
114948452793702817,Trade Deal,MISC
114948452793702817,J,PER
114948452793702817,##D Vance,PER
114948452793702817,Treasury,ORG
114948452793702817,Scott Bessent,PER
114948452793702817,Marco Rubio,PER
114948452793702817,Commerce,ORG
114948452793702817,Howard Lutnick,PER
114948452793702817,United States,LOC
114948452793702817,Jamie,PER
114948452793702817,##son Greer,PER
114948452793702817,Susie Wiles,PER
114948452793702817,United States,LOC
114948452793702817,Stephen Miller,PER
114948452793702817,Border,LOC
114948452793702817,Security,ORG
114948452793702817,Drugs,MISC
114948452793702817,Distribution,MISC
114948452793702817,##al,MISC
114948452793702817,United States,LOC
114947973077448174,Brown University,ORG
114947973077448174,United States Government,ORG
114947973077448174,Anti - Semitism,MISC
114947973077448174,Anti - Christian,MISC
114947973077448174,Anti,MISC
114947973077448174,Anything Else,MISC
114947973077448174,Brown,ORG
114947563324977082,Humanitarian Crises,MISC
114947563324977082,Gaza,LOC
114947563324977082,Hamas,ORG
114947541528857255,Jerome Too,PER
114947541528857255,Powell,PER
114947427321891876,Country,LOC
114947427321891876,Americas,LOC
114947373855664074,America,LOC
114947373855664074,USA,LOC
114947373855664074,America,LOC
114947373855664074,Ta,MISC
114947373855664074,AMERICA,ORG
114947277897378239,OAN,ORG
114947277897378239,OAN,ORG
114945962278773358,Canada,LOC
114945962278773358,Palestine,LOC
114945962278773358,Trade Deal,MISC
114945962278773358,Canada,LOC
114945847973193713,India,LOC
114945847973193713,Russia,LOC
114945847973193713,India,LOC
114945847973193713,World,LOC
114945847973193713,Russia,LOC
114945847973193713,USA,LOC
114945847973193713,Me,PER
114945847973193713,##dvedev,PER
114945847973193713,Russia,LOC
114944494894008041,United States of America,LOC
114944494894008041,Deal,MISC
114944494894008041,Republic of Korea,LOC
114944494894008041,South Korea,LOC
114944494894008041,United States,LOC
114944494894008041,United States,LOC
114944494894008041,South Korea,LOC
114944494894008041,South Korea,LOC
114944494894008041,South Korea,LOC
114944494894008041,Lee Jae Myung,PER
114944494894008041,White House,LOC
114944494894008041,South Korea,LOC
114944494894008041,OPEN,MISC
114944494894008041,United States,LOC
114944494894008041,American,MISC
114944494894008041,##s,MISC
114944494894008041,South Korea,LOC
114944494894008041,America,LOC
114944074791548865,Republican,MISC
114944074791548865,Josh Hawley,PER
114944074791548865,Great State of,LOC
114944074791548865,Missouri,LOC
114944074791548865,Democrats,MISC
114944074791548865,Review,MISC
114944074791548865,Rick Scott,PER
114944074791548865,Republicans,MISC
114944074791548865,Nancy P,ORG
114944074791548865,##elo,PER
114944074791548865,##sis Stock Trading,ORG
114944074791548865,Democrats,MISC
114944074791548865,Josh Hawley,PER
114944074791548865,Ha,PER
114944074791548865,Bill,MISC
114944074791548865,Nancy Pelosi,PER
114944074791548865,Democrats,MISC
114944074791548865,Bill,MISC
114944074791548865,Country,LOC
114944074791548865,Republicans,MISC
114944074791548865,Josh Hawley,PER
114943927434273211,White House,LOC
114943927434273211,Deals,MISC
114943927434273211,United States,LOC
114943927434273211,South Korean,MISC
114943927434273211,Delegation,ORG
114943927434273211,South Korea,LOC
114943927434273211,Pakistan,LOC
114943927434273211,Pakistan,LOC
114943927434273211,United States,LOC
114943927434273211,Oil Reserves,MISC
114943927434273211,Oil Company,ORG
114943927434273211,Partnership,MISC
114943927434273211,Oil,MISC
114943927434273211,India,LOC
114943927434273211,AMERIC,ORG
114942699102296981,Mandy Gunasekara,PER
114942699102296981,FANTASTIC,ORG
114942699102296981,Environment Scam,MISC
114942699102296981,Varney & Co,ORG
114942699102296981,Trump Administration,ORG
114942699102296981,Mandy,PER
114942113260599578,IN,LOC
114942113260599578,##DIA,LOC
114942106248731470,India,LOC
114942106248731470,Russia,LOC
114942106248731470,Russia,LOC
114942106248731470,E,LOC
114942106248731470,China,LOC
114942106248731470,Russia,LOC
114942106248731470,UK,MISC
114942106248731470,INDIA,LOC
114942106248731470,MA,PER
114942017839445131,AM,LOC
114942005076829557,AM,LOC
114939759564715119,Pacific Ocean,LOC
114939759564715119,T,MISC
114939759564715119,##ami Warning,MISC
114939759564715119,Hawaii,LOC
114939759564715119,##ami Watch,MISC
114939759564715119,Alaska,LOC
114939759564715119,Pacific Coast of,LOC
114939759564715119,United States,LOC
114939759564715119,Japan,LOC
114938996274231550,MS,MISC
114938996274231550,13,MISC
114938996274231550,SL,ORG
114938996274231550,C,PER
114938996274231550,##rook,PER
114938996274231550,Joe B,PER
114938996274231550,MA,PER
114938996274231550,AMERIC,LOC
114938820270436889,Chuck Grassley,PER
114938820270436889,U. S.,LOC
114938820270436889,Senate,ORG
114938820270436889,Great,MISC
114938820270436889,State of,LOC
114938820270436889,Iowa,LOC
114938820270436889,Blue S,MISC
114938820270436889,##lip,ORG
114938820270436889,U. S.,LOC
114938820270436889,Democrats,MISC
114938820270436889,Schumer,PER
114938820270436889,Warner,PER
114938820270436889,Kai,PER
114938820270436889,Booker,PER
114938820270436889,Schi,PER
114938820270436889,SL,PER
114938820270436889,Republican,MISC
114938820270436889,United States,LOC
114938820270436889,U. S.,LOC
114938820270436889,Senate,ORG
114938820270436889,Democrat,MISC
114938820270436889,Republican,MISC
114938820270436889,U. S.,LOC
114938820270436889,California,LOC
114938820270436889,New York,LOC
114938820270436889,New Jersey,LOC
114938820270436889,Illinois,LOC
114938820270436889,Virginia,LOC
114938820270436889,Senator Grassley,PER
114938820270436889,C,PER
114938820270436889,Joe Biden,PER
114938820270436889,Blue,MISC
114938820270436889,Slip,ORG
114938820270436889,Republican,MISC
114938820270436889,U. S.,LOC
114938820270436889,Democrats,MISC
114938820270436889,Republican Party,ORG
114938820270436889,Democrats,MISC
114938820270436889,Chuck,PER
114938820270436889,D,PER
114938657898917536,Stephen Colbert,PER
114938657898917536,CBS,ORG
114938657898917536,Late Night,MISC
114938657898917536,CBS,ORG
114938657898917536,Jimmy Kimmel,PER
114938657898917536,Jimmy Fallon,PER
114938657898917536,Show,ORG
114938657898917536,Biz,MISC
114938657898917536,and Television,ORG
114938657898917536,Colbert,PER
114938582774670397,Jessica Tarlov,PER
114938582774670397,##IVE,ORG
114936955015376533,Iran,LOC
114936955015376533,Trump,PER
114936955015376533,Americas,LOC
114936573214915016,Manhattan,LOC
114936573214915016,Law Enforcement Agencies,ORG
114936573214915016,NYPD,ORG
114936573214915016,God,PER
114936573214915016,New York Police Department,ORG
114936573214915016,God,PER
114936573214915016,New York,LOC
114935401735258022,North Sea Oil,ORG
114935401735258022,United Kingdom,LOC
114935401735258022,UK,LOC
114934232969144109,Fake News,ORG
114934232969144109,Xi,PER
114934232969144109,China,LOC
114934232969144109,China,LOC
114934232969144109,Xi,PER
114934191239714896,I,ORG
114934191239714896,Scotland,LOC
114934191239714896,EU Deal,MISC
114934191239714896,United States,LOC
114934191239714896,G,MISC
114933034937039075,Trump,PER
114933034937039075,Nobel Peace Prize,MISC
114932385332182862,G,MISC
114932385332182862,##RE,MISC
114932385332182862,Mark Levin,PER
114931438809653171,Thailand,LOC
114931438809653171,Cambodia,LOC
114931438809653171,Donald J,PER
114931438809653171,Trump,PER
114931438809653171,CE,MISC
114931438809653171,War,MISC
114931438809653171,Trade Team,ORG
114931438809653171,Trade,MISC
114931438809653171,Wars,MISC
114920456511077924,Cambodia,LOC
114920456511077924,Thailand,LOC
114920456511077924,Ce,MISC
114920456511077924,and,MISC
114920456511077924,Trading Table,MISC
114920456511077924,United States,LOC
114920456511077924,Ce,MISC
114920456511077924,Agreement,MISC
114926827953437897,Trump,PER
114926827953437897,Landmark Trade Deal,MISC
114926827953437897,European Union,ORG
114922802971032650,L,PER
114922802971032650,O,LOC
114922713750383186,Mark Levin,PER
114922713750383186,Obama,PER
114922310106523572,Democrat Party,ORG
114922310106523572,MAGA,ORG
114922279888085542,NBC,ORG
114922279888085542,Democrat Party,ORG
114922279888085542,##ake,MISC
114922279888085542,ABC,ORG
114922279888085542,MA,ORG
114922194000687458,Democrats,MISC
114922194000687458,Presidential Election,MISC
114922194000687458,Beyonc,ORG
114922194000687458,Oprah,ORG
114922194000687458,Al Sharpton,PER
114922194000687458,Kamal,PER
114921063256769586,Gary Player,PER
114921063256769586,Turnberry,PER
114921063256769586,Five Greatest,MISC
114921063256769586,Gary,PER
114920864979561533,Republicans,MISC
114920850396392867,Republicans,MISC
114920321241792451,Thailand,LOC
114920321241792451,Thailand,LOC
114920321241792451,Cambodia,LOC
114920321241792451,Ce,MISC
114920321241792451,Cambodia,LOC
114920321241792451,Ce,MISC
114920321241792451,",",MISC
114920242180121128,Cambodia,LOC
114920242180121128,War,MISC
114920242180121128,Thailand,LOC
114920242180121128,Thailand,LOC
114920242180121128,Ce,MISC
114920242180121128,END,ORG
114920242180121128,War,MISC
114920242180121128,Thailand,LOC
114920242180121128,Cambodia,LOC
114920242180121128,War,MISC
114920242180121128,Thailand,LOC
114920242180121128,War,MISC
114920242180121128,Conflict,MISC
114920242180121128,Pakistan,LOC
114920242180121128,India,LOC
114919812015877196,Gary Player,PER
114919812015877196,Turn,PER
114919812015877196,Five Greatest,MISC
114919812015877196,Gary,PER
114916575834000041,Scotland,LOC
114916524424194175,NO,PER
114916524424194175,C,ORG
114914339003272307,Australia,LOC
114914339003272307,U. S.,LOC
114914339003272307,AMERIC,LOC
114911132620191745,Radical Left Democrats,MISC
114911132620191745,GRE,MISC
114911132620191745,America,LOC
114911132620191745,Presidential,MISC
114911132620191745,Russia,LOC
114911132620191745,Russia,LOC
114911132620191745,Russia,LOC
114911132620191745,Jeffrey Eps,PER
114911132620191745,##tein,MISC
114911132620191745,Democrat,MISC
114911132620191745,Grand Jury Files,MISC
114911132620191745,AMERIC,LOC
114911072057863888,People,MISC
114911072057863888,North Carolina,LOC
114911072057863888,Country,LOC
114911072057863888,Lara Trump,PER
114911072057863888,Republican National Committee,ORG
114911072057863888,Sleep,PER
114911072057863888,Joe Biden,PER
114911072057863888,RNC,ORG
114911072057863888,Michael Whatley,PER
114911072057863888,Mike,PER
114911072057863888,North Carolina,LOC
114911072057863888,RNC,ORG
114911072057863888,Presidential Election,MISC
114911072057863888,Swing State,MISC
114911072057863888,Popular Vote,MISC
114911072057863888,Electoral,ORG
114911072057863888,College,MISC
114911072057863888,North Carolina,LOC
114911072057863888,Michael Whatley,PER
114911072057863888,U. S.,LOC
114911072057863888,Senate,ORG
114911072057863888,Military,ORG
114911072057863888,Veterans,ORG
114911072057863888,Second Amendment,MISC
114911072057863888,Washington,LOC
114911072057863888,RNC,ORG
114911072057863888,Joe Gruters,PER
114911072057863888,Michael What,PER
114911072057863888,Senate,ORG
114910985530072276,Bill Huizenga,PER
114910985530072276,Michigan,LOC
114910985530072276,Congressional,ORG
114910985530072276,District,LOC
114910985530072276,Business,ORG
114910985530072276,House Financial Services Committee,ORG
114910985530072276,Bill,PER
114910985530072276,America First,ORG
114910985530072276,Farmers,ORG
114910985530072276,Agriculture,ORG
114910985530072276,U,LOC
114910985530072276,S,LOC
114910985530072276,A,LOC
114910985530072276,American Energy,ORG
114910985530072276,Bill,PER
114910985530072276,Southern Border,MISC
114910985530072276,Second Amendment,MISC
114910985530072276,Bill,PER
114910985530072276,Southwest Michigan,LOC
114910985530072276,Re,MISC
114910985530072276,Michigan,LOC
114910985530072276,Congressional,ORG
114910920265013722,Australia,LOC
114910920265013722,American Bee,MISC
114910920265013722,Australia,LOC
114910920265013722,U. S,LOC
114910920265013722,Nations Ranch,ORG
114910920265013722,Streak,ORG
114910920265013722,AM,LOC
114910920265013722,##ER,MISC
114910920265013722,##IC,LOC
114910911648955433,America First,ORG
114910911648955433,Mike Rogers,PER
114910911648955433,U. S.,LOC
114910911648955433,Senate,ORG
114910911648955433,Great,MISC
114910911648955433,State,LOC
114910911648955433,Michigan,LOC
114910911648955433,U. S. Army,ORG
114910911648955433,Congress,ORG
114910911648955433,Mike,PER
114910911648955433,Nation,LOC
114910911648955433,U. S.,LOC
114910911648955433,Senate,ORG
114910911648955433,Mike,PER
114910911648955433,U. S,LOC
114910911648955433,A,LOC
114910911648955433,American,MISC
114910911648955433,Energy,ORG
114910911648955433,Southern Border,ORG
114910911648955433,Amendment,MISC
114910911648955433,Mike Rogers,PER
114910907779613104,Ashley Moody,PER
114910907779613104,Florida,LOC
114910907779613104,Flor,MISC
114910907779613104,##idian,MISC
114910907779613104,Ashley,PER
114910907779613104,U. S.,LOC
114910907779613104,Ashley,PER
114910907779613104,U. S,LOC
114910907779613104,A,LOC
114910907779613104,American Energy,ORG
114910907779613104,Southern Border,MISC
114910907779613104,Country,LOC
114910907779613104,Amendment,MISC
114910907779613104,Ashley Moody,PER
114910307760776254,Great,MISC
114910307760776254,Federal Reserve Building,ORG
114910307760776254,Jerome Powell,PER
114910307760776254,Tim Scott,PER
114910307760776254,Office,LOC
114910307760776254,Pennsylvania Avenue,LOC
114910307760776254,Fed Buildings,ORG
114909909285967834,Fed,ORG
114909909285967834,Fed,ORG
114909909285967834,Jerome Powell,PER
114909909285967834,Tim Scott,PER
114909909285967834,Thom Tillis,PER
114909909285967834,OMB,ORG
114909909285967834,Russ Vought,PER
114909909285967834,Fannie Mae and,ORG
114909909285967834,Freddie,ORG
114909909285967834,Mac,PER
114909909285967834,Bill Pulte,PER
114909909285967834,National Capital Planning Commission,ORG
114909909285967834,James Blair,PER
114909909285967834,Will Scharf,PER
114909476369684993,Hulk,MISC
114909476369684993,Hulk Hogan,PER
114909476369684993,MAGA,ORG
114909476369684993,Strong,PER
114909476369684993,Republican National Convention,MISC
114909476369684993,World,LOC
114909476369684993,Sky,PER
114909476369684993,Hulk Hogan,PER
114909452180378780,America,LOC
114909452180378780,AI race,MISC
114909452180378780,United States,LOC
114909452180378780,America,LOC
114909322030343605,ARTI,MISC
114909322030343605,AM,MISC
114909322030343605,##ICAN AI,MISC
114909322030343605,DAT,LOC
114909322030343605,OR,PER
114909292663708859,Trump,PER
114909292663708859,Arizona,LOC
114908467282299011,Elons,ORG
114908467282299011,U,ORG
114908467282299011,. S.,LOC
114908467282299011,Government,ORG
114908467282299011,Elon,ORG
114908467282299011,Country,LOC
114908467282299011,USA,LOC
114905910987380649,P,LOC
114905910987380649,##OL,LOC
114905910987380649,Ka,PER
114905910987380649,##rol Nawrock,PER
114905910987380649,Polish,MISC
114905849389326140,Nvidia,ORG
114905849389326140,Jensen Huang,PER
114905849389326140,AI,MISC
114905849389326140,America,LOC
114905849389326140,Trump,PER
114905836425012707,Trump Administration,ORG
114905836425012707,Columbia University,ORG
114905836425012707,Columbia,ORG
114905836425012707,United States Government,ORG
114905836425012707,Federal Law,MISC
114905836425012707,Jewish,MISC
114905836425012707,Columbia,ORG
114905836425012707,DE,MISC
114905836425012707,Civil Liberties,ORG
114905836425012707,Higher Education Institutions,ORG
114905836425012707,Linda McMahon,PER
114905836425012707,Columbia University,ORG
114905836425012707,Country,LOC
114902736234529031,American,MISC
114902736234529031,##D,ORG
114902736234529031,##Trump,ORG
114902736234529031,House Intelligence,ORG
114902736234529031,Obama Administration,ORG
114902736234529031,Intelligence Community Assessment,MISC
114902736234529031,LIE,MISC
114902736234529031,Vladimir Putin,PER
114902736234529031,Russian,MISC
114902736234529031,Trump,PER
114902736234529031,American,MISC
114902736234529031,Trump,PER
114902736234529031,Obama Russia Ho,MISC
114903002476976412,U. S.,LOC
114903002476976412,Steele Dossier,PER
114903002476976412,Putin,PER
114903002476976412,Trump,PER
114902814296069974,OP,MISC
114902814296069974,Japans Markets,ORG
114902814296069974,OP,MISC
114902814296069974,##EN,MISC
114902814296069974,USA,LOC
114902777792812157,Ta,MISC
114902777792812157,OPEN,MISC
114902777792812157,USA,LOC
114902777792812157,OPEN,MISC
114902777792812157,Z,ORG
114902777792812157,AM,LOC
114902760700024238,Indonesia,LOC
114902760700024238,OPEN,MISC
114902760700024238,USA,LOC
114902760700024238,Japan,LOC
114902743574618008,Japan,LOC
114902743574618008,USA,LOC
114902743574618008,Open Market Japan,ORG
114902743574618008,Ta,MISC
114902743574618008,MI,PER
114902743574618008,O,PER
114902704048179740,Jerome Too,PER
114902704048179740,Powell,PER
114902704048179740,Fed,ORG
114902704048179740,Board,ORG
114897689405330708,Ferdinand Marcos Jr,PER
114897689405330708,Philippines,LOC
114899729133530180,T,MISC
114899729133530180,##DE DEAL,MISC
114899729133530180,Japan,LOC
114899417740854572,Deal,MISC
114899417740854572,Japan,LOC
114899417740854572,Deal,MISC
114899417740854572,Japan,LOC
114899417740854572,United States,LOC
114899417740854572,Deal,MISC
114899417740854572,Japan,LOC
114899417740854572,Japan,LOC
114899417740854572,United States,LOC
114899417740854572,United States of America,LOC
114899417740854572,Country of Japan,LOC
114899014766252904,State,LOC
114899014766252904,West Virginia,LOC
114899014766252904,Patrick Morrisey,PER
114899014766252904,West Virginia,LOC
114899014019794877,Mike Braun,PER
114899014019794877,Great,MISC
114899014019794877,State of,LOC
114899014019794877,Indiana,LOC
114899014019794877,Mike Braun,PER
114899013294297540,Gretchen Whitmer,PER
114899013294297540,State of Michigan,ORG
114899013294297540,Public Assistance,ORG
114899013294297540,Winter Storms,MISC
114899012522491926,Declaration,MISC
114899012522491926,Great Commonwealth of Kentucky,MISC
114899012522491926,Andy Beshear,PER
114899012522491926,##ENTU,ORG
114898507608732258,Agreement,MISC
114898507608732258,Republic of Indonesia,LOC
114898507608732258,P,PER
114898507608732258,##rabow,PER
114898507608732258,##o Subianto,PER
114898507608732258,Indonesia,LOC
114898507608732258,Market,MISC
114898507608732258,American Industrial and Tech Products,ORG
114898507608732258,Agricultural Goods,ORG
114898507608732258,United States of America,LOC
114898507608732258,American Made,MISC
114898507608732258,Indonesia,LOC
114898507608732258,Indonesia,LOC
114898507608732258,U. S,LOC
114898507608732258,A,LOC
114898507608732258,World,MISC
114898507608732258,Indonesia,LOC
114898507608732258,United States,LOC
114898507608732258,Critical Minerals,ORG
114898507608732258,Boeing Aircraft,ORG
114898507608732258,American Farm,ORG
114898507608732258,American Energy,ORG
114898507608732258,Automakers,ORG
114898507608732258,Tech Companies,ORG
114898507608732258,Workers,ORG
114898507608732258,Farmers,ORG
114898507608732258,##ers,ORG
114898507608732258,Manufacturers,ORG
114898507608732258,AMERICA,ORG
114898503111677568,History of our Country,MISC
114898503111677568,Fake News,ORG
114898503111677568,Jeffrey Epstein,PER
114898229237459086,BR,MISC
114898229237459086,NE,MISC
114898229237459086,Laws,MISC
114898229237459086,60 Minutes,ORG
114898229237459086,CBS,ORG
114898229237459086,Paramount,ORG
114898229237459086,ABC,ORG
114898229237459086,George Slopadopo,PER
114898229237459086,CBS,ORG
114898229237459086,American People,ORG
114898229237459086,Paramount / CBS,ORG
114898229237459086,60 Minutes,ORG
114898229237459086,Fake News Media,ORG
114898229237459086,The,ORG
114898229237459086,Wall Street Journal,ORG
114898229237459086,The Failing New York Times,ORG
114898229237459086,The Washington Post,ORG
114898229237459086,MSDNC,ORG
114898229237459086,CNN,ORG
114898229237459086,Mainstream Media Lia,ORG
114898229237459086,American People,ORG
114898229237459086,AMERICA,ORG
114898069194751986,Ferdinand Marcos,PER
114898069194751986,Philippines,LOC
114898069194751986,White House,LOC
114898069194751986,Trade Deal,MISC
114898069194751986,The Philippines,LOC
114898069194751986,OPEN,MISC
114898069194751986,United States,LOC
114898069194751986,ZERO,ORG
114898069194751986,Philippines,LOC
114898069194751986,The Philippines,LOC
114898065961645958,Water,ORG
114898065961645958,##gate,MISC
114898065961645958,Victor Davis Hanson,PER
114898065961645958,Hoover Institution,ORG
114898065961645958,MA,PER
114898065961645958,AMERIC,LOC
114897600777919524,Jimmy Kimmel,PER
114897600777919524,Late Night Sweepstakes,MISC
114897600777919524,Fallon,PER
114897600777919524,G,ORG
114897600777919524,##RE,MISC
114897600777919524,##AT Television,ORG
114894485362763615,Laura Ingraham,PER
114894485362763615,Trump,PER
114894485362763615,Administration,MISC
114894485362763615,Senate,ORG
114894279798283247,Victor Davis Hanson,PER
114894279798283247,American,MISC
114894279798283247,Watergate,ORG
114894188921935031,Thomas Massie,PER
114894188921935031,Republican,MISC
114894188921935031,Kentucky,LOC
114893984552850709,Obama,PER
114893984552850709,Russia,LOC
114893984552850709,Russia,LOC
114893984552850709,Russia,LOC
114893984552850709,H,MISC
114893984552850709,C,PER
114893984552850709,##rook,PER
114893984552850709,##ed Hillary,PER
114893984552850709,Sleep,PER
114893984552850709,Joe,PER
114893947519507520,Iran,LOC
114893947519507520,Abbas Araghchi,PER
114893947519507520,Iran,LOC
114893947519507520,Nuclear Sites,MISC
114893947519507520,B,PER
114893947519507520,##ret Bai,PER
114893947519507520,Fake News,ORG
114893947519507520,CNN,ORG
114893947519507520,Iran,MISC
114893947519507520,CNN,ORG
114893947519507520,MS,ORG
114893444758138173,Louisiana,LOC
114893444758138173,Tunica - Biloxi Tribe,ORG
114893444758138173,Donald Trump,PER
114893444758138173,Nobel Peace Prize,MISC
114892895177732471,Great Success,MISC
114892895177732471,History of Borders,MISC
114892895177732471,Borders,LOC
114892895177732471,Kris,PER
114892895177732471,##ti Noem,PER
114892895177732471,Tom Homan,PER
114892895177732471,Rodney Scott,PER
114892895177732471,Pam Bondi,PER
114892895177732471,Pete Hegseth,PER
114892895177732471,Border Patrol,ORG
114892895177732471,ICE,ORG
114892689845138877,Mike Rounds,PER
114892689845138877,South Dakota,LOC
114892689845138877,America First,ORG
114892689845138877,Patriot,MISC
114892689845138877,Mike,PER
114892689845138877,Great Value,MISC
114892689845138877,Mount Rushmore State,LOC
114892689845138877,and Ranch,ORG
114892689845138877,U. S,LOC
114892689845138877,A,LOC
114892689845138877,American Energy,ORG
114892689845138877,Amendment,MISC
114892689845138877,Mike Rounds,PER
114892503981994226,Donald J. Trump,PER
114892503981994226,GENIUS Act into,MISC
114892486666754017,Harvard,ORG
114892486666754017,Massachusetts,LOC
114892486666754017,Obama,PER
114892486666754017,Harvard,ORG
114892486666754017,People of our Country,ORG
114892486666754017,Harvard,ORG
114892486666754017,Bank,ORG
114892486666754017,anti,MISC
114892486666754017,Semitic,MISC
114892486666754017,anti,MISC
114892486666754017,Christian,MISC
114892486666754017,anti,MISC
114892486666754017,America,LOC
114892486666754017,U. S. A,LOC
114892486666754017,"Schools,",ORG
114892486666754017,Trump,MISC
114892486666754017,Government,ORG
114892486666754017,Harvard,ORG
114892486666754017,Fairness in Funding Education,MISC
114892486666754017,Trump Administration,ORG
114892485746950799,Bryan Kohberger,PER
114892485746950799,Idaho,LOC
114892485746950799,Penalty,MISC
114892485746950799,Life Imp,MISC
114892485746950799,##ment,MISC
114892485746950799,Penalty,MISC
114892485746950799,Kohberger,PER
114892483107767009,Trump,PER
114892476183296427,U. S.,LOC
114892476183296427,Trump,PER
114892470792068047,Trump,PER
114892270098322352,Dan Sullivan,PER
114892270098322352,Great,MISC
114892270098322352,People,ORG
114892270098322352,Alaska,LOC
114892270098322352,Dan,PER
114892270098322352,Alaska Department of Natural Resources,ORG
114892270098322352,Dan,PER
114892270098322352,Alaska,LOC
114892270098322352,U. S.,LOC
114892270098322352,Senate,ORG
114892270098322352,American Energy,ORG
114892270098322352,Amendment,MISC
114892270098322352,Dan Sullivan,PER
114891542921713362,American Cities,LOC
114891542921713362,CA,LOC
114891542921713362,##S,ORG
114888488677783141,Adam Shifty Schiff,PER
114888488677783141,Doc,MISC
114888488677783141,SC,MISC
114888488677783141,Schi,PER
114888488677783141,Crooked Dems,MISC
114888488677783141,American,MISC
114888488677783141,Shi,PER
114888305041609390,G,MISC
114888305041609390,##RE,MISC
114888305041609390,Mark Levin,PER
114888263063561606,SAMANT,PER
114888253428431066,Mark Levin,PER
114888253428431066,FoxNews!,MISC
114887244433511273,The Wall Street Journal,ORG
114887244433511273,Treasury,ORG
114887244433511273,Scott Bessent,PER
114887244433511273,Jerome Too Late Powell,PER
114887244433511273,Federal Reserve,ORG
114887244433511273,Market,ORG
114887244433511273,Market,ORG
114887244433511273,U. S. A,LOC
114887244433511273,Market,MISC
114887244433511273,Record Highs,MISC
114887236310446076,Washington Redskins,ORG
114887236310446076,Washington Redskins,ORG
114887236310446076,Washington Commanders,ORG
114887236310446076,Stadium,LOC
114887236310446076,Washington,LOC
114887236310446076,Deal,MISC
114887236310446076,Cleveland,ORG
114887236310446076,Cleveland Indians,ORG
114887236310446076,Cleveland Baseball Team,ORG
114887236310446076,Matt Dolan,PER
114887236310446076,Elections,MISC
114887236310446076,Cleveland Indians,ORG
114887236310446076,Election,MISC
114887236310446076,Indians,MISC
114885422115933668,USA,LOC
114887221069099658,New York City,LOC
114887221069099658,Il,MISC
114887221069099658,Alien,MISC
114887221069099658,Country,LOC
114887221069099658,Joe Biden,PER
114887221069099658,Border,LOC
114887221069099658,Democrats,MISC
114887221069099658,In,MISC
114886877289379131,Adam Schiff,PER
114886865806490349,William J. Pulte,PER
114886865806490349,Fannie Mae,ORG
114886865806490349,Freddie Mac,ORG
114886865806490349,Federal Housing Finance Agency,ORG
114886140818665946,Intelligence Community,ORG
114886140818665946,Russia,LOC
114886122800161990,Obama,PER
114886122800161990,Trump,PER
114885987478070699,Washington Whatevers,ORG
114885987478070699,Washington Redskins,ORG
114885987478070699,Team,ORG
114885987478070699,Cleveland Indians,ORG
114885987478070699,Indian,MISC
114885474879269820,Republican Party,ORG
114885474879269820,MAGA,ORG
114885474879269820,Jeffrey Epstein,PER
114885474879269820,Ho,MISC
114885474879269820,Radical Left Democrats,MISC
114885474879269820,Republican Party,ORG
114885474879269820,General Election,MISC
114885474879269820,Strong Borders,ORG
114885474879269820,AMERICA,ORG
114885474879269820,MA,PER
114882476831486897,Obama,PER
114882476831486897,American,MISC
114882476831486897,Donald Trump,PER
114882476831486897,United States,LOC
114882442101879216,Harrison Fields,PER
114882442101879216,FoxNews,ORG
114882442101879216,Panel,ORG
114882442101879216,Obama,PER
114882442101879216,Election Fraud,MISC
114882442101879216,Tu,PER
114882442101879216,##ls,PER
114882442101879216,##i Gabbard,PER
114882283904953607,John Thun,PER
114880074981803996,Justice Department,ORG
114880074981803996,Grand Jury,ORG
114880074981803996,Jeffrey Epstein,PER
114880074981803996,Court,ORG
114880074981803996,A,MISC
114880074981803996,Court,ORG
114880031264786538,Iran,LOC
114880031264786538,Iran,LOC
114877342999804008,Beautiful,MISC
114877342999804008,Bill,PER
114877342999804008,Riley,PER
114877342999804008,Act,MISC
114877342999804008,##tanyl,MISC
114875121407553446,Sean Hannity,PER
114875121407553446,Fox News,ORG
114876927258467384,American,MISC
114876927258467384,U. S.,LOC
114876927258467384,Genius Act,MISC
114876683513144253,BR,MISC
114876683513144253,NEWS,ORG
114876683513144253,P,MISC
114876683513144253,Laws,MISC
114876683513144253,FAKE NEWS,ORG
114876683513144253,The Wall Street Journal,ORG
114876683513144253,WSJ,ORG
114876683513144253,Rupert Murdoch,PER
114876683513144253,Robert Thomson,PER
114876683513144253,ABC,ORG
114876683513144253,George Slopadopoulos,PER
114876683513144253,CBS,ORG
114876683513144253,60 Minutes,ORG
114876683513144253,The Fake Pulitzer Prize,MISC
114876683513144253,L,ORG
114876683513144253,American People,ORG
114876683513144253,ME,ORG
114876683513144253,AL,MISC
114876683513144253,Americans,MISC
114876683513144253,F,ORG
114876683513144253,##ake News Media,ORG
114876683513144253,Rupert,PER
114876683513144253,AMERICA,ORG
114876671293627236,Monica De La Cruz,PER
114876671293627236,Texas,LOC
114876671293627236,Congressional,MISC
114876671293627236,Monica,PER
114876671293627236,AM,MISC
114876671293627236,G,MISC
114876671293627236,American,MISC
114876671293627236,Energy,ORG
114876671293627236,Regulations,MISC
114876671293627236,Southern Border,ORG
114876671293627236,Farmers,ORG
114876671293627236,American,MISC
114876671293627236,Amendment,MISC
114876671293627236,Monica De La Cruz,PER
114876653599100275,Mark Harris,PER
114876653599100275,North Carolina,LOC
114876653599100275,Mark,PER
114876653599100275,Congress,ORG
114876653599100275,American Energy,ORG
114876653599100275,Southern Border,ORG
114876653599100275,Amendment,MISC
114876653599100275,Mark Harris,PER
114876640511652135,Derek Schmidt,PER
114876640511652135,Kansas,LOC
114876640511652135,Congressional,ORG
114876640511652135,District,LOC
114876640511652135,Ka,MISC
114876640511652135,Derek,PER
114876640511652135,Congress,ORG
114876640511652135,Great Farmers,MISC
114876640511652135,American,MISC
114876640511652135,Agriculture,ORG
114876640511652135,##es and Regulations,ORG
114876640511652135,Advance American Energy,ORG
114876640511652135,Southern Border,ORG
114876640511652135,Second Amendment,MISC
114876640511652135,Derek Schmidt,PER
114876638674610838,Barry Loudermilk,PER
114876638674610838,Georgia,ORG
114876638674610838,Congressional,MISC
114876638674610838,U. S. Air Force,ORG
114876638674610838,Barry,PER
114876638674610838,Congress,ORG
114876638674610838,Southern,MISC
114876638674610838,Border,ORG
114876638674610838,American,MISC
114876638674610838,Energy,ORG
114876638674610838,Amendment,MISC
114876638674610838,Barry Loudermilk,PER
114876637907797002,Trace,PER
114876637907797002,##y Mann,PER
114876637907797002,Kansas,LOC
114876637907797002,First,LOC
114876637907797002,Farmer,MISC
114876637907797002,Trace,PER
114876637907797002,##y,PER
114876637907797002,American,MISC
114876637907797002,Agriculture,ORG
114876637907797002,Congress,ORG
114876637907797002,Regulations,MISC
114876637907797002,U,LOC
114876637907797002,S,LOC
114876637907797002,A,LOC
114876637907797002,American,MISC
114876637907797002,Energy,ORG
114876637907797002,Southern,LOC
114876637907797002,Border,ORG
114876637907797002,Amendment,MISC
114876637907797002,Trace,PER
114876637907797002,##y Mann,PER
114876636997078377,Mark Messmer,PER
114876636997078377,Great People of Indiana,ORG
114876636997078377,Mark,PER
114876636997078377,Congress,ORG
114876636997078377,Ho,ORG
114876636997078377,##osier,MISC
114876636997078377,American,MISC
114876636997078377,Energy,ORG
114876636997078377,Southern Border,ORG
114876636997078377,Military,ORG
114876636997078377,Veterans,ORG
114876636997078377,Amendment,MISC
114876636997078377,Mark Messmer,PER
114876636266908918,Kevin Hern,PER
114876636266908918,Oklahoma,LOC
114876636266908918,Congressional,MISC
114876636266908918,House,ORG
114876636266908918,Republican Policy Committee,ORG
114876636266908918,Kevin,PER
114876636266908918,AMERICA,MISC
114876636266908918,Farmers,MISC
114876636266908918,American,MISC
114876636266908918,Agriculture,ORG
114876636266908918,U,LOC
114876636266908918,S,LOC
114876636266908918,A,LOC
114876636266908918,American,MISC
114876636266908918,Energy,ORG
114876636266908918,Southern,MISC
114876636266908918,Border,ORG
114876636266908918,Second Amendment,MISC
114876636266908918,Kevin Her,PER
114876635509809217,Congress,ORG
114876635509809217,Ann Wagner,PER
114876635509809217,Missouri,LOC
114876635509809217,Congressional,MISC
114876635509809217,Financial Services Subcommittee on Capital Markets,ORG
114876635509809217,Ann,PER
114876635509809217,AMERIC,ORG
114876635509809217,##A,MISC
114876635509809217,G,MISC
114876635509809217,Regulations,MISC
114876635509809217,Nations Golden Age,MISC
114876635509809217,American Energy,ORG
114876635509809217,Southern Border,ORG
114876635509809217,Amendment,MISC
114876635509809217,Ann Wagner,PER
114876634662612316,Congress,ORG
114876634662612316,Stephanie Bice,PER
114876634662612316,Oklahoma,LOC
114876634662612316,Congressional,MISC
114876634662612316,Stephanie,PER
114876634662612316,Congress,ORG
114876634662612316,and Regulations,ORG
114876634662612316,American,MISC
114876634662612316,Energy,ORG
114876634662612316,Southern,MISC
114876634662612316,Border,ORG
114876634662612316,Amendment,MISC
114876634662612316,Stephanie Bice,PER
114876633650538046,Lauren Boebert,PER
114876633650538046,America First,ORG
114876633650538046,Patriot,MISC
114876633650538046,Colorado,LOC
114876633650538046,Congressional,MISC
114876633650538046,MAGA Warrior,MISC
114876633650538046,Lauren,PER
114876633650538046,American,MISC
114876633650538046,Energy,ORG
114876633650538046,Southern Border,ORG
114876633650538046,Amendment,MISC
114876633650538046,Lauren Boebert,PER
114876632946481372,Max Miller,PER
114876632946481372,People,MISC
114876632946481372,Ohio,LOC
114876632946481372,Max,PER
114876632946481372,U,ORG
114876632946481372,. S.,LOC
114876632946481372,Marine Corps,ORG
114876632946481372,First,ORG
114876632946481372,Administration,MISC
114876632946481372,AMERICA,MISC
114876632946481372,Congress,ORG
114876632946481372,Max,PER
114876632946481372,Southern,MISC
114876632946481372,Border,ORG
114876632946481372,American,MISC
114876632946481372,Energy,ORG
114876632946481372,Amendment,MISC
114876632946481372,Max Miller,PER
114876632160599681,Brandon Gill,PER
114876632160599681,MAGA,MISC
114876632160599681,Texas,LOC
114876632160599681,Brandon,PER
114876632160599681,Danielle,PER
114876632160599681,Din,PER
114876632160599681,##esh DSou,PER
114876632160599681,Congress,ORG
114876632160599681,Brandon,PER
114876632160599681,AMER,MISC
114876632160599681,##IC,ORG
114876632160599681,##A,MISC
114876632160599681,Southern Border,MISC
114876632160599681,Champion American Energy,ORG
114876632160599681,Amendment,MISC
114876632160599681,Brandon Gill,PER
114874476139755852,White House,LOC
114874476139755852,GRE,MISC
114874476139755852,Democrats,MISC
114874476139755852,Party of the Past,MISC
114874426878030436,Rupert Murdoch,PER
114874426878030436,WSJ,ORG
114874422468516376,Colbert,PER
114874422468516376,Jimmy Kimmel,PER
114874422468516376,Colbert,PER
114874422468516376,Greg Gutfeld,PER
114874422468516376,Mo,PER
114874422468516376,##ron,PER
114874422468516376,NBC,ORG
114874422468516376,Tonight Show,MISC
114874392904679623,Colbert,PER
114874392904679623,Jimmy Kimmel,PER
114874392904679623,Colbert,PER
114874392904679623,Greg Gutfeld,PER
114874392904679623,Mo,PER
114874392904679623,##ron,PER
114874392904679623,NBC,ORG
114874392904679623,Tonight Show,MISC
114874138131177867,E,PER
114874138131177867,##ps,PER
114874138131177867,##tein,PER
114874138131177867,Dems,MISC
114874138131177867,Garland,PER
114874138131177867,Come,PER
114873827864802531,Fed,ORG
114873827864802531,Sleep,PER
114873827864802531,Joe,PER
114873827864802531,Fed Board,ORG
114873827864802531,Board,ORG
114873827864802531,USA,LOC
114873827864802531,Rockin,LOC
114873827864802531,Tri,MISC
114872393229075156,NPR,ORG
114872393229075156,P,PER
114872393229075156,D,LOC
114872393229075156,R,PER
114871752316281496,The,ORG
114871752316281496,Wall Street Journal,ORG
114871752316281496,E,PER
114871752316281496,##ps,PER
114871752316281496,##tein,PER
114871752316281496,Rupert Murdoch,PER
114871752316281496,Scam,MISC
114871752316281496,Fake Story,MISC
114871557460531003,Jeffrey Epstein,PER
114871557460531003,Pam Bondi,PER
114871557460531003,Grand Jury,MISC
114871557460531003,SC,MISC
114871557460531003,Democrats,MISC
114871422727186590,Wall Street Journal,ORG
114871422727186590,Rupert Murdoch,PER
114871422727186590,Donald J. Trump,PER
114871422727186590,Trump,PER
114871422727186590,E,PER
114871422727186590,##ps,PER
114871422727186590,##tein,PER
114871422727186590,Murdoch,PER
114871422727186590,The Wall Street Journal,ORG
114871422727186590,Emma Tucker,PER
114871422727186590,Ka,PER
114871422727186590,##rol,PER
114871422727186590,##ine Leavi,PER
114871422727186590,Trump,PER
114871422727186590,Emma Tucker,PER
114871422727186590,Trump,PER
114871422727186590,The Wall Street Journal,ORG
114871422727186590,NewsCorp,ORG
114871422727186590,Murdoch,PER
114871422727186590,Press,ORG
114871422727186590,Trump,PER
114871422727186590,George Stephanop,PER
114871422727186590,##los,PER
114871422727186590,ABC,ORG
114871422727186590,60 Minutes,ORG
114871422727186590,CBS,ORG
114871422727186590,Wall Street Journal,ORG
114871422727186590,E,MISC
114871422727186590,##ps,ORG
114871422727186590,##tein Hoax,MISC
114871422727186590,Trump,PER
114871422727186590,Comey,PER
114871422727186590,Brennan,PER
114871422727186590,C,PER
114871422727186590,##rook,PER
114871422727186590,Hillary,PER
114871422727186590,Radical Left Lunatics,ORG
114871422727186590,T,ORG
114871422727186590,Elections,MISC
114869053826157428,Bristol - Myers Squibb and Pfizer,ORG
114869053826157428,Eliquis,ORG
114869053826157428,Eliquis,ORG
114869053826157428,Trump,PER
114870310221162497,Sale,PER
114837554019633896,Salena Zito,PER
114837554019633896,B,LOC
114837554019633896,Donald Trump,PER
114837554019633896,Fight for Americas Heartland,MISC
114837554019633896,Sale,PER
114837554019633896,Movement,ORG
114837554019633896,Hearts and Souls,ORG
114837554019633896,People,ORG
114837554019633896,this,ORG
114837554019633896,Country,LOC
114837554019633896,Sale,PER
114837554019633896,MA,PER
114837554019633896,AMERIC,LOC
114866148855492915,Tom Ho,PER
114866148855492915,Trump,PER
114865317698739416,Trump,PER
114865317698739416,H,MISC
114865317698739416,##T Fentanyl Act,MISC
114865507306954051,Americans,MISC
114865507306954051,System,MISC
114865507306954051,Great Communities,MISC
114865507306954051,Radical Left Democrats,MISC
114865507306954051,Republicans,MISC
114865507306954051,Republicans,MISC
114865507306954051,Congress,ORG
114865506222851432,United States of America,LOC
114865506222851432,California,LOC
114865506222851432,California,LOC
114865506222851432,Gavin Newscum,PER
114865506222851432,Railroad,ORG
114865506222851432,Sean Duffy,PER
114865506222851432,Federal,MISC
114865506222851432,Newscum,ORG
114865352052263270,Jennifer Mascott,PER
114865352052263270,United States Court of Appeals,ORG
114865352052263270,Third Circuit,ORG
114865352052263270,Jennifer,PER
114865352052263270,Justice Clarence Thomas,PER
114865352052263270,Justice Brett Kavanaugh,PER
114865352052263270,Constitution,MISC
114865352052263270,Freedom,MISC
114865352052263270,Jennifer,PER
114865352052263270,Constitutional Law,MISC
114865352052263270,Department of Justice,ORG
114865352052263270,White House Counsels Office,ORG
114865352052263270,Delaware,LOC
114865352052263270,Pennsylvania,LOC
114865352052263270,New Jersey,LOC
114865352052263270,Jennifer,PER
114865352052263270,Rule of Law,MISC
114865352052263270,Jen,PER
114865342296740017,Bahrain,LOC
114865342296740017,White House,LOC
114865342296740017,Bahrain,LOC
114864763487869986,Coca - Cola,ORG
114864763487869986,R,MISC
114864763487869986,Cane Sugar,MISC
114864763487869986,United States,LOC
114864763487869986,Coca - Cola,ORG
114863423197999192,Energy,ORG
114863423197999192,Chris Wright,PER
114863423197999192,Trump,PER
114863423197999192,##RA,MISC
114863423197999192,American,MISC
114863410012919913,Fox,ORG
114863410012919913,Business,MISC
114863410012919913,Donald Trump,PER
114863410012919913,U. S.,LOC
114863410012919913,Treasury Department,ORG
114863410012919913,Customs and Certain Excise Tax,MISC
114863380166048416,Trump,PER
114863380166048416,U. S.,LOC
114863380166048416,Po,PER
114863380166048416,AI,MISC
114863203348237352,Radical Left Democrats,MISC
114863203348237352,Steele Dossie,PER
114863203348237352,La,MISC
114863203348237352,Dems,MISC
114863203348237352,Russia,LOC
114863203348237352,Hunter B,PER
114863203348237352,Russia,LOC
114863203348237352,Russia,LOC
114863203348237352,Russia,LOC
114863203348237352,C,PER
114863203348237352,Hillary Clinton,PER
114863203348237352,Presidential Election,MISC
114863203348237352,Sc,MISC
114863203348237352,Democrats,MISC
114863203348237352,Republicans,MISC
114863203348237352,Jeffrey,MISC
114863203348237352,Eps,PER
114863203348237352,##tein Ho,MISC
114863203348237352,Lunatic Left,ORG
114863203348237352,F,ORG
114863203348237352,News,ORG
114863203348237352,Dems,MISC
114863203348237352,Jeffrey Eps,PER
114863203348237352,##tein Ho,MISC
114863203348237352,Democrats,MISC
114863203348237352,AM,ORG
114863203348237352,##IC,ORG
114863179955821383,Radical Left Democrats,MISC
114863179955821383,FA,MISC
114863179955821383,Steel,ORG
114863179955821383,Do,MISC
114863179955821383,##ssier,ORG
114863179955821383,La,MISC
114863179955821383,Dems,MISC
114863179955821383,Russia,LOC
114863179955821383,Hunter B,PER
114863179955821383,Russia,LOC
114863179955821383,Russia,LOC
114863179955821383,Russia,LOC
114863179955821383,C,PER
114863179955821383,Hillary Clinton,PER
114863179955821383,Presidential Election,MISC
114863179955821383,Sc,MISC
114863179955821383,Democrats,MISC
114863179955821383,Republicans,MISC
114863179955821383,Jeffrey,MISC
114863179955821383,Eps,PER
114863179955821383,##tein Ho,MISC
114863179955821383,Lunatic Left,ORG
114863179955821383,F,ORG
114863179955821383,News,ORG
114863179955821383,Dems,MISC
114863179955821383,Jeffrey Eps,PER
114863179955821383,##tein Ho,MISC
114863179955821383,Democrats,MISC
114863179955821383,AM,ORG
114863179955821383,##IC,ORG
114860136006223294,Oval Office,LOC
114860136006223294,Congress,ORG
114860136006223294,GENIUS Act,MISC
114860136006223294,House,ORG
114860136006223294,Mike Johnson,PER
114860136006223294,Congress,ORG
114860136006223294,AMERIC,LOC
114859554812594090,Florida State,ORG
114859554812594090,Court,LOC
114859554812594090,##R,MISC
114859554812594090,Company,ORG
114859554812594090,ME,ORG
114859554812594090,World,LOC
114859554812594090,MA,PER
114859554812594090,AMERIC,LOC
114859213229042831,Sale,PER
114858915682735686,##IVE,ORG
114858915682735686,Pittsburgh,LOC
114858915682735686,Pennsylvania,LOC
114858743257523727,Ken Langone,PER
114858589852139958,Great Americans,MISC
114858589852139958,Vaca,MISC
114858589852139958,Atlantic City,LOC
114858589852139958,Wildwood,LOC
114858589852139958,Cape May,LOC
114858589852139958,State of New Jersey,LOC
114858589852139958,Atlantic Ocean,LOC
114858589852139958,Republican,MISC
114858589852139958,GRE,MISC
114858589852139958,Jeff Van Drew,PER
114858589852139958,Beach,ORG
114858589852139958,Wind,ORG
114858589852139958,##mill,MISC
114858589852139958,World,LOC
114858589852139958,Van Drew,PER
114858589852139958,Jeff,PER
114858589029028619,Republic of Indonesia,LOC
114858589029028619,P,PER
114858589029028619,##rabowo Subianto,PER
114858589029028619,Deal,MISC
114858589029028619,Indonesia,MISC
114858589029028619,United States,LOC
114858589029028619,Agreement,MISC
114858589029028619,Indonesia,LOC
114858589029028619,U. S. Energy,ORG
114858589029028619,American Agricultural Products,ORG
114858589029028619,Boeing Jets,MISC
114858589029028619,Indonesian Market,MISC
114858589029028619,Indonesia,LOC
114858589029028619,United States,LOC
114858589029028619,U. S,LOC
114858589029028619,Indonesia,LOC
114858589029028619,Indonesia,LOC
114858589029028619,of Indonesia,ORG
114858589029028619,American People,MISC
114858589029028619,of Indonesia,ORG
114858547001755577,Pittsburgh,LOC
114858547001755577,Pennsylvania,LOC
114857957325423668,House,ORG
114857957325423668,America,LOC
114857957325423668,Assets,MISC
114857957325423668,GE,MISC
114857957325423668,##US Act,MISC
114857957325423668,Great Nation,ORG
114857957325423668,China,LOC
114857957325423668,Europe,LOC
114857957325423668,As,MISC
114857957325423668,Assets,MISC
114857957325423668,C,PER
114857957325423668,Making,MISC
114857957325423668,America,LOC
114857957325423668,Great,MISC
114857957325423668,World,ORG
114857957325423668,Senate,ORG
114857957325423668,House,ORG
114857889773040947,Great Congress,MISC
114857889773040947,Texas,LOC
114857889773040947,Texas,LOC
114857889773040947,Border Counties,LOC
114857889773040947,Mexico,LOC
114857889773040947,Texas,LOC
114857889773040947,Democrat,MISC
114857889773040947,Texas,LOC
114857842089554705,America,LOC
114857842089554705,AI,MISC
114857842089554705,Pittsburgh,LOC
114857835698390465,Maria Bartiromo,PER
114857835698390465,Trump,PER
114857687712359546,Shi,PER
114857687712359546,Adam Schiff,PER
114857687712359546,Fannie Maes Financial Crimes Division,ORG
114857687712359546,Adam Schiff,PER
114857687712359546,Fraud,MISC
114857687712359546,Adam Schiff,PER
114857687712359546,MAR,LOC
114857687712359546,##YLAND,LOC
114857687712359546,America,LOC
114857687712359546,CALIFORNIA,ORG
114857687712359546,CALIFOR,LOC
114857687712359546,##NI,ORG
114857687712359546,##A,LOC
114857687712359546,Adam Schiff,PER
114857687712359546,C,PER
114857687712359546,FRAUD,ORG
114857687712359546,Maryland,LOC
114857687712359546,Maryland,LOC
114857687712359546,Fraud,MISC
114857687712359546,Adam Schiff,PER
114857687712359546,Senator,MISC
114857639804190832,Fed,ORG
114857617089281818,Fed,MISC
114857569436636352,Indonesia,LOC
114857384454528789,Shi,PER
114857384454528789,Adam Shiff,PER
114857384454528789,Fannie Maes Financial Crimes Division,ORG
114857384454528789,Adam Schiff,PER
114857384454528789,Fraud,MISC
114857384454528789,Adam Schiff,PER
114857384454528789,MAR,LOC
114857384454528789,##YLAND,LOC
114857384454528789,America,LOC
114857384454528789,CALIFORNIA,ORG
114857384454528789,CALIFOR,LOC
114857384454528789,##NI,ORG
114857384454528789,##A,LOC
114857384454528789,Adam Schiff,PER
114857384454528789,C,PER
114857384454528789,FRA,ORG
114857384454528789,Maryland,LOC
114857384454528789,Maryland,LOC
114857384454528789,Fraud,MISC
114857384454528789,Adam Schiff,PER
114854251111136308,United States Supreme Court,ORG
114854251111136308,Parents and Students,ORG
114854251111136308,Trump Administration,ORG
114854251111136308,Department of Education,ORG
114854251111136308,GRE,MISC
114854251111136308,Supreme Court,ORG
114854251111136308,Education,ORG
114854251111136308,Linda McMahon,PER
114854251111136308,Federal Government,ORG
114854251111136308,Education,ORG
114854251111136308,System,MISC
114854251111136308,P,ORG
114854251111136308,Americas,ORG
114854251111136308,United,ORG
114854251111136308,States,LOC
114854251111136308,Supreme Court,ORG
114851420581462592,United States of America,LOC
114851420581462592,America,LOC
114848608158429419,Member,MISC
114848608158429419,Member Championship,MISC
114848608158429419,Trump National,LOC
114848608158429419,Bedminster,LOC
114848608158429419,Tommy Urciuoli,PER
114842941355477197,Lara Trump,PER
114842941355477197,FoxNews,ORG
114842941355477197,M,LOC
114842356238631061,Pam Bond,PER
114842356238631061,MA,ORG
114842356238631061,P,ORG
114842356238631061,##ERF,ORG
114842356238631061,##T Administration,ORG
114842356238631061,Jeffrey E,PER
114842356238631061,E,PER
114842356238631061,Obama,PER
114842356238631061,C,PER
114842356238631061,##rook,PER
114842356238631061,Hillary,PER
114842356238631061,Come,PER
114842356238631061,##y,PER
114842356238631061,Brennan,PER
114842356238631061,Losers and Criminals,ORG
114842356238631061,Biden Administration,ORG
114842356238631061,Russia,LOC
114842356238631061,Russia,LOC
114842356238631061,Russia,LOC
114842356238631061,##ax,MISC
114842356238631061,##P,ORG
114842356238631061,E,MISC
114842356238631061,##ps,ORG
114842356238631061,##tein Files,MISC
114842356238631061,FA,MISC
114842356238631061,Hillary Clinton,MISC
114842356238631061,Christopher Steele Do,MISC
114842356238631061,Radical Left Lunatics,ORG
114842356238631061,E,MISC
114842356238631061,##tein Files,MISC
114842356238631061,MAGA Movement,ORG
114842356238631061,John F,PER
114842356238631061,.,ORG
114842356238631061,Kennedy,PER
114842356238631061,Martin Luther King,PER
114842356238631061,Jr,ORG
114842356238631061,Dom,MISC
114842356238631061,Iran,LOC
114842356238631061,Nuclear Weapons,MISC
114842356238631061,Administration,ORG
114842356238631061,MA,PER
114842356238631061,AM,PER
114842356238631061,FBI,ORG
114842356238631061,Jeffrey,PER
114842026934691545,Oval,LOC
114841568204031318,Treasury,ORG
114841565274628116,US,LOC
114840552173805537,Rosie ODonnell,PER
114840552173805537,Great Country,LOC
114840552173805537,##ity,ORG
114840552173805537,Country of Ireland,LOC
114840552173805537,AM,LOC
114837597286883732,Great Combat V,MISC
114837597286883732,Zach Nun,PER
114837597286883732,Zach,PER
114837597286883732,Iowa,LOC
114837597286883732,Farmer,MISC
114837597286883732,Iowa,LOC
114837597286883732,Amendment,MISC
114837597286883732,Zach Nun,PER
114837208737137477,Texas,LOC
114837208737137477,Homeland Security,ORG
114837208737137477,Kris,PER
114837208737137477,##ti Noem,PER
114837208737137477,Border C,ORG
114837208737137477,Tom Homan,PER
114837208737137477,ICE,ORG
114837208737137477,Homeland Security,ORG
114837208737137477,##CE,ORG
114835595028757667,Donald J. Trump,PER
114835595028757667,Melania Trump,PER
114835595028757667,Kerrville,LOC
114835595028757667,Texas,LOC
114835146294645750,Tom Homan,PER
114835146294645750,Kris,PER
114835146294645750,##ti Noem,PER
114835146294645750,##AS,MISC
114835102167904861,Pete Hegseth,PER
114835102167904861,FoxNews,ORG
114835102167904861,Brett Velicovich,PER
114832587355133963,USA,LOC
114832587355133963,Trump,PER
114832587355133963,Nobel Peace Prize,MISC
114832570720111172,Bryan Bedford,PER
114832570720111172,FAA,ORG
114831435031070955,Republicans,MISC
114831435031070955,Re,MISC
114831435031070955,Bill,MISC
114831435031070955,P,MISC
114831435031070955,PBS,ORG
114831435031070955,NPR,ORG
114831435031070955,CNN & MSDNC,ORG
114831435031070955,Republican,MISC
114831433790826577,William W. Mercer,PER
114831433790826577,United States District Court,ORG
114831433790826577,District of Montana,LOC
114831433790826577,Bill,PER
114831433790826577,Department of Justice,ORG
114831433790826577,United States,LOC
114831433790826577,District of Montana,LOC
114831433790826577,Rule of Law,MISC
114831433790826577,Constitution,MISC
114831088465448187,Nick Adams,PER
114831088465448187,United States,LOC
114831088465448187,Malaysia,LOC
114831088465448187,Nick,PER
114831088465448187,Patriot,MISC
114831088465448187,Great Country,LOC
114831088465448187,Nick,PER
114831088465448187,Nick,PER
114831088465448187,University of Sydney,ORG
114831088465448187,V,MISC
114831088465448187,American Great,MISC
114831088465448187,Nick,PER
114829511761589815,Gregg Jarrett,PER
114829511761589815,CIA,ORG
114829511761589815,Donald Trump,PER
114829511761589815,Hillary Clinton,PER
114829511761589815,Democrats,MISC
114829511761589815,FBI,ORG
114829511761589815,CIA,ORG
114829511761589815,Department of Justice,ORG
114829511761589815,Trump,MISC
114829442018326447,USA,LOC
114829442018326447,World,MISC
114829408208555940,Stocks,ORG
114829408208555940,Industrial Stocks,ORG
114829408208555940,N,ORG
114829408208555940,##VI,LOC
114829408208555940,##DIA,ORG
114829408208555940,USA,LOC
114829408208555940,USA,LOC
114829111657785430,GRE,MISC
114829111657785430,Gregg Jarrett,PER
114829111657785430,Trump,PER
114829111657785430,Do,MISC
114829111657785430,CIA,ORG
114829111657785430,Brennan,PER
114829111657785430,Come,PER
114829111657785430,Come,PER
114829111657785430,Trump,PER
114829111657785430,FBI Regulations,MISC
114829111657785430,F,ORG
114829111657785430,##ISA Court,ORG
114829111657785430,Do,MISC
114829111657785430,Spy Warrant,MISC
114829111657785430,John Brennan,PER
114829111657785430,Do,MISC
114829111657785430,Intelligence Committee Assessment,MISC
114829111657785430,Document,MISC
114829111657785430,Intellegence Committee Assessment,MISC
114829111657785430,Trump,PER
114829111657785430,Congress,ORG
114829111657785430,Assessment,MISC
114829111657785430,American,MISC
114829111657785430,FBI,ORG
114829111657785430,CIA,ORG
114829111657785430,BA,PER
114829111657785430,AMERIC,LOC
114829111657785430,##A,ORG
114829111657785430,##ID,ORG
114829111657785430,James Come,PER
114829111657785430,Trump,PER
114829111657785430,Russia Hoax,MISC
114829111657785430,Witch Hunt,MISC
114829111657785430,FBI Doc,ORG
114829111657785430,##ume,MISC
114829111657785430,##nts,ORG
114829111657785430,Media,ORG
114829111657785430,Trump,PER
114829111657785430,Bob Mueller,PER
114829111657785430,Gregg,PER
114826109463640311,GRE,MISC
114826109463640311,##AT,ORG
114826109463640311,Transportation,ORG
114826109463640311,Sean Duffy,PER
114826109463640311,NASA,ORG
114826109463640311,Sean,PER
114826109463640311,Countrys Transportation Affairs,ORG
114826109463640311,Air Traffic Control,ORG
114826109463640311,Space Agency,ORG
114826109463640311,Sean,PER
114826107762484260,Copper,MISC
114826107762484260,Semiconductors,ORG
114826107762484260,"Aircraft, Ships",ORG
114826107762484260,"Ammunition,",ORG
114826107762484260,Data Centers,ORG
114826107762484260,Li,ORG
114826107762484260,ion Batteries,ORG
114826107762484260,Radar Systems,ORG
114826107762484260,Missile Defense Systems,ORG
114826107762484260,Department of Defense,ORG
114826107762484260,Biden,MISC
114826107762484260,America,LOC
114826107762484260,D,MISC
114826107762484260,Industry,MISC
114826044404420382,Great State of,LOC
114826044404420382,South Carolina,LOC
114826044404420382,Lindsey,PER
114826044404420382,Re,MISC
114826044404420382,Election,MISC
114826044404420382,AM,LOC
114826044404420382,##IC,LOC
114826044404420382,##A,ORG
114826040324238044,Tom Cotton,PER
114826040324238044,Great State of,MISC
114826040324238044,Arkansas,LOC
114826040324238044,U. S. A,LOC
114826040324238044,American Patriot,MISC
114826040324238044,U,ORG
114826040324238044,. S,LOC
114826040324238044,. Army,ORG
114826040324238044,Tom,PER
114826040324238044,U. S.,LOC
114826040324238044,Senate,ORG
114826040324238044,Southern Border,MISC
114826040324238044,Regulations,MISC
114826040324238044,American Energy,MISC
114826040324238044,Amendment,MISC
114826040324238044,Tom Cotton,PER
114826039777950636,Roger Marshall,PER
114826039777950636,Kansas,LOC
114826039777950636,U. S. Army,ORG
114826039777950636,Roger,PER
114826039777950636,U. S.,LOC
114826039777950636,Senate,ORG
114826039777950636,Roger,PER
114826039777950636,American,MISC
114826039777950636,Southern,MISC
114826039777950636,Border,ORG
114826039777950636,American,MISC
114826039777950636,Energy,ORG
114826039777950636,Amendment,MISC
114826039777950636,KAN,ORG
114826039777950636,Roger Marshall,PER
114825064535529179,Lori Chavez,PER
114825064535529179,DeRem,PER
114825064535529179,Trump,PER
114825064535529179,American,MISC
114825064535529179,American,MISC
114825064535529179,B,PER
114825064535529179,##iden,PER
114825055413704674,Trump,MISC
114825052103127845,America,LOC
114825052103127845,America,LOC
114825046600516465,Hope,ORG
114825046600516465,Local Aluminum,ORG
114825046600516465,Rosemount,ORG
114824462737182215,##T,ORG
114824462737182215,Ma,LOC
114824462737182215,##uritania,LOC
114824462737182215,Mohamed Ould Ghazouani,PER
114824341827892593,Trump,PER
114824341827892593,Gabon,LOC
114824341827892593,Guinea,LOC
114824341827892593,Bissau,LOC
114824341827892593,Liberia,LOC
114824341827892593,Ma,LOC
114824341827892593,##uri,LOC
114824341827892593,##tania,LOC
114824341827892593,Senegal,LOC
114824341827892593,White House,LOC
114824012434844395,Nevada,LOC
114824012434844395,Michael J. McDonald,PER
114824012434844395,Republican Party,ORG
114824012434844395,Jim Hindle,PER
114824012434844395,Barbara Hawn,PER
114824012434844395,Kathy Njus,PER
114824012434844395,Bruce Parks,PER
114824012434844395,Jesse Law,PER
114824012434844395,Nevada,LOC
114824012434844395,Great American Patriots,ORG
114824012434844395,Republican Victories,MISC
114824012434844395,NEVA,LOC
114823753748748089,Marco Rubio,PER
114823753748748089,Trump,PER
114823753748748089,NATO,ORG
114823753748748089,America,LOC
114823751368001174,Trump,PER
114823751368001174,MAGA,ORG
114809574296066307,Anti,MISC
114809574296066307,American,MISC
114809574296066307,BRIC,MISC
114812490799920916,Brazil,LOC
114812490799920916,Jai,PER
114812490799920916,##r Bolsonaro,PER
114812490799920916,Jai,PER
114812490799920916,##r Bolsonaro,PER
114812490799920916,People,MISC
114812490799920916,Brazil,LOC
114812490799920916,Jai,PER
114812490799920916,Bolsonaro,PER
114812490799920916,Brazil,LOC
114812490799920916,B,LOC
114812490799920916,##OLSONA,LOC
114823635614745836,U. S,LOC
114823635614745836,AMERICA,LOC
114820908713657769,Crooked Democrats,MISC
114820908713657769,L,MISC
114820873191783674,Brazil,LOC
114820780308440795,Gary Player,PER
114820780308440795,Senior Tour,MISC
114820780308440795,Tiger,PER
114820780308440795,Jack,PER
114820780308440795,Gary,PER
114820563898758883,Great,MISC
114820563898758883,State of,ORG
114820563898758883,Florida,LOC
114820563898758883,Southern Boulevard,LOC
114820563898758883,Palm Beach County,LOC
114820563898758883,Palm Beach County,LOC
114820563898758883,Ron DeSanti,PER
114820563898758883,Florida,LOC
114820563898758883,State,ORG
114820563898758883,FLOR,LOC
114820563898758883,##ID,ORG
114819199532902807,Wright,PER
114819199532902807,Trump,PER
114819184205071380,Study,MISC
114819184205071380,Council of Economic Advisers,ORG
114819184205071380,CEA,ORG
114819184205071380,Stephen Mira,PER
114819184205071380,Z,ORG
114819184205071380,Study,MISC
114819184205071380,F,ORG
114819184205071380,##ake News,ORG
114819184205071380,U. S,LOC
114819184205071380,A,LOC
114819184205071380,Study,MISC
114819184205071380,Jerome Powell,PER
114818149310161097,TARIF,ORG
114813826512783399,FBI,ORG
114813826512783399,Ka,PER
114813826512783399,##sh Patel,PER
114813826512783399,Dan Bongino,PER
114813826512783399,Americas,LOC
114813826512783399,Enforcement,ORG
114813826512783399,Corr,MISC
114813826512783399,##t Leadership,MISC
114813826512783399,AM,LOC
114813826512783399,##ER,ORG
114813826512783399,##IC,LOC
114813826512783399,##A,ORG
114809528606729733,UNITED,ORG
114809528606729733,World,LOC
114809528606729733,P,MISC
114809528606729733,M,LOC
114809528606729733,Eastern,MISC
114809528606729733,United States of America,LOC
114808976338304577,P,MISC
114808976338304577,TEXAS,LOC
114808616176041421,El,PER
114808616176041421,##on Musk,PER
114808616176041421,Third Political Party,ORG
114808616176041421,United States,LOC
114808616176041421,Parties,ORG
114808616176041421,Radical Left Democrats,MISC
114808616176041421,Republicans,MISC
114808616176041421,Bill,MISC
114808616176041421,History of our Country,MISC
114808616176041421,El,ORG
114808616176041421,Electric Vehicle,MISC
114808616176041421,E,MISC
114808616176041421,Electric Car,ORG
114808616176041421,Power,ORG
114808616176041421,New Technologies,ORG
114808616176041421,E,MISC
114808616176041421,El,ORG
114808616176041421,E,MISC
114808616176041421,Man,MISC
114808616176041421,El,PER
114808616176041421,NASA,ORG
114808616176041421,Democrat,MISC
114808616176041421,Republican,MISC
114808616176041421,El,ORG
114808616176041421,El,ORG
114808616176041421,NASA,ORG
114808616176041421,NASA,ORG
114808616176041421,El,ORG
114808616176041421,American,MISC
114806881411557795,Major Disaster Declaration,MISC
114806881411557795,Kerr County,LOC
114806881411557795,Texas,LOC
114806881411557795,Brave First Re,ORG
114806881411557795,Trump Administration,ORG
114806881411557795,State,ORG
114806881411557795,Local,ORG
114806881411557795,Homeland Security,ORG
114806881411557795,Kris,PER
114806881411557795,##ti Noem,PER
114806881411557795,Greg Abbott,PER
114806881411557795,Great State,LOC
114806881411557795,U. S. Coast Guard,ORG
114806881411557795,State First Respond,ORG
114806881411557795,##EX,ORG
114802591195240494,One Big Beautiful Bill,MISC
114802591195240494,Earth,LOC
114802591195240494,Earth,LOC
114802591195240494,Earth,LOC
114802591195240494,United States of America,LOC
114801653749329102,ICE,ORG
114801653749329102,Large,MISC
114801653749329102,Mass De,MISC
114801653749329102,##ation,MISC
114801653749329102,America,LOC
114801653749329102,Third World,MISC
114801653749329102,Country,LOC
114801653749329102,AMERIC,LOC
114801213969191305,Trump Administration,ORG
114801213969191305,State and Local,ORG
114801213969191305,Texas,LOC
114801213969191305,Homeland Security,ORG
114801213969191305,Kris,PER
114801213969191305,##ti Noem,PER
114801213969191305,Melania,PER
114801213969191305,##EX,LOC
114795512010210371,Ed,PER
114795512010210371,##an Alexander,PER
114795512010210371,Hamas,ORG
114795512010210371,Oval Office,LOC
114795430236594813,Republican,MISC
114795430236594813,T,PER
114795430236594813,. J. McCormack,PER
114795430236594813,NewsMax,ORG
114795415752881784,New,PER
114795415752881784,##t Gingrich,PER
114795415752881784,D. C,LOC
114795415752881784,Americas,LOC
114795415752881784,New,PER
114792383511698623,United States,LOC
114792383511698623,America,LOC
114792383511698623,Communist,MISC
114792383511698623,New York City,LOC
114792258992380345,America,LOC
114792258992380345,AMERICA 250,MISC
114792258992380345,American,MISC
114792925370595712,I,ORG
114792925370595712,Air Force One,ORG
114792925370595712,Washington,LOC
114792925370595712,Great State of,LOC
114792925370595712,Iowa,LOC
114792925370595712,Kris,PER
114792925370595712,##ti Noem,PER
114792925370595712,Doug Burgum,PER
114792925370595712,Brooke Rollins,PER
114792925370595712,Lee Zeldin,PER
114792925370595712,Matt Whitaker,PER
114792925370595712,NATO,ORG
114792925370595712,Administration,ORG
114792925370595712,Steve Miller,PER
114792925370595712,James Blair,PER
114792925370595712,SUPERSTAR,ORG
114792925370595712,Ka,PER
114792925370595712,##roline Leavi,PER
114792925370595712,Susie Wiles,PER
114792925370595712,Congress,ORG
114792925370595712,Ashley Hinson,PER
114792925370595712,Zach Nunn,PER
114792925370595712,Randy Feenstra,PER
114792925370595712,Marianne,PER
114792925370595712,##tte Miller,PER
114792925370595712,Meek,PER
114792925370595712,G,MISC
114792925370595712,Television,ORG
114792925370595712,Trace Gallagher,PER
114792925370595712,FoxNews,ORG
114792925370595712,California,LOC
114792925370595712,G,MISC
114792925370595712,Trace,PER
114792890397428568,Kentucky,LOC
114791916303307611,Treasury,ORG
114791916303307611,Scott Bessent,PER
114791858483483184,Senate,ORG
114791858483483184,John Thune,PER
114791858483483184,Senate,ORG
114791858483483184,John,PER
114791836935107927,House,ORG
114791836935107927,Mike Johnson,PER
114791836935107927,Congress,ORG
114791836935107927,House,ORG
114791836935107927,Mike,PER
114791750195814667,Louisiana,LOC
114791750195814667,Steve Scalis,PER
114791750195814667,House,ORG
114791750195814667,V,MISC
114791750195814667,Country,LOC
114791750195814667,Steve,PER
114791750195814667,Steve,PER
114791750195814667,Jennifer,PER
114791750195814667,Scalis,PER
114791663683765056,Minnesota,LOC
114791663683765056,G,MISC
114791663683765056,Tom Emmer,PER
114791663683765056,Congress,ORG
114791663683765056,Jacqueline,PER
114791663683765056,Tom Emmer,PER
114791607974974301,Republicans,MISC
114791607974974301,House of Representatives,ORG
114791607974974301,Party,ORG
114791607974974301,Celebration,MISC
114791607974974301,White House,LOC
114791607974974301,M,LOC
114791607974974301,Nations Independence,MISC
114791607974974301,Golden Age,MISC
114791607974974301,United States of America,LOC
114791607974974301,House,ORG
114791607974974301,Mike Johnson,PER
114791607974974301,Senate,ORG
114791607974974301,John Thun,PER
114791607974974301,Republican,MISC
114791607974974301,Congress,ORG
114791607974974301,CO,MISC
114791607974974301,##IC,ORG
114791415036116897,Trump,PER
114791415036116897,Mike Johnson,PER
114791415036116897,Country,LOC
114789968096151564,Fake News,ORG
114789968096151564,Trump,PER
114789602482197220,Energizer Bunny,MISC
114789587389423371,USA,LOC
114789587389423371,World,MISC
114789577865630441,Putin,PER
114789577865630441,Russia,LOC
114789577865630441,A,MISC
114789557961047863,Job Creators Network,ORG
114789557961047863,Alfredo Ortiz,PER
114789557961047863,Trump,PER
114787479659702125,##EP,MISC
114787348610777027,Republicans,MISC
114787348610777027,MAGA,ORG
114786727426991370,USA,LOC
114786727426991370,Republicans,MISC
114786727426991370,Crooked Democrats,MISC
114786727426991370,AMERIC,LOC
114786681954008167,Rep,MISC
114786681954008167,Jamie Raskin,PER
114786681954008167,Democrat,MISC
114786681954008167,Tax Cut Bill,MISC
114786681954008167,Raskin,PER
114786643420185373,House,ORG
114786643420185373,GRE,MISC
114786643420185373,Republican House Majority,ORG
114786643420185373,UNITED,ORG
114786643420185373,of our Country,ORG
114786643420185373,Republicans,MISC
114786643420185373,AM,LOC
114786643420185373,##IC,ORG
114786058561428668,Statistics,MISC
114786058561428668,##IT,ORG
114786058561428668,U. S. Border Patrol,ORG
114786058561428668,Z,MISC
114786058561428668,Alien,MISC
114786058561428668,Customs and Border Protection,ORG
114786058561428668,B,ORG
114786058561428668,##iden Administration,ORG
114786058561428668,Americas,LOC
114786058561428668,Borders,MISC
114786058561428668,Secure,MISC
114786058561428668,Republicans,MISC
114786058561428668,Radical,MISC
114786058561428668,Border,LOC
114786058561428668,Supreme Court,ORG
114786058561428668,Republicans,MISC
114786058561428668,Third World,MISC
114786058561428668,Country,LOC
114786058561428668,Men and Women,ORG
114786058561428668,Border Patrol,ORG
114786058561428668,ICE,ORG
114786058561428668,CBP,ORG
114786058561428668,Republicans,MISC
114785927683921380,Fed,ORG
114785927683921380,Congress,ORG
114785927683921380,FHFA,ORG
114785849333345518,Eric Tung,PER
114785849333345518,United States Court of Appeals,ORG
114785849333345518,Ninth Circuit,ORG
114785849333345518,Eric,PER
114785849333345518,Country,MISC
114785849333345518,Greatest,MISC
114785849333345518,Supreme Court,ORG
114785849333345518,Anton,PER
114785849333345518,##in Scalia,PER
114785849333345518,Neil Gorsuch,PER
114785849333345518,Department of Justice,ORG
114785849333345518,U. S,LOC
114785849333345518,Central District of California,LOC
114785849333345518,Eric,PER
114785849333345518,Patriot,MISC
114785849333345518,Rule of Law,MISC
114785849333345518,RA,MISC
114785849333345518,Leftist,MISC
114785849333345518,States,LOC
114785849333345518,California,LOC
114785849333345518,Oregon,LOC
114785849333345518,Washington,LOC
114785849333345518,Eric,PER
114785848171178962,Joshua D. Dunlap,PER
114785848171178962,Great State of,LOC
114785848171178962,Maine,LOC
114785848171178962,United States Court of Appeals,ORG
114785848171178962,First Circuit,ORG
114785848171178962,Joshua,PER
114785848171178962,First Circuit,ORG
114785848171178962,Federal and State Judiciary,ORG
114785848171178962,Pierce Atwood LLP,ORG
114785848171178962,Portland,LOC
114785848171178962,Maine,LOC
114785848171178962,Notre,LOC
114785848171178962,Dame,ORG
114785848171178962,Federal,ORG
114785848171178962,Constitution,MISC
114785848171178962,Joshua,PER
114785848171178962,Joshua,PER
114784315952739682,Jason Smith,PER
114784315952739682,"One, Big, Beautiful Bill",MISC
114784315952739682,One Big Beautiful Bill,MISC
114784315952739682,Washington,LOC
114784201810637218,AMERICA,ORG
114784201810637218,EC,MISC
114784201810637218,USA,LOC
114784170652465525,Deal,MISC
114784170652465525,Socialist Republic of Vietnam,LOC
114784170652465525,To Lam,PER
114784170652465525,Communist Party of Vietnam,ORG
114784170652465525,Great Deal,MISC
114784170652465525,Cooperation,MISC
114784170652465525,Vietnam,LOC
114784170652465525,United States,LOC
114784170652465525,Transship,MISC
114784170652465525,Vietnam,LOC
114784170652465525,United States of America,LOC
114784170652465525,Markets for Trade,ORG
114784170652465525,O,MISC
114784170652465525,##IT,MISC
114784170652465525,Vietnam,LOC
114784170652465525,ZERO Ta,ORG
114784170652465525,Engine Vehicle,MISC
114784170652465525,United States,LOC
114784170652465525,Vietnam,LOC
114784170652465525,To,PER
114784170652465525,Lam,PER
114784098546698642,Trade Deal with Vietnam,MISC
114784075251415328,AMERICA,ORG
114784075251415328,EC,MISC
114784075251415328,USA,LOC
114783756690101088,EPA,ORG
114783756690101088,Lee Zeld,PER
114783756690101088,American,MISC
114783756690101088,America,LOC
114783756690101088,AI,MISC
114783684148640192,FBI,ORG
114783684148640192,China,LOC
114783684148640192,Wray,PER
114783684148640192,Congress,ORG
114783678604446726,United States,LOC
114783678604446726,Communist Lunatic,MISC
114783678604446726,New York,LOC
114783678604446726,New York City,LOC
114783678604446726,O,MISC
114783678604446726,USA,MISC
114783671713858592,Air Force and Space Force,ORG
114783576451483862,Johnson,PER
114783576451483862,American,MISC
114783440783668830,"Big, Beautiful Bill",MISC
114783440783668830,USA,LOC
114783440783668830,Ta,MISC
114783440783668830,Treasury,ORG
114783440783668830,Ta,MISC
114783440783668830,Sleep,PER
114783440783668830,Joe B,PER
114783440783668830,Democrats,MISC
114783440783668830,Country,LOC
114783440783668830,"Big, Beautiful Bill",MISC
114783440783668830,Republicans,MISC
114783440783668830,Radical Left Democrats,MISC
114783440783668830,America,LOC
114783440783668830,DEAD,MISC
114783440783668830,AM,ORG
114783440783668830,##ICA,ORG
114781024549214188,Congress,ORG
114781024549214188,Anna Paulina Luna,PER
114781024549214188,FA,LOC
114781024549214188,Jesse Watt,PER
114781024549214188,##ers Primetime,MISC
114781024549214188,Charlie Hurt,PER
114781024549214188,Anna,PER
114781024549214188,Byron Donalds,PER
114781024549214188,Stephen Dinan,PER
114781024549214188,Washington Times,ORG
114780855061509303,Jimmy Swaggart,PER
114780855061509303,Nations,ORG
114780855061509303,God,PER
114780855061509303,Frances,PER
114780855061509303,Donnie,PER
114780855061509303,Jimmy,PER
114780321031653396,Israeli,MISC
114780321031653396,Gaza,LOC
114780321031653396,Israel,LOC
114780321031653396,Day,MISC
114780321031653396,CE,MISC
114780321031653396,War,MISC
114780321031653396,Qataris,MISC
114780321031653396,Egyptians,MISC
114780321031653396,Peace,MISC
114780321031653396,Middle East,LOC
114780321031653396,Hamas,ORG
114780321031653396,Deal,MISC
114779538689137058,Vanessa Horabuen,PER
114779538689137058,Colorado,LOC
114779538689137058,Colorado State Capitol,LOC
114779398795489578,Criminal,MISC
114779398795489578,Open Border Policy,MISC
114779398795489578,Sleep,PER
114779398795489578,Joe Biden,PER
114779398795489578,Country,LOC
114779398795489578,AL,ORG
114779398795489578,##CA,LOC
114779398795489578,##TRA,ORG
114779398795489578,##Z,LOC
114779398795489578,ALCATRAZ Prison,LOC
114779398795489578,Bay,LOC
114779396905472324,World,LOC
114779396905472324,Iowa,LOC
114779396905472324,Celebration of Americas,MISC
114779396905472324,Iowa,LOC
114779396905472324,Farmers and Small Business,ORG
114779396905472324,AM,ORG
114779396905472324,Great Country,LOC
114779396905472324,G,MISC
114779396905472324,Trade,ORG
114779396905472324,Farmers,MISC
114779394158777330,Republicans,MISC
114779394158777330,United States,LOC
114779394158777330,Senate,ORG
114779394158777330,House,ORG
114779394158777330,Bill,MISC
114779394158777330,Senate,ORG
114779394158777330,Bill,MISC
114779394158777330,Bill,MISC
114779394158777330,American People,MISC
114779394158777330,Me,MISC
114779394158777330,##dicaid,MISC
114779394158777330,Me,MISC
114779394158777330,##dicare,MISC
114779394158777330,Social,ORG
114779394158777330,Security,MISC
114779394158777330,Radical,MISC
114779394158777330,Democrats,MISC
114779394158777330,House,ORG
114779394158777330,American People,MISC
114779394158777330,Country,LOC
114779394158777330,Bill,MISC
114779394158777330,United States,LOC
114779394158777330,Federal,MISC
114779394158777330,Golden Age,MISC
114779394158777330,America,MISC
114779394158777330,House,ORG
114779101486254797,OBB H,ORG
114779101486254797,BRIA,MISC
114778184322697237,Thomas Massie,PER
114778184322697237,Kentucky,LOC
114778184322697237,Mass,PER
114777786069997459,One Big Beautiful Bill Slashes,MISC
114777786069997459,Debt,MISC
114777766182702392,AGENDA,ORG
114777756807071568,Eric Schmitt,PER
114777756807071568,Big Beautiful Bill,MISC
114777756807071568,Big Beautiful Desk,ORG
114776149269773065,El,PER
114776149269773065,##on Musk,PER
114776149269773065,E,MISC
114776149269773065,Mandate,MISC
114776149269773065,Elon,ORG
114776149269773065,Elon,ORG
114776149269773065,South Africa,LOC
114776149269773065,Electric Car,ORG
114775981239886599,Republicans,MISC
114775981239886599,One Big Beautiful Bill,MISC
114775981239886599,Cut,MISC
114775981239886599,and Border Security,MISC
114774905224497775,Fr,ORG
114774905224497775,Victory,MISC
114773696636727417,Faith Leaders Conference,MISC
114773696636727417,AT & T,ORG
114773696636727417,AT & T,ORG
114773668772907430,I,ORG
114773668772907430,Conference Call,MISC
114773668772907430,Country,LOC
114773668772907430,AT & T,ORG
114773668772907430,AT & T,ORG
114773601644828833,Countries,MISC
114773601644828833,United States of America,LOC
114773601644828833,Japan,LOC
114773418889111055,Jerome Too Late Powell,PER
114773418889111055,Board,ORG
114773418889111055,United States,LOC
114773418889111055,America,LOC
114773418889111055,Board,ORG
114772638692282162,Forbes Magazine,ORG
114772638692282162,Dan Alexander,PER
114772638692282162,Fake News,ORG
114772638692282162,Forbes,ORG
114772638692282162,Slea,ORG
114772638692282162,##Bag,ORG
114772638692282162,Forbes,ORG
114770956840780267,Democrat,MISC
114770956840780267,Chris Coons,PER
114770956840780267,Iran,LOC
114770956840780267,Obama,PER
114770956840780267,Nuclear Weapon JCPOA,ORG
114770956840780267,Nuclear Facilities,ORG
114770877118105998,Trump Administration,ORG
114770877118105998,American Consumer,MISC
114770861740243689,AMERIC,LOC
114768769011733248,Republicans,MISC
114768737638722781,Great News!,ORG
114768737638722781,Thom Tillis,PER
114768617892207090,Greg Steube,PER
114768617892207090,Senate,ORG
114768617892207090,Republicans,MISC
114768617892207090,Bill,PER
114767872591873497,Chris Wright,PER
114767872591873497,One Big Beautiful Bill,MISC
114767872591873497,American,MISC
114767872591873497,Americans,MISC
114767860718911509,Michael Flynn,PER
114767860718911509,Patriot,MISC
114767860718911509,##ora,MISC
114767860718911509,Biden,ORG
114767860718911509,Obama Deep State,ORG
114767860718911509,Radical,MISC
114767860718911509,Left,ORG
114767860718911509,FBI,ORG
114767860718911509,Russia,LOC
114767860718911509,Russia,LOC
114767860718911509,Russia,LOC
114767860718911509,Mike,PER
114767860718911509,American Hero,MISC
114767860718911509,Mike,PER
114767851616311700,John Barrasso,PER
114767851616311700,Big Beautiful Bill,MISC
114767834317484874,B,PER
114767834317484874,##iden,PER
114767834317484874,##BI,PER
114767804738090239,B,MISC
114767804738090239,2,MISC
114767804738090239,White House,LOC
114767794156725396,Iran,LOC
114767794156725396,Fordow,LOC
114767794156725396,##hey,PER
114767780661985069,Country,LOC
114767776118163077,Jim Banks,PER
114767776118163077,One Big Beautiful Bill,MISC
114767776118163077,Democrats,MISC
114767776118163077,Trump,PER
114767776118163077,Republicans,MISC
114767768162238035,Markwayne Mullin,PER
114767768162238035,One Big Beautiful Bill,MISC
114767768162238035,Me,MISC
114767768162238035,##dicaid,MISC
114767761295983837,Katie Britt,PER
114767761295983837,America,LOC
114767092507731112,Thom Tillis,PER
114767092507731112,North Carolina,LOC
114767092507731112,Till,PER
114767092507731112,Rand Fau,PER
114767092507731112,Paul,PER
114766537622818019,Maria Bartiromo,PER
114766537622818019,FoxNews,ORG
114764965108272159,GAZA,LOC
114764759831258587,R,MISC
114764759831258587,##EP,MISC
114764751535867998,G,MISC
114764751535867998,Senate,ORG
114764751535867998,G,MISC
114764751535867998,Rick Scott,PER
114764751535867998,Mike Lee,PER
114764751535867998,Ron Johnson,PER
114764751535867998,Cynthia Lumm,PER
114764751535867998,Republican,MISC
114764751535867998,Patriots,MISC
114764751535867998,Bill,MISC
114764751535867998,USA,LOC
114764751535867998,AMERIC,LOC
114764629478113280,Rand Paul,PER
114764221948518343,Republicans,MISC
114764221948518343,AM,LOC
114764221948518343,##IC,ORG
114764221948518343,Democrats,MISC
114764221948518343,Iran,LOC
114764221948518343,De,MISC
114764221948518343,House,ORG
114764221948518343,Senate,ORG
114764221948518343,Rules,MISC
114764221948518343,Leaders,ORG
114764221948518343,Committee,ORG
114764221948518343,Republicans,MISC
114764221948518343,Elections,MISC
114764184133829613,Primary,MISC
114764184133829613,Thom Tillis,PER
114764184133829613,Great People of,ORG
114764184133829613,North Carolina,LOC
114764184133829613,United States of America,LOC
114764131885531801,Thom Tillis,PER
114764131885531801,Nation,ORG
114764131885531801,American History,MISC
114764131885531801,Republicans,MISC
114764131885531801,Democrats,MISC
114764131885531801,Election,MISC
114764131885531801,U. S,LOC
114764131885531801,A,LOC
114764131885531801,Democrat,MISC
114764131885531801,Till,PER
114764131885531801,Tobacco Industry,ORG
114764131885531801,North Carolina,LOC
114764131885531801,China,LOC
114764131885531801,Energy on,ORG
114764131885531801,Earth,MISC
114764131885531801,People,ORG
114764131885531801,North Carolina,LOC
114764131885531801,Sleep,PER
114764131885531801,Joe B,PER
114764131885531801,Till,PER
114764131885531801,Republican,MISC
114764131885531801,North Carolina,LOC
114764131885531801,America,LOC
114764131885531801,Security,MISC
114764131885531801,Thom,PER
114764131885531801,Till,PER
114764131885531801,America,LOC
114764131885531801,North Carolina,LOC
114763873373477102,Jamie,PER
114763873373477102,G,MISC
114763873373477102,Jamie,PER
114763873373477102,AMERICA,LOC
114763460580044614,Israel,LOC
114763460580044614,B,PER
114763460580044614,##ibi Netanyahu,PER
114763460580044614,War Hero,MISC
114763460580044614,United States,LOC
114763460580044614,Great Success,MISC
114763460580044614,Nuclear,MISC
114763460580044614,Iran,LOC
114763460580044614,Deal,MISC
114763460580044614,Hamas,ORG
114763460580044614,Israel,LOC
114763460580044614,C,PER
114763460580044614,Bugs,PER
114763460580044614,Bunny Doll,MISC
114763460580044614,Witch Hunt,MISC
114763460580044614,Justice,MISC
114763460580044614,Iran,LOC
114763460580044614,Hamas,ORG
114763460580044614,IN,ORG
114763460580044614,B,PER
114763460580044614,##ibi Netanyahu,PER
114763460580044614,United States of America,LOC
114763460580044614,Israel,LOC
114763460580044614,B,PER
114763460580044614,##ibi Netanyahu,PER
114763460580044614,##IB,ORG
114762472242144135,American,MISC
114762472242144135,Donald Trump,PER
114761144946167016,G,MISC
114761144946167016,NATO,ORG
114761132349818150,AM,LOC
114761132349818150,##IC,LOC
114760849989232091,CO,LOC
114760849989232091,##RE,MISC
114760849989232091,##SS,ORG
114760849989232091,##N K,ORG
114760849989232091,Administration,ORG
114760752117553870,Fox & Friends,ORG
114760752117553870,F,ORG
114760752117553870,##ake,MISC
114760752117553870,News Networks,ORG
114760648289760105,G,PER
114760648289760105,##ianni Caldwell,PER
114760648289760105,FoxNews,ORG
114760648289760105,Through,MISC
114760648289760105,Americas,LOC
114760648289760105,Crime,MISC
114760648289760105,America,LOC
114760648289760105,G,PER
114760648289760105,##ianni,PER
114756430889057942,A,PER
114756430889057942,Ali Khamene,PER
114756430889057942,Country,LOC
114756430889057942,Iran,LOC
114756430889057942,War,MISC
114756430889057942,Israel,LOC
114756430889057942,Nuclear,MISC
114756430889057942,E,LOC
114756430889057942,Israel,LOC
114756430889057942,U. S. Armed Forces,ORG
114756430889057942,Israel,LOC
114756430889057942,Tehran,LOC
114756430889057942,Iranian,MISC
114756430889057942,Iran,LOC
114756430889057942,Iran,LOC
114756430889057942,World Order,MISC
114756430889057942,Iran,LOC
114758739525947038,CNN,ORG
114758739525947038,Abby Phillip,PER
114758739525947038,CNN,ORG
114758683463390427,F,ORG
114758683463390427,News Media,ORG
114758683463390427,Slea,ORG
114758683463390427,##zeBag,ORG
114758683463390427,Trump,PER
114758683463390427,Iran,LOC
114758683463390427,Nuclear,MISC
114758683463390427,H,ORG
114758683463390427,F,ORG
114758683463390427,##ake News,ORG
114756933255040997,B,ORG
114756933255040997,D,ORG
114756933255040997,##AY,LOC
114756915403448417,John Yo,PER
114756915403448417,American,MISC
114756665667022418,One Big Beautiful Bill,MISC
114756665667022418,America,LOC
114756665667022418,EarthTH,LOC
114756635237936002,Republicans,MISC
114756635237936002,U. S.,LOC
114756635237936002,Senate,ORG
114756635237936002,American Economy,MISC
114756635237936002,Energy Market,ORG
114756635237936002,Job,MISC
114756635237936002,American Families,ORG
114756635237936002,House of Representatives,ORG
114756567645919781,Canada,LOC
114756567645919781,Farmers,ORG
114756567645919781,Dairy Products,ORG
114756567645919781,Digital Services Tax,MISC
114756567645919781,American Technology Companies,ORG
114756567645919781,European Union,ORG
114756567645919781,Trade with Canada,MISC
114756567645919781,Canada,LOC
114756567645919781,United States of America,LOC
114756160140843373,Jonathan Turley,PER
114756160140843373,Supreme Court,ORG
114756160140843373,Trump Administration,ORG
114756147615303122,Supreme Court,ORG
114756147615303122,Constitution,MISC
114755893176827573,United States,LOC
114755893176827573,Supreme Court,ORG
114755893176827573,Birthright Citizenship Hoax,MISC
114755893176827573,Pam Bondi,PER
114755893176827573,John Sauer,PER
114755893176827573,DOJ. News Conference,ORG
114755893176827573,White House,LOC
114752331258575317,One Big Beautiful Bill,MISC
114752331258575317,American Dream,MISC
114752331258575317,America,LOC
114751880827969695,Tom Ho,PER
114751880827969695,Big Beautiful Bill,MISC
114751873580495326,One Big Beautiful Bill,MISC
114751873580495326,America,LOC
114751873580495326,Great Farmers,MISC
114751867931146571,One Big Beautiful Bill,MISC
114751867931146571,Border Legislation,MISC
114751867931146571,Congress,ORG
114751173173020083,Democrats,MISC
114751173173020083,P,MISC
114751173173020083,Nuclear Sites,MISC
114751173173020083,Iran,LOC
114751024493648544,Rand Paul,PER
114750055630968441,NE,ORG
114750055630968441,CNN,ORG
114750055630968441,NE,LOC
114750055630968441,YOR,LOC
114750055630968441,##K,ORG
114750055630968441,E,MISC
114749872416313793,NATO Summit,MISC
114749872416313793,GREAT,MISC
114749872416313793,NATO,ORG
114749815668266552,News Conference,MISC
114749815668266552,Fake News,ORG
114749815668266552,Witch Hunt,MISC
114749586892496748,News Conference on Now,MISC
114749580476669594,F,ORG
114749580476669594,##ailing New York Times,ORG
114749580476669594,Fake News CNN,ORG
114749580476669594,FA,MISC
114749580476669594,Iran Nuclear,MISC
114747234182168375,NE,ORG
114747234182168375,CNN,ORG
114746355912265245,BR,ORG
114746355912265245,##ING NEWS,ORG
114746355912265245,State of Israel,LOC
114746355912265245,Moments,MISC
114746355912265245,History,MISC
114746355912265245,B,PER
114746355912265245,##ibi Netanyahu,PER
114746355912265245,Witch Hunt,MISC
114746355912265245,Great War Time,MISC
114746355912265245,B,PER
114746355912265245,##ibi,PER
114746355912265245,Israel,LOC
114746355912265245,Iran,LOC
114746355912265245,B,PER
114746355912265245,##ibi,PER
114746355912265245,Holy Land,LOC
114746355912265245,B,PER
114746355912265245,##ibi Netanyahu,PER
114746355912265245,History of Israel,MISC
114746355912265245,Nuclear Weapons,MISC
114746355912265245,Survival of Israel,MISC
114746355912265245,Israels History,MISC
114746355912265245,B,PER
114746355912265245,##ibi Netanyahu,PER
114746355912265245,B,PER
114746355912265245,##ibi,PER
114746355912265245,Court,LOC
114746355912265245,Horror Show,MISC
114746355912265245,Israeli,MISC
114746355912265245,Bugs Bunny,MISC
114746355912265245,State,LOC
114746355912265245,Israel,LOC
114746355912265245,B,PER
114746355912265245,##ibi Netanyahu,PER
114746355912265245,Hero,MISC
114746355912265245,United States,LOC
114746355912265245,B,PER
114746355912265245,##ahu,LOC
114746355912265245,United States,LOC
114746355912265245,America,LOC
114746355912265245,Israel,LOC
114746355912265245,United States,LOC
114746355912265245,America,LOC
114746355912265245,B,PER
114746355912265245,##ahu,LOC
114746066225069169,Pete Hegseth,PER
114746066225069169,Military Representatives,ORG
114746066225069169,Major News Conference,MISC
114746066225069169,The,LOC
114746066225069169,Pentagon,ORG
114746066225069169,American Pilot,MISC
114746066225069169,Patriots,MISC
114746066225069169,Enemy Territory,LOC
114746066225069169,Fake News,MISC
114746066225069169,CNN,ORG
114746066225069169,The Failing New York Times,ORG
114746066225069169,Fake News,ORG
114746066225069169,Times,ORG
114746066225069169,CNN,ORG
114746066225069169,F,MISC
114746066225069169,F,MISC
114746066225069169,News Conference,MISC
114745592965123786,Democrats,MISC
114745592965123786,Presidential Election,MISC
114745592965123786,Democrats,MISC
114745592965123786,Jasmine Crockett,PER
114745592965123786,Communist,MISC
114745592965123786,New York City,LOC
114745592965123786,Z,PER
114745592965123786,##oh,PER
114745592965123786,##ran Mamdan,PER
114745583467776157,Democrats,MISC
114745583467776157,Z,PER
114745583467776157,##oh,PER
114745583467776157,##ran Mamdani,PER
114745583467776157,Communist,MISC
114745583467776157,##tic,MISC
114745583467776157,De,MISC
114745583467776157,Primary,MISC
114745583467776157,Radical Left,MISC
114745583467776157,Dumm,PER
114745583467776157,Palestinian,MISC
114745583467776157,Cry,PER
114745583467776157,Chuck Schum,PER
114745583467776157,History of our Country,MISC
114745462399538854,Republican,MISC
114745462399538854,Democrat,MISC
114745462399538854,Voice of America,ORG
114745462399538854,VOA,ORG
114745462399538854,Republican,MISC
114745403809459125,Natasha Bertrand,PER
114745403809459125,CNN,ORG
114745403809459125,F,ORG
114745403809459125,##ake News,MISC
114745403809459125,Laptop from Hell Story,MISC
114745403809459125,Nuclear Sites Story,MISC
114745403809459125,Patriot Pilot,ORG
114745403809459125,G,MISC
114745403809459125,Fake News CNN,ORG
114745403809459125,Network,ORG
114745136248099636,Israel,LOC
114745136248099636,Nuclear Sites,MISC
114745136248099636,O,MISC
114745136248099636,B,MISC
114745136248099636,2,MISC
114745046560931403,Marco Rubio,PER
114745046560931403,Trump,PER
114744949125614209,F,ORG
114744949125614209,New York Times,ORG
114744949125614209,Fake News CNN,ORG
114744949125614209,B,MISC
114744949125614209,2,MISC
114744949125614209,Country,LOC
114744772916804667,United States,LOC
114744772916804667,Iran,LOC
114744772916804667,OBL,MISC
114744772916804667,American,MISC
114744712068575344,Atomic Energy Commission of Israel,ORG
114744712068575344,U. S.,LOC
114744712068575344,Fordow,ORG
114741178126658442,Steve Witko,PER
114741178126658442,Fordow,LOC
114744029649091554,Marco Rubio,PER
114744029649091554,Iran,LOC
114744008368646986,Iran,LOC
114742858969719244,Netherlands,LOC
114742858969719244,NATO Meeting,MISC
114742858969719244,USA,LOC
114741478150368433,CNN,ORG
114741478150368433,TO,PER
114741478150368433,H,PER
114741478150368433,NUCLE,ORG
114741478150368433,IRA,LOC
114741478150368433,CNN,ORG
114741415042752014,CNN,ORG
114741415042752014,TO,PER
114741415042752014,H,PER
114741415042752014,##LE,ORG
114741415042752014,IRA,LOC
114741415042752014,CNN,ORG
114741169404332184,Steve Witkoff,PER
114741169404332184,12 Day War,MISC
114739855566419753,##T,MISC
114739855566419753,Willem - Alexander,PER
114739855566419753,M,PER
114739855566419753,##xi,PER
114739855566419753,Netherlands,LOC
114739141404923452,Je,PER
114739141404923452,##b Bush,PER
114739128116733021,B,PER
114739128116733021,##ID,ORG
114739026668148625,United States,LOC
114739026668148625,Tri,MISC
114739026668148625,NATO,ORG
114739003459183372,Israel,LOC
114739003459183372,Iran,LOC
114739003459183372,War,MISC
114739003459183372,All Nuclear,MISC
114738848114096807,Mike Huckabee,PER
114738848114096807,GRE,MISC
114738848114096807,Israel,LOC
114738848114096807,Mike,PER
114738729363742349,Bill,MISC
114738729363742349,AMER,LOC
114738729363742349,##IC,ORG
114738729363742349,##A,LOC
114738729363742349,Country,MISC
114738729363742349,Golden Age,MISC
114738729363742349,Senate,ORG
114738729363742349,House,ORG
114738729363742349,American People,MISC
114738729363742349,AM,LOC
114738729363742349,##ICA,ORG
114738685142153877,A,ORG
114738685142153877,Alexandria Ocasio,PER
114738685142153877,Cortez,PER
114738685142153877,Congress,ORG
114738685142153877,I,MISC
114738685142153877,C,MISC
114738685142153877,##ed,MISC
114738685142153877,Co,MISC
114738685142153877,Democrats,MISC
114738685142153877,U. S. A,LOC
114738685142153877,Trump,PER
114738685142153877,Administration,MISC
114738685142153877,Democrats,MISC
114738685142153877,Crockett,PER
114738685142153877,Il,PER
114738685142153877,##han Omar,PER
114738685142153877,Country,LOC
114738685142153877,Crime and Poverty,MISC
114738685142153877,World,MISC
114738685142153877,Mouse,MISC
114738685142153877,United States of America,LOC
114738685142153877,Radical Left,MISC
114738685142153877,Sleep,PER
114738685142153877,Joe,PER
114738685142153877,Kamal,PER
114738685142153877,AUTOPEN,MISC
114738685142153877,A,ORG
114738685142153877,Cogni,MISC
114738685142153877,Test,MISC
114738685142153877,Walter Reed Medical Center,LOC
114738685142153877,Trump,PER
114738685142153877,Alexandria,LOC
114738685142153877,Queens,LOC
114738685142153877,Palestinian,MISC
114738685142153877,Cry,PER
114738685142153877,Chuck Schum,PER
114738685142153877,Democrat,MISC
114738685142153877,Congressional,ORG
114738685142153877,MA,LOC
114738530800440064,Thomas Massie,PER
114738530800440064,Great Commonwealth of Kentucky,ORG
114738530800440064,Constitution,MISC
114738530800440064,Constitution,MISC
114738530800440064,Southern Border,LOC
114738530800440064,Criminal Invasion,MISC
114738530800440064,Golden Dome,LOC
114738530800440064,Great Military and Veterans,ORG
114738530800440064,Second Amendment,MISC
114738530800440064,Senior,MISC
114738521695017472,China,LOC
114738521695017472,Oil,MISC
114738521695017472,Iran,LOC
114738521695017472,U. S.,LOC
114738519652958827,NATO,ORG
114738519652958827,Israel,LOC
114738519652958827,Iran,LOC
114738519652958827,European,MISC
114738128058193093,IRA,ORG
114738128058193093,N,MISC
114738104789842114,ISRAEL,ORG
114738104789842114,Iran,LOC
114738104789842114,Plane Wave,MISC
114738104789842114,Iran,LOC
114738104789842114,Ce,MISC
114738104789842114,##asefire,MISC
114737953503348541,ISRA,ORG
114737953503348541,VI,MISC
114736702510423652,Jerome Powell,PER
114736702510423652,Fed,ORG
114736702510423652,Congress,ORG
114736702510423652,Europe,LOC
114736702510423652,Z,ORG
114736702510423652,USA,LOC
114736702510423652,Congress,ORG
114736702510423652,AM,ORG
114736702510423652,##ICA,ORG
114736289471368584,B,MISC
114736289471368584,2,MISC
114736040152592105,Family,MISC
114736023113491933,Nate Friedman,PER
114736023113491933,Israel,LOC
114736023113491933,So,PER
114736023113491933,##ros,PER
114735940283355339,Israel,LOC
114735940283355339,Iran,LOC
114735940283355339,World,LOC
114735940283355339,Middle East,LOC
114735940283355339,R,LOC
114735940283355339,Israel,LOC
114735940283355339,Iran,LOC
114735824993417950,Congress,ORG
114735824993417950,One Big Beautiful Bill,MISC
114735824993417950,American People,MISC
114735727520741150,Tim Kennedy,PER
114735727520741150,Cory Mills,PER
114735727520741150,Laura Ingraham,PER
114734934153569653,Israel,LOC
114734934153569653,Iran,LOC
114734934153569653,Israel,LOC
114734934153569653,Iran,LOC
114734934153569653,Iran,LOC
114734934153569653,CE,MISC
114734934153569653,Israel,LOC
114734934153569653,CE,MISC
114734934153569653,Israel,LOC
114734934153569653,Iran,LOC
114734934153569653,St,MISC
114734934153569653,Middle East,LOC
114734934153569653,God,PER
114734934153569653,Israel,LOC
114734934153569653,God,PER
114734934153569653,Iran,LOC
114734934153569653,God,PER
114734934153569653,Middle East,LOC
114734934153569653,God,PER
114734934153569653,United States of America,LOC
114734934153569653,AMERICA,LOC
114734431573760700,Qatar,LOC
114734431573760700,Peace for,MISC
114734431573760700,Region,LOC
114734431573760700,American Base,LOC
114734431573760700,Qatar,LOC
114734431573760700,Americans,MISC
114734431573760700,Qataris,MISC
114734424268466099,Iran,LOC
114734424268466099,Nuclear Facilities,MISC
114734424268466099,Americans,MISC
114734424268466099,Iran,LOC
114734424268466099,Iran,LOC
114734424268466099,and Harmony in,MISC
114734424268466099,Israel,LOC
114734424268466099,AMERICA,LOC
114734021412822365,Iran,LOC
114734021412822365,F,ORG
114734021412822365,##ake News,ORG
114734021412822365,Allison Cooper,PER
114734021412822365,F,ORG
114734021412822365,##ake News CNN,ORG
114734021412822365,Brian L. Roberts,PER
114734021412822365,Concast,ORG
114734021412822365,Jon,PER
114734021412822365,##ny Karl,PER
114734021412822365,ABC Fake News,ORG
114734021412822365,NBC Fake News,ORG
114734021412822365,Media,ORG
114733380709403439,Me,PER
114733380709403439,##dved,PER
114733380709403439,##ev,PER
114733380709403439,Russia,LOC
114733380709403439,N,MISC
114733380709403439,Countries,LOC
114733380709403439,Nuclear Warheads,MISC
114733380709403439,Iran,LOC
114733380709403439,Putin,PER
114733380709403439,Nuclear Submarine,ORG
114733380709403439,##s,MISC
114733380709403439,Tomahawks All 30,MISC
114733380709403439,Pilot,MISC
114728311939211877,Thomas Massie,PER
114728311939211877,Kentucky,LOC
114728311939211877,MA,ORG
114728311939211877,MA,ORG
114728311939211877,Iran,LOC
114728311939211877,AM,LOC
114728311939211877,Iran,LOC
114728311939211877,Americans,MISC
114728311939211877,American,MISC
114728311939211877,Tehran,LOC
114728311939211877,Carter Administration,ORG
114728311939211877,Iran,LOC
114728311939211877,Mass,PER
114728311939211877,Rand Paul,PER
114728311939211877,Jr,PER
114728311939211877,Mass,PER
114728311939211877,America First,ORG
114728311939211877,Beautiful Bill,MISC
114728311939211877,MAGA,ORG
114728311939211877,L,PER
114728311939211877,Tom Mass,PER
114728311939211877,American Patriot,MISC
114728311939211877,Republican,MISC
114728311939211877,Kentucky,LOC
114728311939211877,MAGA,ORG
114728311939211877,Thomas,PER
114732948019406900,Department of Energy,ORG
114732938285152785,K,PER
114732938285152785,O,PER
114732926352136813,August Pfluger,PER
114732926352136813,Trey Gowdy,PER
114730186433008075,Nuclear,MISC
114730186433008075,Iran,LOC
114729086320228278,G,MISC
114729086320228278,##REAT,MISC
114729086320228278,B,MISC
114729086320228278,2,MISC
114729086320228278,Missouri,LOC
114729050882763672,G,MISC
114729050882763672,##REAT,MISC
114729050882763672,B,MISC
114729050882763672,2,MISC
114729050882763672,Missouri,LOC
114729009239087163,Reg,MISC
114729009239087163,Change,MISC
114729009239087163,Iranian,MISC
114729009239087163,IRA,LOC
114728970221252806,Nuclear,MISC
114728970221252806,Iran,LOC
114727722676535055,Republican Party,ORG
114727722676535055,"Great, Big, Beautiful Bill",MISC
114727722676535055,Country,LOC
114724683855260695,AMERIC,LOC
114724124909451419,P,MISC
114724124909451419,White House,LOC
114724124909451419,Iran,LOC
114724124909451419,AMERIC,LOC
114724124909451419,##A,ORG
114724124909451419,ISRA,LOC
114724124909451419,IRA,LOC
114724122562432505,P,MISC
114724122562432505,White House,LOC
114724122562432505,Iran,LOC
114724122562432505,AMERIC,LOC
114724122562432505,##A,ORG
114724122562432505,ISRA,LOC
114724122562432505,IRA,LOC
114724035571020048,Nuclear,MISC
114724035571020048,Iran,LOC
114724035571020048,Fordow,LOC
114724035571020048,Natanz,LOC
114724035571020048,Esfahan,LOC
114724035571020048,Iran,LOC
114724035571020048,Fordow,LOC
114724035571020048,American,MISC
114724035571020048,Warriors,ORG
114724016661152553,Nuclear,MISC
114724016661152553,Iran,LOC
114724016661152553,Fordow,LOC
114724016661152553,Natanz,LOC
114724016661152553,Esfahan,LOC
114724016661152553,Iran,LOC
114724016661152553,Fordow,LOC
114724016661152553,American,MISC
114724016661152553,Warriors,ORG
114723536228494118,Trump,PER
114723536228494118,Belarus,LOC
114723536228494118,Siarhei Tsikhanous,PER
114723536228494118,US,LOC
114722976310902061,China,LOC
114719075688538552,P,MISC
114719075688538552,##ERSO,MISC
114719075688538552,##N,MISC
114719075688538552,Trump,PER
114718089639649418,Salena Zito,PER
114718089639649418,B,LOC
114718089639649418,Donald Trump,PER
114718089639649418,Fight for Americas Heartland,MISC
114718089639649418,Sale,PER
114718089639649418,Movement,ORG
114718089639649418,Hearts and Souls,ORG
114718089639649418,People,ORG
114718089639649418,this,ORG
114718089639649418,Country,LOC
114718089639649418,Sale,PER
114718089639649418,MA,PER
114718089639649418,AMERIC,LOC
114718072561660622,Fox News,ORG
114718072561660622,Jessica Tarlov,PER
114718072561660622,The Five,ORG
114718072561660622,Ra,PER
114718072561660622,##smus,PER
114718072561660622,Sleep,PER
114718072561660622,Joe,PER
114718072561660622,Kamal,PER
114718072561660622,##lide,MISC
114718072561660622,Swing States,MISC
114718072561660622,Popular Vote,MISC
114718072561660622,Jesse,PER
114718072561660622,Greg,PER
114718072561660622,Ta,PER
114718072561660622,##rl,PER
114718072561660622,MAGA,ORG
114718072561660622,Fox,ORG
114718072561660622,Z,ORG
114718072561660622,Country,LOC
114718072561660622,Sleep,PER
114718072561660622,Joe B,PER
114718072561660622,Jessica Tarl,PER
114718072561660622,MAGA,ORG
114718072561660622,Fox,ORG
114717932061341718,Marco Rubio,PER
114717932061341718,Treaty,MISC
114717932061341718,Democratic Republic of the Congo,LOC
114717932061341718,Republic of Rwanda,LOC
114717932061341718,War,MISC
114717932061341718,Wars,MISC
114717932061341718,Rwanda,LOC
114717932061341718,Congo,LOC
114717932061341718,Washington,LOC
114717932061341718,Great Day,MISC
114717932061341718,Africa,LOC
114717932061341718,Great Day,MISC
114717932061341718,World,MISC
114717932061341718,Nobel Peace Prize,MISC
114717932061341718,Nobel Peace Prize,MISC
114717932061341718,War,MISC
114717932061341718,India,LOC
114717932061341718,Pakistan,LOC
114717932061341718,Nobel Peace Prize,MISC
114717932061341718,War,MISC
114717932061341718,Serbia,LOC
114717932061341718,Kosovo,LOC
114717932061341718,Nobel Peace Prize,MISC
114717932061341718,Peace,LOC
114717932061341718,between,MISC
114717932061341718,Egypt,LOC
114717932061341718,Ethiopia,LOC
114717932061341718,Ethiopian,MISC
114717932061341718,United States of America,LOC
114717932061341718,The Nile River,LOC
114717932061341718,Nobel Peace Prize,MISC
114717932061341718,Abraham Accords,MISC
114717932061341718,Middle East,LOC
114717932061341718,Middle East,LOC
114717932061341718,The Ages,MISC
114717932061341718,Nobel Peace Prize,MISC
114717932061341718,Russia,LOC
114717932061341718,Ukraine,LOC
114717932061341718,Israel,LOC
114717932061341718,Iran,LOC
114717929371967424,Powell,PER
114717929371967424,B,ORG
114717929371967424,##iden Fake Government,ORG
114717929371967424,United States of America,LOC
114717929371967424,Tri,MISC
114717929371967424,Trump,PER
114717929371967424,Hate,MISC
114717929371967424,B,PER
114717929371967424,##iden,PER
114717929371967424,Board,ORG
114717616770198206,Gavin Newscum,PER
114717616770198206,Court of Appeals,ORG
114717616770198206,Los Angeles,LOC
114717616770198206,Los Angeles,LOC
114717387393069944,Harvard University,ORG
114717387393069944,Harvard,ORG
114717387393069944,Deal,MISC
114716806959439316,Donald J,PER
114716806959439316,Trump,PER
114716806959439316,One Big Beautiful Bill,MISC
114715950565535905,Sleep,PER
114715950565535905,C,PER
114715950565535905,Joe Biden,PER
114715950565535905,Presidential Election,MISC
114715950565535905,B,PER
114715950565535905,##iden,PER
114715950565535905,United States of America,LOC
114715950565535905,C,MISC
114715950565535905,AMERIC,LOC
114715729826234266,FBI,ORG
114715729826234266,The Post,ORG
114715729826234266,B,PER
114715729826234266,##iden,ORG
114715729826234266,Trump,PER
114715718665126727,IN,ORG
114715718665126727,FBI,ORG
114713649415085279,Ninth Circuit Court of Appeals,ORG
114713649415085279,National Guard,ORG
114713649415085279,Gavin Newscum,PER
114713649415085279,Gavin,PER
114713649415085279,United States,LOC
114713649415085279,State and Local Police,ORG
114713649415085279,Americans,MISC
114713649415085279,Ninth Circuit,ORG
114713649415085279,America,LOC
114712969949709404,Marc Thiess,PER
114712969949709404,Donald Trump,PER
114712969949709404,Republican,MISC
114712969949709404,MAGA,ORG
114712969949709404,Donald Trump,PER
114712969949709404,Donald Trump,PER
114712969949709404,Q,PER
114712969949709404,##ase,PER
114712969949709404,##m Soleimani,PER
114712969949709404,For,PER
114712969949709404,##go,PER
114712741765922456,Kevin Hassett,PER
114712684243270785,De,ORG
114712684243270785,Treasury,ORG
114712684243270785,CO,PER
114712684243270785,##LL,ORG
114712540442241175,Republicans,MISC
114712540442241175,G,ORG
114712540442241175,##RE,MISC
114712540442241175,##AT Party,ORG
114712540442241175,America Great,MISC
114712523496772999,America,LOC
114712523496772999,Country,LOC
114712523496772999,AMERIC,LOC
114712424314242751,Great,MISC
114712424314242751,State of,LOC
114712424314242751,Tennessee,LOC
114712424314242751,Alabama,LOC
114712424314242751,Arkansas,LOC
114712424314242751,North Carolina,LOC
114712258815748546,My,PER
114712258815748546,##a Lesnar,PER
114712258815748546,WIN Great Genetics,MISC
114711949674671760,Trump,ORG
114711949674671760,##do,MISC
114711949674671760,B,PER
114711949674671760,##iden,MISC
114711949674671760,Era Mining,MISC
114711899645287088,NAV,ORG
114711899645287088,U. S. Navy,ORG
114711860495264455,J,PER
114711860495264455,##D Vance,PER
114711860495264455,HHS,ORG
114711860495264455,Robert F. Kennedy Jr,PER
114711860495264455,NIH,ORG
114711860495264455,Jay Bhattacharya,PER
114711860495264455,Trump Administration,ORG
114711860495264455,East Palestine,LOC
114711860495264455,OH,LOC
114711860495264455,East Palestine,LOC
114711841928660368,Border Patrol,ORG
114711841928660368,Donald Trump,PER
114711841928660368,Americas,LOC
114710716146853661,Order,MISC
114710716146853661,T,ORG
114710716146853661,##ikTok,ORG
114710405985383754,Jerome Powell,PER
114710405985383754,Government,ORG
114710405985383754,Fed Board,ORG
114710405985383754,Europe,LOC
114710405985383754,American,MISC
114710171329291791,The Wall Street Journal,ORG
114710171329291791,I,ORG
114710171329291791,Iran,LOC
114710162640808420,C,MISC
114710162640808420,##rook,MISC
114710162640808420,##ed FoxNews,ORG
114710162640808420,Election,MISC
114710162640808420,MAGA,ORG
114710162640808420,FoxNews,ORG
114710162640808420,FoxNews,ORG
114710162640808420,Border,LOC
114710162640808420,Border,LOC
114710162640808420,NO,ORG
114710162640808420,Sleep,PER
114710162640808420,Joe,PER
114710162640808420,Fox,ORG
114708015987777473,America,LOC
114708015987777473,Fan,PER
114708015987777473,Freddie,ORG
114708015987777473,Powell,PER
114707471801579663,Chad Meredith,PER
114707471801579663,United States District Court,ORG
114707471801579663,Eastern District of Kentucky,LOC
114707471801579663,Chad,PER
114707471801579663,Commonwealth of Kentucky,ORG
114707471801579663,Chad,PER
114707471801579663,Patriot,MISC
114707471801579663,Rule of Law,MISC
114707471801579663,Constitution,MISC
114707471801579663,Chad,PER
114707090627277644,Senate,ORG
114707090627277644,Bill,MISC
114707090627277644,America,LOC
114707090627277644,UN,MISC
114707090627277644,Digital Assets,MISC
114707090627277644,GE,MISC
114707090627277644,Digital Assets,MISC
114707090627277644,Nation,LOC
114707090627277644,Innovation,MISC
114707090627277644,House,ORG
114707090627277644,GE,MISC
114707090627277644,##US Act,MISC
114707090627277644,American Brill,MISC
114707090627277644,Digital Assets,MISC
114706526713002613,National Border Patrol Council,ORG
114706526713002613,B,ORG
114706526713002613,##iden Administration,ORG
114706526713002613,United States,LOC
114706526713002613,Trump,PER
114706526713002613,Z,ORG
114706526713002613,United States,LOC
114706526713002613,AMERICA,ORG
114706499373310642,Republican Study Committee,ORG
114706499373310642,One Big Beautiful Bill,MISC
114706499373310642,Big Beautiful,MISC
114706499373310642,America,LOC
114706490879434850,Scott Turner,PER
114706490879434850,One Big Beautiful Bill,MISC
114706490879434850,Americans,MISC
114706490879434850,Americas,LOC
114706490879434850,Golden Age,MISC
114706478430915163,EPA,ORG
114706478430915163,Lee Zeldin,PER
114706478430915163,Trump,PER
114706478430915163,Beautiful Bill,MISC
114706428825072905,U. S. Border Patrol,ORG
114706428825072905,Michael Banks,PER
114702166209750030,U. S,LOC
114701503810958743,Poles,MISC
114701503810958743,White House,LOC
114701503810958743,North,LOC
114701503810958743,South Lawns,LOC
114701503810958743,White House,LOC
114700676310138971,FBI,ORG
114700676310138971,China,LOC
114700676310138971,Joe Biden,PER
114699610769479275,American,MISC
114699514822488706,Iran,LOC
114699514822488706,Iran,LOC
114699514822488706,American,MISC
114699514822488706,USA,LOC
114699093232790756,Tom Ho,PER
114699093232790756,Trump,PER
114699093232790756,American PeopleTH,MISC
114699093232790756,Senate,ORG
114699093232790756,Bill,MISC
114699093232790756,Public Safety,ORG
114699093232790756,National Security,ORG
114699093232790756,Congress,ORG
114699093232790756,Bill,MISC
114699093232790756,ICE,ORG
114699093232790756,Border Patrol,ORG
114699091687288311,Tom Ho,PER
114699091687288311,Women,ORG
114699091687288311,ICE,ORG
114699091687288311,Border,MISC
114699091687288311,of the Nation,MISC
114699091687288311,Joe Biden,PER
114698784693311065,Mike Huckabee,PER
114697964891587065,Iran,LOC
114697964891587065,Peace Talk,MISC
114696999897040583,Emmanuel Macron,PER
114696999897040583,France,LOC
114696999897040583,G7 Summit,MISC
114696999897040583,Canada,LOC
114696999897040583,D. C.,LOC
114696999897040583,Israel,LOC
114696999897040583,Iran,LOC
114696999897040583,Washington,LOC
114696999897040583,Cease Fire,MISC
114696999897040583,Emmanuel,PER
114696663907260212,National Guard,ORG
114696663907260212,Los Angeles,LOC
114696663907260212,Gavin Newscum,PER
114695621681197460,AM,MISC
114695621681197460,##A,MISC
114695621681197460,G,MISC
114695621681197460,IRA,LOC
114695621681197460,AM,LOC
114695621681197460,##IC,LOC
114695595047194931,Tucker Carlson,PER
114695595047194931,IRA,LOC
114694914840652756,U. S. Army,ORG
114694914840652756,Americas,LOC
114694914840652756,Melania Trump,PER
114695407357588413,Iran,LOC
114695407357588413,IRA,ORG
114695407357588413,Tehran,LOC
114691752952220639,Abe Hamadeh,PER
114691752952220639,America First,ORG
114691752952220639,Patriot,MISC
114691752952220639,Arizona,LOC
114691752952220639,Congressional,MISC
114691752952220639,U. S. Army,ORG
114691752952220639,Abe,PER
114691752952220639,Southern Border,ORG
114691752952220639,Amendment,MISC
114691752952220639,Abe Hamade,PER
114690267066155731,Nations I,ORG
114690267066155731,Mass Deportation Operation,MISC
114690267066155731,Alien,MISC
114690267066155731,Men,ORG
114690267066155731,Women,ORG
114690267066155731,##CE,ORG
114690267066155731,Radical Democrat,MISC
114690267066155731,American People,MISC
114690267066155731,Mass Deportation Program,MISC
114690267066155731,Alien,MISC
114690267066155731,Americas,LOC
114690267066155731,Los Angeles,LOC
114690267066155731,Chicago,LOC
114690267066155731,New York,LOC
114690267066155731,Il,MISC
114690267066155731,Alien,MISC
114690267066155731,Democrat Power,ORG
114690267066155731,Center,LOC
114690267066155731,Alien,MISC
114690267066155731,Welfare State,LOC
114690267066155731,American Citizens,MISC
114690267066155731,Radical Left Democrats,MISC
114690267066155731,Inner Cities,LOC
114690267066155731,Borders,MISC
114690267066155731,##s Sports,ORG
114690267066155731,ICE,ORG
114690267066155731,Border Patrol,ORG
114690267066155731,Inner Cities,LOC
114690267066155731,Sanctuary Cities,LOC
114690267066155731,Sanctuary Cities,LOC
114690267066155731,Heartland,LOC
114690267066155731,Americans,MISC
114690267066155731,American,MISC
114690267066155731,People,ORG
114690267066155731,States,LOC
114690267066155731,FBI,ORG
114687664442020232,Iran,LOC
114687664442020232,Israel,LOC
114687664442020232,India,LOC
114687664442020232,Pakistan,LOC
114687664442020232,United States,LOC
114687664442020232,Serbia,LOC
114687664442020232,Kosovo,LOC
114687664442020232,B,PER
114687664442020232,Egypt,LOC
114687664442020232,Ethiopia,LOC
114687664442020232,Nile River,LOC
114687664442020232,Israel,LOC
114687664442020232,Iran,LOC
114687664442020232,P,ORG
114685507052179501,U. S.,LOC
114685507052179501,Iran,LOC
114685507052179501,Iran,LOC
114685507052179501,U. S. Armed Forces,ORG
114685507052179501,Iran,LOC
114685507052179501,Israel,LOC
114685424737399826,GREAT,MISC
114683261634430212,Putin,PER
114683261634430212,Iran,LOC
114683261634430212,Russia,LOC
114683261634430212,Ukraine,LOC
114683261634430212,Israel,LOC
114683261634430212,Iran,LOC
114682713948931541,Minnesota,LOC
114682713948931541,State,ORG
114682713948931541,##makers,MISC
114682713948931541,Pam Bondi,PER
114682713948931541,FBI,ORG
114682713948931541,United States of America,LOC
114682713948931541,God,PER
114682713948931541,Minnesota,LOC
114682186196359798,G,MISC
114682186196359798,D. C,LOC
114682045152197224,G,MISC
114682045152197224,D. C,LOC
114682031038787625,America,LOC
114675841423085927,Iran,LOC
114675518227311570,Appeals Court,ORG
114675518227311570,National Guard,ORG
114675518227311570,Los Angeles,LOC
114675518227311570,Military,ORG
114675518227311570,Los Angeles,LOC
114675518227311570,L. A,LOC
114675456780398208,Iran,LOC
114675456780398208,United States,LOC
114675456780398208,Israel,LOC
114675456780398208,Iranian,MISC
114675456780398208,Iran,LOC
114675456780398208,Iranian Empire,MISC
114675456780398208,God,PER
114672890392575865,Gavin Newscum,PER
114672890392575865,Los Angeles,LOC
114672890392575865,National Guard,ORG
114672890392575865,Los Angeles,LOC
114672816056718064,B,ORG
114672816056718064,##iden Administration,ORG
114672816056718064,Newscum,PER
114672816056718064,America,LOC
114672816056718064,Welfare,ORG
114672816056718064,Il,MISC
114672816056718064,Third World Nation,MISC
114672816056718064,America,LOC
114672816056718064,America,LOC
114672816056718064,Americans,MISC
114672684243705829,The Kennedy Center,LOC
114672684243705829,Restoration,MISC
114672684243705829,Actors,MISC
114672684243705829,Actress,MISC
114672684243705829,Les Mis,MISC
114672684243705829,Show,MISC
114672438335170335,Diplomatic Resolution,MISC
114672438335170335,Iran Nuclear Issue,MISC
114672438335170335,Administration,ORG
114672438335170335,Iran,LOC
114672438335170335,Great,MISC
114672438335170335,Country,LOC
114672438335170335,Nuclear Weapon,MISC
114671982391481893,House of Representatives,ORG
114671982391481893,Administration,ORG
114671982391481893,Re,MISC
114671982391481893,Bill,MISC
114671982391481893,DOL,ORG
114671982391481893,Aid,MISC
114671982391481893,Radical DE,MISC
114671982391481893,Green New SCAM,ORG
114671982391481893,Corporation for Public Broadcasting,ORG
114671982391481893,NPR,ORG
114671982391481893,PBS,ORG
114671982391481893,Republicans,MISC
114671982391481893,NPR,ORG
114671982391481893,NPR,ORG
114671982391481893,PBS,ORG
114671982391481893,Radical,MISC
114671982391481893,Left,ORG
114671982391481893,Disaster,MISC
114671982391481893,Republican Party,ORG
114671982391481893,Re,MISC
114671982391481893,Bill,MISC
114671982391481893,Republican,MISC
114671982391481893,Congress,ORG
114671982391481893,MA,PER
114671982391481893,AM,LOC
114671982391481893,##ER,ORG
114671982391481893,##IC,LOC
114671706526373660,B,PER
114671706526373660,##iden,PER
114671706526373660,Earth,LOC
114671706526373660,Americans,MISC
114671706526373660,Resources,ORG
114671706526373660,American,MISC
114671706526373660,Springfield,LOC
114671706526373660,Ohio,LOC
114671706526373660,Third World Nightmare,MISC
114671706526373660,Mandate,MISC
114671706526373660,Mass Deportation Program,MISC
114671706526373660,American History,MISC
114671706526373660,Il,MISC
114671706526373660,Heroes of ICE,ORG
114671706526373660,Border Patrol,ORG
114671706526373660,Border,MISC
114671706526373660,American History,MISC
114671706526373660,ICE,ORG
114671706526373660,CB,ORG
114671706526373660,ICE,ORG
114671706526373660,America,LOC
114671658277148795,List,ORG
114671658277148795,America,LOC
114671658277148795,Country,MISC
114671658277148795,AM,LOC
114671658277148795,##ERICA,ORG
114671658277148795,World,MISC
114671658277148795,OPEN,MISC
114670684664650262,Hotel and Leisure,ORG
114670684664650262,V,MISC
114670684664650262,Stupid Biden Open Borders Policy,MISC
114670684664650262,USA,LOC
114670486632619754,Rand Paul,PER
114670486632619754,B,ORG
114670486632619754,White House Party,ORG
114670486632619754,U,ORG
114670486632619754,.,LOC
114670486632619754,S,ORG
114670486632619754,.,LOC
114670486632619754,Senate,ORG
114670486632619754,"Great, Big, Beautiful Bill",MISC
114670486632619754,Senators,ORG
114670486632619754,Congress,ORG
114670486632619754,AM,LOC
114670486632619754,##ERIC,ORG
114670486632619754,Rand,PER
114670486632619754,Party,ORG
114670309710000195,B,PER
114670309710000195,MA,PER
114670309710000195,AM,LOC
114670272796747506,Lee Greenwood,PER
114670272796747506,Maria B,MISC
114670272796747506,Kim,PER
114670272796747506,Military Parade,MISC
114670272796747506,Washington,LOC
114670272796747506,D. C,LOC
114670179740742664,Brian Wilson,PER
114670179740742664,The Beach Boys,ORG
114670179740742664,Musical,MISC
114670179740742664,Brian,PER
114670085083632579,Los Angeles,LOC
114670085083632579,National Guard,ORG
114670085083632579,Marines,ORG
114670085083632579,L. A. Police,ORG
114670085083632579,Military,ORG
114670085083632579,Los Angeles,LOC
114670085083632579,G,PER
114670085083632579,##aven NewScum,PER
114666915445156763,U. S. Army,ORG
114666915445156763,U. S.,LOC
114666915445156763,America,LOC
114665579368712289,##T,MISC
114665579368712289,Los Angeles,LOC
114665579368712289,Gavin Newsom,PER
114665579368712289,San Francisco,LOC
114665579368712289,Los Angeles,LOC
114665433616155445,BA,PER
114665067086649498,CP,ORG
114664867178522750,China,LOC
114664867178522750,XI,PER
114664867178522750,China,LOC
114664867178522750,American Trade,MISC
114664649560601881,Los Angeles,LOC
114664649560601881,Los Angeles,LOC
114664632971715644,CHIN,LOC
114664632971715644,CHINA,ORG
114664632971715644,CHIN,LOC
114664632971715644,CHINA,ORG
114664350602686558,California,LOC
114664350602686558,GRE,MISC
114664350602686558,AMERIC,LOC
114664317659540633,Federal Appeals Court,ORG
114664317659540633,United States,LOC
114664317659540633,TARIF,ORG
114664317659540633,U. S,LOC
114661881306639433,Fort Bragg,LOC
114661875773869479,Army,ORG
114661875773869479,Third World,MISC
114661875773869479,California,LOC
114661616289278861,U. S. Army,ORG
114661616289278861,U. S.,LOC
114661616289278861,America,LOC
114661611675544476,BRAV,ORG
114661611675544476,Americas Flag,ORG
114661611675544476,Americas Army,ORG
114661602710951888,United States Army,ORG
114661602710951888,American People,MISC
114661602710951888,American Justice,MISC
114661602710951888,American Freedom,MISC
114661594047511147,Americas Army,ORG
114661594047511147,American People,MISC
114661594047511147,American Soldier,MISC
114661594047511147,Blackhawks,MISC
114661594047511147,U. S. Army Infantry Brigade,ORG
114660202617448574,Trump,ORG
114660202617448574,A,MISC
114660202617448574,Americans,MISC
114660202617448574,One Big Beautiful Bill,MISC
114660196568628575,National Guard,ORG
114660196568628575,##os Angeles,LOC
114660052924717461,Los Angeles,LOC
114659367372751138,Los Angeles,LOC
114659367372751138,L,LOC
114659367372751138,A,LOC
114659367372751138,Federal,MISC
114659078711716972,Fort Bragg,LOC
114659061147166064,Los Angeles,LOC
114659061147166064,L,LOC
114659061147166064,A,LOC
114659061147166064,Federal,MISC
114656580327959703,Salena Zito,PER
114656580327959703,B,LOC
114656580327959703,Donald Trump,PER
114656580327959703,Fight for Americas Heartland,MISC
114656580327959703,Sale,PER
114656580327959703,Movement,ORG
114656580327959703,Hearts and Souls,ORG
114656580327959703,People,ORG
114656580327959703,this,ORG
114656580327959703,Country,LOC
114656580327959703,Sale,PER
114656580327959703,MA,PER
114656580327959703,AMERIC,LOC
114654893116531233,United States,LOC
114654893116531233,Gavin Newscum,PER
114654893116531233,Los Angeles,LOC
114654893116531233,National Guards,ORG
114654893116531233,Patriots,MISC
114654893116531233,Trump,PER
114654893116531233,Administration,MISC
114654569890888217,Kay,PER
114654569890888217,##la Harrison,PER
114654569890888217,White House,LOC
114654277401980803,National Guard,ORG
114654277401980803,California,LOC
114654277401980803,Los Angeles,LOC
114654277401980803,Gavin Newscum,PER
114654277401980803,Karen Bass,PER
114654277401980803,People of California,ORG
114654277401980803,America,LOC
114654277401980803,Violence and Destruction,MISC
114654277401980803,Citizens,ORG
114654277401980803,AM,LOC
114654277401980803,##ER,ORG
114654277401980803,##IC,LOC
114654277401980803,##A,ORG
114651482271002772,FA,MISC
114651482271002772,MAS,MISC
114651470100085455,L,LOC
114651470100085455,A,LOC
114651462358753429,Jim McDonnell,PER
114651462358753429,LAPD,ORG
114651462358753429,AM,LOC
114651462358753429,##ERICA,ORG
114650947329138948,Gavin Newscum,PER
114650947329138948,Bass,PER
114650947329138948,Los Angeles,LOC
114650947329138948,L,LOC
114650947329138948,A,LOC
114649780431129598,American City,LOC
114649780431129598,Los Angeles,LOC
114649780431129598,Il,MISC
114649780431129598,Alien,MISC
114649780431129598,Criminal,MISC
114649780431129598,Federal,ORG
114649780431129598,Homeland Security,ORG
114649780431129598,Kristi Noem,PER
114649780431129598,Defense,ORG
114649780431129598,Pete Hegseth,PER
114649780431129598,Pam Bondi,PER
114649780431129598,Departments and Agencies,ORG
114649780431129598,Los Angeles,LOC
114649780431129598,Migrant Invasion,MISC
114649780431129598,Mi,MISC
114649780431129598,Il,MISC
114649780431129598,Los Angeles,LOC
114646378582957392,National Guard,ORG
114646378582957392,Los Angeles,LOC
114646378582957392,Newscum,PER
114646378582957392,Bass,PER
114646378582957392,Radical,MISC
114646378582957392,Left,ORG
114646378582957392,MA,ORG
114646378582957392,National Guard,ORG
114644899133296098,Gavin Newscum,PER
114644899133296098,California,LOC
114644899133296098,Karen Bass,PER
114644899133296098,Los Angeles,LOC
114644899133296098,Federal Government,ORG
114644899133296098,L,ORG
114643566832017351,New Jersey,LOC
114643566832017351,Jack Ciattarelli,PER
114643566832017351,Elections,MISC
114643566832017351,New Jersey,LOC
114643566832017351,Jack Ciattarelli,PER
114643062948888802,FBI,ORG
114643062948888802,Walter Giardina,PER
114643062948888802,Peter Navarro,PER
114643062948888802,Arctic Frost,PER
114643062948888802,Crossfire Hurricane,ORG
114643062948888802,Mu,PER
114643062948888802,Dan Scavino,PER
114643062948888802,Roger Stone,PER
114643062948888802,Hillary Clinton,PER
114643062948888802,Grassleys,ORG
114638898863359142,Big,ORG
114638898863359142,AP,ORG
114638898863359142,AMERICA,LOC
114638898863359142,NE,MISC
114615789779283288,American,MISC
114615789779283288,Deep States,LOC
114615789779283288,World War III,MISC
114588676677846192,Congress,ORG
114588676677846192,Anna Paulina Luna,PER
114588676677846192,National,LOC
114588676677846192,Memorial,MISC
114637838750311907,Treasury,ORG
114637838750311907,Scott Bessent,PER
114637838750311907,Commerce,ORG
114637838750311907,Howard Lutnick,PER
114637838750311907,United States,LOC
114637838750311907,Jamie,PER
114637838750311907,##son Greer,PER
114637838750311907,London,LOC
114637838750311907,China,LOC
114637838750311907,Trade Deal,MISC
114637837347707659,Ballroom,LOC
114637837347707659,Donald J. Trump,PER
114637837347707659,White House,LOC
114637837347707659,Ballroom,LOC
114637837347707659,White House,LOC
114637837347707659,World Economy,MISC
114637837347707659,United States,LOC
114637837347707659,China,LOC
114637837347707659,Russia,LOC
114637837347707659,U. S. A,LOC
114637373477221541,"Senate Committee on Commerce, Science, and Transportation",ORG
114637373477221541,Ted Cruz,PER
114637373477221541,Senate Armed Services Committee,ORG
114637373477221541,Roger Wicker,PER
114637373477221541,Senate Republican Conference,ORG
114637373477221541,Tom Cotton,PER
114637373477221541,Spectrum,ORG
114637373477221541,American Leadership,MISC
114637373477221541,Worlds Greatest Networks,MISC
114637373477221541,Americans,MISC
114637373477221541,B,PER
114637373477221541,##iden,PER
114637373477221541,Spectrum,ORG
114637373477221541,G,MISC
114637373477221541,Administration,ORG
114636734825372318,Fed,ORG
114636734825372318,B,PER
114636734825372318,##iden,PER
114636734825372318,Country,LOC
114636703372425608,Fed,ORG
114636703372425608,Europe,LOC
114636703372425608,Rocket Fuel,ORG
114636535351943737,AMERICA,ORG
114636535351943737,BOR,ORG
114636249329541108,Country,LOC
114636249329541108,America,LOC
114636148473122568,Failing New York Times,ORG
114636148473122568,Washington ComPost,ORG
114636148473122568,Democrats,MISC
114636148473122568,Republican,MISC
114636148473122568,States,MISC
114636148473122568,Popular Vote,MISC
114636148473122568,Election,MISC
114636148473122568,Fake News Media,ORG
114636148473122568,Our Nation,ORG
114636148473122568,AM,LOC
114636148473122568,##ERIC,ORG
114632555927229642,El,ORG
114632555927229642,Congress,ORG
114632555927229642,Tri,MISC
114632555927229642,Bill,MISC
114632555927229642,##our,ORG
114632555927229642,Country,LOC
114632555927229642,AM,LOC
114632555927229642,##ERIC,ORG
114632206992330264,Elons,ORG
114632206992330264,Governmental Sub,MISC
114632206992330264,##dies,MISC
114632206992330264,Contracts,MISC
114632206992330264,B,PER
114632206992330264,##iden,PER
114632205177163456,Elon,ORG
114632205177163456,E,MISC
114632205177163456,Mandate,MISC
114632205177163456,Electric Cars,ORG
114631720913326891,Xi,PER
114631700173877454,Friedrich Merz,PER
114631700173877454,Germany,LOC
114631700173877454,White House,LOC
114631660775512688,Friedrich Merz,PER
114631660775512688,Germany,LOC
114631660775512688,White House,LOC
114631479329996984,Democrat,MISC
114631479329996984,CBO,ORG
114631479329996984,Tri,MISC
114631295762726849,Xi,PER
114631295762726849,China,LOC
114631295762726849,Trade Deal,MISC
114631295762726849,Rare Earth,MISC
114631295762726849,Treasury,ORG
114631295762726849,Scott Bessent,PER
114631295762726849,Commerce,ORG
114631295762726849,Howard Lutnick,PER
114631295762726849,United States,LOC
114631295762726849,Jamie,PER
114631295762726849,##son Greer,PER
114631295762726849,Xi,PER
114631295762726849,China,LOC
114631295762726849,Great Nations,MISC
114631295762726849,Russia,LOC
114631295762726849,Ukraine,LOC
114631295762726849,Iran,LOC
114631295762726849,Media,ORG
114626401432609274,Congress,ORG
114626401432609274,Trump,PER
114626401432609274,Putin,PER
114626392475682581,Courts,ORG
114626383407680212,Vladimir Putin,PER
114626383407680212,Russia,LOC
114626383407680212,Russia,LOC
114626383407680212,Ukraine,LOC
114626383407680212,Peace,MISC
114626383407680212,Putin,PER
114626383407680212,Iran,LOC
114626383407680212,Iran,LOC
114626383407680212,Putin,PER
114626383407680212,Iran,LOC
114626383407680212,Putin,PER
114626383407680212,Iran,LOC
114626383407680212,Iran,LOC
114626260163622304,Elizabeth Warren,PER
114626260163622304,Limit,MISC
114626260163622304,Economic,MISC
114626260163622304,Warren,PER
114626260163622304,Tri,MISC
114626260163622304,Republican,MISC
114626260163622304,Democrat,MISC
114626083142393611,Vladimir Putin,PER
114626083142393611,Russia,LOC
114626083142393611,Russia,LOC
114626083142393611,Ukraine,LOC
114626083142393611,Peace,MISC
114626083142393611,Putin,PER
114626083142393611,Iran,LOC
114626083142393611,Iran,LOC
114626083142393611,Putin,PER
114626083142393611,Iran,LOC
114626083142393611,Putin,PER
114626083142393611,Iran,LOC
114626083142393611,Iran,LOC
114625064616541014,ADP,ORG
114625064616541014,Powell,PER
114625064616541014,Europe,LOC
114623678380515184,AUTOPEN,MISC
114623678380515184,AMERICAN H,MISC
114623644825050017,UNITED,ORG
114623644825050017,AM,LOC
114623644825050017,##IC,LOC
114623632387180206,XI,PER
114623632387180206,China,LOC
114619648032728687,Rand,PER
114619648032728687,Kentucky,LOC
114619628833129608,Rand Paul,PER
114619628833129608,B,MISC
114619628833129608,B,MISC
114617654959425582,California Girls State Finals,MISC
114617654959425582,Gavin Newscum,PER
114617605450196006,P,LOC
114617605450196006,##OL,LOC
114617605450196006,EUROP,MISC
114617605450196006,##M,ORG
114617605450196006,Poland,LOC
114616421679095002,Kid Rock,PER
114616421679095002,Bob,PER
114616421679095002,Grand Opening,MISC
114616421679095002,Nashville,LOC
114616421679095002,The,LOC
114616421679095002,Detroit,ORG
114616421679095002,Cowboy,MISC
114616421679095002,MAGA,ORG
114616351910119498,Ta,MISC
114616348045430286,Michael Wolff,PER
114616348045430286,Fake News,ORG
114616348045430286,Harvard,ORG
114616348045430286,Harvard,ORG
114616348045430286,Wharton School of Finance,ORG
114616348045430286,University of Pennsylvania,ORG
114616207227510153,Social Security,MISC
114616207227510153,Me,MISC
114616207227510153,##dicare,MISC
114616207227510153,Me,MISC
114616207227510153,##dicaid,MISC
114616207227510153,Democrats,MISC
114616207227510153,Democrats,MISC
114616207227510153,of Politics,MISC
114616207227510153,Des,MISC
114616207227510153,Country,MISC
114616207227510153,Waste,MISC
114616207227510153,##aud,MISC
114616207227510153,Radical,MISC
114616207227510153,Democrats,MISC
114616192602509494,Country,LOC
114616192602509494,Joe Biden,PER
114616192602509494,Americans,MISC
114616192602509494,American Energy,ORG
114616192602509494,Energy,ORG
114616192602509494,Strategic Petroleum Reserve,ORG
114616192602509494,American Air Travel,ORG
114616192602509494,Air Traffic Control System,ORG
114616192602509494,The Golden Dome,LOC
114616192602509494,Border,LOC
114616192602509494,Wall,LOC
114616192602509494,Criminal Il,MISC
114616192602509494,Joe Biden,PER
114616192602509494,Country,LOC
114616192602509494,Il,MISC
114616192602509494,Me,MISC
114616192602509494,##dicaid,MISC
114616192602509494,Americans,MISC
114616192602509494,G,MISC
114616192602509494,NE,MISC
114616192602509494,Senate,ORG
114616192602509494,Washington,LOC
114616192602509494,Republican,MISC
114616192602509494,Senate,ORG
114616192602509494,House,ORG
114616192602509494,Bill,MISC
114616192602509494,of J,MISC
114616038217949758,AUTOPEN,MISC
114616038217949758,Iran,LOC
114616038217949758,Agreement,MISC
114616038217949758,U,LOC
114614695646992423,Boulder,LOC
114614695646992423,Colorado,LOC
114614695646992423,United States of America,LOC
114614695646992423,B,MISC
114614695646992423,Open Border Policy,MISC
114614695646992423,Country,LOC
114614695646992423,T,MISC
114614695646992423,##P Policy,MISC
114614695646992423,of Terrorism,MISC
114614695646992423,Law,MISC
114614695646992423,Il,MISC
114614695646992423,Anti,MISC
114614695646992423,American,MISC
114614695646992423,Homeland,LOC
114614695646992423,Boulder,LOC
114614695646992423,Colorado,LOC
114609401400916551,Ta,MISC
114609401400916551,anti,MISC
114609401400916551,American,MISC
114609401400916551,United States of America,LOC
114609088288599288,Patriots,MISC
114609088288599288,Pennsylvania,LOC
114609088288599288,America,LOC
114608902357322907,United States,LOC
114608902357322907,Bill Essayli,PER
114608606195747467,Salena Zito,PER
114608606195747467,B,LOC
114608606195747467,Donald Trump,PER
114608606195747467,Fight for Americas Heartland,MISC
114608606195747467,Sale,PER
114608606195747467,Movement,ORG
114608606195747467,Hearts and Souls,ORG
114608606195747467,People,ORG
114608606195747467,this,ORG
114608606195747467,Country,LOC
114608606195747467,Sale,PER
114608606195747467,MA,PER
114608606195747467,AMERIC,LOC
114606254307800195,D,PER
114606254307800195,The,MISC
114606254307800195,##light,MISC
114606254307800195,"##ment, Politics, Horror",MISC
114606254307800195,and Entertainment,MISC
114606254307800195,David,PER
114605559474286180,Jared Isaacman,PER
114605559474286180,NASA,ORG
114605559474286180,Mission,MISC
114605559474286180,America First,ORG
114605559474286180,Space,LOC
114605138646113482,Security,MISC
114604843743831040,Senate,ORG
114604190866906781,Paul Ingrassia,PER
114604190866906781,E,PER
114604190866906781,Office of Special Counsel,ORG
114604190866906781,Tom Homan,PER
114604190866906781,USA,LOC
114604190866906781,S & P,ORG
114604190866906781,All Time High,MISC
114604190866906781,Rand Paul,PER
114604190866906781,Beautiful,MISC
114604190866906781,Bill,PER
114604190866906781,Radical Left Democrats,MISC
114604190866906781,U. S.,LOC
114604190866906781,Rand,PER
114604190866906781,Democrats,MISC
114604190866906781,Kentucky,LOC
114604190866906781,America,LOC
114600725746969368,Fr,PER
114600725746969368,Bernie Kerik,PER
114602636801002520,"One, Big, Beautiful Bill",MISC
114602636801002520,American,MISC
114602636801002520,Americans,MISC
114602636801002520,Medicaid,MISC
114602636801002520,Americans,MISC
114599860448694296,Pulte,PER
114599860448694296,Fed,ORG
114599557006933759,Americas,LOC
114599557006933759,Shanghai,LOC
114599557006933759,Pittsburgh,LOC
114599330494282325,AMERIC,LOC
114599417835206103,Conservative,MISC
114599417835206103,Dan Patrick,PER
114599417835206103,Texas,ORG
114599417835206103,Senate,ORG
114599417835206103,Texas Law Enforcement,ORG
114599417835206103,Federal Government,ORG
114599417835206103,Country,LOC
114599417835206103,Texas House,ORG
114599417835206103,S,MISC
114599417835206103,Texas,LOC
114599331546886838,Conservative,MISC
114599331546886838,Dan Patrick,PER
114599331546886838,Texas,ORG
114599331546886838,Senate,ORG
114599331546886838,Texas Law Enforcement,ORG
114599331546886838,Federal Government,ORG
114599331546886838,Country,LOC
114599331546886838,Texas House,ORG
114599331546886838,S,MISC
114599331546886838,Texas,LOC
114598871073067083,U. S. Steel,ORG
114598871073067083,Pittsburgh,LOC
114598642369146101,Salena Zito,PER
114598642369146101,B,LOC
114598642369146101,Donald Trump,PER
114598642369146101,Fight for Americas Heartland,MISC
114598642369146101,Sale,PER
114598642369146101,Movement,ORG
114598642369146101,Hearts and Souls,ORG
114598642369146101,People,ORG
114598642369146101,this,ORG
114598642369146101,Country,LOC
114598642369146101,Sale,PER
114598642369146101,MA,PER
114598642369146101,AMERIC,LOC
114598281297498204,Elon Musk,ORG
114598281297498204,D,ORG
114598281297498204,D,ORG
114598281297498204,##GE,ORG
114598269085729861,Elon,ORG
114598269085729861,Washington,LOC
114598088958949368,Elonli,ORG
114598088958949368,The Oval Office,MISC
114597966895334541,Kim Sajet,PER
114597966895334541,National Portrait Gallery,ORG
114597966895334541,DEI,ORG
114597874618991073,Wright,PER
114597874618991073,Trump,PER
114597874618991073,America,LOC
114597085726163793,CNBC,ORG
114597085726163793,Rick Santelli,PER
114597726905289988,Democrat,MISC
114597726905289988,Congressional Budget Office,ORG
114597726905289988,CBO,ORG
114597726905289988,E,MISC
114596705340367716,China,LOC
114596705340367716,China,LOC
114596705340367716,United States,LOC
114596705340367716,China,LOC
114596705340367716,China,LOC
114596705340367716,China,LOC
114596705340367716,China,LOC
114596705340367716,H,ORG
114596705340367716,US,LOC
114594463510818001,FBI,ORG
114594463510818001,NE,PER
114593895018014960,Press Conference,MISC
114593895018014960,P,MISC
114593895018014960,M,LOC
114593895018014960,El,PER
114593895018014960,##on Musk,PER
114593895018014960,Oval Office,LOC
114593895018014960,El,ORG
114593895018014960,White House,LOC
114593880455063168,U. S. Court of International Trade,ORG
114593880455063168,United States of America,LOC
114593880455063168,U. S. Court of Appeals,ORG
114593880455063168,Federal Circuit Court,ORG
114593880455063168,Manhattan,MISC
114593880455063168,Court of International Trade,ORG
114593880455063168,United States of America,LOC
114593880455063168,Washington,LOC
114593880455063168,The Federalist Society,ORG
114593880455063168,Leonard Leo,PER
114593880455063168,America,LOC
114593880455063168,Justice,ORG
114593880455063168,United States Supreme Court,ORG
114593880455063168,Leo,PER
114593880455063168,The Federalist Society,ORG
114593880455063168,The Federalist Society,ORG
114593880455063168,U. S. A.,LOC
114593880455063168,Countries,LOC
114593880455063168,Ta,MISC
114593880455063168,United States of America,LOC
114593880455063168,U,ORG
114593880455063168,International,ORG
114593880455063168,Supreme,ORG
114593880455063168,DECI,ORG
114593880455063168,Congress,ORG
114593467159196179,Paul Ingrassia,PER
114593467159196179,United States Office of Special Counsel,ORG
114593467159196179,OSC,ORG
114593467159196179,Paul,PER
114593467159196179,Constitutional Scholar,MISC
114593467159196179,White House,LOC
114593467159196179,Homeland Security,ORG
114593467159196179,Paul,PER
114593467159196179,Cornell Law School,ORG
114593467159196179,Fordham University,ORG
114593467159196179,Paul,PER
114588947311720532,FHFA,ORG
114588947311720532,Pulte,PER
114588947311720532,Powell,PER
114588267526398401,Pulitzer Prize Board,ORG
114588267526398401,Prize,MISC
114588267526398401,Russia,LOC
114588267526398401,Russia,LOC
114588267526398401,Russia,LOC
114588267526398401,F,ORG
114588267526398401,##ailing New York Times,ORG
114588267526398401,Washington Compost,ORG
114588267526398401,Florida Appellate Court,ORG
114588267526398401,Pulitzer Prize,MISC
114588267526398401,Russia,LOC
114588267526398401,Russia,LOC
114588267526398401,Russia,LOC
114588267526398401,Award,MISC
114588267526398401,United States of America,LOC
114588267526398401,F,ORG
114588267526398401,##ake News Media,ORG
114588267526398401,American,ORG
114588267526398401,People,MISC
114588267526398401,AMERICA,ORG
114587834569910458,U,ORG
114587834569910458,. S,LOC
114587834569910458,. Border Patrol,ORG
114587450000198620,Ed Artau,PER
114587450000198620,United,ORG
114587450000198620,States,LOC
114587450000198620,District Court,ORG
114587450000198620,Southern District of Florida,LOC
114587450000198620,Florida,ORG
114587450000198620,Fourth District Court of Appeal,ORG
114587450000198620,Florida,ORG
114587450000198620,Fifteenth Judicial Circuit Court,ORG
114587450000198620,South Florida,LOC
114587450000198620,Water Management District,ORG
114587450000198620,Ed,PER
114587450000198620,G,MISC
114587450000198620,Common Sense,MISC
114587450000198620,Ed,PER
114587450000198620,State of Florida,ORG
114587450000198620,Ed,PER
114587449190015002,Jordan E. Pratt,PER
114587449190015002,United States District Court,ORG
114587449190015002,Middle District of Florida,LOC
114587449190015002,Jordan,PER
114587449190015002,Champion,MISC
114587449190015002,Florida,ORG
114587449190015002,Fifth District Court of Appeal,ORG
114587449190015002,United States Small Business Administration,ORG
114587449190015002,Office of Legal Policy,ORG
114587449190015002,U. S. Department of Justice,ORG
114587449190015002,Florida,LOC
114587449190015002,Jordan,PER
114587449190015002,American Patriot,MISC
114587449190015002,Florida,LOC
114587449190015002,Jordan,PER
114587448932259485,John Guard,PER
114587448932259485,United,ORG
114587448932259485,States,LOC
114587448932259485,Court,ORG
114587448932259485,Middle District of Florida,LOC
114587448932259485,John,PER
114587448932259485,Great State of,ORG
114587448932259485,Florida,LOC
114587448932259485,States,LOC
114587448932259485,United States,LOC
114587448932259485,Middle District of Florida,LOC
114587448932259485,John,PER
114587448932259485,A,MISC
114587448932259485,Florida State University,ORG
114587448932259485,C,MISC
114587448932259485,Lau,MISC
114587448932259485,Tulane University School of Law,ORG
114587448932259485,John,PER
114587448932259485,Country,LOC
114587448932259485,John,PER
114587447392412802,Anne,PER
114587447392412802,Leigh Gaylord Moe,PER
114587447392412802,United States District Court,ORG
114587447392412802,Middle District of Florida,LOC
114587447392412802,Anne,PER
114587447392412802,Leigh,PER
114587447392412802,Sunshine State,LOC
114587447392412802,Florida,ORG
114587447392412802,Second District Court of Appeals,ORG
114587447392412802,Florida,ORG
114587447392412802,Thirteenth Judicial Circuit Court,ORG
114587447392412802,Anne,PER
114587447392412802,Leigh,PER
114587447392412802,Il,MISC
114587447392412802,Criminal,MISC
114587447392412802,AM,MISC
114587447392412802,Anne,PER
114587447392412802,Leigh,PER
114587447106051612,Kyle Dudek,PER
114587447106051612,United States District Court,ORG
114587447106051612,Middle District of Florida,LOC
114587447106051612,Kyle,PER
114587447106051612,J,MISC
114587447106051612,D,MISC
114587447106051612,Ma,ORG
114587447106051612,##gna Cum Lau,MISC
114587447106051612,##de,ORG
114587447106051612,Antonin Scalia School of Law,ORG
114587447106051612,George Mason University,ORG
114587447106051612,Kyle,PER
114587447106051612,Rule of Law,MISC
114587447106051612,Great State of,LOC
114587447106051612,Florida,LOC
114587447106051612,##s Sports,MISC
114587447106051612,Kyle,PER
114587010981213926,Emil Bove,PER
114587010981213926,United States Court of Appeals,ORG
114587010981213926,Third Circuit,ORG
114587010981213926,Emil,PER
114587010981213926,Georgetown Law,ORG
114587010981213926,U. S.,LOC
114587010981213926,Southern District of,LOC
114587010981213926,New York,LOC
114587010981213926,Terrorism and International Narcotics Unit,ORG
114587010981213926,Emil,PER
114587010981213926,We,MISC
114587010981213926,##aponization of Justice,MISC
114587010981213926,Rule of Law,MISC
114587010981213926,AMERICA,ORG
114587010981213926,Emil Bove,PER
114586960080176462,United States,LOC
114586960080176462,Turkey,LOC
114586960080176462,Tom Barrack,PER
114586960080176462,Syria,LOC
114586960080176462,Tom,PER
114586960080176462,Syria,LOC
114586960080176462,Radical,MISC
114586960080176462,Middle East,LOC
114586960080176462,America,LOC
114586960080176462,World,LOC
114586960080176462,SA,ORG
114586226007898415,"One, Big, Beautiful Bill",MISC
114582141732207441,Fannie Mae,PER
114582141732207441,Freddie Mac,PER
114582141732207441,Americans,MISC
114582141732207441,American Dream,MISC
114582141732207441,U. S.,LOC
114582141732207441,AM,LOC
114582052493616430,R,MISC
114582052493616430,##ig,MISC
114582052493616430,##ged Presidential Election of,MISC
114582052493616430,American History,MISC
114582052493616430,AUTOPEN,MISC
114582052493616430,Joe Biden,PER
114582052493616430,Borders,MISC
114582052493616430,America,LOC
114582051233743955,Alaska,LOC
114582051233743955,D,PER
114582051233743955,Biden / Harris Administration,ORG
114582051233743955,Alaska,LOC
114582050209637823,Great,MISC
114582050209637823,State of,LOC
114582050209637823,Maine,LOC
114582050209637823,Industry,MISC
114582050209637823,Fishing Rights,MISC
114582050209637823,Ocean Waters,LOC
114582050209637823,Coast of Maine,LOC
114582050209637823,Obama,PER
114582050209637823,/ Biden Administration,ORG
114582050209637823,Canada,LOC
114582050209637823,Sleep,PER
114582050209637823,Joe,PER
114582050209637823,AUTOPEN,MISC
114582050209637823,Maine,LOC
114582050209637823,Environmental Monument,MISC
114582050209637823,##ists,MISC
114582050209637823,Obama,PER
114582050209637823,B,PER
114582050209637823,##iden,ORG
114582050209637823,Maine,LOC
114582050209637823,Election of,MISC
114582050209637823,Fishing Rights,MISC
114582050209637823,Maine,LOC
114581970051938528,Canada,LOC
114581970051938528,Golden Dome System,ORG
114581970051938528,ZERO DOLLA,ORG
114581050750543458,Pro,MISC
114581050750543458,United States Border Patrol,ORG
114581050750543458,B,PER
114581050750543458,##iden,PER
114581050750543458,Pro,MISC
114580564427808609,Vladimir Putin,PER
114580564427808609,Russia,LOC
114580018376822663,European Union,ORG
114580018376822663,United States,LOC
114580018376822663,E. U,ORG
114580018376822663,China,LOC
114580018376822663,European Nations for Trade,ORG
114580018376822663,United States of America,LOC
114579949187402607,California,LOC
114579949187402607,Radical Left Democrat,MISC
114579949187402607,Gavin Newscum,PER
114579949187402607,Male,MISC
114579949187402607,State Finals,MISC
114579949187402607,Federal,MISC
114579949187402607,Order,MISC
114579949187402607,State Finals,MISC
114575749717831050,Scott Jenkins,PER
114575749717831050,Patricia,PER
114575749717831050,H,ORG
114575749717831050,Corr,MISC
114575749717831050,B,MISC
114575749717831050,##iden,ORG
114575749717831050,Sheriff Jenkins,PER
114575749717831050,B,ORG
114575749717831050,Robert Ballou,PER
114575749717831050,Federal,ORG
114575749717831050,City,ORG
114575749717831050,State,ORG
114575749717831050,Radical Left,MISC
114575749717831050,Liberal,MISC
114575749717831050,Constitution,MISC
114575749717831050,Rules,MISC
114575749717831050,of,ORG
114575749717831050,Evidence,MISC
114575749717831050,Biden Department of Justice,ORG
114575749717831050,Radical Left,MISC
114575749717831050,United States,LOC
114575749717831050,Sheriff Jenkins,PER
114574280556211991,Memorial Day,MISC
114574280556211991,Arlington National Cemetery,LOC
114574280556211991,M,LOC
114574185207174304,Foreign,MISC
114574185207174304,Harvard,ORG
114574185207174304,Harvard,ORG
114574185207174304,Harvard,ORG
114574185207174304,Government,ORG
114574126417705588,Money,MISC
114574126417705588,Harvard,ORG
114574126417705588,USA,LOC
114574087342675789,and Factories,ORG
114574087342675789,AMERIC,LOC
114574087342675789,##A,MISC
114573960971600808,Good O,LOC
114573960971600808,USA,LOC
114573871728757682,O,MISC
114573871728757682,OPEN,MISC
114573871728757682,O,MISC
114573871728757682,ID,ORG
114573871728757682,O,MISC
114573871728757682,O,PER
114573811251951785,O,MISC
114573811251951785,OPEN,MISC
114573811251951785,O,MISC
114573811251951785,ID,ORG
114573811251951785,O,MISC
114573811251951785,O,PER
114573811251951785,O,PER
114571369956761390,Vladimir Putin,PER
114571369956761390,Russia,LOC
114571369956761390,Ukraine,LOC
114571369956761390,AL,ORG
114571369956761390,Ukraine,LOC
114571369956761390,Russia,LOC
114571369956761390,Zele,PER
114571369956761390,Z,MISC
114571369956761390,##nskyys,MISC
114571369956761390,Putin,MISC
114571369956761390,B,MISC
114571369956761390,##idens War,MISC
114571369956761390,Trump,MISC
114571149026549724,Joe Concha,PER
114571149026549724,Inside Trumps Big Beautiful Campaign,MISC
114571149026549724,Joe,PER
114571149026549724,Movement,ORG
114571149026549724,Iconic Moments,MISC
114571149026549724,Historic Election,MISC
114571149026549724,F,ORG
114571149026549724,##ake News,MISC
114571147521146559,Clay Travis,PER
114571147521146559,GRE,MISC
114571147521146559,Trump,PER
114571147521146559,Men,MISC
114571147521146559,America,MISC
114571147521146559,Clay,PER
114571147521146559,Historic Movement,MISC
114571147521146559,MA,ORG
114571147521146559,MAGA,ORG
114570969019320314,Andrew Garbarino,PER
114570969019320314,Long Island,LOC
114570969019320314,People,ORG
114570969019320314,New York,LOC
114570969019320314,District,LOC
114570969019320314,Andrew,PER
114570969019320314,Congress,ORG
114570969019320314,Southern Border,ORG
114570969019320314,American,MISC
114570969019320314,Energy,ORG
114570969019320314,Second Amendment,MISC
114570969019320314,Andrew Garbari,PER
114570968024837869,Troy Downing,PER
114570968024837869,People,ORG
114570968024837869,Montana,LOC
114570968024837869,Congressional,ORG
114570968024837869,Troy,PER
114570968024837869,Great Country,LOC
114570968024837869,U. S. Air Force,ORG
114570968024837869,V,MISC
114570968024837869,Congress,ORG
114570968024837869,Farmers and Ranch,ORG
114570968024837869,American Energy,ORG
114570968024837869,Southern,LOC
114570968024837869,Border,ORG
114570968024837869,Military,ORG
114570968024837869,Second Amendment,MISC
114570968024837869,Troy Downing,PER
114570967137329867,Guy Reschenthaler,PER
114570967137329867,Pennsylvania,LOC
114570967137329867,Congressional,MISC
114570967137329867,Guy,PER
114570967137329867,America First Age,MISC
114570967137329867,Southern Border,ORG
114570967137329867,American Energy,ORG
114570967137329867,Military,ORG
114570967137329867,U. S,LOC
114570967137329867,A,LOC
114570967137329867,Second Amendment,MISC
114570967137329867,Guy Reschenthal,PER
114570966776768541,Bryan Steil,PER
114570966776768541,Wisconsin,ORG
114570966776768541,Congressional,MISC
114570966776768541,House Administration Committee,ORG
114570966776768541,Bryan,PER
114570966776768541,America First,ORG
114570966776768541,Election In,ORG
114570966776768541,##rity,ORG
114570966776768541,Southern Border,ORG
114570966776768541,American Agriculture,MISC
114570966776768541,Second Amendment,MISC
114570966776768541,Bryan Steil,PER
114570966776768541,Re,MISC
114570775887793036,Ursula von der Leyen,PER
114570775887793036,European Commission,ORG
114570775887793036,Trade and the European Union,ORG
114570775887793036,Commission,ORG
114569972014269696,America,LOC
114569972014269696,Iran,LOC
114569972014269696,Royal Navy,ORG
114569972014269696,UK,LOC
114569972014269696,##TH,ORG
114569053524453729,Bedminster,LOC
114566671392866950,Harvard,ORG
114566671392866950,F,MISC
114566671392866950,United States,LOC
114566671392866950,Harvard,ORG
114566671392866950,Harvard,ORG
114566671392866950,Harvard,ORG
114566671392866950,Federal Government,ORG
114563539540146112,U,ORG
114563539540146112,. S,LOC
114563539540146112,. Military,ORG
114559436943598657,N,LOC
114559436943598657,##LE,ORG
114559436943598657,N,MISC
114559436943598657,##LE,MISC
114559436943598657,N,MISC
114558786117625961,United,MISC
114558786117625961,States,LOC
114558786117625961,Army,ORG
114558786117625961,Washington,LOC
114558786117625961,D. C,LOC
114558786117625961,Americans,MISC
114558786117625961,RS,ORG
114558783827880495,US Steel,ORG
114558783827880495,America,LOC
114558783827880495,Great City,LOC
114558783827880495,Pittsburgh,LOC
114558783827880495,United States Steel,ORG
114558783827880495,United States Steel,ORG
114558783827880495,Nippon Steel,ORG
114558783827880495,U. S.,LOC
114558783827880495,Commonwealth of Pennsylvania,ORG
114558783827880495,Steel,ORG
114558783827880495,AM,LOC
114558783827880495,##IC,ORG
114558783827880495,Pennsylvania,LOC
114558783827880495,Arkansas,LOC
114558783827880495,Minnesota,LOC
114558783827880495,Indiana,LOC
114558783827880495,AM,ORG
114558783827880495,US Steel,ORG
114558783827880495,Pittsburgh,LOC
114556968834547173,European Union,ORG
114556968834547173,United States,LOC
114556968834547173,Barr,MISC
114556968834547173,##etary Man,ORG
114556968834547173,##ulation,ORG
114556968834547173,Americans Companies,ORG
114556968834547173,U. S.,LOC
114556968834547173,European Union,ORG
114556968834547173,United States,LOC
114556874484491575,Tim Cook,PER
114556874484491575,Apple,ORG
114556874484491575,iPhone,MISC
114556874484491575,United States of America,LOC
114556874484491575,United States,LOC
114556874484491575,India,LOC
114556874484491575,Apple,ORG
114556874484491575,U. S,LOC
114556558074574515,United Kingdom,LOC
114556558074574515,Co,MISC
114556558074574515,North Sea,LOC
114556558074574515,Aberdeen,LOC
114556558074574515,U. K,LOC
114556558074574515,Energy Co,ORG
114556494480941887,Russia,LOC
114556494480941887,Ukraine,LOC
114553874373379109,Bernie Navarro,PER
114553874373379109,Republic of Peru,LOC
114553874373379109,Bernie,PER
114553874373379109,Real Estate Finance,ORG
114553874373379109,Economic Recovery,ORG
114553874373379109,Bernie,PER
114553874373379109,of Trustees,ORG
114553874373379109,Miami Dade College,ORG
114553874373379109,College,ORG
114553874373379109,U. S,LOC
114553874373379109,International Finance,MISC
114553874373379109,University of Miami,ORG
114553874373379109,Harvard University,ORG
114553874373379109,Bernie,PER
114553874373379109,U. S.,LOC
114553874373379109,Peru,LOC
114553874373379109,Americas Interests,ORG
114553874373379109,Peru,LOC
114553874373379109,Bernie,PER
114553573338999017,Crypto Dinner,MISC
114553573338999017,Loudon County,LOC
114553573338999017,Virginia,LOC
114553573338999017,U. S. A,LOC
114553573338999017,Crypto,ORG
114553573338999017,Bitcoin,ORG
114552899639158114,Republicans,MISC
114552899639158114,Florida,LOC
114552899639158114,Republican Party of Florida,ORG
114552899639158114,Democrats,MISC
114552899639158114,Florida,LOC
114552899639158114,Miami - Dade,LOC
114552899639158114,Republican,MISC
114552899639158114,Republicans,MISC
114552899639158114,T,PER
114552899639158114,Republican,MISC
114552899639158114,Miami - Dade,LOC
114552899639158114,AM,ORG
114552899639158114,##IC,ORG
114552682280589564,Boston,LOC
114552682280589564,Earth,LOC
114552682280589564,South Sudan,LOC
114552682280589564,Djibo,LOC
114552682280589564,##uti,LOC
114552682280589564,Supreme Court of the United,ORG
114552682280589564,States,LOC
114552682280589564,Radical,MISC
114552682280589564,Left,ORG
114552682280589564,United States,LOC
114551462787614405,House of Representatives,ORG
114551462787614405,History of our Country,MISC
114551462787614405,American Made Vehicle,MISC
114551462787614405,Security,MISC
114551462787614405,Patrol,ORG
114551462787614405,Golden,ORG
114551462787614405,Dome,MISC
114551462787614405,Mike Johnson,PER
114551462787614405,House Leadership,ORG
114551462787614405,Republican,MISC
114551462787614405,Historic Bill,MISC
114551462787614405,United States,LOC
114551462787614405,Senate,ORG
114551462787614405,Democrats,MISC
114551462787614405,Presidential Election,MISC
114551462787614405,Open,ORG
114551462787614405,Borders,MISC
114551462787614405,Worlds,MISC
114551462787614405,Country,LOC
114549529250052858,D. C.,LOC
114549529250052858,Radicalism,MISC
114549529250052858,USA,LOC
114549529250052858,God,PER
114548257487682819,Fan,PER
114548257487682819,##nie Mae,PER
114548257487682819,Freddie Mac,PER
114548257487682819,Treasury,ORG
114548257487682819,Scott Bessent,PER
114548257487682819,Commerce,ORG
114548257487682819,Howard Lutnick,PER
114548257487682819,Federal Housing Finance Agency,ORG
114548257487682819,William Pulte,PER
114548257487682819,Fan,PER
114548257487682819,##nie Mae,PER
114548257487682819,Freddie Mac,PER
114548173601756486,Golden Dome Missile Defense Shield!,MISC
114548118858217926,NCAA Men ' s Basketball Champions,MISC
114548118858217926,Florida Gators,ORG
114542709133462503,Darryl Nirenberg,PER
114542709133462503,United States,LOC
114542709133462503,Romania,LOC
114542709133462503,Darryl,PER
114542709133462503,Policy,MISC
114542709133462503,Senate Foreign Relations Committee,ORG
114542709133462503,Colgate University,ORG
114542709133462503,George Washington University School of Law,ORG
114542709133462503,Darryl,PER
114542709133462503,America First Agenda,MISC
114542709133462503,Romania,LOC
114542709133462503,Military,ORG
114542709133462503,Americas,LOC
114542709133462503,Economic and Security,ORG
114542709133462503,Darryl,PER
114541917095503331,American,MISC
114541917095503331,Worlds B,ORG
114541917095503331,##T Networks,ORG
114541917095503331,SP,ORG
114541917095503331,Congress,ORG
114541917095503331,American,MISC
114541917095503331,AM,LOC
114541917095503331,##ER,ORG
114541917095503331,##IC,LOC
114541915757167539,Joe Biden,PER
114541915757167539,Open Borders,MISC
114541915757167539,Open Borders,MISC
114541915757167539,Country,LOC
114541915757167539,Border,MISC
114541915757167539,Country,LOC
114541915757167539,Autopen,ORG
114541915757167539,United States,LOC
114541915757167539,Great Danger,MISC
114541915757167539,Country,LOC
114541915757167539,Joe Biden,PER
114541915757167539,Country,LOC
114541915757167539,Country,LOC
114541915757167539,AMERIC,LOC
114540150008777841,Roger Marshall,PER
114540150008777841,Fox Business,ORG
114540150008777841,Maria,PER
114540150008777841,G,MISC
114540150008777841,Kansas,LOC
114536543500030486,Take It Down Act,MISC
114536543500030486,AI,MISC
114536534087665403,Be Best,ORG
114536534087665403,Be Best,ORG
114536528043211432,Mel,MISC
114536528043211432,##Trump,MISC
114536528043211432,Take It Down Act,MISC
114536528043211432,American,MISC
114535693441367601,Vladimir Putin,PER
114535693441367601,Russia,LOC
114535693441367601,Russia,LOC
114535693441367601,Ukraine,LOC
114535693441367601,Ce,MISC
114535693441367601,E,ORG
114535693441367601,War,MISC
114535693441367601,Russia,LOC
114535693441367601,United States,LOC
114535693441367601,Russia,LOC
114535693441367601,UNLIMITED,ORG
114535693441367601,Ukraine,LOC
114535693441367601,Trade,MISC
114535693441367601,Russia,LOC
114535693441367601,Ukraine,LOC
114535693441367601,Vol,PER
114535693441367601,##odymyr Zelenskyy,PER
114535693441367601,Ukraine,LOC
114535693441367601,Ursula von der Leye,PER
114535693441367601,European Commission,ORG
114535693441367601,Emmanuel Macron,PER
114535693441367601,France,LOC
114535693441367601,G,PER
114535693441367601,##ior,PER
114535693441367601,##gia Meloni,PER
114535693441367601,Italy,LOC
114535693441367601,Friedrich Merz,PER
114535693441367601,Germany,LOC
114535693441367601,Alexander Stubb,PER
114535693441367601,Finland,LOC
114535693441367601,Putin,PER
114535693441367601,Vatican,LOC
114535693441367601,Pope,PER
114534665591178846,Beyonc,ORG
114534665591178846,KAMAL,LOC
114534665591178846,Democrats,MISC
114534665591178846,Kamal,PER
114534665591178846,Kamal,PER
114534665591178846,O,PER
114534665591178846,B,PER
114534665591178846,MA,PER
114532867603994760,K,PER
114532867603994760,##AM,LOC
114532867603994760,##AL,PER
114532867603994760,##ST,PER
114532867603994760,Kamal,PER
114532661695212310,MA,PER
114532661695212310,AM,PER
114530973523345791,Melania,PER
114530973523345791,Joe Biden,PER
114530973523345791,Jill,PER
114530973523345791,Joe,PER
114524826400186777,Supreme Court,ORG
114524826400186777,B,PER
114524826400186777,##iden,PER
114524826400186777,Supreme Court,ORG
114524826400186777,Tren de Ara,ORG
114524826400186777,##gua,LOC
114526479593964662,Bob Iger,PER
114526479593964662,ABC Fake News,ORG
114526479593964662,Li,PER
114526479593964662,George Slopado,PER
114526479593964662,Slea,ORG
114526479593964662,##Bag,ORG
114526479593964662,Qatar,LOC
114526479593964662,Tri,MISC
114526479593964662,United States of America,LOC
114526479593964662,News,ORG
114526479593964662,ABC,ORG
114526479593964662,Qatar,LOC
114526479593964662,Boeing,MISC
114526479593964662,##7,MISC
114526479593964662,F,ORG
114526479593964662,News,ORG
114526479593964662,ABC,ORG
114526479593964662,United States Air Force / Defense Department,ORG
114526479593964662,American,MISC
114526479593964662,ABC Fake News,ORG
114524060091132104,Supreme Court,ORG
114524060091132104,AM,LOC
114524060091132104,##ERIC,ORG
114524060091132104,##A,MISC
114523473765901913,Obama,PER
114523473765901913,Americans,MISC
114523473765901913,Trump,PER
114523473765901913,B,PER
114523473765901913,##iden,PER
114523473765901913,Trump,PER
114523473765901913,American,MISC
114523473765901913,Civil War,MISC
114523473765901913,Supreme Court,ORG
114518493026564814,Supreme Court,ORG
114518493026564814,United States,LOC
114518493026564814,Ch,LOC
114518493026564814,##ev,LOC
114518493026564814,##y,ORG
114518493026564814,Chase Country Club,LOC
114523811882470999,RA,PER
114523811882470999,Powell,PER
114523762104941397,V,PER
114523762104941397,R,LOC
114523762104941397,##USSIA,LOC
114523762104941397,UKRA,MISC
114523762104941397,Z,PER
114523762104941397,UK,PER
114523762104941397,Z,PER
114523762104941397,NATO,ORG
114523638623110397,Walmart,ORG
114523638623110397,Ta,MISC
114523638623110397,Walmart,ORG
114523638623110397,Walmart,ORG
114523638623110397,China,LOC
114523195208653918,AU,MISC
114523195208653918,##TOPEN,MISC
114523195208653918,Radical Left Democrats,MISC
114523195208653918,AUTO,MISC
114523195208653918,##EN,MISC
114523195208653918,MA,PER
114523195208653918,O,PER
114523195208653918,D,MISC
114523195208653918,CO,MISC
114523195208653918,James Come,PER
114523195208653918,Obama,PER
114523195208653918,Joe B,PER
114523195208653918,Autopen,MISC
114519975763098371,##G,ORG
114519965289784767,Air Force One,ORG
114519965289784767,United States Air Force,ORG
114519933006186542,I,PER
114519933006186542,Middle East,LOC
114519753109701350,Supreme Court,ORG
114519753109701350,Country,LOC
114519753109701350,Process,MISC
114519753109701350,American,MISC
114519753109701350,Supreme Court of the United States,ORG
114519753109701350,Sleep,PER
114519753109701350,Joe Biden,PER
114519753109701350,MI,ORG
114519753109701350,Criminal Aliens,ORG
114519753109701350,Country,LOC
114519753109701350,Country,LOC
114519753109701350,Justice Alito,PER
114519753109701350,Justice Thomas,PER
114519753109701350,America,LOC
114519567610751944,O,MISC
114519155449905842,Markwayne Mullin,PER
114519155449905842,Great,MISC
114519155449905842,State,LOC
114519155449905842,Oklahoma,LOC
114519155449905842,Ronald Reagan,PER
114519155449905842,MAGA Warrior,MISC
114519155449905842,MMA,MISC
114519155449905842,Markwayne,PER
114519155449905842,U. S.,LOC
114519155449905842,Senate,ORG
114519155449905842,America First Age,MISC
114519155449905842,Native American,MISC
114519155449905842,Senate,ORG
114519155449905842,Elizabeth Po,PER
114519155449905842,##cahon,ORG
114519155449905842,##tas Warren,PER
114519155449905842,Markwayne,PER
114519155449905842,Inc,MISC
114519155449905842,##ible Tribal,MISC
114519155449905842,Communities,ORG
114519155449905842,Markwayne,PER
114519155449905842,American,MISC
114519155449905842,Southern,MISC
114519155449905842,Border,ORG
114519155449905842,Military,ORG
114519155449905842,Second Amendment,MISC
114519155449905842,Oklahoma,LOC
114519155449905842,Markwayne Mullin,PER
114518115625400272,Shelley Moore Capito,PER
114518115625400272,People,ORG
114518115625400272,West Virginia,LOC
114518115625400272,Senate,ORG
114518115625400272,Environment and Public Works Committee,ORG
114518115625400272,Shelley,PER
114518115625400272,Pro Growth,MISC
114518115625400272,Americas Energy Dom,ORG
114518115625400272,##nce,ORG
114518115625400272,Air,ORG
114518115625400272,Water,ORG
114518115625400272,Soil,ORG
114518115625400272,C,MISC
114518115625400272,Americans,MISC
114518115625400272,Shelley,PER
114518115625400272,Border,MISC
114518115625400272,Crime,MISC
114518115625400272,Second Amendment,MISC
114518115625400272,Shelley Moore Capito,PER
114517897638237566,Republicans,MISC
114517897638237566,AL,MISC
114517897638237566,Americans,MISC
114517897638237566,Il,MISC
114517897638237566,Alien,MISC
114517897638237566,Me,MISC
114517897638237566,##dicaid,MISC
114517897638237566,Democrats,MISC
114517897638237566,V,MISC
114517897638237566,GRA,MISC
114517897638237566,Republican Party,ORG
114517897638237566,B,PER
114517897638237566,##iden,PER
114517897638237566,Democrats,MISC
114517896576879203,Bruce Springsteen,PER
114517896576879203,Foreign Country,LOC
114517896576879203,United States,LOC
114517896576879203,Radical Left,MISC
114517896576879203,J,PER
114517896576879203,C,PER
114517896576879203,Joe Biden,PER
114517896576879203,Sleep,PER
114517896576879203,Joe,PER
114517896576879203,Springsteen,PER
114517896576879203,Country,LOC
114517773720445162,HAPPEN,MISC
114516603030095775,Saudi Arabia,LOC
114516603030095775,Qatar,LOC
114516603030095775,United Arab Emirates,LOC
114516603030095775,United States,LOC
114515613065520300,Radical Left SleazeBags,ORG
114515613065520300,United States,ORG
114515613065520300,Supreme Court,ORG
114515613065520300,Election,MISC
114515613065520300,Supreme Court,ORG
114515613065520300,MA,PER
114515613065520300,AMERIC,LOC
114511762010659631,Civil War,MISC
114511762010659631,Immigration Policy!,MISC
114511710554568353,United States,LOC
114511710554568353,Supreme Court,ORG
114511710554568353,Citizens,MISC
114511710554568353,United States of America,LOC
114511710554568353,United States of America,LOC
114511710554568353,World,LOC
114511710554568353,America,LOC
114511710554568353,Citizens,MISC
114511710554568353,Civil War,MISC
114511710554568353,Congress,ORG
114511710554568353,World,LOC
114511710554568353,Civil War,MISC
114511710554568353,Supreme Court of,ORG
114511710554568353,United States,LOC
114511710554568353,Civil War,MISC
114511710554568353,Congress,ORG
114511710554568353,Country,LOC
114511710554568353,South America,LOC
114511710554568353,World,LOC
114511710554568353,SL,LOC
114511710554568353,U. S. A,LOC
114511127013656727,Al Udeid Air Base,LOC
114511127013656727,Qatar,LOC
114507081704840744,R,LOC
114507081704840744,##iyadh,LOC
114507081704840744,Abu Dhabi,LOC
114507081704840744,Middle East,LOC
114503502008248477,Re,MISC
114503502008248477,Des,ORG
114503502008248477,##k,MISC
114503502008248477,Hayes Des,ORG
114503502008248477,##k,MISC
114503502008248477,Hayes,PER
114503502008248477,Victoria,LOC
114503502008248477,Statue of,MISC
114503502008248477,Liberty,ORG
114503502008248477,France,LOC
114503502008248477,Donald J,PER
114503502008248477,Trump,PER
114503502008248477,##T,ORG
114503502008248477,Trump,PER
114503502008248477,AMERICA,ORG
114503271564721427,Media,ORG
114503271564721427,America,LOC
114503286961115745,American,MISC
114503286961115745,MAGA,MISC
114503286961115745,America,LOC
114503273823248249,America,LOC
114503289790683514,America,LOC
114503282584841270,America,LOC
114503203859060399,Boeing,MISC
114503203859060399,United States Air Force,ORG
114503203859060399,Department of Defense,ORG
114503203859060399,Qatar,LOC
114503203859060399,Air Force,ORG
114503203859060399,One,MISC
114503203859060399,Boeing,ORG
114503203859060399,AMERIC,LOC
114502263160167723,Saudi Arabia,LOC
114501781259201749,Sean Hannity,PER
114501781259201749,FoxNews,ORG
114501759958997511,Europe,LOC
114501759958997511,China,LOC
114501759958997511,Too,PER
114501759958997511,Powell,PER
114501759958997511,America,LOC
114496851630865496,America,LOC
114496851630865496,American,MISC
114498083205032077,Joe Concha,PER
114498083205032077,Inside Trumps Big Beautiful Campaign,MISC
114498083205032077,Joe,PER
114498083205032077,Movement,ORG
114498083205032077,Iconic Moments,MISC
114498083205032077,Historic Election,MISC
114498083205032077,F,ORG
114498083205032077,##ake News,MISC
114497679502484164,Peace Officers Memorial Day,MISC
114497679502484164,Police Week,MISC
114497679502484164,Americans,MISC
114497218878772156,Jack Ciattarelli,PER
114497218878772156,America First,ORG
114497218878772156,NE,PER
114497218878772156,Jack,PER
114497218878772156,MA,ORG
114497218878772156,New Jersey,LOC
114497218878772156,Jack Ciattarelli,PER
114497218878772156,Trump Administration,ORG
114497218878772156,America First Age,MISC
114497218878772156,Jack,PER
114497218878772156,Southern,MISC
114497218878772156,Border,ORG
114497218878772156,Crime,MISC
114497218878772156,American Energy,ORG
114497218878772156,Second Amendment,MISC
114497218878772156,Jack,PER
114497218878772156,Republican,MISC
114497218878772156,Radical Left Democrats,MISC
114497218878772156,##l Election,MISC
114497218878772156,NO,PER
114497218878772156,Jack Ciattarelli,PER
114496961305632019,Country,LOC
114496961305632019,U. S,LOC
114496961305632019,A,LOC
114496961305632019,Supreme Court,ORG
114496961305632019,##ER,ORG
114495946485549840,Republicans,MISC
114495946485549840,"Tax, Energy, and Agriculture Committees",ORG
114495946485549840,B,ORG
114495946485549840,Republicans,MISC
114495946485549840,Jason Smith,PER
114495946485549840,Brett Guthrie,PER
114495946485549840,Glenn GT Thompson,PER
114495946485549840,America,LOC
114495946485549840,Democrats,MISC
114495946485549840,Democrat Amendment,MISC
114495946485549840,News,ORG
114495946485549840,Conference,MISC
114495946485549840,Price,MISC
114495946485549840,Most,MISC
114495946485549840,Nations Policy,MISC
114495946485549840,Middle East,LOC
114495946485549840,America,LOC
114495946485549840,Bill,MISC
114495946485549840,##utical,MISC
114495946485549840,Tariff,MISC
114495946485549840,G,MISC
114495946485549840,Golden Age of America,MISC
114495946485549840,AM,LOC
114495946485549840,##ERIC,ORG
114495828046526222,America,LOC
114495819579444373,United States,LOC
114495819579444373,Big Pharma,ORG
114495805003498315,Jay Bhattacharya,PER
114495805003498315,Trump,PER
114495789264464415,Kennedy,PER
114495789264464415,American,MISC
114495777170382544,Ed,PER
114495777170382544,##an Alexander,PER
114495777170382544,American,MISC
114494359849751984,E,MISC
114494359849751984,AM,MISC
114494359849751984,##ER,PER
114494359849751984,HAM,LOC
114494359849751984,##RE,MISC
114494359849751984,NE,MISC
114492082555622686,Defense Department,ORG
114492082555622686,Air Force,ORG
114492082555622686,One,MISC
114492082555622686,Crooked Democrats,MISC
114492082555622686,Dems,MISC
114492082555622686,World Class,MISC
114492082555622686,MA,ORG
114491949696762931,Martha Raditz,PER
114491949696762931,ABC Fake News,ORG
114491949696762931,Slopadopol,MISC
114491949696762931,Pope Leo,PER
114491949696762931,Donald Trump,PER
114491949696762931,Trump Der,MISC
114491949696762931,Catholic,MISC
114491949696762931,Bob I,PER
114491594957458207,Ed,PER
114491594957458207,##an Alexander,PER
114491594957458207,American,MISC
114491594957458207,United States,LOC
114491594957458207,Qatar,LOC
114491594957458207,Egypt,LOC
114491594957458207,AL,ORG
114491534347862682,Pre,ORG
114491534347862682,Drugs,ORG
114491534347862682,Pharmaceutical,ORG
114491534347862682,United States States of America,LOC
114491534347862682,MA,PER
114491534347862682,Pharmaceutical / Drug Companies,ORG
114491534347862682,Research and Development Co,ORG
114491534347862682,America,LOC
114491534347862682,Republican Party,ORG
114491534347862682,Democrats,MISC
114491534347862682,White House,LOC
114491534347862682,World,LOC
114491534347862682,AM,LOC
114491534347862682,United States,LOC
114491534347862682,United States,LOC
114490623566091525,T,MISC
114490604608562822,USA,LOC
114490604608562822,Election,MISC
114490604608562822,Democrats,MISC
114490277514269016,USA,LOC
114490277514269016,United,ORG
114490277514269016,States,LOC
114490277514269016,Supreme Court,ORG
114490277514269016,Electoral,ORG
114490277514269016,College,MISC
114490277514269016,Popular Vote,MISC
114490277514269016,AMERIC,ORG
114490093180275292,Putin,PER
114490093180275292,Russia,LOC
114490093180275292,Ce,MISC
114490093180275292,##ase Fire Agreement,MISC
114490093180275292,Ukraine,LOC
114490093180275292,Turkey,LOC
114490093180275292,Ukraine,LOC
114490093180275292,European,MISC
114490093180275292,U. S,LOC
114490093180275292,Ukraine,LOC
114490093180275292,Putin,PER
114490093180275292,Victory of World War ll,MISC
114490093180275292,United States of America,LOC
114486249003156970,AI,MISC
114487210304050642,Russia,LOC
114487210304050642,Ukraine,LOC
114487210304050642,USA,LOC
114487210304050642,Trade,MISC
114487190752990599,India,LOC
114487190752990599,Pakistan,LOC
114487190752990599,USA,LOC
114487190752990599,Kashmir,LOC
114487190752990599,God,PER
114487190752990599,India,LOC
114487190752990599,Pakistan,LOC
114487151591253235,India,LOC
114487151591253235,Pakistan,LOC
114487151591253235,USA,LOC
114487151591253235,Kashmir,LOC
114487151591253235,God,PER
114487151591253235,India,LOC
114487151591253235,Pakistan,LOC
114486066663976973,China,LOC
114486066663976973,Switzerland,LOC
114486066663976973,China,LOC
114486066663976973,U. S.,LOC
114486066663976973,China,LOC
114486066663976973,American,MISC
114484272669802796,MeT,MISC
114484272669802796,Crusade,MISC
114484272669802796,Let,PER
114484272669802796,##iti,PER
114484272669802796,##a James,PER
114484272669802796,##ege,MISC
114484272669802796,Ibrahim Khan,PER
114484269924159482,Trump,PER
114484269924159482,Three Steps to Economic Growth,MISC
114484265663388527,Scott Jennings,PER
114484265663388527,Patriot,MISC
114484265663388527,Great State of,LOC
114484265663388527,Kentucky,LOC
114484265663388527,A Revolution of Common Sense,MISC
114484265663388527,Ad,MISC
114484265663388527,Common Sense,MISC
114484265663388527,AM,LOC
114484265663388527,##ERIC,ORG
114484265663388527,Scott,PER
114484265663388527,100 Day Rally,MISC
114484265663388527,Michigan,LOC
114484265663388527,MA,ORG
114484265663388527,Trump Derang,MISC
114484265663388527,Loser,MISC
114484265663388527,CNN,ORG
114484265663388527,Scott,PER
114484265663388527,F,ORG
114484265663388527,##ake News,MISC
114484265663388527,Administration,ORG
114484265663388527,Scott,PER
114484265663388527,T,MISC
114484265663388527,Team Trump,MISC
114483405683675564,United States,LOC
114483405683675564,India,LOC
114483405683675564,Pakistan,LOC
114483405683675564,Common Sense,MISC
114480839195032975,Order,MISC
114480839195032975,America,LOC
114480087342467417,Congress,ORG
114480087342467417,Carol Miller,PER
114480087342467417,Great People,ORG
114480087342467417,West Virginia,LOC
114480087342467417,Carol,PER
114480087342467417,America First Age,MISC
114480087342467417,Congress,ORG
114480087342467417,Regulations,MISC
114480087342467417,U. S. A,LOC
114480087342467417,V,ORG
114480087342467417,American Energy,ORG
114480087342467417,Amendment,MISC
114480087342467417,Carol Miller,PER
114480048504802354,Riley Moore,PER
114480048504802354,America,MISC
114480048504802354,First,ORG
114480048504802354,People of,ORG
114480048504802354,West Virginia,LOC
114480048504802354,Congress,ORG
114480048504802354,Riley,PER
114480048504802354,Rule of Law,MISC
114480048504802354,Crime,MISC
114480048504802354,Second Amendment,MISC
114480048504802354,Riley Moore,PER
114480048117794658,Congress,ORG
114480048117794658,Virginia Foxx,PER
114480048117794658,North Carolina,LOC
114480048117794658,Congressional,MISC
114480048117794658,House Rules Committee,ORG
114480048117794658,Virginia,LOC
114480048117794658,America,MISC
114480048117794658,First,ORG
114480048117794658,Military and Veterans,ORG
114480048117794658,Second Amendment,MISC
114480048117794658,Virginia Foxx,PER
114480047403137321,Tim Walberg,PER
114480047403137321,Michigan,LOC
114480047403137321,Congressional,MISC
114480047403137321,House Education Committee,ORG
114480047403137321,Tim,PER
114480047403137321,Choice,ORG
114480047403137321,Children,ORG
114480047403137321,Parental Rights,ORG
114480047403137321,Tim,PER
114480047403137321,Crime,MISC
114480047403137321,V,ORG
114480047403137321,American Energy,ORG
114480047403137321,Second Amendment,MISC
114480047403137321,Tim Walberg,PER
114480045872688080,John Joyce,PER
114480045872688080,Pennsylvania,LOC
114480045872688080,Congressional,MISC
114480045872688080,Pennsylvania Federal Leadership Team,ORG
114480045872688080,John,PER
114480045872688080,Congress,ORG
114480045872688080,American Energy,ORG
114480045872688080,Military / Veterans,ORG
114480045872688080,Second Amendment,MISC
114480045872688080,John Joyce,PER
114480037543029538,Anna Paulina Luna,PER
114480037543029538,People,MISC
114480037543029538,Florida,LOC
114480037543029538,Congressional,MISC
114480037543029538,Anna,PER
114480037543029538,America First,ORG
114480037543029538,Patriot,MISC
114480037543029538,Second Amendment,MISC
114480037543029538,American Energy,ORG
114480037543029538,Anna Paulina Luna,PER
114480037543029538,MA,ORG
114478780390671313,Stephanie Ruh,PER
114478780390671313,Stephanie Ruh,PER
114478780390671313,United Kingdom,LOC
114478780390671313,British Airways,ORG
114478780390671313,Boeing,ORG
114478780390671313,Stephanie,PER
114478780390671313,MSDNC,ORG
114478780390671313,Voice of the Democrat Party,ORG
114478780390671313,Brian Roberts,PER
114478780390671313,AMERICA,ORG
114478777761818193,Keith Poole,PER
114478777761818193,New York Post,ORG
114478777761818193,China Ce,MISC
114478777761818193,##ntric,ORG
114478777761818193,Wall Street Journal,ORG
114478777761818193,Rupert,PER
114478777761818193,America,LOC
114478777761818193,China,LOC
114478160839858570,MSNBC,ORG
114478160839858570,Television,ORG
114478160839858570,Viola,MISC
114478160839858570,Democrat National Committee,ORG
114478129470076553,Fed,ORG
114478129470076553,Fake News Media,ORG
114477930037382424,Deal,MISC
114477701321152097,R,MISC
114477701321152097,Radical Left Democrat,MISC
114477701321152097,George Bush,PER
114477701321152097,Election,MISC
114477701321152097,Ross Perot,PER
114477701321152097,Election,MISC
114477701321152097,Republicans,MISC
114477628854583525,China,LOC
114477628854583525,Scott B,PER
114477610338144415,CH,ORG
114477610338144415,##INA,ORG
114477610338144415,OPEN,MISC
114477610338144415,USA,LOC
114474760680232575,Ed Martin,PER
114474760680232575,U. S.,LOC
114474760680232575,Department of Justice,ORG
114474760680232575,We,ORG
114474760680232575,##ization Working Group,ORG
114474760680232575,Ed,PER
114474760680232575,Biden Regime,MISC
114474760680232575,Ed,PER
114474584669905764,Jean,PER
114474584669905764,##ine Pirro,PER
114474584669905764,United States,LOC
114474584669905764,District of Columbia,LOC
114474584669905764,Jean,PER
114474584669905764,##ine,PER
114474584669905764,Westchester County,LOC
114474584669905764,New York,LOC
114474584669905764,Jean,PER
114474584669905764,Domestic Violence Bureau,ORG
114474584669905764,Pro,ORG
114474584669905764,##secutor ' s Office,ORG
114474584669905764,Jean,PER
114474584669905764,Fox News Show,MISC
114474584669905764,Justice,MISC
114474584669905764,Judge Jeanine,PER
114474584669905764,The Five,MISC
114474584669905764,Jean,PER
114474584669905764,State of,LOC
114474584669905764,New York,LOC
114474584669905764,Jean,PER
114474472707126728,Jason Simmons,PER
114474472707126728,North Carolina Republican Party,ORG
114474472707126728,Jason,PER
114474472707126728,Republican,MISC
114474472707126728,The Tar Heel State,MISC
114474472707126728,H,ORG
114474472707126728,Jason,PER
114474472707126728,North Carolina,LOC
114474472707126728,Jason Simmons,PER
114474472453521323,Josh McKoon,PER
114474472453521323,Republican Party of Georgia,ORG
114474472453521323,Josh,PER
114474472453521323,MA,ORG
114474472453521323,Georgia,LOC
114474472453521323,Republicans,MISC
114474472453521323,Josh McKoon,PER
114474472453521323,George Republican Party,ORG
114474471365155157,Julian,PER
114474471365155157,##ne Murray,PER
114474471365155157,Delaware Republican Party,ORG
114474471365155157,Julian,PER
114474471365155157,##ne,PER
114474471365155157,MA,ORG
114474471365155157,Elections,MISC
114474471365155157,America First Movement,ORG
114474471365155157,Julian,PER
114474471365155157,##ne Murray,PER
114474470666888173,Republicans,MISC
114474470666888173,Utah,LOC
114474470666888173,Elec,ORG
114474470666888173,##AS,MISC
114474470666888173,##TI,ORG
114474470666888173,Robert Axson,PER
114474470666888173,Republican Party,ORG
114474470666888173,Great State of,MISC
114474470666888173,Utah,LOC
114474470666888173,Mike Lee,PER
114474470666888173,Spencer Cox,PER
114474470666888173,Robert Axson,PER
114474470666888173,Utah Republican Party,ORG
114474470016240455,Ryan Mackenzie,PER
114474470016240455,America First,ORG
114474470016240455,Patriot,MISC
114474470016240455,Great People of Pennsylvania,ORG
114474470016240455,Congressional,MISC
114474470016240455,Congress,ORG
114474470016240455,Ryan,PER
114474470016240455,V,ORG
114474470016240455,American Energy,ORG
114474470016240455,Second Amendment,MISC
114474470016240455,Ryan Mackenzie,PER
114474469364898946,Tom Kean,PER
114474469364898946,People of,ORG
114474469364898946,New Jersey,LOC
114474469364898946,America First Age,MISC
114474469364898946,Tom,PER
114474469364898946,Border,MISC
114474469364898946,Crime,MISC
114474469364898946,Small Business,ORG
114474469364898946,American Energy,ORG
114474469364898946,Brave Military and Veterans,ORG
114474469364898946,Second Amendment,MISC
114474469364898946,Tom Ke,PER
114474468725706522,Tom Barrett,PER
114474468725706522,Wonderful People of Michigan,ORG
114474468725706522,Congressional,MISC
114474468725706522,Tom,PER
114474468725706522,Army,ORG
114474468725706522,##op,ORG
114474468725706522,Congress,ORG
114474468725706522,Enforcement,ORG
114474468725706522,V,ORG
114474468725706522,Second Amendment,MISC
114474468725706522,Tom Barrett,PER
114474468098464790,Rob Bresnahan,PER
114474468098464790,Pennsylvania,LOC
114474468098464790,Rob,PER
114474468098464790,American Dream,MISC
114474468098464790,Rob,PER
114474468098464790,Border,MISC
114474468098464790,Mi,MISC
114474468098464790,##nt Crime,MISC
114474468098464790,Second Amendment,MISC
114474468098464790,Rob Bresnahan,PER
114474467319531911,Nick Begich,PER
114474467319531911,Great People,MISC
114474467319531911,Alaska,LOC
114474467319531911,Nick,PER
114474467319531911,America First,ORG
114474467319531911,Drugs,MISC
114474467319531911,American,MISC
114474467319531911,Energy,ORG
114474467319531911,Amendment,MISC
114474467319531911,Nick Begich,PER
114474466584246331,Congress,ORG
114474466584246331,Jen Kiggans,PER
114474466584246331,Virginia,LOC
114474466584246331,Navy,ORG
114474466584246331,Jen,PER
114474466584246331,Congress,ORG
114474466584246331,Jen,PER
114474466584246331,American,MISC
114474466584246331,Energy,ORG
114474466584246331,Independence,MISC
114474466584246331,Second Amendment,MISC
114474466584246331,Jen Kiggans,PER
114474465286880800,Zach Nunn,PER
114474465286880800,Great People of Iowa,ORG
114474465286880800,Zach,PER
114474465286880800,Second Amendment,MISC
114474465286880800,Zach Nun,PER
114474464809294039,Mike Bost,PER
114474464809294039,Illinois,LOC
114474464809294039,Congressional,MISC
114474464809294039,U. S. Marine Corps,ORG
114474464809294039,House Veterans ' Affairs Committee,ORG
114474464809294039,Mike,PER
114474464809294039,Military,ORG
114474464809294039,Enforcement,ORG
114474464809294039,Second Amendment,MISC
114474464809294039,MA,PER
114474464809294039,AMERIC,LOC
114474464809294039,Mike Bost,PER
114474417554010988,United Kingdom,LOC
114474417554010988,United Kingdom,LOC
114474136794655068,Russia,LOC
114474136794655068,Ukraine,LOC
114474136794655068,U. S.,LOC
114474136794655068,U. S.,LOC
114474136794655068,United States of America,LOC
114474136794655068,Peace,MISC
114474136794655068,Russia,LOC
114474136794655068,Ukraine,LOC
114474136794655068,Europeans,MISC
114474136794655068,##ing Peace,MISC
114474136794655068,Peace Agreement,MISC
114474136573150113,Commerce,ORG
114474136573150113,Howard Lutnick,PER
114474136573150113,Biden / Harris,MISC
114474136573150113,Digital Equity Act,MISC
114474136573150113,Digital Equity Program,MISC
114473380014194441,Robert Francis Prevost,PER
114473380014194441,American,MISC
114473380014194441,Leo XIV,PER
114472802068018414,America,LOC
114472802068018414,"Fair, Open",MISC
114472802068018414,Deal,MISC
114472802068018414,Ally,ORG
114472802068018414,United Kingdom,LOC
114472802068018414,Trade Deal,MISC
114472802068018414,Liberation Day,MISC
114472802068018414,America,LOC
114472802068018414,National Security,ORG
114472802068018414,U. S.,LOC
114472802068018414,UK,LOC
114472802068018414,and,ORG
114472802068018414,Steel Trading Zone,MISC
114472802068018414,Ph,ORG
114472802068018414,##ceutical Supply Chain,ORG
114472802068018414,America,LOC
114472802068018414,America,LOC
114472802068018414,OPEN,MISC
114471776222344399,Biden Administration,ORG
114471776222344399,Pete B,PER
114471750357100883,Jerome Powell,PER
114471750357100883,Energy,ORG
114471750357100883,U. S,LOC
114471687266303772,Golden Age of America,MISC
114471661029075259,United Kingdom,LOC
114471661029075259,United States,LOC
114471661029075259,United Kingdom,LOC
114471661029075259,United Kingdom,LOC
114471558043712137,United States of America,LOC
114471558043712137,United Kingdom,LOC
114471558043712137,The Oval Office,LOC
114469488580251681,Big News Conference,MISC
114469488580251681,Oval,ORG
114469488580251681,Office,LOC
114469488580251681,MA,MISC
114468755257430424,"One, Big, Beautiful Bill",MISC
114468755257430424,Class Americans,MISC
114468755257430424,Main Street,LOC
114468755257430424,AMERIC,LOC
114468502752133916,Casey Means,PER
114468502752133916,United States of America,LOC
114468502752133916,Casey,PER
114468502752133916,MAHA,ORG
114468502752133916,Health and Human Services,ORG
114468502752133916,Robert F. Kennedy,PER
114468502752133916,Jr,PER
114468502752133916,Age,MISC
114468502752133916,Ch,MISC
114468502752133916,##ronic Disease E,MISC
114468502752133916,##ic,MISC
114468502752133916,AL,MISC
114468502752133916,Americans,MISC
114468502752133916,Casey Means,PER
114468502752133916,United States,LOC
114468502752133916,History,MISC
114468502752133916,Casey,PER
114468502752133916,Kennedy,PER
114468502752133916,Janet,PER
114468502752133916,##te Nesheiwat,PER
114468502752133916,HHS,ORG
114468288296746153,Fentanyl,MISC
114468288296746153,DE,ORG
114468288296746153,##A,MISC
114468288296746153,##tany,MISC
114468257803426979,China,LOC
114468257803426979,David Perdue,PER
114468174830884590,Pro,MISC
114466868060900843,Court System,ORG
114466868060900843,Trump Administration,ORG
114466868060900843,Country,LOC
114466820318104255,Election Interfering 60 Minutes,MISC
114466820318104255,Kamala Harris,PER
114466820318104255,CBS,ORG
114466820318104255,Election Day,MISC
114466820318104255,Early Voting,MISC
114466820318104255,CBS,ORG
114466820318104255,Kamal,PER
114466820318104255,60 Minutes,ORG
114466820318104255,CBS,ORG
114466820318104255,Paramount,ORG
114466820318104255,American People,MISC
114466820318104255,Federal Communications Commission,ORG
114466820318104255,anti,MISC
114466820318104255,Trump,PER
114466820318104255,T,MISC
114466820318104255,Hon,ORG
114466820318104255,##est Journalism,MISC
114466820318104255,F,MISC
114466820318104255,News P,MISC
114466820318104255,Piece,MISC
114466820318104255,Emmy,MISC
114466820318104255,60 Minutes,ORG
114466820318104255,Emmy,MISC
114466820318104255,F,ORG
114466820318104255,##ake,MISC
114466820318104255,Out,ORG
114466820318104255,American People,MISC
114466820318104255,Press,ORG
114466820318104255,Media,ORG
114466820318104255,60 Minutes,ORG
114466820318104255,CBS,ORG
114466802601303034,Lawrence Jones,PER
114466802601303034,Fox & Friends!,ORG
114464206114299371,White House,LOC
114464206114299371,FIFA Task Force,ORG
114464206114299371,United States,LOC
114464206114299371,Club World Cup,MISC
114464206114299371,Official,MISC
114464206114299371,##6 World Cup Tournament,MISC
114463623151906341,Mike Lawler,PER
114463623151906341,People,ORG
114463623151906341,New,ORG
114463623151906341,York,MISC
114463623151906341,Congressional,MISC
114463623151906341,America First,ORG
114463623151906341,Patriot,MISC
114463623151906341,Mike,PER
114463623151906341,American,MISC
114463623151906341,Energy,ORG
114463623151906341,Brave Military,ORG
114463623151906341,Veterans,ORG
114463623151906341,Law Enforcement,ORG
114463623151906341,Second Amendment,MISC
114463623151906341,Mike,PER
114463623151906341,Hudson Valley,LOC
114463623151906341,New York,LOC
114463623151906341,Mike,PER
114463623151906341,New York,LOC
114463623151906341,Congressional,MISC
114463589898854957,Board of the Holocaust Memorial Council,ORG
114463589898854957,Siggy Flicker,PER
114463589898854957,T,PER
114463589898854957,##ila Falic,PER
114463589898854957,Jackie Zeckman,PER
114463589898854957,Nate Segal,PER
114463589898854957,Jonathan Burkan,PER
114463589898854957,Lee Lipton,PER
114463589898854957,Betty Schwartz,PER
114463589898854957,Fred Marcus,PER
114463589898854957,Rabbi,PER
114463589898854957,Pi,PER
114463589898854957,##nchos Lipschutz,PER
114463589898854957,Sid Rosenberg,PER
114463589898854957,Ariel Abergel,PER
114463589898854957,Barbara Feingold,PER
114463589898854957,Alex Witkoff,PER
114463589898854957,Robert Garson,PER
114463589898854957,Israel,LOC
114463344803228045,Mark Carney,PER
114463344803228045,White House,LOC
114463309556144556,Bruce Blakeman,PER
114463309556144556,New York,LOC
114463309556144556,Nassau County,LOC
114463309556144556,Bruce,PER
114463309556144556,MA,ORG
114463309556144556,Crime,MISC
114463309556144556,Second Amendment,MISC
114463309556144556,Bruce Blakeman,PER
114462869802626948,Edward Aloysius OConnell,PER
114462869802626948,Superior Court of the District of Columbia,ORG
114462869802626948,Eddie,PER
114462869802626948,V,MISC
114462869802626948,Crime,MISC
114462869802626948,City,LOC
114462869802626948,LA,MISC
114462869802626948,"Washington, D. C",LOC
114462869802626948,Eddie,PER
114462869802626948,United States,LOC
114462869802626948,District of Columbia,LOC
114462869802626948,Ho,MISC
114462869802626948,Violence,MISC
114462869802626948,Organized Crime,MISC
114462869802626948,Na,MISC
114462869802626948,##otics Off,MISC
114462869802626948,D. C,LOC
114462869802626948,Eddie,PER
114462869802626948,Eddie,PER
114462869560496665,C,PER
114462869560496665,##rist,PER
114462869560496665,##ian Stevens,PER
114462869560496665,Great Patriot,MISC
114462869560496665,United States District Court,ORG
114462869560496665,Eastern District of,LOC
114462869560496665,Missouri,LOC
114462869560496665,C,PER
114462869560496665,##rist,PER
114462869560496665,Missouri Court of Appeals,ORG
114462869560496665,Criminal Division,ORG
114462869560496665,Missouri Attorney Generals Office,ORG
114462869560496665,U. S.,LOC
114462869560496665,St. Louis,LOC
114462869560496665,Criminal,MISC
114462869560496665,Rule of Law,MISC
114462869560496665,Missouri,LOC
114462869560496665,C,PER
114462869560496665,##rist,PER
114462869560496665,District Court,ORG
114462869560496665,C,PER
114462869560496665,##rist,PER
114462868808829711,Maria Lanahan,PER
114462868808829711,United,ORG
114462868808829711,States,LOC
114462868808829711,District Court,ORG
114462868808829711,Eastern District of,LOC
114462868808829711,Missouri,LOC
114462868808829711,Maria,PER
114462868808829711,Patriot,MISC
114462868808829711,Missouri,LOC
114462868808829711,High Stakes,MISC
114462868808829711,Maria,PER
114462868808829711,Go,ORG
114462868808829711,##nza,LOC
114462868808829711,##ga,ORG
114462868808829711,University of Chicago,ORG
114462868808829711,Law Schools,ORG
114462868808829711,Maria,PER
114462868808829711,GRE,MISC
114462868808829711,Maria,PER
114462868084205660,Zachary Bluestone,PER
114462868084205660,United States District Court,ORG
114462868084205660,Eastern District of,LOC
114462868084205660,Missouri,LOC
114462868084205660,Zack,PER
114462868084205660,Crime,ORG
114462868084205660,United States Attorneys Office,ORG
114462868084205660,St. Louis,LOC
114462868084205660,Criminal,MISC
114462868084205660,Constitution,MISC
114462868084205660,Zack,PER
114462868084205660,Georgetown,ORG
114462868084205660,Oxford,ORG
114462868084205660,Harvard,ORG
114462868084205660,Great Country,LOC
114462868084205660,Zack,PER
114462868084205660,Law and Order,ORG
114462868084205660,Zack,PER
114462867354665095,Joshua Divine,PER
114462867354665095,United,ORG
114462867354665095,States,LOC
114462867354665095,Court,ORG
114462867354665095,Eastern,LOC
114462867354665095,Western Districts,LOC
114462867354665095,Missouri,LOC
114462867354665095,Joshua,PER
114462867354665095,Great,LOC
114462867354665095,State,ORG
114462867354665095,of Missouri,LOC
114462867354665095,States,LOC
114462867354665095,Josh Hawley,PER
114462867354665095,Patriot,MISC
114462867354665095,Supreme Court,ORG
114462867354665095,Clarence Thomas,PER
114462867354665095,Joshua,PER
114462867354665095,Rule of Law,MISC
114462867354665095,Constitutional Rights,MISC
114462867354665095,Great People,MISC
114462867354665095,Missouri,LOC
114462867354665095,Constitutionalist,MISC
114462867354665095,Joshua,PER
114462557388994627,Supreme Court,ORG
114462557388994627,Trump,ORG
114462557388994627,Ban on Transgender Military Service,MISC
114462513304037389,Andrew Giuliani,PER
114462513304037389,Presidents Task Force,ORG
114462513304037389,FIFA World Cup,MISC
114462513304037389,Andrew,PER
114462513304037389,Office of Public Liaison,ORG
114462513304037389,World,LOC
114462513304037389,United States,LOC
114462513304037389,Re,MISC
114462513304037389,America,LOC
114462513304037389,Carlos Cordeiro,PER
114462513304037389,Carlos,PER
114462513304037389,Fdration Internationale de Football Association,ORG
114462513304037389,FIFA,ORG
114462513304037389,United States Soccer Federation,ORG
114462513304037389,FIFA World Cup,MISC
114462513304037389,Andrew,PER
114462513304037389,Carlos,PER
114462513304037389,FIFA World Cup,MISC
114462513304037389,Andrew,PER
114462513304037389,Carlos,PER
114462406492811838,American,MISC
114462406492811838,Donald Trump,PER
114462406492811838,China,LOC
114462333132374383,Charles Payne,PER
114462333132374383,Louisiana,LOC
114462333132374383,Louisiana,LOC
114462333132374383,American Exceptionalism,MISC
114461575736468146,Canada,LOC
114461575736468146,Mark Carney,PER
114461575736468146,America,LOC
114461575736468146,Canada,LOC
114458094742048024,Executive Order,MISC
114458094742048024,Americans,MISC
114461333871544277,Howard Lutnick,PER
114461333871544277,Trump,PER
114461333871544277,America,LOC
114461327233567337,Eli Lilly,ORG
114461327233567337,Dave Ricks,PER
114461327233567337,White House,LOC
114461327233567337,U. S,LOC
114458145511409310,Stephen Miller,PER
114458145511409310,Trump,PER
114458100604424846,Robert F. Kennedy Jr,PER
114458100604424846,B,PER
114458100604424846,##iden,PER
114458100604424846,White House,LOC
114458100604424846,AN,MISC
114458100604424846,Americans,MISC
114458023850536968,NFL Draft,MISC
114458023850536968,Nations Capital,LOC
114458023850536968,National Mall,LOC
114457993936599790,Ed Martin,PER
114457993936599790,U. S.,LOC
114457993936599790,District of Columbia,LOC
114457993936599790,Robert F. Kennedy,PER
114457993936599790,Jr,PER
114457993936599790,AMERICA,ORG
114457993936599790,Ed,PER
114457993936599790,Presidential Election,MISC
114457993936599790,America,LOC
114457993936599790,Co,MISC
114457993936599790,of the,MISC
114457993936599790,##ronic Disease E,MISC
114457993936599790,##emic,MISC
114457993936599790,B,PER
114457993936599790,##iden,PER
114457993936599790,Ed Martin,PER
114457993936599790,Republican,MISC
114457993936599790,Senators,ORG
114457993936599790,Ed,PER
114457993936599790,Ed Martin,PER
114457993936599790,America,LOC
114457993936599790,Americas Health,ORG
114457993936599790,AM,LOC
114457993936599790,##ER,ORG
114457993936599790,##IC,LOC
114457993936599790,##A,ORG
114457992767716636,Left Colorado,ORG
114457992767716636,Phil Weiser,PER
114457992767716636,Crime,MISC
114457992767716636,Rap,MISC
114457992767716636,Tina Peters,PER
114457992767716636,Gold Star,ORG
114457992767716636,Democrat Election Fraud,MISC
114457992767716636,Tina,PER
114457992767716636,Communist,MISC
114457992767716636,Radical,MISC
114457992767716636,Left,ORG
114457992767716636,Democrats,MISC
114457992767716636,Election,MISC
114457992767716636,Democrat Party,ORG
114457992767716636,El Salvador,LOC
114457992767716636,MS,MISC
114457992767716636,13,MISC
114457992767716636,America,LOC
114457992767716636,Colorado,LOC
114457992767716636,American,MISC
114457992767716636,Department of Justice,ORG
114457992767716636,Colorado,LOC
114457992767716636,Democrats,MISC
114457992767716636,##IN,ORG
114457666559426766,World Wars,MISC
114457666559426766,World,LOC
114457666559426766,Allies,MISC
114457666559426766,World War II,MISC
114457666559426766,United States of America,LOC
114457666559426766,Victory,MISC
114457666559426766,United States,LOC
114457666559426766,War,MISC
114457666559426766,National Holiday,MISC
114457666559426766,Victor,MISC
114457666559426766,World War I,MISC
114457666559426766,Armistice,MISC
114457666559426766,World War II,MISC
114457666559426766,Victory,MISC
114457666559426766,World War I,MISC
114457666559426766,World War II,MISC
114457666559426766,America,LOC
114457666559426766,AMER,LOC
114457666559426766,##IC,ORG
114456528966782457,NFL Draft,MISC
114456528966782457,"Washington, D. C",LOC
114456520145752092,NFL Draft,MISC
114456520145752092,"Washington, D. C.",LOC
114455976603502389,Scott Bessent,PER
114455976603502389,Trump,PER
114455976603502389,B,PER
114455976603502389,##iden,PER
114455860282159313,Turkey,LOC
114455860282159313,Re,PER
114455860282159313,##ce,PER
114455860282159313,##p Erdoan,PER
114455860282159313,War,MISC
114455860282159313,Russia,LOC
114455860282159313,Ukraine,LOC
114455860282159313,Syria,LOC
114455860282159313,Gaza,LOC
114455860282159313,Turkey,LOC
114455860282159313,"Washington,",LOC
114455860282159313,D. C,LOC
114455860282159313,E,PER
114455860282159313,##rdoan,PER
114455860282159313,Andrew Brunson,PER
114455860282159313,United States,LOC
114455860282159313,Erdoan,PER
114455860282159313,Russia,LOC
114455860282159313,Ukraine,LOC
114455776425590388,AC,PER
114455776425590388,##K,ORG
114455776425590388,S,MISC
114455776425590388,B,ORG
114455616542958903,Trump,PER
114455616542958903,American,MISC
114455616542958903,American,MISC
114455616542958903,Main Street,LOC
114455608513522948,Markwayne Mullin,PER
114455608513522948,Trump,PER
114455608513522948,China,LOC
114455608513522948,China,LOC
114452877224020351,Karl Rove,PER
114452877224020351,FoxNews,ORG
114452117143235155,Movie Industry in America,ORG
114452117143235155,Countries,LOC
114452117143235155,United States,LOC
114452117143235155,Hollywood,LOC
114452117143235155,U. S. A,LOC
114452117143235155,Nations,ORG
114452117143235155,National,ORG
114452117143235155,Security,MISC
114452117143235155,Department of Commerce,ORG
114452117143235155,United States,LOC
114452117143235155,Movies,MISC
114452117143235155,Country,LOC
114452117143235155,Foreign Lands,LOC
114452117143235155,AM,LOC
114452117143235155,##IC,LOC
114452025916969327,OP,MISC
114452025916969327,America,LOC
114452025916969327,##ender,MISC
114452025916969327,Bureau of Prisons,ORG
114452025916969327,Department of Justice,ORG
114452025916969327,FBI,ORG
114452025916969327,Homeland Security,ORG
114452025916969327,AL,ORG
114452025916969327,##CA,LOC
114452025916969327,##TRA,ORG
114452025916969327,Americas,LOC
114452025916969327,Country,LOC
114452025916969327,ALCATRAZ,LOC
114452025916969327,",",MISC
114452025916969327,AM,LOC
114452025916969327,##ERIC,ORG
114451972448301240,How,PER
114451972448301240,##ie Kurtz,PER
114451972448301240,Business,MISC
114451972448301240,CNN,ORG
114451972448301240,MSDNC,ORG
114451972448301240,How,PER
114451972448301240,##ie,PER
114451972448301240,Ben Domene,PER
114451972448301240,How,PER
114451970991645838,Joe Concha,PER
114451970991645838,Inside Trumps Big Beautiful Campaign,MISC
114451970991645838,Joe,PER
114451970991645838,Movement,ORG
114451970991645838,Iconic Moments,MISC
114451970991645838,Historic Election,MISC
114451970991645838,F,ORG
114451970991645838,##ake News,MISC
114451070372643732,Lee Zeld,PER
114451070372643732,Trump EPA,ORG
114451070372643732,Biden EPA,ORG
114451070372643732,ZER,ORG
114450726968071164,United States of America,LOC
114450692045400819,Me,MISC
114450692045400819,##dicaid,MISC
114450692045400819,Me,MISC
114450692045400819,##dicare,MISC
114450683496592465,Trump,PER
114442321106427795,USA,LOC
114442321106427795,Americans,MISC
114438330555648164,University of Alabama,ORG
114438330555648164,##RE,MISC
114439107916833647,Stephen Moore,PER
114439099692439204,Maria Bartiromo,PER
114439099692439204,Trump,PER
114437989795464761,Harvard,ORG
114436168298983317,Whitney Hermandorf,PER
114436168298983317,United States Court of Appeals,ORG
114436168298983317,Sixth Circuit,ORG
114436168298983317,Whitney,PER
114436168298983317,Great People of Tennessee,ORG
114436168298983317,Attorney Generals Office,ORG
114436168298983317,Court,ORG
114436168298983317,Citizens,MISC
114436168298983317,Federal Government Over,ORG
114436168298983317,Princeton University Womens Basketball Team,ORG
114436168298983317,Whitney,PER
114436168298983317,Girls,ORG
114436168298983317,Womens Sports,ORG
114436168298983317,LA,MISC
114436168298983317,Constitution,MISC
114436168298983317,Justice Samuel Alito,PER
114436168298983317,Supreme Court,ORG
114436168298983317,Whitney,PER
114436168298983317,Legal,ORG
114436168298983317,System,MISC
114436168298983317,Whitney,PER
114436165701323476,Betty Schwartz,PER
114436165701323476,Fred Marcus,PER
114436165701323476,Pi,PER
114436165701323476,##nchos Lipschutz,PER
114436165701323476,Sid Rosenberg,PER
114436165701323476,Ariel Abergel,PER
114436165701323476,Barbara Feingold,PER
114436165701323476,Alex Witkoff,PER
114436165701323476,Robert Garson,PER
114436165701323476,United States Holocaust Memorial Council,ORG
114436165701323476,Council,ORG
114436165701323476,History,MISC
114436142904738936,Democrats,MISC
114436142904738936,Radical Left Lunatics,MISC
114436142904738936,I,MISC
114436142904738936,No Name,MISC
114436142904738936,Congress,ORG
114436142904738936,I,MISC
114436142904738936,Border,LOC
114436142904738936,Afghanistan,LOC
114436142904738936,Russia,LOC
114436142904738936,Russia,LOC
114436142904738936,Russia,LOC
114436142904738936,Ukraine,LOC
114436142904738936,Ukraine,LOC
114436142904738936,Ukraine,LOC
114436142904738936,Attack of Israel,MISC
114436142904738936,Iran,LOC
114436142904738936,Congress,ORG
114436142904738936,Republicans,MISC
114436142904738936,Congress,ORG
114436142904738936,Country,LOC
114436142904738936,United States,LOC
114436142904738936,Republicans,MISC
114436142904738936,Democrats,MISC
114436142904738936,Shi,PER
114436142904738936,Adam Sc,PER
114435902192931017,Victory Day,MISC
114435902192931017,World War II,MISC
114435902192931017,Victory Day,MISC
114435902192931017,World War II,MISC
114435902192931017,Victory Day,MISC
114435902192931017,World War I,MISC
114435902192931017,Wars,MISC
114435073705713456,Alabama,LOC
114435073705713456,University of Alabama,ORG
114433959082847679,Iranian Oil,MISC
114433959082847679,Pet,ORG
114433959082847679,Iran,LOC
114433959082847679,United States of America,LOC
114433942825461076,Mike Waltz,PER
114433942825461076,United States,LOC
114433942825461076,United Nations,ORG
114433942825461076,Congress,ORG
114433942825461076,Mike Waltz,PER
114433942825461076,Nations Interests,ORG
114433942825461076,Marco Rubio,PER
114433942825461076,State Department,ORG
114433942825461076,America,LOC
114433942825461076,World,LOC
114433942825461076,SA,ORG
114432976140064253,United States,LOC
114432976140064253,AmericaHyundai,ORG
114432976140064253,CMA CGM,ORG
114432976140064253,Worldwide Amazon Stores,ORG
114432976140064253,Venture Global LNG,ORG
114432976140064253,Siemens,ORG
114432976140064253,Pratt,ORG
114432976140064253,Chobani,ORG
114432976140064253,Bel,ORG
114432976140064253,Schneider Electric,ORG
114432976140064253,Johnson & Johnson,ORG
114432976140064253,Eli Lilly,ORG
114432976140064253,Novartis,ORG
114432976140064253,Genentech,ORG
114432976140064253,AbbVie,ORG
114432976140064253,Thermo Fisher Scientific,ORG
114432976140064253,Merck,ORG
114432976140064253,Abbott Laboratories,ORG
114432976140064253,IBM,ORG
114432976140064253,GE Aerospace,ORG
114432954072144063,NVIDIA,ORG
114432954072144063,Jensen Huang,PER
114432954072144063,NVIDIA,ORG
114432954072144063,United States,LOC
114432954072144063,United States,LOC
114429927898017911,Anthony Lomangino,PER
114429927898017911,United States Postal Service Board of Governors,ORG
114429927898017911,Anthony,PER
114429927898017911,Postal Service,ORG
114429927898017911,Anthony,PER
114427214911868233,60 Minutes,ORG
114427214911868233,CBS,ORG
114427214911868233,Paramount,ORG
114427214911868233,American People,MISC
114427214911868233,Political Arena,MISC
114427214911868233,Kamal,PER
114427214911868233,##a Harris,PER
114427214911868233,Early Voting,MISC
114427214911868233,Election Day,MISC
114427214911868233,V,MISC
114427214911868233,60 Minutes,ORG
114427214911868233,Kamal,PER
114427214911868233,60 Minutes,ORG
114427214911868233,60 Minutes,ORG
114427214911868233,American People,ORG
114427214911868233,Federal Elections Commission,ORG
114427214911868233,Federal Communications System,ORG
114427214911868233,Paramounts,ORG
114427214911868233,CBS,ORG
114427214911868233,60 Minutes,ORG
114427214911868233,F,ORG
114427214911868233,##ailing New York Times,ORG
114427214911868233,Fake News,ORG
114427214911868233,Times,ORG
114427214911868233,Elections,MISC
114427214911868233,60 Minutes,ORG
114427214911868233,Broadcast History,MISC
114427214911868233,Times,ORG
114427137926930516,60 Minutes,ORG
114427137926930516,CBS,ORG
114427137926930516,Paramount,ORG
114427137926930516,American People,MISC
114427137926930516,Political Arena,MISC
114427137926930516,Kamal,PER
114427137926930516,##a Harris,PER
114427137926930516,Early Voting,MISC
114427137926930516,Election Day,MISC
114427137926930516,V,MISC
114427137926930516,60 Minutes,ORG
114427137926930516,Kamal,PER
114427137926930516,60 Minutes,ORG
114427137926930516,60 Minutes,ORG
114427137926930516,American People,ORG
114427137926930516,Federal Elections Commission,ORG
114427137926930516,Federal Communications System,ORG
114427137926930516,Paramounts,ORG
114427137926930516,CBS,ORG
114427137926930516,60 Minutes,ORG
114427137926930516,F,ORG
114427137926930516,##ailing New York Times,ORG
114427137926930516,Fake News,ORG
114427137926930516,Times,ORG
114427137926930516,Elections,MISC
114427137926930516,60 Minutes,ORG
114427137926930516,Broadcast History,MISC
114427137926930516,Times,ORG
114427089568235019,B,ORG
114427089568235019,##idens Stock Market,ORG
114427089568235019,Trumps,ORG
114427089568235019,USA,LOC
114427089568235019,Country,LOC
114427089568235019,B,ORG
114427089568235019,##iden,MISC
114427089568235019,Overhang,ORG
114427089568235019,TARIF,ORG
114423346072431156,Defense,ORG
114423346072431156,Pete Hegseth,PER
114423346072431156,Donald J,PER
114423346072431156,Trump,PER
114423346072431156,America,LOC
114422033648855386,Donald Trump,PER
114422033648855386,Golden Age of America,MISC
114421994793893090,Americans,MISC
114421994793893090,God,PER
114421994793893090,Biblical,MISC
114421964827021828,Trump,PER
114421964827021828,American,MISC
114421964827021828,White House,LOC
114421964827021828,Republican Party,ORG
114421964827021828,Congress,ORG
114421957758661888,Americans,MISC
114421957758661888,Donald Trump,PER
114421954020400846,Donald Trump,PER
114421954020400846,United States,LOC
114421954020400846,Joe Biden,PER
114421954020400846,U. S.,LOC
114421954020400846,Trump,PER
114421928785432623,Donald J. Trump,PER
114421928785432623,White House,LOC
114421928785432623,American,MISC
114421928785432623,American,MISC
114421922580096394,Trump,PER
114421921447347549,Burg,PER
114421921447347549,##um,PER
114421921447347549,POTUS,ORG
114421868853801846,VA,ORG
114421868853801846,Doug Collins,PER
114421868853801846,Trump Administration,MISC
114421868853801846,Americas Veterans,ORG
114421868853801846,P,ORG
114421868853801846,Veterans,ORG
114421856443198074,Trump,PER
114421856443198074,Vance,PER
114421856443198074,Administration,MISC
114421856443198074,U. S. Department of Education,ORG
114421856443198074,Trump,PER
114421856443198074,Department,ORG
114421856443198074,Trump,MISC
114421856443198074,Vance,PER
114421856443198074,Administration,MISC
114421826540167059,American,MISC
114421826540167059,21st Century,MISC
114421805011603196,Auto Workers for Trump,ORG
114421805011603196,Brian Pannebeck,PER
114421805011603196,Detroit,LOC
114421805011603196,Trump,PER
114421764021968021,American,MISC
114421737602815558,America,LOC
114421724824943399,Bill Hagerty,PER
114421724824943399,American,MISC
114421724824943399,Democrat Party,ORG
114421712482899408,Maria Bartiromo,PER
114421694015203048,AMERICA,LOC
114421633366824263,J,PER
114421633366824263,##NS,PER
114421633366824263,ROTUN,LOC
114421606759697277,Trump,PER
114421082367450202,AM,LOC
114421082367450202,Danielle Alvarez,PER
114421082367450202,RNC,ORG
114421082367450202,Paul Perez,PER
114421082367450202,Border Patrol,ORG
114421082367450202,Fox & Friends,ORG
114419185611217033,F,ORG
114419185611217033,##ake News,ORG
114419185611217033,News,ORG
114419175691843654,USA,LOC
114419175691843654,International,ORG
114419175691843654,Trade,MISC
114419175691843654,Sleep,PER
114419175691843654,Joe Biden,PER
114419175691843654,AM,LOC
114419175691843654,##ERIC,ORG
114418229780158440,AM,LOC
114418229780158440,CITI,LOC
114415903776055788,Warren,PER
114415903776055788,Michigan,LOC
114415903776055788,Eastern,MISC
114417662551888762,Historic First 100 Days,MISC
114417662551888762,Presidential Personnel Office,ORG
114417662551888762,Department,ORG
114417662551888762,United States Department of Justice,ORG
114417662551888762,"State, Defense",ORG
114417662551888762,Treasury,ORG
114417662551888762,"Veterans Affairs, and Commerce",ORG
114417662551888762,AL,ORG
114417662551888762,R,ORG
114417662551888762,Patriots,MISC
114417662551888762,Country,MISC
114417662551888762,Golden Age,MISC
114417662551888762,AMERIC,ORG
114417662061589259,Historic First 100 Days,MISC
114417662061589259,Presidential Personnel Office,ORG
114417662061589259,Department,ORG
114417662061589259,United States Department of Justice,ORG
114417662061589259,"State, Defense",ORG
114417662061589259,Treasury,ORG
114417662061589259,"Veterans Affairs, and Commerce",ORG
114417662061589259,AL,ORG
114417662061589259,R,ORG
114417662061589259,Patriots,MISC
114417662061589259,Country,MISC
114417662061589259,Golden Age,MISC
114417662061589259,AMERIC,ORG
114417364027219606,John McGuire,PER
114417364027219606,America,MISC
114417364027219606,First,ORG
114417364027219606,Virginia,LOC
114417364027219606,Congressional District,LOC
114417364027219606,John,PER
114417364027219606,Great Country,LOC
114417364027219606,U,ORG
114417364027219606,.,LOC
114417364027219606,S. Navy,ORG
114417364027219606,Rural Virginia,LOC
114417364027219606,American Energy,ORG
114417364027219606,Amendment,MISC
114417364027219606,John,PER
114417364027219606,MA,ORG
114417364027219606,John McGuire,PER
114417332210818903,FEMA Review Council,ORG
114417332210818903,Council,ORG
114417332210818903,Defense,ORG
114417332210818903,Pete Hegseth,PER
114417332210818903,Homeland Security,ORG
114417332210818903,Kris,PER
114417332210818903,##ti Noem,PER
114417332210818903,Greg Abbott,PER
114417332210818903,Glenn Youngkin,PER
114417332210818903,Phil Bryant,PER
114417332210818903,Michael Whatley,PER
114417332210818903,Jane Castor,PER
114417332210818903,Kevin Guthrie,PER
114417332210818903,W,PER
114417332210818903,Ni,PER
114417332210818903,##m Kidd,PER
114417332210818903,Rosie Cordero,PER
114417332210818903,Stutz,PER
114417332210818903,Mark Cooper,PER
114417332210818903,Bob Fenton,PER
114417332210818903,Evan Greenberg,PER
114417332210818903,State,ORG
114417332210818903,MA,PER
114417332210818903,AM,LOC
114417332210818903,##ERICA,ORG
114377783798888758,Massapequa,LOC
114377783798888758,Long Island,LOC
114377783798888758,Massapequa Chiefs,ORG
114377783798888758,Teams,ORG
114377783798888758,Indian,MISC
114377783798888758,##School Board,ORG
114377783798888758,Schools,ORG
114377783798888758,Kansas City Chiefs,ORG
114377783798888758,Linda McMahon,PER
114377783798888758,Massapequa,LOC
114377783798888758,MA,LOC
114417114971503482,Scott Perry,PER
114417114971503482,Great People of Pennsylvania,ORG
114417114971503482,Congressional,MISC
114417114971503482,Army,ORG
114417114971503482,Scott,PER
114417114971503482,MAGA Warrior,MISC
114417114971503482,AMERICA,ORG
114417114971503482,Scott,PER
114417114971503482,Border,MISC
114417114971503482,Migrant Crime,MISC
114417114971503482,Military,ORG
114417114971503482,Rule of Law,MISC
114417114971503482,Amendment,MISC
114417114971503482,Pennsylvania Federal Leadership Team,ORG
114417114971503482,Scott Perry,PER
114417102068372350,Gabe Evans,PER
114417102068372350,America First,ORG
114417102068372350,Patriot,MISC
114417102068372350,Colorado,LOC
114417102068372350,Army,ORG
114417102068372350,##op,ORG
114417102068372350,Gabe,PER
114417102068372350,Nation,LOC
114417102068372350,Congress,ORG
114417102068372350,Border,ORG
114417102068372350,American Energy,ORG
114417102068372350,Second Amendment,MISC
114417102068372350,Enforcement,ORG
114417102068372350,Gabe Evans,PER
114417101345799325,Juan Ciscomani,PER
114417101345799325,Arizona,LOC
114417101345799325,Congressional,MISC
114417101345799325,POWERF,ORG
114417101345799325,##L Appropriations Committee,ORG
114417101345799325,Juan,PER
114417101345799325,Border,ORG
114417101345799325,V,ORG
114417101345799325,Enforcement,ORG
114417101345799325,Second Amendment,MISC
114417101345799325,Juan Ciscomani,PER
114417100472347708,Derrick Van Orden,PER
114417100472347708,America,MISC
114417100472347708,First,ORG
114417100472347708,Wisconsin,LOC
114417100472347708,Congressional,ORG
114417100472347708,District,LOC
114417100472347708,Navy,ORG
114417100472347708,Derrick,PER
114417100472347708,Congress,ORG
114417100472347708,Derrick,PER
114417100472347708,Great Farmers,ORG
114417100472347708,American Agriculture,ORG
114417100472347708,Migrant Crime,MISC
114417100472347708,Second Amendment,MISC
114417100472347708,Derrick Van Or,PER
114416887168755037,Washington Football Team,ORG
114416887168755037,Nations,ORG
114416887168755037,Capital,MISC
114416887168755037,Stadium Deal,MISC
114416887168755037,"Washington, D. C.",LOC
114416887168755037,Teams,ORG
114416887168755037,Economic Development,ORG
114416887168755037,"Washington, D. C.",LOC
114415618596069518,Canada,LOC
114415618596069518,Elec,ORG
114415618596069518,"Car, Steel, Aluminum, Lumber, Energy",ORG
114415618596069518,ZER,ORG
114415618596069518,Canada,LOC
114415618596069518,United States of America,LOC
114415618596069518,America,LOC
114415618596069518,Canada,LOC
114415618596069518,Canada,LOC
114414928875781139,Warren Zeiders,PER
114414895289941753,Free and Fair Press,ORG
114414895289941753,Country,LOC
114414895289941753,##OLLS,ORG
114414863742664682,John McLaughlin,PER
114414863742664682,The Failing,MISC
114414863742664682,New York Times,ORG
114414863742664682,ABC / Washington Post,ORG
114414863742664682,D,PER
114414863742664682,The New York Times,ORG
114414863742664682,ABC / Washington Post,ORG
114414863742664682,Trump Voters,ORG
114414863742664682,FoxNews,ORG
114414863742664682,Trump Derangement Syndrome,MISC
114414863742664682,Border,LOC
114414863742664682,AM,LOC
114414863742664682,##ER,ORG
114414863742664682,##IC,LOC
114412405334656020,Supreme Court,ORG
114412405334656020,AMERIC,LOC
114412380099590919,Radical Left Democrats,MISC
114412380099590919,Republican Congress,MISC
114412380099590919,Senators,MISC
114412380099590919,Patriot,MISC
114412380099590919,Republicans,MISC
114412380099590919,Party,ORG
114412380099590919,L,ORG
114412380099590919,##IT,ORG
114412380099590919,Republicans,MISC
114412380099590919,America,LOC
114411308844416576,Democrats,MISC
114411308844416576,ILLEGAL SCAM,ORG
114411308844416576,Dems,MISC
114411308844416576,C,PER
114411308844416576,Adam Schi,PER
114411308844416576,Sleep,PER
114411308844416576,Joe,PER
114411308844416576,USA,LOC
114411308844416576,Auto Pen,ORG
114411308844416576,Sc,PER
114411308844416576,B,PER
114411308844416576,##iden,PER
114411308844416576,Auto Pen,ORG
114411308844416576,D. C,LOC
114411308844416576,Country,LOC
114411159111822314,Michigan,LOC
114411159111822314,Republican,MISC
114411159111822314,Del,ORG
114411159111822314,Republicans,MISC
114411159111822314,Congress,ORG
114411159111822314,Historic First 100 Days,MISC
114411159111822314,Security Me,MISC
114411159111822314,Military,MISC
114411159111822314,Washington,LOC
114411159111822314,Economic Prosperity,MISC
114411159111822314,Golden Age of America,MISC
114411159111822314,AM,LOC
114411159111822314,##IC,LOC
114411157925493893,Columbus Day,MISC
114411157925493893,Democrats,MISC
114411157925493893,Christopher Columbus,PER
114411157925493893,Italians,MISC
114411157925493893,Statues,LOC
114411157925493893,Christopher,PER
114411157925493893,Columbus Day,MISC
114410073592204291,B,LOC
114410073592204291,##ONANZ,LOC
114410073592204291,AM,LOC
114410037014364322,Border,LOC
114410037014364322,Administration,ORG
114410037014364322,America,LOC
114406186212473866,Courts,ORG
114406186212473866,America,LOC
114406186212473866,C,PER
114406186212473866,Joe Biden,PER
114406186212473866,Open Border,MISC
114406186212473866,Country,LOC
114406186212473866,Criminal,MISC
114406186212473866,U. S,LOC
114406186212473866,A,LOC
114406185820566958,American,MISC
114406185820566958,Military,ORG
114406185820566958,Panama,LOC
114406185820566958,Suez Canals,LOC
114406185820566958,Canal,LOC
114406185820566958,United States of America,LOC
114406185820566958,Marco Rubio,PER
114404524335638236,Russia,LOC
114404524335638236,Ukraine,LOC
114404524335638236,The Failing New York Times,ORG
114404524335638236,Li,PER
114404524335638236,##ddle Peter Baker,PER
114404524335638236,The Times,ORG
114404524335638236,Ukraine,LOC
114404524335638236,Crimea,LOC
114404524335638236,World War II,MISC
114404524335638236,Obama,PER
114404524335638236,Russia,LOC
114404524335638236,Crimea,LOC
114404524335638236,Ukraine,LOC
114404524335638236,Li,PER
114404524335638236,##ddle Peter,PER
114404524335638236,Biography,MISC
114404524335638236,Obama,PER
114404524335638236,Baker,PER
114404524335638236,Obama Crimea,MISC
114404524335638236,Ukraine,LOC
114404524335638236,Obama,PER
114404524335638236,Sleepy Joe Bidens War,MISC
114404524335638236,Obama,PER
114404524335638236,B,PER
114404524335638236,##iden,PER
114404524335638236,Putin,PER
114404524335638236,or,MISC
114404524335638236,Secondary,ORG
114404524335638236,San,MISC
114400805703099287,Rome,LOC
114400805703099287,Russia,LOC
114400805703099287,Ukraine,LOC
114400805703099287,END,ORG
114400583767375750,NFL,ORG
114400583767375750,De,PER
114400583767375750,##ion Sanders,PER
114400583767375750,NFL,ORG
114400583767375750,She,PER
114400583767375750,##de,PER
114400583767375750,##ur,PER
114400583767375750,Shede,PER
114400583767375750,##ur,PER
114400448382660700,Africa,LOC
114400448382660700,Administration,ORG
114400030944429028,Ukraine,LOC
114400030944429028,Vol,PER
114400030944429028,##odymy,PER
114400030944429028,##r Zelenskyy,PER
114400030944429028,Rare Earths Deal,MISC
114400030944429028,United States,LOC
114400030944429028,Peace Deal,MISC
114400030944429028,Russia,LOC
114400030944429028,Ukraine,LOC
114399870830051429,Charles Payne,PER
114399870830051429,Fox,ORG
114399870830051429,Ta,MISC
114399870830051429,Life,MISC
114399870830051429,T,ORG
114399870830051429,MA,ORG
114399870830051429,Charles Payne,PER
114398053438634680,Trump,PER
114398053438634680,Executive Order,MISC
114398053438634680,Americans,MISC
114398045845237473,AMER,ORG
114393736523039807,Jeffrey Goldberg,PER
114393736523039807,The Atlantic,ORG
114393736523039807,Suckers and Losers,MISC
114393736523039807,SignalGate,ORG
114393736523039807,Jeffrey,PER
114393736523039807,Michael Scherer,PER
114393736523039807,Ashley Parker,PER
114393736523039807,pro,MISC
114393736523039807,Trump,PER
114393736523039807,Century,MISC
114393736523039807,The Atlantic,ORG
114393469355437462,Boeing,ORG
114393469355437462,China,LOC
114393469355437462,China,LOC
114393469355437462,China,LOC
114393469355437462,USA,LOC
114393469355437462,Fentany,ORG
114393469355437462,Country,LOC
114393469355437462,China,LOC
114393469355437462,Mexico,LOC
114393469355437462,Canada,LOC
114393275364471638,Rupert Murdoch,PER
114393275364471638,FoxNews,ORG
114393275364471638,Trump Hating,ORG
114393275364471638,F,ORG
114393275364471638,Pollster,ORG
114393275364471638,MAGA,ORG
114393275364471638,China Loving Wall Street Journal,ORG
114393194962253226,Harvard,ORG
114393194962253226,Anti - Semitic,MISC
114393194962253226,Far,ORG
114393194962253226,Left,MISC
114393194962253226,Institution,ORG
114393194962253226,World,LOC
114393194962253226,Liberal,MISC
114393194962253226,American Apple Pie,MISC
114393194962253226,Harvard,ORG
114393194962253226,Democracy,ORG
114392937947872770,SOUTH,ORG
114392937947872770,##N BOR,ORG
114392937947872770,USA,LOC
114392923237368367,Russian,MISC
114392923237368367,K,MISC
114392923237368367,Vladimir,PER
114392923237368367,Peace Deal,MISC
114392724515353626,H,PER
114392724515353626,O,MISC
114392724515353626,AMERIC,LOC
114392724515353626,##A,ORG
114388111141848447,Ukrainian,MISC
114388111141848447,Vol,PER
114388111141848447,##odymy,PER
114388111141848447,##r Zelenskyy,PER
114388111141848447,The Wall Street Journal,ORG
114388111141848447,Ukraine,LOC
114388111141848447,Crimea,LOC
114388111141848447,Peace Negotiations with,MISC
114388111141848447,Russia,LOC
114388111141848447,Crimea,LOC
114388111141848447,Barack Hussein Obama,PER
114388111141848447,Zelensky,PER
114388111141848447,Crimea,LOC
114388111141848447,Russian,MISC
114388111141848447,Territory,LOC
114388111141848447,Crimea,LOC
114388111141848447,Russia,LOC
114388111141848447,Obama,PER
114388111141848447,Russian,MISC
114388111141848447,Z,PER
114388111141848447,War,MISC
114388111141848447,Ukraine,LOC
114388111141848447,Russia,LOC
114388111141848447,Russian,MISC
114388111141848447,Ukrainian,MISC
114388111141848447,Zele,PER
114388111141848447,Ukraine,LOC
114388111141848447,Russia,LOC
114388111141848447,Total,MISC
114387538306195784,Perkins Coie,ORG
114387538306195784,Be,PER
114387538306195784,##ryl Howell,PER
114387538306195784,Obama,PER
114387538306195784,Trump Derangement Syndrome,MISC
114387538306195784,Be,PER
114387538306195784,##ryl Howell,PER
114382687269815844,Kashmir,LOC
114382687269815844,United States,LOC
114382687269815844,India,LOC
114382687269815844,Terrorism,MISC
114382687269815844,Mo,PER
114382687269815844,##di,PER
114382687269815844,India,LOC
114382248962521077,Israel,LOC
114382248962521077,B,PER
114382248962521077,##ibi Netanyahu,PER
114382248962521077,Trade,MISC
114382248962521077,Iran,LOC
114381682443037273,Dana Perino,PER
114381682443037273,FoxNews Star,ORG
114381682443037273,Wish,MISC
114381682443037273,Told,MISC
114379314291410399,Co,MISC
114379314291410399,Ad,MISC
114379314291410399,GRE,MISC
114379314291410399,University of Alabama,ORG
114378371957337028,Ki,PER
114378371957337028,##lma,PER
114378371957337028,##r Abrego Garcia,PER
114378371957337028,Courts,ORG
114378371957337028,Democrats,MISC
114378371957337028,Maryland,LOC
114378371957337028,MS,MISC
114378371957337028,13,MISC
114378371957337028,Country,LOC
114378317437182332,B,PER
114378317437182332,Criminal,MISC
114378317437182332,Country,LOC
114378317437182332,Alien,MISC
114378317437182332,U,LOC
114378317437182332,S,LOC
114378317437182332,AM,LOC
114378317437182332,##IC,LOC
114378287917044509,Ka,PER
114378287917044509,##rri,PER
114378287917044509,##n Taylor Robson,PER
114378287917044509,Arizona,LOC
114378287917044509,Andy Biggs,PER
114378287917044509,AMERIC,LOC
114378035138845295,Steve Daines,PER
114378035138845295,Great Man,MISC
114378035138845295,Fantastic People of,ORG
114378035138845295,Montana,LOC
114378035138845295,Montana,LOC
114378035138845295,Senate,ORG
114378035138845295,National Republican Senatorial Committee,ORG
114378035138845295,N,ORG
114378035138845295,##RSC,ORG
114378035138845295,Steve,PER
114378035138845295,Election,MISC
114378035138845295,America First Patriots,ORG
114378035138845295,Senate,ORG
114378035138845295,Steve,PER
114378035138845295,V,ORG
114378035138845295,American Energy,MISC
114378035138845295,Second Amendment,MISC
114378035138845295,Steve Daines,PER
114378035138845295,Great State of Montana,LOC
114377993807616549,Courts,ORG
114377993807616549,U. S. Supreme Court,ORG
114377993807616549,Venezuela,LOC
114377993807616549,Courts,ORG
114377993807616549,Radical Left,MISC
114377993807616549,Supreme Court,ORG
114377993807616549,Samuel Alito,PER
114377993807616549,AMERIC,LOC
114377993063822566,Radical Left,ORG
114377993063822566,Re,MISC
114377993063822566,In,MISC
114377719179993844,Mel,PER
114377719179993844,##ania,PER
114377719179993844,Pope,PER
114377719179993844,Francis,PER
114377719179993844,Rome,LOC
114376655236734018,Pope Francis,PER
114376655236734018,United States,LOC
114376655236734018,Constitution,MISC
114376655236734018,United States of America,LOC
114376655236734018,United States,LOC
114376655236734018,White House,LOC
114376655236734018,Federal Government,ORG
114376655236734018,District of Columbia,LOC
114376655236734018,United States,LOC
114376655236734018,United States,LOC
114376239725335883,Energy Co,ORG
114376239725335883,Too,PER
114376239725335883,Europe,LOC
114376239725335883,Powell,PER
114376239725335883,Election,MISC
114376239725335883,Sleep,PER
114376239725335883,Joe Biden,PER
114376239725335883,Kamal,PER
114375838396081159,Pope Francis,PER
114375838396081159,God,PER
114372351596556599,Agricultural Standards,MISC
114372351596556599,EU,ORG
114372351596556599,Technical Standards,MISC
114372351596556599,Japan,LOC
114372350378942829,LIBERAT,MISC
114372350378942829,Leaders,MISC
114372350378942829,Executive,ORG
114372350378942829,Great Country,LOC
114372350378942829,##IP,MISC
114372350378942829,America,LOC
114372350378942829,America,LOC
114372349322321344,##tic Democrats,MISC
114372349322321344,Fake News Media,ORG
114372349322321344,Ki,PER
114372349322321344,Armando Abrego Garcia,PER
114372349322321344,L,ORG
114372349322321344,Garcia,PER
114372349322321344,Courts,ORG
114372349322321344,MS,MISC
114372349322321344,13,MISC
114372349322321344,Country,LOC
114372349322321344,De,MISC
114372349322321344,Order,MISC
114372349322321344,Liberals,MISC
114372349322321344,Mainstream Media,ORG
114372349322321344,Country,LOC
114372349322321344,American People,MISC
114372349322321344,Agencies,ORG
114372349322321344,Courts,ORG
114372349322321344,AMERIC,ORG
114372346621591852,China,LOC
114372346621591852,Pacific Ocean,LOC
114372341048664554,Grass,PER
114372341048664554,Senate Democrats Promotion of Unchecked,ORG
114372341048664554,Power,ORG
114372341048664554,Legislative Action,MISC
114226364881308099,Senate Judiciary,ORG
114226364881308099,Chuck Grassley,PER
114226364881308099,United States,LOC
114226364881308099,Supreme Court,ORG
114226364881308099,Congress,ORG
114372165978000486,B,MISC
114372165978000486,Easter Egg Hunt,MISC
114372165978000486,White House,LOC
114372165978000486,M,LOC
114372126396548824,H,PER
114372126396548824,RUS,LOC
114372126396548824,##SI,PER
114372126396548824,AMERICA,ORG
114372085732582216,BUS,ORG
114372085732582216,##ESSMEN WHO,ORG
114372085732582216,BUS,LOC
114372085732582216,##ESS,LOC
114372085732582216,POLIT,LOC
114372085732582216,##ICS,LOC
114372085732582216,AM,MISC
114372052807631514,AM,LOC
114372052807631514,J,ORG
114370637123886922,America,LOC
114370637123886922,AMERIC,LOC
114370637123886922,##A,MISC
114370361342759621,Radical Left,MISC
114370361342759621,##tics,MISC
114370361342759621,Lords,MISC
114370361342759621,Prison,MISC
114370361342759621,MS - 13,MISC
114370361342759621,Sleep,PER
114370361342759621,Joe Biden,PER
114370361342759621,Country,LOC
114370361342759621,Open Borders Policy,MISC
114370361342759621,America,LOC
114370361342759621,Auto Pen,ORG
114370361342759621,Presidential Election,MISC
114370361342759621,Mo,PER
114370333902322250,Mel,PER
114370333902322250,##ania,PER
114370333902322250,Service,ORG
114370333902322250,Jesus Christ,PER
114366947795800699,Easter,MISC
114366947795800699,White House,LOC
114361211919694573,Democrats,MISC
114361211919694573,United States,LOC
114361211919694573,MS,MISC
114361211919694573,13,MISC
114361211919694573,MS,MISC
114361211919694573,13,MISC
114361211919694573,MS,MISC
114361211919694573,13,MISC
114361211919694573,United States,LOC
114361211919694573,AMERIC,LOC
114360632714487285,Day One,MISC
114360632714487285,Order,MISC
114360632714487285,Office of Personnel Management,ORG
114360632714487285,Civil Service Regulations,MISC
114360632714487285,Policy,MISC
114360632714487285,Federal Workforce,ORG
114359040827344338,Georgia Meloni,PER
114359040827344338,Italy,LOC
114359040827344338,White House,LOC
114359025219551578,Chris Van Hollen,PER
114359025219551578,Maryland,LOC
114359025219551578,El Salvador,LOC
114359025219551578,F,ORG
114359025219551578,##ake News Media,ORG
114359025219551578,##RA,MISC
114357043475202498,Virginia,LOC
114357043475202498,AG,ORG
114357043475202498,New York,LOC
114357043475202498,Let,PER
114357043475202498,James,PER
114357043475202498,Trump,PER
114355616823261590,Homeland Security Advisory Council,ORG
114355616823261590,HSAC,ORG
114355616823261590,Ex,ORG
114355616823261590,HSAC,ORG
114355616823261590,South Carolina,LOC
114355616823261590,Henry McMaster,PER
114355616823261590,Mark Levin,PER
114355616823261590,Bo Dietl,PER
114355616823261590,Joseph Gruters,PER
114355616823261590,Homeland Security,ORG
114355616823261590,Kris,PER
114355616823261590,##ti Noems,PER
114355616823261590,HSAC,ORG
114355616823261590,St,ORG
114355616823261590,Il,ORG
114355616823261590,Criminal Thu,ORG
114355616823261590,Fen,ORG
114355616823261590,##tany,MISC
114355616823261590,Citizens,MISC
114355616823261590,AMERIC,LOC
114355616823261590,##A,ORG
114354225021338752,Italy,LOC
114354225021338752,G,PER
114354225021338752,##ior,PER
114354225021338752,##gia Meloni,PER
114354225021338752,White House,LOC
114353534045469485,Trump,PER
114353534045469485,WH Easter Prayer Service,MISC
114353534045469485,Holy Week,MISC
114353534045469485,God,PER
114353534045469485,Gods,PER
114353534045469485,United States,LOC
114353467767721095,Greg Abbott,PER
114353467767721095,Dan Patrick,PER
114353467767721095,Dustin Burrows,PER
114353467767721095,Texas,LOC
114353467767721095,SC,MISC
114353467767721095,Great,MISC
114353467767721095,State of,LOC
114353467767721095,Texas,LOC
114353467767721095,United States,LOC
114353467767721095,AMERIC,LOC
114353201227355474,Mexico,LOC
114353201227355474,Japanese,MISC
114353201227355474,Representatives,ORG
114353201227355474,China,LOC
114353201227355474,Italy,LOC
114353130958010667,American Samoa,LOC
114353130958010667,Flag Day,MISC
114353130958010667,American Samoa,LOC
114353130958010667,United States,LOC
114353130958010667,Great American Flag,MISC
114353130958010667,Stars and Stripes,ORG
114353130958010667,Samoa,LOC
114353130958010667,History of the World,MISC
114353130958010667,American Samoa,LOC
114353130958010667,Athletics,MISC
114353130958010667,American Samoa,MISC
114353130958010667,National Intelligence,ORG
114353130958010667,Tuls,PER
114353130958010667,##i Gabbard,PER
114353130958010667,United States,LOC
114353130958010667,Historic Milestone,MISC
114353130958010667,Flag Day,MISC
114353130958010667,AMERIC,LOC
114352766082542122,ECB,ORG
114352766082542122,Jerome Powell,PER
114352766082542122,Fed,ORG
114352766082542122,USA,LOC
114352766082542122,T,ORG
114352766082542122,ECB,ORG
114352766082542122,Powell,PER
114349929882626042,Jay Clayton,PER
114349929882626042,United States,LOC
114349929882626042,Southern District of,LOC
114349929882626042,New York,LOC
114349929882626042,Jay,PER
114349929882626042,Securities and Exchange Commission,ORG
114349929882626042,Jay,PER
114349929882626042,Southern District,LOC
114349929882626042,New York,LOC
114349929882626042,B,MISC
114349929882626042,##isan,MISC
114349929882626042,Jay,PER
114349929882626042,Senate,ORG
114349929882626042,B,MISC
114349929882626042,##isan,MISC
114349929882626042,ALL,ORG
114349929882626042,Senate Judiciary Committee,ORG
114349929882626042,Chuck Schum,PER
114349929882626042,New York,LOC
114349929882626042,. S.,LOC
114349929882626042,Southern District,ORG
114349929882626042,Department of Justice,ORG
114349929882626042,Financial Markets,ORG
114349929882626042,New Yorker,MISC
114349929882626042,New York,LOC
114349929882626042,Southern District,LOC
114349929882626042,Jay,PER
114349929882626042,Senate,ORG
114349871024459620,Il,MISC
114349871024459620,Mi,MISC
114349871024459620,Joe Biden,PER
114349871024459620,Border,LOC
114349871024459620,Il,MISC
114349871024459620,Country,LOC
114349871024459620,Court System,MISC
114349871024459620,Country,LOC
114349871024459620,Democrats,MISC
114349871024459620,C,PER
114349871024459620,##rook,PER
114349871024459620,Joe Biden,PER
114349871024459620,Policy of Common Sense,MISC
114349871024459620,Common Sense,MISC
114349871024459620,Sleep,PER
114349871024459620,Joe Biden,PER
114349871024459620,Il,MISC
114349871024459620,America,LOC
114349841902096375,Japanese,MISC
114349841902096375,Del,ORG
114348450615002470,Tom Homan,PER
114348450615002470,Democrats,MISC
114348450615002470,MS,MISC
114348450615002470,13,MISC
114348224335547565,U. S. Border Patrol,ORG
114348224335547565,Mike Banks,PER
114348224335547565,Border Patrol,ORG
114347397237866545,Joe Biden,PER
114347397237866545,Criminal,MISC
114347397237866545,Country,LOC
114347397237866545,Open Border,MISC
114347397237866545,MA,PER
114347313852363347,Harvard,ORG
114347313852363347,New York,LOC
114347313852363347,Bill D,PER
114347313852363347,Chicago,LOC
114347313852363347,Lori L,PER
114347313852363347,Country,LOC
114347313852363347,Radical Left,MISC
114347313852363347,Harvard,ORG
114347313852363347,Radical Left,MISC
114347313852363347,Harvard,ORG
114347313852363347,United,ORG
114347313852363347,States,LOC
114347313852363347,States Congress,ORG
114347313852363347,Leftist,MISC
114347313852363347,Harvard,ORG
114347313852363347,Harvard,ORG
114347313852363347,Worlds Great,MISC
114347313852363347,Harvard,ORG
114347313852363347,Federal Funds,MISC
114347128422370864,Japan,LOC
114347128422370864,Treasury & Commerce Secretaries,ORG
114347128422370864,Japan,LOC
114347128422370864,USA,LOC
114345526663892197,United States,LOC
114345470440861946,Fake News MSNBC,ORG
114345470440861946,CNN,ORG
114345470440861946,Comcast,ORG
114345470440861946,NBC,ORG
114345470440861946,NBC,ORG
114345470440861946,MSNBC,ORG
114345470440861946,Comcast,ORG
114345470440861946,Brian Roberts,PER
114345470440861946,Broadcasting,ORG
114345470440861946,!!,MISC
114342518862792060,Front Line,LOC
114342518862792060,China,LOC
114342518862792060,Trade negotiation,MISC
114342518862792060,Trade War,MISC
114342518862792060,Te,MISC
114342518862792060,China,LOC
114342518862792060,Patriots,MISC
114342518862792060,China,LOC
114342518862792060,USA,LOC
114342518862792060,C,PER
114342518862792060,Joe Biden,PER
114342518862792060,China,LOC
114342518862792060,Trump Administration,MISC
114342518862792060,ZER,ORG
114342518862792060,Crooked Biden Administration,ORG
114342518862792060,Boeing,ORG
114342518862792060,USA,LOC
114342374504628520,Harvard,ORG
114342374504628520,P,MISC
114341773968885783,N,ORG
114341773968885783,##VI,LOC
114341773968885783,##DIA,ORG
114341773968885783,A,ORG
114341773968885783,I,ORG
114341773968885783,N,LOC
114341773968885783,##VI,LOC
114341773968885783,##DI,ORG
114341773968885783,##A,LOC
114341773968885783,Golden Age of America,MISC
114339966797907461,NBC,ORG
114339966797907461,Poll,MISC
114339966797907461,MAGA,ORG
114338831106475110,Il,MISC
114338831106475110,Criminal,MISC
114338831106475110,Country,LOC
114338831106475110,C,PER
114338831106475110,##rook,PER
114338831106475110,Joe Biden,PER
114338831106475110,Rachel Mo,PER
114338831106475110,Rachel,PER
114338831106475110,Maryland,LOC
114338831106475110,Fake News,ORG
114338831106475110,Maryland,LOC
114338831106475110,Maryland,LOC
114338831106475110,MS,MISC
114338831106475110,13,MISC
114338831106475110,El Salvador,LOC
114338831106475110,Rachel Mo,PER
114338831106475110,Country,LOC
114338831106475110,AM,LOC
114338831106475110,##ER,ORG
114338831106475110,##IC,LOC
114338375079660274,Record Setting,MISC
114338375079660274,The Kennedy Center,LOC
114333875444620545,Buke,PER
114333875444620545,##le,PER
114333875444620545,El Salvador,LOC
114333875444620545,White House,LOC
114336879485867419,N,ORG
114336879485867419,##VIDIA,ORG
114336879485867419,American,MISC
114336879485867419,Made AI Supercom,MISC
114336879485867419,US,LOC
114336740381919950,Rory,PER
114336740381919950,Masters,MISC
114336723764365914,War,MISC
114336723764365914,Russia,LOC
114336723764365914,Ukraine,LOC
114336723764365914,B,MISC
114336723764365914,Putin,PER
114336723764365914,Presidential Election,MISC
114336723764365914,War,MISC
114336723764365914,Zelensky,PER
114336723764365914,C,PER
114336723764365914,Joe Biden,PER
114336642481948430,Daniel Noboa,PER
114336642481948430,Ecuador,LOC
114334087867258791,Let,PER
114334087867258791,##iti,PER
114334087867258791,##a James,PER
114334087867258791,New York,LOC
114334087867258791,YOR,LOC
114333660655935996,60 Minutes,ORG
114333660655935996,Presidential Election,MISC
114333660655935996,Interview,MISC
114333660655935996,Kamala Harris,PER
114333660655935996,Weekend,MISC
114333660655935996,Ukraine,LOC
114333660655935996,2020 Election,MISC
114333660655935996,Greenland,LOC
114333660655935996,60 Minutes,ORG
114333660655935996,CBS Fake News,ORG
114333660655935996,Paramount,ORG
114333660655935996,Kamal,PER
114333660655935996,Interview,MISC
114333660655935996,News Show,MISC
114333660655935996,News,ORG
114333660655935996,Federal Communications Commission,ORG
114333660655935996,FCC,ORG
114333660655935996,Brendan Carr,PER
114333660655935996,CBS,ORG
114333660655935996,AM,LOC
114333660655935996,##ERIC,ORG
114333659248371323,60 Minutes,MISC
114333659248371323,FAKE News Show,MISC
114333659248371323,Kamal,PER
114333659248371323,##a Harris,PER
114333659248371323,60 Minutes,ORG
114333659248371323,Election Day,MISC
114333659248371323,Kamal,PER
114333659248371323,CBS Fake News,ORG
114333344307437413,Holy Week,MISC
114333344307437413,Mel,PER
114333344307437413,##ania,PER
114333344307437413,Christians,MISC
114333344307437413,Jesus Christ,PER
114333344307437413,God,PER
114333344307437413,Heaven,LOC
114333344307437413,Trump,PER
114327412368866177,Jewish,MISC
114327412368866177,Passover,MISC
114327412368866177,God,PER
114327412368866177,Jewish,MISC
114327412368866177,State of Israel,LOC
114327412368866177,United States of America,LOC
114333582402241548,Holy Week,MISC
114333582402241548,Christians,MISC
114333582402241548,C,MISC
114333582402241548,Jesus Christ,PER
114333582402241548,Christians,MISC
114333582402241548,Jesus,PER
114333582402241548,Cross,LOC
114333582402241548,Christians,MISC
114333582402241548,America,LOC
114333582402241548,Believe,MISC
114333582402241548,God,PER
114333582402241548,God,PER
114332342610034728,World,MISC
114332342610034728,Joe B,PER
114332342610034728,ISIS,ORG
114332342610034728,Daniel Caine,PER
114332342610034728,Joint Chiefs of Staff,ORG
114332342610034728,Somali People,MISC
114332342610034728,Houthis,MISC
114332337028519855,NOBOD,ORG
114332337028519855,Balance,MISC
114332337028519855,China,LOC
114332337028519855,Ta,MISC
114332337028519855,Fentany,MISC
114332337028519855,Ta,MISC
114332337028519855,F,ORG
114332337028519855,##ake News,ORG
114332337028519855,Semi,ORG
114332337028519855,##conductor,MISC
114332337028519855,WHO,MISC
114332337028519855,E,MISC
114332337028519855,National Security,ORG
114332337028519855,Tariff Investigations,MISC
114332337028519855,United States,LOC
114332337028519855,China,LOC
114332337028519855,American People,MISC
114332337028519855,Golden Age of America,MISC
114332337028519855,Tax and Regulation,MISC
114332337028519855,House,ORG
114332337028519855,Senate,ORG
114332337028519855,China,LOC
114332337028519855,MA,PER
114332337028519855,AMERIC,LOC
114327375256344311,B,PER
114327375256344311,##uke,PER
114327375256344311,##le,PER
114327375256344311,El Salvador,LOC
114327375256344311,Nations,ORG
114327375256344311,Pro,ORG
114327375256344311,B,PER
114327375256344311,##uke,PER
114327375256344311,Nations,ORG
114327375256344311,World,LOC
114327375256344311,United States,LOC
114327375256344311,El Salvador,LOC
114327375256344311,B,PER
114321989500112442,South Africa,LOC
114321989500112442,G20 Meeting,MISC
114321989500112442,Land Con,MISC
114321989500112442,##scation and Genocide,MISC
114321989500112442,Farmers,MISC
114321989500112442,Media,ORG
114321989500112442,United States,LOC
114321989500112442,South Africa,LOC
114321989500112442,G20,MISC
114321895832364816,Douglas Murray,PER
114321895832364816,On Democracies and Death Cults,MISC
114321895832364816,Se,MISC
114321895832364816,Douglas,PER
114321895832364816,Hamas,ORG
114321895832364816,Israel,LOC
114321895832364816,Israel,LOC
114321895832364816,America,LOC
114321895832364816,Israel,LOC
114320325008375266,Trump,PER
114320325008375266,Cabinet,ORG
114320325008375266,B,PER
114320315581878640,Trump,PER
114320315581878640,Social Security,ORG
114320258692162203,Stuart Varney,PER
114320258692162203,Trump,PER
114320258692162203,America,LOC
114320258692162203,Trump,PER
114320245355397433,Donald,PER
114320245355397433,J.,ORG
114320245355397433,Trump,PER
114320245355397433,Kirkland & Ellis LLP,ORG
114320245355397433,Allen Overy Shearman Sterling US LLP,ORG
114320245355397433,Simpson Thacher & Bartlett LLP,ORG
114320245355397433,Latham & Watkins LLP,ORG
114320245355397433,Law Firms,ORG
114320245355397433,Law Firms,ORG
114320245355397433,Law Firms,ORG
114320245355397433,Trump,PER
114320245355397433,Administration,MISC
114320245355397433,Trump,PER
114320245355397433,Law Firms,ORG
114320245355397433,Ser,ORG
114320245355397433,Military,ORG
114320245355397433,Gold Star,ORG
114320245355397433,Law Enforcement,ORG
114320245355397433,First Responders,ORG
114320245355397433,Justice System,MISC
114320245355397433,Antisemit,MISC
114320245355397433,Law Firms,ORG
114320245355397433,Conservative,MISC
114320245355397433,Law Firms,ORG
114320245355397433,Kirkland & Ellis LLP,ORG
114320245355397433,Allen Overy Shearman Sterling US LLP,ORG
114320245355397433,Simpson Thacher & Bartlett LLP,ORG
114320245355397433,Latham & Watkins LL,ORG
114320245355397433,Law Firms,ORG
114320245355397433,Law Firms,ORG
114320245355397433,DE,MISC
114320245355397433,Law Firms,ORG
114320245355397433,Can,ORG
114320245355397433,Can,ORG
114320245355397433,Trump Administration,ORG
114320245355397433,Republican,MISC
114320245355397433,Democrat Administration,ORG
114320245355397433,Law Firms,ORG
114320245355397433,Law Firms,ORG
114320245355397433,Law,ORG
114320244770957852,White House,LOC
114320244770957852,Trump,PER
114320244770957852,Administration,ORG
114320244770957852,We,MISC
114320244770957852,Justice System,MISC
114320244770957852,Legal Profession,ORG
114320244770957852,American People,MISC
114320244770957852,Age of Partisan Lawfare,MISC
114320244770957852,America,MISC
114320244770957852,Trump,PER
114320244770957852,Administration,ORG
114320244770957852,U,ORG
114320244770957852,. S.,LOC
114320244770957852,Equal Employment Opportunity Commission,ORG
114320244770957852,EEOC,ORG
114320244770957852,Employment Opportunity,MISC
114320244770957852,Justice System,MISC
114320244770957852,Trump,PER
114320244770957852,Jon A. Ballis,PER
114320244770957852,Kirkland & Ellis,ORG
114320244770957852,Khalid Garousha,PER
114320244770957852,A,ORG
114320244770957852,##O,PER
114320244770957852,Shearman,ORG
114320244770957852,Alden Millard,PER
114320244770957852,Simpson Thachers Executive Committee,ORG
114320244770957852,Richard M. Trobman,PER
114320244770957852,Latham & Watkins,ORG
114320237164839938,Donald J,PER
114320237164839938,Trump,PER
114320237164839938,C,PER
114320237164839938,##ad,PER
114320237164839938,W,ORG
114320237164839938,##ickersham & Taft,ORG
114320237164839938,LLP,ORG
114320237164839938,C,ORG
114320237164839938,C,PER
114320237164839938,##ad,PER
114320237164839938,C,PER
114320237164839938,##ad,PER
114320237164839938,Legal Services,ORG
114320237164839938,Trump,PER
114320237164839938,Administration,MISC
114320237164839938,Trump,PER
114320237164839938,C,PER
114320237164839938,##ad,PER
114320237164839938,Military,ORG
114320237164839938,Gold Star,ORG
114320237164839938,Law Enforcement,ORG
114320237164839938,First Responders,ORG
114320237164839938,Justice System,ORG
114320237164839938,##se,MISC
114320237164839938,Committee,ORG
114320237164839938,Conservative,MISC
114320237164839938,C,ORG
114320237164839938,Based,MISC
114320237164839938,DE,MISC
114320237164839938,C,PER
114320237164839938,##ad,PER
114320237164839938,C,ORG
114320237164839938,Trump Administration,ORG
114320237164839938,Republican,MISC
114320237164839938,Democrat,MISC
114320237164839938,Administration,ORG
114320237164839938,C,PER
114320237164839938,Law,MISC
114320237164839938,Anti - Discrimination Laws,MISC
114320237164839938,C,PER
114320237164839938,##ad,PER
114320237164839938,National Law,ORG
114320236639062571,White House,LOC
114320236639062571,Trump,PER
114320236639062571,Administration,ORG
114320236639062571,C,ORG
114320236639062571,##ad,PER
114320236639062571,##der,ORG
114320236639062571,Wickersham & Taft,ORG
114320236639062571,LLP,ORG
114320236639062571,We,MISC
114320236639062571,Justice System,MISC
114320236639062571,Legal Profession,ORG
114320236639062571,Partisan Lawfare,ORG
114320236639062571,United States of America,LOC
114320236639062571,Liberty and Justice,ORG
114320236639062571,ALL,ORG
114320236639062571,C,PER
114320236639062571,##ad,PER
114320236639062571,Patrick Quinn,PER
114320236639062571,C,PER
114320236639062571,##ad,PER
114320236639062571,Trump,PER
114320236639062571,Administration,ORG
114320236639062571,C,PER
114320236639062571,##ad,PER
114320236639062571,Justice,ORG
114320236639062571,Trump,PER
114320236639062571,Administration,ORG
114319659315817918,House,ORG
114319659315817918,Senate,ORG
114319659315817918,Daylight,MISC
114319592702753512,Russia,LOC
114319533589155171,America,LOC
114319533589155171,World,MISC
114316199673595819,Hudson River,LOC
114316199673595819,God,PER
114316199673595819,Transportation,ORG
114316199673595819,Sean Duffy,PER
114316141098255318,Mexico,LOC
114316141098255318,Texas,LOC
114316141098255318,Water Treaty,MISC
114316141098255318,Mexico,LOC
114316141098255318,Treaty,MISC
114316141098255318,South Texas Farmers,ORG
114316141098255318,Sugar Mill,ORG
114316141098255318,Texas,LOC
114316141098255318,Mexico,LOC
114316141098255318,Texas Farmers,ORG
114316141098255318,Ted Cruz,PER
114316141098255318,South Texas,LOC
114316141098255318,Sleep,PER
114316141098255318,Joe,PER
114316141098255318,Farmers,ORG
114316141098255318,Mexico,LOC
114316141098255318,Texas Farmers,ORG
114316141098255318,Tijuana,LOC
114316141098255318,Mexico,LOC
114316141098255318,Water Treaty,MISC
114316141098255318,Brooke Rollins,PER
114316141098255318,Texas Farmers,ORG
114316141098255318,Mexico,LOC
114316141098255318,Treaty,MISC
114316141098255318,##EX,ORG
114316139821071778,William,PER
114316139821071778,"Billy "" Marshall III",PER
114316139821071778,Great,MISC
114316139821071778,State,LOC
114316139821071778,West Virginia,LOC
114316139821071778,S,MISC
114316139821071778,Bureau of Prisons,ORG
114316139821071778,Billy,PER
114316139821071778,Enforcement,ORG
114316139821071778,West Virginia State Police,ORG
114316139821071778,West Virginia,LOC
114316139821071778,Division,ORG
114316139821071778,Corrections and Rehabilitation,ORG
114316139821071778,Billy,PER
114316139821071778,Criminal Justice,ORG
114316139821071778,System,MISC
114316139821071778,Billy,PER
114316044643910190,Mark Walker,PER
114316044643910190,North Carolina,LOC
114316044643910190,S,MISC
114316044643910190,United States,LOC
114316044643910190,International Religious Freedom,ORG
114316044643910190,Mark,PER
114316044643910190,House Leadership,ORG
114316044643910190,House Homeland Securitys Counterterrorism and Intelligence Subcommittee,ORG
114316044643910190,Republican Study Committee,ORG
114316044643910190,Mark,PER
114316044643910190,Victor,MISC
114316044643910190,Mark,PER
114316044643910190,Human Rights Violations,MISC
114316044643910190,Faith,PER
114316044643910190,Saving,MISC
114316044643910190,Mark,PER
114316044643910190,Kelly Walker,PER
114316044643910190,U,ORG
114316044643910190,. S.,LOC
114316044643910190,Air Force Reserves,ORG
114316044192204977,Ye,PER
114316044192204977,##hu,PER
114316044192204977,##da Kaploun,PER
114316044192204977,United States,LOC
114316044192204977,Antisemitism,MISC
114316044192204977,Ye,PER
114316044192204977,##hu,PER
114316044192204977,##da,PER
114316044192204977,Jewish Faith,MISC
114316044192204977,Rights of,MISC
114316044192204977,Anti - Semi,MISC
114316044192204977,Ye,PER
114316044192204977,##hu,PER
114316044192204977,##da,PER
114316044192204977,Americans,MISC
114316044192204977,Jews,MISC
114316044192204977,Globe,ORG
114316044192204977,Ye,PER
114316044192204977,##hu,PER
114316044192204977,##da,PER
114315902995818386,Pete Ricketts,PER
114315902995818386,People of,ORG
114315902995818386,Nebraska,LOC
114315902995818386,Pete,PER
114315902995818386,Farmers,MISC
114315902995818386,American Agriculture,MISC
114315902995818386,Migrant Crime,MISC
114315902995818386,Enforcement,ORG
114315902995818386,Second Amendment,MISC
114315902995818386,Pete,PER
114315902995818386,Security,MISC
114315902995818386,Dan Osborn,PER
114315902995818386,Ex,MISC
114315902995818386,Pete,PER
114315902995818386,Nebraska,LOC
114315902995818386,America,LOC
114315902995818386,Pete Ricketts,PER
114315881639906095,Texas,LOC
114315881639906095,Dan Patrick,PER
114315881639906095,Re,MISC
114315881639906095,Texas,LOC
114315881639906095,Campaign,MISC
114315881639906095,Dan,PER
114315881639906095,Movement,ORG
114315881639906095,P,MISC
114315881639906095,##ries,MISC
114315881639906095,General Elections,MISC
114315881639906095,Dan,PER
114315881639906095,Crime,MISC
114315881639906095,American,MISC
114315881639906095,Energy,ORG
114315881639906095,Second Amendment,MISC
114315881639906095,Dan Patrick,PER
114315219437063160,Faraway Lands,LOC
114315219437063160,Democrat,MISC
114315219437063160,B,ORG
114315219437063160,##ipartisan Support,ORG
114315219437063160,Ole,MISC
114315219437063160,U. S,LOC
114315219437063160,A,LOC
114315219437063160,National Security,ORG
114315219437063160,John Thun,PER
114315219437063160,Republicans,MISC
114315219437063160,Democrats,MISC
114314374220244880,House,ORG
114314374220244880,Bill,MISC
114314374220244880,of our Country,MISC
114314374220244880,AMERIC,LOC
114313927527638500,Sanctuary Cities,MISC
114313927527638500,Criminal,MISC
114313927527638500,Federal,MISC
114313927527638500,T,MISC
114313667304867320,", Beautiful Bill",MISC
114313667304867320,Republicans,MISC
114313667304867320,USA History,MISC
114311731810349533,NY,LOC
114311731810349533,Let,PER
114311731810349533,##a James,PER
114311731810349533,Virginia,LOC
114311567036095643,Vince Molina,PER
114310370550367017,North Dakota State University,ORG
114310370550367017,White House,LOC
114310188132445566,American,MISC
114310188132445566,Joe Biden,PER
114309144289505174,China,LOC
114309144289505174,Worlds Markets,MISC
114309144289505174,China,LOC
114309144289505174,United States of America,LOC
114309144289505174,China,LOC
114309144289505174,U. S. A,LOC
114309144289505174,United States,LOC
114309144289505174,Departments of Commerce,ORG
114309144289505174,Treasury,ORG
114309144289505174,USTR,ORG
114309144289505174,Man,MISC
114309144289505174,Mon,MISC
114309144289505174,United States,LOC
114308898654506738,Jon Husted,PER
114308898654506738,Ohio,LOC
114308898654506738,Jon,PER
114308898654506738,Ohio,LOC
114308898654506738,U. S.,LOC
114308898654506738,Senate,ORG
114308898654506738,AMER,LOC
114308898654506738,Ohio,ORG
114308898654506738,Second Amendment,MISC
114308898654506738,America,LOC
114308898654506738,Ohio,MISC
114308898654506738,Jon Husted,PER
114308898654506738,Common Sense Value,MISC
114308898654506738,AMERICA,ORG
114308898654506738,Jon Husted,PER
114308258545250117,USA,LOC
114308228615083777,Jamie Dimon,PER
114308228615083777,JPMorgan Chase,ORG
114308228615083777,Maria B Show,MISC
114308121820846336,Republicans,MISC
114308121820846336,House,ORG
114308121820846336,Tax Cut Bill,MISC
114308121820846336,Country,MISC
114307883361614427,Republicans,MISC
114307883361614427,USA,LOC
114307832213562859,G,MISC
114307832213562859,##RE,MISC
114307832213562859,United States of America,LOC
114307832213562859,Apple,ORG
114307832213562859,ZERO,ORG
114305454562761253,Main Street,LOC
114305454562761253,Wall Street,LOC
114305454562761253,America,LOC
114305448331638991,Tren de Ara,ORG
114305448331638991,##gua,LOC
114305448331638991,MS - 13,MISC
114305448331638991,Mexican,MISC
114305448331638991,Supreme Court,ORG
114305448331638991,Alien Enemies Act,MISC
114305433728064974,Americas Beautiful,MISC
114305433728064974,Clean Coal Industry,ORG
114305433728064974,Am,ORG
114305433728064974,Executive Order,MISC
114304634655292901,House,ORG
114304634655292901,Conservative,MISC
114304634655292901,"One, Big, Beautiful Bill",MISC
114304634655292901,House,ORG
114304634655292901,Senators,MISC
114304634655292901,AMERIC,LOC
114304476490205414,American,MISC
114304476490205414,Joe Biden,PER
114302499965852704,South Korea,LOC
114302499965852704,Surp,ORG
114302499965852704,U. S.,LOC
114302499965852704,LNG,ORG
114302499965852704,Alaska Pipeline,ORG
114302499965852704,South Korea,LOC
114302499965852704,Sleep,PER
114302499965852704,Joe Biden,PER
114302499965852704,U. S.,LOC
114302499965852704,United States,LOC
114302499965852704,South Korea,LOC
114302499965852704,China,LOC
114302499965852704,USA,LOC
114302486798524913,Border Patrol,ORG
114302486798524913,Border Patrol,ORG
114299368234840539,Supreme Court,ORG
114299368234840539,Rule of Law,MISC
114299368234840539,AMERICA,LOC
114299054674051787,Annual Physical Examination,MISC
114299054674051787,Walter Reed Army Medical Center,LOC
114299013914300863,Treasury,ORG
114299013914300863,Scott Bessent,PER
114298964268045690,Budget Plan,MISC
114298964268045690,United States,LOC
114298964268045690,Senate,ORG
114298964268045690,Border,LOC
114298964268045690,Cut,MISC
114298964268045690,Cut,MISC
114298964268045690,Bill,MISC
114298964268045690,Senate,ORG
114298964268045690,John Thune,PER
114298964268045690,House,ORG
114298964268045690,Mike Johnson,PER
114298964268045690,House,ORG
114298964268045690,Senate,ORG
114298964268045690,Great Administration,ORG
114298964268045690,Congress,ORG
114298964268045690,World Trade,MISC
114298964268045690,U. S,LOC
114298964268045690,A,LOC
114298964268045690,AMERICA,ORG
114297331052690348,China,LOC
114297331052690348,U. S.,LOC
114297331052690348,China,LOC
114297331052690348,United States,LOC
114297331052690348,AD,MISC
114297331052690348,China,LOC
114297331052690348,China,LOC
114297166113853713,Trump,PER
114297149364879462,Australia,LOC
114297149364879462,United States,LOC
114297149364879462,Australia,LOC
114297149364879462,Wyoming,LOC
114297114613050884,Donald Trump,PER
114297103010119126,United States,LOC
114297095185812879,Trump,PER
114297095185812879,B,PER
114297095185812879,##iden,PER
114297089462047332,America,LOC
114297089462047332,Trump,PER
114297055955956469,United States,LOC
114296933498836216,World Champion,MISC
114296933498836216,Los Angeles Dodgers,ORG
114296909356614075,Japanese,MISC
114296909356614075,U. S.,LOC
114296909356614075,CHIN,LOC
114296801411259400,United States,LOC
114296801411259400,PA,LOC
114296801411259400,##NI,ORG
114296287858068040,Fed,ORG
114296287858068040,USA,LOC
114296287858068040,China,LOC
114296287858068040,O,MISC
114296287858068040,USA,MISC
114296287858068040,AM,ORG
114296287858068040,##IC,ORG
114293581018893404,China,LOC
114293581018893404,European Union,ORG
114293581018893404,TARIFFS,ORG
114293581018893404,U. S,LOC
114293581018893404,A,LOC
114293581018893404,Surp,MISC
114293581018893404,Sleep,PER
114293581018893404,Joe Biden,PER
114293581018893404,United States of America,LOC
114287485415940651,China,LOC
114287485415940651,Gordon Chang,PER
114287474604619244,Mark Levin,PER
114287474604619244,Trade with China,MISC
114287474604619244,FoxNews,ORG
114287474604619244,Lara Trump,PER
114287474604619244,G,MISC
114285375813275308,China,LOC
114285375813275308,USA,LOC
114285375813275308,EC,MISC
114285375813275308,H,PER
114285375813275308,AM,LOC
114285375813275308,##IC,LOC
114281864005346951,Ho,MISC
114281864005346951,Ho,MISC
114280893859636366,Administration,ORG
114280893859636366,Deal,MISC
114280893859636366,##I,LOC
114280893859636366,##KTO,ORG
114280893859636366,Deal,MISC
114280893859636366,TikTok,ORG
114280893859636366,Good Faith,ORG
114280893859636366,China,LOC
114280893859636366,China,LOC
114280893859636366,U. S. A,LOC
114280893859636366,National Security,ORG
114280893859636366,TikTok,ORG
114280893859636366,T,ORG
114280893859636366,##ikTok,ORG
114280893859636366,China,LOC
114280893859636366,Deal,MISC
114280322706682564,Fed,ORG
114280322706682564,Jerome Powell,PER
114280322706682564,America,LOC
114280322706682564,J,PER
114280292618523684,To Lam,PER
114280292618523684,Communist Party of Vietnam,ORG
114280292618523684,Vietnam,LOC
114280292618523684,ZERO,ORG
114280292618523684,U. S,LOC
114279915827492021,CHINA,ORG
114279844695644343,H,PER
114279804302912092,H,PER
114279756371714617,R,PER
114277430639309106,Witch Hunt,MISC
114277430639309106,Marine Le Pen,PER
114277430639309106,European Leftists,MISC
114277430639309106,##fare,MISC
114277430639309106,Free Speech,MISC
114277430639309106,##tics,MISC
114277430639309106,Nor,PER
114277430639309106,##m Eise,PER
114277430639309106,Andrew Weissmann,PER
114277430639309106,Lisa Monaco,PER
114277430639309106,People of,ORG
114277430639309106,United States,LOC
114277430639309106,Marine Le Pen,PER
114277430639309106,Big Victory,MISC
114277430639309106,France,LOC
114277430639309106,French People,MISC
114275114958079107,Kennedy,PER
114275114958079107,Trump,PER
114275114958079107,America,LOC
114275114958079107,American,MISC
114274050526883988,O,MISC
114274050526883988,MA,PER
114274050526883988,AMERIC,LOC
114270538820142872,House,ORG
114270538820142872,Mike Johnson,PER
114270538820142872,Senate,ORG
114270538820142872,John Thune,PER
114270538820142872,Senate,ORG
114270538820142872,Budget,MISC
114270538820142872,P,MISC
114270538820142872,Defense,MISC
114270538820142872,Budget,MISC
114270538820142872,Senate,ORG
114270538820142872,Plan,MISC
114270538820142872,House,ORG
114270538820142872,Republican,MISC
114270538820142872,House,ORG
114270538820142872,Senate,ORG
114269214484216882,Trump,PER
114269214484216882,American,MISC
114268708154085693,Liberation Day,MISC
114268708154085693,America,LOC
114268708154085693,Trump,PER
114268668984265677,Lee Zeld,PER
114268668984265677,EPA,ORG
114268668984265677,American,MISC
114266599439835683,Mitch McConnell,PER
114266599439835683,Kentucky,LOC
114266599439835683,Susan Collins,PER
114266599439835683,Maine,LOC
114266599439835683,Lisa Murkowski,PER
114266599439835683,Alaska,LOC
114266599439835683,Rand Paul,PER
114266599439835683,Kentucky,LOC
114266599439835683,Republican,MISC
114266599439835683,Democrats,MISC
114266599439835683,Canada,LOC
114266599439835683,Country,LOC
114266599439835683,Fentany,MISC
114266599439835683,American,MISC
114266599439835683,Radical Left Democrats,MISC
114266599439835683,Car,MISC
114266599439835683,##tel,ORG
114266599439835683,Senate,ORG
114266599439835683,Bill,MISC
114266599439835683,Dems,MISC
114266599439835683,Republicans,MISC
114266599439835683,House,ORG
114266599439835683,Fen,ORG
114266599439835683,##tany,MISC
114266599439835683,Country,LOC
114266599439835683,Trump Derangement Syndrome,MISC
114266599439835683,TD,MISC
114266599439835683,Great States,LOC
114266599439835683,Kentucky,LOC
114266599439835683,Alaska,LOC
114266599439835683,Maine,LOC
114266599439835683,Senators,MISC
114266599439835683,Republican,MISC
114266599439835683,I,MISC
114266599439835683,##ls,MISC
114266599439835683,John Thun,PER
114266599439835683,Republican Party,ORG
114266599439835683,AM,LOC
114266599439835683,##ERIC,ORG
114265988202750791,I,ORG
114265988202750791,D,ORG
114265988202750791,W,MISC
114265988202750791,Democrats,MISC
114265988202750791,MA,PER
114265493906125093,FLORIDA,ORG
114265493906125093,R,MISC
114265493906125093,E,MISC
114265493906125093,AM,LOC
114265460175109325,Jimmy Patronis,PER
114265460175109325,Jimmy,PER
114265353051503359,Randy,PER
114265353051503359,CA,MISC
114265353051503359,A,ORG
114265268833712885,El,PER
114265268833712885,Musk,PER
114265268833712885,AMERIC,LOC
114264667777137553,Donald J. Trump,PER
114264667777137553,Will,ORG
114264667777137553,##kie Farr & Gallagher LLP,ORG
114264667777137553,Will,PER
114264667777137553,##kie,ORG
114264667777137553,Will,PER
114264667777137553,Will,PER
114264667777137553,##kie,PER
114264667777137553,Legal Services,ORG
114264667777137553,Trump,PER
114264667777137553,Administration,MISC
114264667777137553,Trump,PER
114264667777137553,Will,PER
114264667777137553,Ser,ORG
114264667777137553,Military,ORG
114264667777137553,Gold Star,ORG
114264667777137553,Law Enforcement,ORG
114264667777137553,First Respond,ORG
114264667777137553,Justice,MISC
114264667777137553,System,ORG
114264667777137553,##se,MISC
114264667777137553,Will,PER
114264667777137553,##kie,ORG
114264667777137553,Committee,ORG
114264667777137553,Conservative,MISC
114264667777137553,Will,PER
114264667777137553,##kie,ORG
114264667777137553,Based,MISC
114264667777137553,DE,MISC
114264667777137553,Will,PER
114264667777137553,Will,PER
114264667777137553,##kie,ORG
114264667777137553,Equal,MISC
114264667777137553,Trump Administration,ORG
114264667777137553,Republican,MISC
114264667777137553,Democrat,MISC
114264667777137553,Will,PER
114264667777137553,Fi,ORG
114264667777137553,Law,MISC
114264667777137553,Laws,MISC
114264667777137553,Will,PER
114264667777137553,National Law Fi,ORG
114264667777137553,White House,ORG
114264667777137553,Will,PER
114264667777137553,Far,PER
114264667777137553,Gallagher,ORG
114264667777137553,LL,ORG
114264667777137553,Trump,ORG
114264667777137553,Administration,ORG
114264667777137553,System,ORG
114264667777137553,America,LOC
114264667777137553,Liberty,ORG
114264667777137553,AL,ORG
114264667777137553,State,ORG
114264667777137553,Thomas,ORG
114264667777137553,Will,PER
114264667777137553,Far,PER
114264667777137553,Gallagher,ORG
114264667777137553,LL,ORG
114264667777137553,Trump,ORG
114264667777137553,Administration,ORG
114264549657133828,##EP,MISC
114264549657133828,NPR & PBS,ORG
114263461013940328,Tim Kai,PER
114263461013940328,C,PER
114263461013940328,##rook,PER
114263461013940328,##ed Hillary,PER
114263461013940328,Ta,MISC
114263461013940328,Fentany,MISC
114263461013940328,Canada,LOC
114263461013940328,Fentanyl Crisis,MISC
114263461013940328,Republicans,MISC
114263461013940328,Senate,ORG
114263461013940328,National Emergency,MISC
114263461013940328,Democrats,MISC
114263461013940328,Fen,PER
114263461013940328,Republicans,MISC
114263461013940328,Democrats,MISC
114263461013940328,Republican Party,ORG
114263461013940328,United States,LOC
114263461013940328,AMERIC,ORG
114263386262728170,El - Sisi,PER
114263386262728170,Egypt,LOC
114263386262728170,Shipdes,MISC
114263386262728170,Houthis,MISC
114263386262728170,Yemen,LOC
114263386262728170,Gaza,LOC
114263052221266871,Ball,MISC
114263052221266871,State Constitution,MISC
114263052221266871,Election Integrity,MISC
114263052221266871,Boxes,MISC
114263052221266871,Same Day V,MISC
114263052221266871,with Paper Ballots,MISC
114263052221266871,State Supreme Court,ORG
114263052221266871,America First Patriot,ORG
114263052221266871,Brad Schim,PER
114263052221266871,Susan Crawford,PER
114263052221266871,Radical Left Liberal,MISC
114263052221266871,Liberal,MISC
114263052221266871,Wisconsin,LOC
114263052221266871,United States of America,LOC
114263052221266871,1,MISC
114263052221266871,BR,LOC
114263052221266871,AM,LOC
114263052221266871,##IC,LOC
114263050632843712,Jimmy Patronis,PER
114263050632843712,Great,MISC
114263050632843712,State of,LOC
114263050632843712,Florida,LOC
114263050632843712,Campaign for Congress,MISC
114263050632843712,Florida,LOC
114263050632843712,Congressional,MISC
114263050632843712,District,LOC
114263050632843712,Flor,MISC
114263050632843712,##idian,MISC
114263050632843712,Panhandle,LOC
114263050632843712,Jimmy,PER
114263050632843712,MAGA,ORG
114263050632843712,Jimmy,PER
114263050632843712,American,MISC
114263050632843712,Energy,ORG
114263050632843712,Amendment,MISC
114263050632843712,Florida,LOC
114263050632843712,Election Day,MISC
114263050632843712,J,LOC
114263050632843712,##TR,ORG
114263050632843712,Jimmy,PER
114263048748701626,America First,ORG
114263048748701626,Randy Fine,PER
114263048748701626,Wonderful People of Florida,ORG
114263048748701626,Harvard,MISC
114263048748701626,Randy,PER
114263048748701626,MAGA,ORG
114263048748701626,Congress,ORG
114263048748701626,Randy,PER
114263048748701626,American,MISC
114263048748701626,Energy,ORG
114263048748701626,Amendment,MISC
114263048748701626,Randy Fine,PER
114263048748701626,Election Day,MISC
114263048748701626,RA,PER
114263022222641123,Trump,PER
114263022222641123,Reagan,PER
114263022222641123,Churchill,PER
114259778682053280,N,LOC
114259778682053280,##AFTA,LOC
114259775317961958,Trump,PER
114259775317961958,Venezuelan,MISC
114259773249991583,US,LOC
114259546197388041,Europe,LOC
114259546197388041,Trump,PER
114259540217373057,Triumph,MISC
114259540217373057,America First,ORG
114259540217373057,##sperity,MISC
114259534733735170,French,MISC
114259534733735170,Rodolphe Saad,PER
114259534733735170,US,LOC
114259534733735170,Donald Trump,PER
114259522932730072,House GOP,ORG
114259522932730072,Trump,MISC
114259522932730072,Mu,ORG
114259522932730072,##sk,MISC
114258406263396157,Iran,MISC
114258406263396157,Houthi,MISC
114258406263396157,Shipping,LOC
114258406263396157,Freedom of Navigation,ORG
114258406263396157,Ho,MISC
114258406263396157,##uth,MISC
114258406263396157,U. S,LOC
114258406263396157,Houth,MISC
114258406263396157,Iran,LOC
114258384664012595,Bukele,PER
114258384664012595,El Salvador,LOC
114258384664012595,C,MISC
114258384664012595,##rook,ORG
114258384664012595,Joe Biden Administration,ORG
114258384664012595,Country,LOC
114258064484137647,##ot,MISC
114258064484137647,State Constitution,MISC
114258064484137647,Election Integrity,MISC
114258064484137647,Drop Boxes,MISC
114258064484137647,Same Day Voting,MISC
114258064484137647,Ballots,MISC
114258064484137647,State Supreme Court,ORG
114258064484137647,America First Patriot,ORG
114258064484137647,Brad Schim,PER
114258064484137647,Susan Crawford,PER
114258064484137647,Radical Left Liberal,MISC
114258064484137647,Liberal,MISC
114258064484137647,Wisconsin,LOC
114258064484137647,United States of America,LOC
114258064484137647,1,MISC
114258064484137647,BR,LOC
114258064484137647,AMERIC,ORG
114258062336428979,Private Investment,ORG
114258062336428979,Sleep,MISC
114258062336428979,##y Joe,ORG
114258062336428979,B,PER
114258062336428979,##iden,ORG
114258062336428979,Administration,MISC
114258062336428979,Fake News,ORG
114258061899987431,United States of America,LOC
114258061899987431,Country,LOC
114246747590580179,Jimmy Patronis,PER
114246747590580179,Great,MISC
114246747590580179,State of,LOC
114246747590580179,Florida,LOC
114246747590580179,Campaign for Congress,MISC
114246747590580179,Florida,LOC
114246747590580179,Congressional,MISC
114246747590580179,District,LOC
114246747590580179,Flor,MISC
114246747590580179,##idian,MISC
114246747590580179,Panhandle,LOC
114246747590580179,Jimmy,PER
114246747590580179,MAGA,ORG
114246747590580179,Jimmy,PER
114246747590580179,American,MISC
114246747590580179,Energy,ORG
114246747590580179,Amendment,MISC
114246747590580179,Florida,LOC
114246747590580179,Election Day,MISC
114246747590580179,JIM,LOC
114246747590580179,Jimmy,PER
114246745942405963,America First,ORG
114246745942405963,Randy Fine,PER
114246745942405963,Wonderful People of Florida,ORG
114246745942405963,Harvard,MISC
114246745942405963,Randy,PER
114246745942405963,MAGA,ORG
114246745942405963,Congress,ORG
114246745942405963,Randy,PER
114246745942405963,American,MISC
114246745942405963,Energy,ORG
114246745942405963,Amendment,MISC
114246745942405963,Randy Fine,PER
114246745942405963,Election Day,MISC
114246745942405963,RA,PER
114254057682596962,Kid Rock,PER
114254057682596962,White House,LOC
114254057682596962,Bill Maher,PER
114254057682596962,ME,MISC
114254057682596962,Democrats,MISC
114254057682596962,Joint Session,MISC
114254057682596962,Congress,ORG
114254057682596962,Bill Maher,PER
114254057682596962,Kid Rock,PER
114254057682596962,Dana White,PER
114254009723637368,Starmer,PER
114254009723637368,United Kingdom,LOC
114254009723637368,Turn,PER
114254009723637368,##berry,ORG
114254009723637368,Scotland,LOC
114254009723637368,Starmer,PER
114254009723637368,UK,ORG
114254009723637368,Enforcement,ORG
114254008984567465,Kristen Welk,PER
114254008984567465,Low,MISC
114254008984567465,Meet,MISC
114254008984567465,Press,ORG
114254008984567465,Signal Witch Hunt,MISC
114254008984567465,Ho,MISC
114254008984567465,Talk,MISC
114254008984567465,Russia,LOC
114254008984567465,Ukraine,LOC
114254008984567465,Iran,LOC
114254008984567465,Iran,LOC
114254008984567465,Iran,LOC
114254008984567465,NBC,ORG
114254008984567465,##ers on Television,ORG
114254008984567465,Brian Roberts,PER
114254008984567465,Loser,MISC
114254008984567465,MSNBC,ORG
114254008984567465,NBC,ORG
114254008984567465,Fake Stories,MISC
114254008984567465,Brian,PER
114253819551160329,Brad Schim,PER
114253819551160329,Susan Crawford,PER
114253819551160329,Left,MISC
114253819551160329,Party,ORG
114253819551160329,Radical,ORG
114253819551160329,Democrats,MISC
114253819551160329,Wisconsin,LOC
114253819551160329,Brad Schimel,PER
114253819551160329,Conservative,MISC
114253819551160329,Liberal,MISC
114253819551160329,Wisconsin,LOC
114253819551160329,Brad Schim,PER
114253297744744441,Markwayne Mullin,PER
114253297744744441,Kristen Welkers,PER
114253297744744441,Radical Lefts Witch Hunt,MISC
114253297744744441,Signal,ORG
114253297744744441,Fake Press,ORG
114253297744744441,Sleep,PER
114253297744744441,Joe Biden,PER
114253297744744441,First One Hundred Presidential Days,MISC
114253297744744441,America,LOC
114253297744744441,F,ORG
114253297744744441,##ake News Media,ORG
114253297744744441,AMERIC,ORG
114253205784550890,National Park Service,ORG
114253205784550890,White House,LOC
114253205784550890,History,MISC
114253205784550890,Andrew Jackson,PER
114253205784550890,Southern Magnolia,MISC
114253205784550890,The Hermitage,LOC
114253205784550890,Tennessee,LOC
114253205784550890,White House En,LOC
114253205784550890,##nce,LOC
114253205784550890,White House,LOC
114251978476715796,Winston Churchill,PER
114251978476715796,Philosophy of Failure,MISC
114251978476715796,of I,MISC
114251978476715796,##rance,MISC
114251978476715796,of Envy,MISC
114251978476715796,Mi,MISC
114251978476715796,##ies,MISC
114251978476715796,Ronald Reagan,PER
114251978476715796,Heaven,LOC
114251978476715796,Hell,LOC
114218289740828060,Trump,PER
114218289740828060,Bo,PER
114218289740828060,##asberg,PER
114218246134659755,DC Obama,PER
114218246134659755,Je,PER
114218246134659755,##b Bo,PER
114218246134659755,##asberg,PER
114218246134659755,DC,LOC
114218246134659755,Bo,PER
114218246134659755,##asberg,PER
114218246134659755,Bo,PER
114218246134659755,##asberg,PER
114218246134659755,U. S.,LOC
114218246134659755,American,MISC
114218246134659755,Tren de Ara,ORG
114218246134659755,##gua,LOC
114218246134659755,MS,MISC
114218246134659755,Western Hemisphere,LOC
114218246134659755,American,MISC
114218246134659755,Bo,PER
114218246134659755,##asberg,PER
114218246134659755,Gulf of America,LOC
114218246134659755,America,LOC
114218246134659755,El Salvador,LOC
114218246134659755,America,LOC
114218246134659755,DC,LOC
114218246134659755,El Salvador,LOC
114218246134659755,Bo,PER
114218246134659755,##asberg,PER
114218246134659755,Bo,PER
114218246134659755,##asberg,PER
114218246134659755,Bo,PER
114218246134659755,##asberg,PER
114218246134659755,American,MISC
114218246134659755,American,MISC
114218246134659755,American,MISC
114251714651932084,Court,ORG
114251714651932084,System,MISC
114251714651932084,Criminal Network,ORG
114251714651932084,Country,LOC
114251714651932084,C,MISC
114251714651932084,##rook,MISC
114251714651932084,Joe,MISC
114251714651932084,B,ORG
114251714651932084,##iden,MISC
114251714651932084,Open Borders,ORG
114251714651932084,Policy,MISC
114251714651932084,Bo,PER
114251714651932084,##asberg,PER
114251714651932084,Radical Left,MISC
114251714651932084,Country,LOC
114251714651932084,AM,LOC
114251714651932084,##ER,ORG
114251714651932084,##IC,LOC
114247551865595874,Alexander Stubb,PER
114247551865595874,Finland,LOC
114247551865595874,Mens Member,MISC
114247551865595874,Trump International Golf Club,LOC
114247551865595874,Palm Beach County,LOC
114247551865595874,Gary Player,PER
114247551865595874,Lindsey Graham,PER
114247551865595874,Trey Go,PER
114247551865595874,Stub,PER
114247551865595874,##b,PER
114247551865595874,United States,LOC
114247551865595874,Finland,LOC
114247551865595874,Icebreaker,MISC
114247551865595874,U. S.,LOC
114247551865595874,and International Security,MISC
114247551865595874,World,LOC
114247551865595874,Stubb,PER
114247551865595874,United States,LOC
114247113203989919,Faye,PER
114242038889809702,Administration,ORG
114242038889809702,Presidential,MISC
114242038889809702,Staff,ORG
114242038889809702,##ing Records,MISC
114242038889809702,Office,ORG
114242038889809702,Presidential Personnel Office,ORG
114242038889809702,AMERICA,ORG
114242038889809702,Senate,ORG
114242038889809702,America First Patriots,ORG
114242038889809702,Age,MISC
114241663757084870,Mark Brnovich,PER
114241663757084870,United States,LOC
114241663757084870,Serbia,LOC
114241663757084870,Mark,PER
114241663757084870,Army National Guard,ORG
114241663757084870,Great State of,LOC
114241663757084870,Arizona,LOC
114241663757084870,Mark,PER
114241663757084870,Freedom,MISC
114241663757084870,AMERICA,ORG
114241663757084870,Mark,PER
114241662387997605,Sara Carter,PER
114241662387997605,Office of National Drug Control Policy,ORG
114241662387997605,ONDCP,ORG
114241662387997605,Sara,PER
114241662387997605,International Fight,MISC
114241662387997605,Afghanistan,LOC
114241662387997605,Border,LOC
114241662387997605,Sarah,PER
114241662387997605,Justice,PER
114241662387997605,Fentanyl and Opioid Crisis,MISC
114241662387997605,Drug Czar,MISC
114241662387997605,Sara,PER
114241662387997605,Nation,ORG
114241662387997605,Sara,PER
114241348699704594,Donald J,PER
114241348699704594,Trump,PER
114241348699704594,Ska,ORG
114241348699704594,##dden,PER
114241348699704594,Arps,ORG
114241348699704594,Slate,ORG
114241348699704594,Meagher & Flom LLP,ORG
114241348699704594,S,PER
114241348699704594,##dden,PER
114241348699704594,Skadden,ORG
114241348699704594,Legal Services,ORG
114241348699704594,Trump,PER
114241348699704594,Administration,MISC
114241348699704594,S,PER
114241348699704594,##dden,PER
114241348699704594,Ser,ORG
114241348699704594,Military,ORG
114241348699704594,Law Enforcement,ORG
114241348699704594,First Respond,ORG
114241348699704594,Federal,ORG
114241348699704594,State,ORG
114241348699704594,Government,ORG
114241348699704594,Justice,ORG
114241348699704594,System,MISC
114241348699704594,Antisemit,MISC
114241348699704594,S,PER
114241348699704594,##kadden,ORG
114241348699704594,Skadden Foundation,ORG
114241348699704594,Legal Services,ORG
114241348699704594,Skadden,ORG
114241348699704594,Skadden,ORG
114241348699704594,Justice,ORG
114241348699704594,System,MISC
114241348699704594,Antisemit,MISC
114241348699704594,S,MISC
114241348699704594,##kadden,ORG
114241348699704594,Skadden,ORG
114241348699704594,Fi,ORG
114241348699704594,DE,MISC
114241348699704594,S,PER
114241348699704594,##dden,PER
114241348699704594,Law,MISC
114241348699704594,S,ORG
114241348699704594,National Law,ORG
114241348699704594,State,ORG
114241348699704594,White House,ORG
114241348699704594,S,ORG
114241348699704594,S,ORG
114241348699704594,LL,ORG
114241348699704594,Trump,ORG
114241348699704594,Administration,ORG
114241348699704594,Justice System,ORG
114241290783152484,University of Michigan,ORG
114241290783152484,DEI,MISC
114241290783152484,Trump Administration,ORG
114240691141784921,Mark Carney,PER
114240691141784921,Canada,LOC
114240691141784921,Canada,MISC
114240691141784921,Election,MISC
114240691141784921,United States of America,LOC
114240691141784921,Canada,LOC
114240434953893474,"Washington, D. C.",LOC
114240434953893474,C,MISC
114240434953893474,Great Police,ORG
114240434953893474,House,ORG
114240434953893474,D. C.,LOC
114240434953893474,Senate,ORG
114240434953893474,Capital City,LOC
114240434953893474,"Washington, D. C.",LOC
114240331718900060,New York Times,ORG
114235745233828789,America First Age,MISC
114235745233828789,Congress,ORG
114235745233828789,Elise Stefanik,PER
114235745233828789,Elise,PER
114235745233828789,Allies,MISC
114235745233828789,Congress,ORG
114235745233828789,G,MISC
114235745233828789,##RE,MISC
114235745233828789,Border,MISC
114235745233828789,Through,MISC
114235745233828789,AM,LOC
114235745233828789,##ER,ORG
114235745233828789,##IC,LOC
114235745233828789,Elise,PER
114235745233828789,Elise,PER
114235745233828789,Election Day,MISC
114235745233828789,United Nations,ORG
114235745233828789,Elise,PER
114235745233828789,Congress,ORG
114235745233828789,House Leadership Team,ORG
114235745233828789,American,ORG
114235745233828789,People,MISC
114235745233828789,Speaker,PER
114235745233828789,Johnson,PER
114235745233828789,Elise,PER
114235745233828789,Administration,ORG
114235745233828789,Elise,PER
114235616565301548,Scott Perry,PER
114235616565301548,Great People of Pennsylvania,ORG
114235616565301548,Congressional,MISC
114235616565301548,Army,ORG
114235616565301548,Scott,PER
114235616565301548,MAGA Warrior,MISC
114235616565301548,AMERICA,ORG
114235616565301548,Scott,PER
114235616565301548,Border,MISC
114235616565301548,Migrant Crime,MISC
114235616565301548,Military,ORG
114235616565301548,Rule of Law,MISC
114235616565301548,Amendment,MISC
114235616565301548,Pennsylvania Federal Leadership Team,ORG
114235616565301548,Scott Perry,PER
114235110191857080,Pam Bondi,PER
114235110191857080,MS,MISC
114235110191857080,13,MISC
114235110191857080,East Coast,LOC
114235110191857080,Virginia,LOC
114235110191857080,El Salvador,LOC
114235104036085271,Pam Bondi,PER
114235104036085271,America,LOC
114235104036085271,MS - 13,MISC
114235104036085271,Trump,PER
114235104036085271,United States,LOC
114235104036085271,America,LOC
114235097919072113,Ka,PER
114235097919072113,##sh Patel,PER
114235097919072113,FBI,ORG
114235097919072113,United States,LOC
114235097919072113,American,MISC
114235092758869964,Pam Bondi,PER
114235092758869964,Donald Trump,PER
114235092758869964,America,LOC
114235092758869964,Lake,PER
114235092758869964,##n Riley,PER
114231822509743693,EPA,ORG
114231822509743693,L,PER
114231822509743693,ZELDI,PER
114231822509743693,MA,MISC
114231822509743693,GA,PER
114235085105377425,Auto Workers for Trump,ORG
114235085105377425,Brian Panneback,PER
114235085105377425,Trump,PER
114235085105377425,United States,LOC
114235085105377425,Mexico,LOC
114234742770558412,Radical Left Politico,ORG
114234742770558412,Stacey Abrams,PER
114234742770558412,Two Billion Dollar,MISC
114234717792857736,Gregg Jarrett,PER
114234393336690404,Pam Bondi,PER
114234393336690404,FBID,ORG
114234393336690404,##K,PER
114234393336690404,Tom HOM,PER
114234393336690404,Kris,PER
114234393336690404,##ti N,PER
114234393336690404,MS13,MISC
114234217151169492,MS13,MISC
114234217151169492,Tom HOMAN,PER
114232829948632918,European Union,ORG
114232829948632918,Canada,LOC
114232829948632918,USA,LOC
114232783362562355,AMERICA,LOC
114232783362562355,AMERICA,LOC
114232752130631453,NPR,ORG
114232752130631453,PBS,ORG
114232752130631453,Congress,ORG
114232752130631453,Republicans,MISC
114232752130631453,Country,LOC
114232752130631453,SC,ORG
114232752130631453,Radical Left Democrat Party,ORG
114232752130631453,AM,LOC
114232752130631453,##ERIC,ORG
114232682702493359,James Bo,PER
114232682702493359,##asberg,PER
114232682702493359,Trump Case,MISC
114232682702493359,Republican,MISC
114232682702493359,R,ORG
114232682702493359,Trump Derangement Syn,MISC
114232682702493359,Bo,PER
114232682702493359,##asberg,PER
114232682702493359,D.,ORG
114232682702493359,C,LOC
114232682702493359,. District Court,ORG
114232682702493359,Trump Case,MISC
114232682702493359,D,LOC
114232682702493359,C,LOC
114232682702493359,Courts,ORG
114232682702493359,New York,LOC
114232682702493359,D. C.,LOC
114232682702493359,Rig,MISC
114232682702493359,System,MISC
114232557831108561,James Boasberg,PER
114232557831108561,Trump Case,MISC
114232557831108561,Republican,MISC
114232557831108561,Mass,MISC
114232557831108561,Trump Derangement S,MISC
114232557831108561,##drome,MISC
114232557831108561,Bo,PER
114232557831108561,##asberg,PER
114232557831108561,D.,ORG
114232557831108561,C,LOC
114232557831108561,. District Court,ORG
114232557831108561,Trump Case,MISC
114232557831108561,D. C,LOC
114232557831108561,New York,LOC
114232557831108561,D. C.,LOC
114232557831108561,Rig,MISC
114232557831108561,System,MISC
114231606967578813,American,MISC
114231606967578813,American,MISC
114231606967578813,Golden Age,MISC
114231537224620218,Brent Bozell,PER
114231537224620218,United States,LOC
114231537224620218,South Africa,LOC
114231537224620218,Brent,PER
114231537224620218,Media Research Center,ORG
114231537224620218,Fake News,ORG
114231537224620218,Brent,PER
114231537224620218,Brent,PER
114231437487201538,Lindsey Graham,PER
114231437487201538,Great,ORG
114231437487201538,People,MISC
114231437487201538,South Carolina,LOC
114231437487201538,Lindsey,PER
114231437487201538,Senate Budget Committee,ORG
114231437487201538,Lindsey,PER
114231437487201538,Waste,MISC
114231437487201538,Lindsey,PER
114231437487201538,American Energy,MISC
114231437487201538,Amendment,MISC
114231437487201538,Lindsey Graham,PER
114231437487201538,South Carolina,LOC
114231437487201538,Lindsey,PER
114231406967175939,Cynthia Lummis,PER
114231406967175939,America First,ORG
114231406967175939,People,ORG
114231406967175939,Wyoming,LOC
114231406967175939,Senate Banking Subcommittee on,ORG
114231406967175939,Digital,MISC
114231406967175939,Assets,ORG
114231406967175939,Cynthia,PER
114231406967175939,America,LOC
114231406967175939,Crypto Capital of the World,MISC
114231406967175939,Cynthia,PER
114231406967175939,Second Amendment,MISC
114231406967175939,Producers,MISC
114231406967175939,Cynthia Lumm,PER
114231406031813856,Cindy Hyde,PER
114231406031813856,Smith,PER
114231406031813856,MA,ORG
114231406031813856,Inc,ORG
114231406031813856,##ible People of Mississippi,ORG
114231406031813856,Mississippi Leadership Team,ORG
114231406031813856,Cindy,PER
114231406031813856,Senate,ORG
114231406031813856,Cindy,PER
114231406031813856,Farmers,ORG
114231406031813856,American Agriculture,ORG
114231406031813856,Brave,ORG
114231406031813856,Second Amendment,MISC
114231406031813856,Cindy Hyde,PER
114231406031813856,Smith,PER
114231401205332854,John McGuire,PER
114231401205332854,America,MISC
114231401205332854,First,ORG
114231401205332854,Virginia,LOC
114231401205332854,Congressional District,LOC
114231401205332854,John,PER
114231401205332854,Great Country,LOC
114231401205332854,U,ORG
114231401205332854,.,LOC
114231401205332854,S. Navy,ORG
114231401205332854,Rural Virginia,LOC
114231401205332854,American Energy,ORG
114231401205332854,Amendment,MISC
114231401205332854,John,PER
114231401205332854,MA,ORG
114231401205332854,John McGuire,PER
114231372872784481,Brandon Beach,PER
114231372872784481,United States,LOC
114231372872784481,Brandon,PER
114231372872784481,Mass,MISC
114231372872784481,Historic,MISC
114231372872784481,our,MISC
114231372872784481,Great,MISC
114231372872784481,State,LOC
114231372872784481,of,MISC
114231372872784481,Georgia,LOC
114231372872784481,Georgia State Senate,ORG
114231372872784481,Brandon,PER
114231372872784481,of Fi,MISC
114231372872784481,##l,MISC
114231372872784481,Americas Golden Age,MISC
114231372872784481,Brandon,PER
114231344319625636,Bill Hagerty,PER
114231344319625636,Great People,ORG
114231344319625636,Tennessee,LOC
114231344319625636,Bill,PER
114231344319625636,Japan,LOC
114231344319625636,AM,LOC
114231344319625636,##ERICA,ORG
114231344319625636,Senate,ORG
114231344319625636,Bill,PER
114231344319625636,American,MISC
114231344319625636,Energy,ORG
114231344319625636,Amendment,MISC
114231344319625636,Bill Hagerty,PER
114229523619700148,Americans,MISC
114229498690890665,God,PER
114229482069423709,U. S.,LOC
114229482069423709,Louisiana,LOC
114229482069423709,Trump,PER
114224889588578190,NASA,ORG
114224889588578190,Bethany Stevens,PER
114224889588578190,Donald Trump,PER
114224889588578190,International Space Station,MISC
114224889588578190,Trump,PER
114224889588578190,Trump,PER
114224857723072168,National Medal of Honor Day,MISC
114224857723072168,Great Honor,MISC
114224857723072168,BR,MISC
114224841459970407,Executive Order,MISC
114224841459970407,U. S. Treasury,ORG
114224828669645176,Executive Order,MISC
114224810565767895,FBI,ORG
114224810565767895,Corrupt Crossfire Hurricane Investigation,MISC
114223777905731606,Great Honor,MISC
114223777905731606,Medal of Honor,MISC
114223777905731606,White House,LOC
114223545860504889,U. S.,LOC
114223545860504889,V,MISC
114223545860504889,##ERAN,MISC
114223545860504889,National Medal of Honor Day,MISC
114223545860504889,Medal of Honor,MISC
114223545860504889,Abraham Lincoln,PER
114223538174281137,U. S.,LOC
114223538174281137,Medal of Honor Day,MISC
114223538174281137,CENTCOM Medal of Honor,MISC
114223538174281137,CE,MISC
114223538174281137,##CO,MISC
114220275060496331,UAE,LOC
114220275060496331,US,MISC
114220275060496331,White House,LOC
114220273052874483,Allied,MISC
114220273052874483,Wesel Germany,LOC
114220273052874483,Operation Varsity,MISC
114220273052874483,Rhine River,LOC
114219993599274000,BR,MISC
114219993599274000,##K,MISC
114219993599274000,Z,MISC
114219993599274000,EPA,ORG
114219993599274000,Power,MISC
114219993599274000,Great American Comeback,MISC
114219993599274000,American,MISC
114219993599274000,Americans,MISC
114219993599274000,U. S.,LOC
114219231809224627,Susan Monarez,PER
114219231809224627,Centers for Disease Control and Prevention,ORG
114219231809224627,CDC,ORG
114219231809224627,Monarez,PER
114219231809224627,Innovation,MISC
114219231809224627,", Transparency",ORG
114219231809224627,Public Health Systems,ORG
114219231809224627,University of Wisconsin,ORG
114219231809224627,Micro,MISC
114219231809224627,I,ORG
114219231809224627,Stanford University,ORG
114219231809224627,School of Medicine,LOC
114219231809224627,Monarez,PER
114219231809224627,Americans,MISC
114219231809224627,CDC,ORG
114219231809224627,Monarez,PER
114219231809224627,GRE,ORG
114219231809224627,Health and Human Services,ORG
114219231809224627,Robert Kennedy Jr,PER
114219231809224627,##untability,MISC
114219231809224627,Standards,MISC
114219231809224627,Disease Prevention,ORG
114219231809224627,Ch,MISC
114219231809224627,##ronic Disease E,MISC
114219231809224627,AM,LOC
114219231809224627,##ERICA,ORG
114217914259825110,Donald J. Trump,PER
114217914259825110,United States of America,LOC
114217914259825110,Country of Venezuela,LOC
114217914259825110,Venezuela,LOC
114217914259825110,United States,LOC
114217914259825110,United States,LOC
114217914259825110,Tren de Aragua,ORG
114217914259825110,Foreign Terrorist Organization,ORG
114217914259825110,Venezuela,LOC
114217914259825110,Venezuela,LOC
114217914259825110,United States,LOC
114217914259825110,Freedoms,ORG
114217914259825110,Oil,MISC
114217914259825110,and,ORG
114217914259825110,or,MISC
114217914259825110,Gas,ORG
114217914259825110,Venezuela,LOC
114217914259825110,United States,LOC
114217914259825110,Country,LOC
114217914259825110,AM,LOC
114217914259825110,##ERICA,ORG
114217914259825110,Department of Homeland Security,ORG
114217914259825110,Border Patrol,ORG
114217914259825110,Enforcement Agencies,ORG
114217914259825110,Country,LOC
114217913229258108,Ali,PER
114217913229258108,##na Habba,PER
114217913229258108,U. S,LOC
114217913229258108,District of New Jersey,LOC
114217913229258108,Home State,LOC
114217913229258108,Ali,PER
114217913229258108,##na,PER
114217913229258108,New Jersey,LOC
114217913229258108,John Giordano,PER
114217913229258108,U. S.,LOC
114217913229258108,New Jersey,LOC
114217913229258108,Namibia,LOC
114217913229258108,Ali,PER
114217913229258108,##na,PER
114217913229258108,John,PER
114217184366735434,America First,ORG
114217184366735434,Randy Fine,PER
114217184366735434,Great People of Florida,ORG
114217184366735434,Harvard,MISC
114217184366735434,Randy,PER
114217184366735434,MAGA,ORG
114217184366735434,Congress,ORG
114217184366735434,Randy,PER
114217184366735434,V,ORG
114217184366735434,American Energy,ORG
114217184366735434,Amendment,MISC
114217184366735434,Randy Fine,PER
114217184366735434,Congress,ORG
114217184366735434,Florida,LOC
114217184366735434,Election Day,MISC
114217181247493951,Jimmy Patronis,PER
114217181247493951,Great,MISC
114217181247493951,State of,LOC
114217181247493951,Florida,LOC
114217181247493951,Campaign for Congress,MISC
114217181247493951,Florida,LOC
114217181247493951,Congressional,MISC
114217181247493951,District,LOC
114217181247493951,Flor,MISC
114217181247493951,##idian,MISC
114217181247493951,Panhandle,LOC
114217181247493951,Jimmy,PER
114217181247493951,MA,ORG
114217181247493951,Jimmy,PER
114217181247493951,Crime,MISC
114217181247493951,American,MISC
114217181247493951,Energy,ORG
114217181247493951,Amendment,MISC
114217181247493951,Jimmy Patronis,PER
114217181247493951,Congress,ORG
114217181247493951,Florida,LOC
114217181247493951,V,MISC
114217181247493951,Election Day,MISC
114217181247493951,J,LOC
114216908831612177,Tom Homan,PER
114216908831612177,Border Czar,ORG
114216908831612177,Congress,ORG
114216818341119193,Donald Trump,PER
114216818341119193,White Houses,LOC
114215433044457113,B,PER
114215433044457113,##iden,ORG
114215433044457113,Harris,PER
114215433044457113,F,MISC
114215433044457113,Case,MISC
114215433044457113,C,PER
114215433044457113,Alvin Bragg,PER
114215433044457113,of Justice,MISC
114214801561710989,The Failing New York Times,ORG
114214801561710989,Li,PER
114214801561710989,##ddle Peter Baker,PER
114214801561710989,Obama,PER
114214801561710989,Fake News,ORG
114214801561710989,Peter,PER
114214801561710989,Susan Glasser,PER
114214801561710989,Ma,PER
114214801561710989,##gg,PER
114214801561710989,##ot Hagerman,PER
114214801561710989,New York Times,ORG
114214801561710989,Election,MISC
114214801561710989,AM,LOC
114214801561710989,##ER,ORG
114214801561710989,##IC,LOC
114214658359777536,60 Minutes,ORG
114214658359777536,George Clooney,PER
114214658359777536,Sleep,PER
114214658359777536,##y Joe,ORG
114214658359777536,De,MISC
114214658359777536,Obama,PER
114214658359777536,Kamal,PER
114214658359777536,60 Minutes,ORG
114214658359777536,Election Day,MISC
114214658359777536,George Clooney,PER
114214565824374410,Colorado,LOC
114214565824374410,State Capitol,LOC
114214565824374410,Obama,PER
114214565824374410,Colorado,LOC
114214565824374410,Radical Left,MISC
114214565824374410,Jared Polis,PER
114214565824374410,Crime,ORG
114214565824374410,T,ORG
114214565824374410,##ren de Aragua,LOC
114214565824374410,Aurora,LOC
114214565824374410,Jared,PER
114212946787400937,Country,LOC
114212560131813236,G,MISC
114212560131813236,Republican,MISC
114212560131813236,North Carolina,LOC
114212560131813236,CH,PER
114212560131813236,##UC,PER
114212560131813236,Town Hall,LOC
114212560131813236,Asheville,LOC
114212560131813236,Radical Left Lunatics,MISC
114212560131813236,Democrats,MISC
114212560131813236,Chuck,PER
114212560131813236,B,PER
114212560131813236,FEM,LOC
114212560131813236,NO,LOC
114212560131813236,CA,LOC
114212560131813236,##RO,LOC
114212560131813236,##IN,LOC
114212560131813236,Z,PER
114212560131813236,Democrat,MISC
114212560131813236,Chuck,PER
114212560131813236,Republicans,MISC
114212560131813236,Town Hall,LOC
114212560131813236,Dems,MISC
114212560131813236,Chuck,PER
114212465033291057,Voice of America,ORG
114212444347354110,L,MISC
114212444347354110,##ER,MISC
114212444347354110,AMERICA,LOC
114212434987437462,Great,MISC
114212434987437462,State of,LOC
114212434987437462,Wisconsin,LOC
114212434987437462,Radical Left Democrat,MISC
114212434987437462,Country,LOC
114212434987437462,Borders,MISC
114212434987437462,Common Sense Republican,MISC
114212434987437462,Wisconsin Supreme Court,ORG
114212434987437462,Country,LOC
114212434987437462,Republican,MISC
114205890583765400,State of Maine,ORG
114205890583765400,White House House,LOC
114205890583765400,Governors Conference,MISC
114205890583765400,Federal Government,ORG
114205890583765400,AMERICA,ORG
114205681569837036,George Foreman,PER
114205681569837036,G,MISC
114205681569837036,Ali,PER
114203564650249629,Election,MISC
114203564650249629,State Supreme Court,ORG
114203564650249629,Voting,MISC
114203564650249629,Brad Schimel,PER
114203564650249629,Radical Left Liberal,MISC
114203564650249629,Susan Crawford,PER
114203564650249629,Left,MISC
114203564650249629,Movement,ORG
114203564650249629,Wisconsin,LOC
114203564650249629,Common Sense,MISC
114203564650249629,Brad Schim,PER
114203564650249629,Rule of Law,MISC
114203564650249629,##ible Police,MISC
114203564650249629,##oved Constitution,MISC
114203564650249629,Rights,MISC
114203564650249629,AM,LOC
114203564650249629,##ER,ORG
114203564650249629,##IC,LOC
114203564650249629,##A,ORG
114202472547749311,Radical Obama,MISC
114202472547749311,Be,PER
114202472547749311,##ryl Howell,PER
114202472547749311,Trump,ORG
114202797666318443,14th Amendment Right of American Citizenship,MISC
114202797666318443,Law,MISC
114202797666318443,Country,LOC
114202797666318443,World,LOC
114202797666318443,America,LOC
114200922863784784,AG Letitia James Building,ORG
114200803076709113,O,MISC
114200783339413306,King Charles,PER
114194879718374915,Nvidia,ORG
114194879718374915,U. S.,LOC
114194879718374915,Trump,PER
114200313009802638,Liberation Day,MISC
114200313009802638,America,LOC
114200313009802638,World,LOC
114200313009802638,Good,ORG
114200313009802638,O,LOC
114200313009802638,USA,LOC
114200313009802638,AM,LOC
114200313009802638,##IC,LOC
114200269495299138,United States,LOC
114200269495299138,Crime and Chaos,MISC
114200269495299138,AM,LOC
114200269495299138,##ERIC,ORG
114200244380161257,Elon Musk,ORG
114200244380161257,Te,PER
114200244380161257,##sla,PER
114200244380161257,El Salvador,LOC
114200175082806882,Elon Musk,ORG
114200175082806882,Pentagon,ORG
114200175082806882,USA,LOC
114200175082806882,China,LOC
114200175082806882,War,MISC
114200175082806882,F,ORG
114200175082806882,New York Times,ORG
114200175082806882,World,LOC
114200175082806882,Elon,ORG
114200175082806882,China,LOC
114200175082806882,Chinese,MISC
114200175082806882,CNN,ORG
114200175082806882,Ma,PER
114200175082806882,##ot Hagerman,PER
114200175082806882,Times,ORG
114200175082806882,Scam,ORG
114200175082806882,Russia,LOC
114200175082806882,Russia,LOC
114200175082806882,Russia,LOC
114200175082806882,##ax,MISC
114200175082806882,Pulitzer Prize,MISC
114200175082806882,F,ORG
114200175082806882,##ake,MISC
114200175082806882,News,ORG
114200175082806882,Elon,ORG
114200175082806882,##IN,LOC
114198370343993836,B,MISC
114198370343993836,Fed,ORG
114198218638202475,Tesla,MISC
114198186465713235,Fake News,ORG
114198186465713235,Failing New York Times,ORG
114198186465713235,El,PER
114198186465713235,##on Musk,PER
114198186465713235,Pentagon,ORG
114198186465713235,China,LOC
114198186465713235,China,LOC
114197257776642416,Miranda Devine,PER
114197257776642416,The New York Post,ORG
114197257776642416,Radical Left,ORG
114197120302143482,James Boasberg,PER
114197120302143482,AM,LOC
114197092205719557,Radical Left,MISC
114197092205719557,Luna,MISC
114197092205719557,United States,LOC
114197092205719557,Homeland,LOC
114197092205719557,Country,LOC
114197092205719557,AM,LOC
114197092205719557,##ER,ORG
114197092205719557,##IC,LOC
114197092205719557,Radical,MISC
114197092205719557,Justice Roberts,PER
114197092205719557,United,ORG
114197092205719557,States,LOC
114197092205719557,Supreme Court,ORG
114197044617921519,Donald J. Trump,PER
114197044617921519,"Paul,",ORG
114197044617921519,Weiss,PER
114197044617921519,R,LOC
114197044617921519,##ifkind,ORG
114197044617921519,Wharton & Garrison,ORG
114197044617921519,Paul,PER
114197044617921519,",",ORG
114197044617921519,Weiss,PER
114197044617921519,Paul,PER
114197044617921519,Weiss,PER
114197044617921519,American,MISC
114197044617921519,##J,ORG
114197044617921519,##e,ORG
114197044617921519,##J,ORG
114197044617921519,##eSystem,ORG
114197044617921519,Americans,MISC
114197044617921519,Paul,PER
114197044617921519,Weiss,PER
114197044617921519,Paul,PER
114197044617921519,Weiss,PER
114197044617921519,Paul,PER
114197044617921519,Weiss,PER
114197044617921519,DE,MISC
114197044617921519,Paul,PER
114197044617921519,Weiss,PER
114197044617921519,Trump,PER
114197044617921519,Administration,ORG
114197044617921519,Nations,ORG
114197044617921519,White House,ORG
114197044617921519,Paul,PER
114197044617921519,Weiss,PER
114197044617921519,Brad,PER
114197044617921519,Ka,PER
114197044617921519,Paul,PER
114197044617921519,Weiss,PER
114197044617921519,Mark,PER
114196247731494277,Jim Risch,PER
114196247731494277,Idaho,LOC
114196247731494277,Senate Foreign Relations Committee,ORG
114196247731494277,Jim,PER
114196247731494277,America First Age,MISC
114196247731494277,and Ranch,ORG
114196247731494277,American Energy,ORG
114196247731494277,Amendment,MISC
114196247731494277,Jim Risch,PER
114195442142009895,Times,MISC
114195442142009895,Nvidia,ORG
114195442142009895,US,LOC
114195442142009895,Apple,ORG
114195442142009895,Trump,ORG
114195442142009895,America First,ORG
114195410721793973,Tom Homan,PER
114195410721793973,United States,LOC
114195410721793973,Joe Biden,PER
114195410721793973,Joe Biden,PER
114192326899482441,Fed,ORG
114192326899482441,U. S,LOC
114192326899482441,Liberation Day,MISC
114192326899482441,America,LOC
114191290196334140,America First,ORG
114191290196334140,Randy Fine,PER
114191290196334140,Great People of Florida,ORG
114191290196334140,Harvard,MISC
114191290196334140,Randy,PER
114191290196334140,MAGA,ORG
114191290196334140,Congress,ORG
114191290196334140,Randy,PER
114191290196334140,V,ORG
114191290196334140,American Energy,ORG
114191290196334140,Amendment,MISC
114191290196334140,Randy Fine,PER
114191290196334140,Congress,ORG
114191290196334140,Florida,LOC
114191290196334140,Election Day,MISC
114190974188613740,Keith Kellogg,PER
114190974188613740,Trump,PER
114190903570658626,R,LOC
114190903570658626,##SI,LOC
114190903570658626,EA,LOC
114190903570658626,O,LOC
114190686109079519,J,PER
114190686109079519,##ac,PER
114190686109079519,##qui Heinrich,PER
114190686109079519,Fox,ORG
114190686109079519,CNN,ORG
114190686109079519,Fox,ORG
114190686109079519,White House Correspondents Association,ORG
114190461039179793,T,ORG
114190461039179793,AMERICA,LOC
114190418201271249,Jesse Watt,PER
114190418201271249,Trump,PER
114190418201271249,American,MISC
114190418201271249,R,LOC
114190418201271249,##ust Belt,LOC
114190404566893251,IL,ORG
114190382041616797,CBP,ORG
114190382041616797,A,ORG
114190382041616797,Stores,ORG
114190373080951632,CBP,ORG
114190373080951632,A,ORG
114190373080951632,Stores,ORG
114190340053945046,Trump,PER
114190034933659125,Iran,LOC
114190034933659125,Ho,MISC
114190034933659125,##uthis,MISC
114190034933659125,Iran,LOC
114190034933659125,Houthis,MISC
114190034933659125,Ho,MISC
114190034933659125,##uthi,MISC
114189841352600682,Z,PER
114189841352600682,##elenskyy,PER
114189841352600682,Ukraine,LOC
114189841352600682,Putin,PER
114189841352600682,Russia,LOC
114189841352600682,Ukraine,LOC
114189841352600682,Marco Rubio,PER
114189841352600682,Michael Waltz,PER
114187128423651010,Radical Left,MISC
114186752614351182,Rollins,PER
114186752614351182,Trump,PER
114186752614351182,Proclamation,PER
114186752614351182,National Agriculture,MISC
114186711043337111,White House,LOC
114186711043337111,UAE,LOC
114186711043337111,Ta,PER
114186711043337111,##hnoon,PER
114186711043337111,Zayed Al Nahyan,PER
114186711043337111,U. S.,LOC
114186711043337111,UAE,LOC
114186711043337111,U. S.,LOC
114186711043337111,Middle East,LOC
114186711043337111,World,LOC
114186559522815802,Elon Musk,ORG
114186559522815802,Sean Hannity,PER
114186524474998333,Trump,PER
114186510410903319,Americans,MISC
114186510410903319,Donald J. Trump,PER
114186510410903319,Trump,PER
114186510410903319,Administration,ORG
114186510410903319,American,MISC
114186510410903319,Americans,MISC
114186496532193203,Philip K. Bell,PER
114186496532193203,Trump,PER
114186496532193203,American,MISC
114186492445515371,U. S. Industrial Production Surges,ORG
114186492445515371,Manufacturing and Autos,ORG
114186013670599563,American,MISC
114186013670599563,Trump,PER
114186013670599563,David Schoen,PER
114186013670599563,The StoneZONE,ORG
114186013670599563,77,ORG
114186013670599563,##BC Radio,ORG
114186013670599563,LISTE,ORG
114184931453780675,Putin,PER
114184931453780675,Russia,LOC
114184931453780675,Ce,MISC
114184931453780675,Energy and Infrastructure,ORG
114184931453780675,Ceasefire,MISC
114184931453780675,War,MISC
114184931453780675,Russia,LOC
114184931453780675,Ukraine,LOC
114184931453780675,War,MISC
114184931453780675,Con,MISC
114184931453780675,##tract for Peace,MISC
114184931453780675,Putin,PER
114184931453780675,Zele,PER
114184931453780675,##nsky,PER
114183576937425149,Radical,MISC
114183576937425149,Barack Hussein Obama,PER
114183576937425149,IL,PER
114183576937425149,C,MISC
114183576937425149,AM,LOC
114183576937425149,##IC,LOC
114180199351008084,Ex,MISC
114180199351008084,##mist,MISC
114180199351008084,China,LOC
114180199351008084,Coal Fire Power,ORG
114180199351008084,Plants,MISC
114180199351008084,Administration,ORG
114180199351008084,C,MISC
114180199351008084,CO,MISC
114180129350673750,Putin,PER
114180129350673750,War in,MISC
114180129350673750,Ukraine,LOC
114180129350673750,Final Agreement,MISC
114180129350673750,Putin,PER
114180060627046678,Third Rate Magazine,ORG
114180060627046678,The Atlantic,ORG
114180060627046678,Suckers,MISC
114180060627046678,and Losers,ORG
114180060627046678,Military,ORG
114180060627046678,Ashley Parker,PER
114180060627046678,Radical Left,MISC
114180060627046678,##tic,MISC
114180060627046678,Ashley,PER
114180060627046678,High Level,MISC
114180060627046678,Michael Schere,PER
114180060627046678,Atlantic,ORG
114180054723679623,Hunter Biden,PER
114180054723679623,Secret Service,ORG
114180054723679623,United States,LOC
114180054723679623,Det,ORG
114180054723679623,South Africa,LOC
114180054723679623,Human Rights of people,ORG
114180054723679623,South Africa,LOC
114180054723679623,Hunter Biden,PER
114180054723679623,Secret Service,ORG
114180054723679623,Ashley Biden,PER
114179895802766275,Board of Visitors,ORG
114179895802766275,Nations,MISC
114179895802766275,Military Academy,ORG
114179895802766275,West Point,LOC
114179895802766275,David Bellavia,PER
114179895802766275,Dan Walrath,PER
114179895802766275,Michael Flynn,PER
114179895802766275,Wesley Hunt,PER
114179895802766275,Maureen Bannon,PER
114179895802766275,Meg,PER
114179895802766275,##han Mobbs,PER
114179895802766275,Board,ORG
114179895802766275,Country,LOC
114179869587194428,United States Naval Academy,ORG
114179869587194428,Board,ORG
114179869587194428,Sean Spicer,PER
114179869587194428,Walt Nauta,PER
114179869587194428,Doc Ronnie Jackson,PER
114179869587194428,Derek Van Order,PER
114179869587194428,Tim Sheehy,PER
114179869587194428,Earl Ehrhart,PER
114179860762359782,United States Air Force Academy,ORG
114179860762359782,Board of Visitors,ORG
114179860762359782,Doug Nikolai,PER
114179860762359782,Dan Clark,PER
114179860762359782,Tommy Tuberville,PER
114179860762359782,Charlie Kirk,PER
114179860762359782,Din,PER
114179860762359782,##a Powell,PER
114179858983072823,Bryan Bedford,PER
114179858983072823,Federal Aviation Administration,ORG
114179858983072823,FAA,ORG
114179858983072823,Republic Airways,ORG
114179858983072823,Mesaba Airlines,ORG
114179858983072823,Business Express Airlines,ORG
114179858983072823,Brian,PER
114179858983072823,Aviation,ORG
114179858983072823,Bryan,PER
114179858983072823,G,ORG
114179858983072823,##RE,MISC
114179858983072823,Transportation,ORG
114179858983072823,Sean Duffy,PER
114179858983072823,Agency,ORG
114179858983072823,Bryan,PER
114179857581963138,Liberation Day,MISC
114179857581963138,America,LOC
114179738803054417,Michelle Miki Bowman,PER
114179738803054417,Federal Reserves,ORG
114179738803054417,Supervision,ORG
114179738803054417,Mi,PER
114179738803054417,##ki,PER
114179738803054417,Feds Board of Governors,ORG
114179738803054417,Mi,PER
114179738803054417,##ki,PER
114179738803054417,Nations History,MISC
114179738803054417,Mi,PER
114179738803054417,##ki,PER
114179081339591399,NASA,ORG
114179081339591399,Janet Petro,PER
114179081339591399,Scientists,MISC
114179081339591399,Space Engineers,ORG
114179081339591399,As,MISC
114179081339591399,NASA,ORG
114179081339591399,Janet,PER
114179081339591399,Elon Musk,ORG
114179081339591399,As,MISC
114179081339591399,Biden Administration,ORG
114179081339591399,As,MISC
114179081339591399,Elon,ORG
114179081339591399,SpaceX Dragon,MISC
114179081339591399,Butch,PER
114179081339591399,Sun,PER
114179081339591399,NASA,ORG
114179081339591399,Janet Petro,PER
114178483249053992,Ho,MISC
114178483249053992,##uth,MISC
114178483249053992,Yemen,LOC
114178483249053992,Yemeni,MISC
114178483249053992,IRAN,ORG
114178483249053992,Ho,MISC
114178483249053992,##uthis,MISC
114178483249053992,Iran,LOC
114178483249053992,Houth,MISC
114178483249053992,IRAN,ORG
114178483249053992,IRAN,ORG
114178483249053992,##IT,ORG
114178483249053992,AMERICA,LOC
114178204850237517,EPA,ORG
114178204850237517,Lee Zeld,PER
114178204850237517,Obama,PER
114178204850237517,B,PER
114178204850237517,##iden,MISC
114178204850237517,U. S.,LOC
114178204850237517,##ments,MISC
114178204850237517,Trump,MISC
114178204850237517,EPA,ORG
114178181337460841,Border Patrol Council,ORG
114178181337460841,Paul Perez,PER
114178181337460841,Trump,PER
114178181337460841,Mexico,LOC
114178181337460841,B,PER
114178181337460841,##iden,PER
114178181337460841,Trump,PER
114176199348948643,NASA,ORG
114176199348948643,Mu,PER
114176199348948643,##sk,PER
114176199348948643,Trump,PER
114175908922736427,Pa,MISC
114175908922736427,Sleep,PER
114175908922736427,Joe Biden,PER
114175908922736427,Unselect Committee of Political Thugs,ORG
114175908922736427,Autopen,ORG
114175908922736427,Joe Biden,PER
114175908922736427,B,PER
114175908922736427,##iden,PER
114175908922736427,Unselect Committee,ORG
114175908922736427,Witch Hunt,MISC
114175908922736427,of our Country,MISC
114175908922736427,C,PER
114175908922736427,Joe Biden,PER
114175905527380199,Scott Lombart,PER
114175855340997773,Paul Anka,PER
114175855340997773,My Way,MISC
114175855340997773,Paul,PER
114174243289152293,States,LOC
114174243289152293,South,LOC
114174243289152293,Midwest,LOC
114174243289152293,National Guard,ORG
114174243289152293,Arkansas,LOC
114174243289152293,Administration,ORG
114174243289152293,Local,ORG
114174243289152293,Mel,PER
114173862724361939,Country,LOC
114173862724361939,C,PER
114173862724361939,Joe Biden,PER
114173862724361939,Radical Left Democrats,MISC
114173862724361939,El Salvador,LOC
114173862724361939,Buke,PER
114173862724361939,United States,LOC
114173862724361939,Democrat,MISC
114173619031149739,Golf Club Championship,MISC
114173619031149739,Trump International Golf Club,LOC
114173619031149739,Palm Beach County,LOC
114173619031149739,Florida,LOC
114173619031149739,Awards,MISC
114173619031149739,Club,LOC
114173619031149739,Golf Staff,ORG
114167886343462616,Keith Kellogg,PER
114167886343462616,Ukraine,LOC
114167886343462616,Kellogg,PER
114167886343462616,Zele,PER
114167886343462616,##nsky,PER
114167886343462616,Ukrainian,MISC
114167886343462616,Kellogg,PER
114167864888304754,United States Military,ORG
114167864888304754,Houthi,MISC
114167864888304754,Yemen,LOC
114167864888304754,American,MISC
114167864888304754,Joe Biden,PER
114167864888304754,Ho,MISC
114167864888304754,##uth,PER
114167864888304754,U,ORG
114167864888304754,. S,LOC
114167864888304754,Suez Canal,LOC
114167864888304754,Red Sea,LOC
114167864888304754,Gulf of Aden,LOC
114167864888304754,American Wars,MISC
114167864888304754,Red Sea,LOC
114167864888304754,Houthis,MISC
114167864888304754,Iran,LOC
114167864888304754,Houthi,MISC
114167864888304754,U. S.,LOC
114167864888304754,U. S.,LOC
114167864888304754,World Economy,LOC
114167864888304754,Houth,MISC
114167864888304754,##i,MISC
114167864888304754,American,MISC
114167864888304754,Houth,MISC
114167864888304754,Waterways,LOC
114167864888304754,of the,MISC
114167864888304754,World,LOC
114167864888304754,Global Commerce,ORG
114167864888304754,Freedom of Navigation,ORG
114167864888304754,International Trade and Commerce,ORG
114167864888304754,American,MISC
114167864888304754,Navigation,ORG
114167864888304754,##al,MISC
114167864888304754,Freedom,ORG
114167864888304754,American,MISC
114167864888304754,Waterways of the World,LOC
114167864888304754,Houthi,MISC
114167864888304754,Iran,LOC
114167864888304754,American,MISC
114167864888304754,America,LOC
114167524244753377,Fake News,ORG
114167524244753377,Vladimir Putin,PER
114167524244753377,Russia,LOC
114167524244753377,Steve Witko,PER
114167524244753377,Representatives,MISC
114167524244753377,Russia,LOC
114167524244753377,News,ORG
114167524244753377,##ICA,ORG
114167524244753377,AMERICA,LOC
114164024901387974,ISIS,ORG
114164024901387974,Iraq,LOC
114164024901387974,ISIS,ORG
114164024901387974,Iraqi,MISC
114164024901387974,Government,ORG
114164024901387974,Kurdish Regional Government,ORG
114163546048177560,B,PER
114163546048177560,##iden,PER
114163546048177560,Autopen!,MISC
114162747519761407,Country,LOC
114162747519761407,White House,LOC
114162742656201560,America,LOC
114162742656201560,FBI,ORG
114162742656201560,DOJ,ORG
114162735584978065,Joe Biden,PER
114162735584978065,Russia,LOC
114162728799436840,Hunter Biden,PER
114162728799436840,Jack Smith,PER
114162728799436840,Alvin Bragg,PER
114162728799436840,Let,PER
114162728799436840,##a James,PER
114162725547256622,American,MISC
114162722006073409,Department of Justice,ORG
114162722006073409,Department of INJ,ORG
114162722006073409,##TICE,ORG
114162711308747922,Federal Department of Justice,ORG
114162711308747922,America,LOC
114162707211212885,American Justice,MISC
114161039436456514,Vladimir Putin,PER
114161039436456514,Russia,LOC
114161039436456514,UKRAINIAN,MISC
114161039436456514,R,MISC
114161039436456514,##USSIAN,MISC
114161039436456514,Putin,PER
114161039436456514,World War II,MISC
114161039436456514,God,PER
114161025000723427,Chuck Schum,PER
114161025000723427,Tax Cuts,MISC
114161025000723427,L,LOC
114161025000723427,A,LOC
114161025000723427,Schum,PER
114161025000723427,USA,LOC
114160550238908846,C,PER
114160550238908846,Joe B,PER
114160550238908846,Russia,LOC
114160550238908846,Ce,MISC
114160550238908846,Fire and Final Agreement,MISC
114160550238908846,Russia,LOC
114160550238908846,Israel,LOC
114160550238908846,Afghanistan,LOC
114160550238908846,Set,MISC
114160550238908846,AMERIC,LOC
114160550238908846,AMERIC,LOC
114156036814880330,New York,LOC
114156036814880330,Connecticut,LOC
114156036814880330,New England,LOC
114156036814880330,##dition,ORG
114156036814880330,New York,LOC
114156036814880330,State,LOC
114156036814880330,New England,LOC
114156036814880330,Connecticut,LOC
114156036814880330,Environment,ORG
114156036814880330,BIG,ORG
114156036814880330,New York State,LOC
114156036814880330,New York State,LOC
114155442275720067,Canada,LOC
114155442275720067,America,LOC
114155442275720067,America,LOC
114155442275720067,Canada,LOC
114155442275720067,Grant Cardone,PER
114155442275720067,Cardone Capital,ORG
114155442275720067,Stuart Varney & Co,ORG
114155282989654298,U. S.,LOC
114155282989654298,Trade,MISC
114155282989654298,Trade,MISC
114155282989654298,World,MISC
114155230513269064,##ist Wall Street Journal,ORG
114155230513269064,European Union,ORG
114155230513269064,United States of America,LOC
114155230513269064,USA,LOC
114155003492555395,European Union,ORG
114155003492555395,World,LOC
114155003492555395,United States,LOC
114155003492555395,U. S.,LOC
114155003492555395,CH,ORG
114155003492555395,ALCOHOL,ORG
114155003492555395,O,PER
114155003492555395,E,ORG
114155003492555395,U,ORG
114155003492555395,Wine and,ORG
114155003492555395,U. S,LOC
114154923764886136,Mark Wayne Mullin,PER
114154923764886136,F,ORG
114154923764886136,##ake,MISC
114154923764886136,News CNN,ORG
114154923764886136,C,PER
114154923764886136,##ait,PER
114154923764886136,##lin Collins,PER
114151434816736382,Energy,ORG
114151434816736382,Chris Wright,PER
114151434816736382,Trump,PER
114151328220491045,GE Aerospace,ORG
114151328220491045,U. S.,LOC
114151328220491045,Trump,PER
114151328220491045,U. S.,LOC
114151328220491045,Eli Lilly,ORG
114151328220491045,U. S.,LOC
114151328220491045,Apple,ORG
114151328220491045,AI,MISC
114151328220491045,Houston,LOC
114151328220491045,Advanced Manufacturing Fund,ORG
114151328220491045,Softbank,ORG
114151328220491045,DAMAC,ORG
114151328220491045,Meta,ORG
114151328220491045,U. S.,LOC
114151328220491045,Trump,PER
114151300866147161,Howard Lutnick,PER
114151300866147161,AMERICA,LOC
114151300866147161,AMERICA,LOC
114151280603984689,Trump,PER
114151280603984689,America,LOC
114151280603984689,Trump,PER
114151280603984689,America First,ORG
114151269304041473,Cleveland,ORG
114151269304041473,Cliffs,ORG
114151269304041473,Lourenco Gonc,PER
114151269304041473,##ves,PER
114151269304041473,BACKW,ORG
114151269304041473,America,LOC
114151269304041473,Americans,MISC
114151257383811463,Goldman Sachs,ORG
114151257383811463,David Solomon,PER
114151244153727055,Kevin Hassett,PER
114151244153727055,Trump,PER
114151034882857858,The Capitol,LOC
114151034882857858,Friends of Ireland,ORG
114151034882857858,Lu,MISC
114151034882857858,##eon,MISC
114151015090831669,United States of America,LOC
114151015090831669,U. S.,LOC
114150971128693981,Michel Martin,PER
114150971128693981,White House,LOC
114150779950233754,T,PER
114150779950233754,##R,PER
114150779950233754,H,PER
114150679862041475,AM,MISC
114150679862041475,AM,MISC
114150178416032160,BR,MISC
114150178416032160,EC,MISC
114150178416032160,##OM,MISC
114149845661093099,El,ORG
114149845661093099,G,MISC
114147788974149994,Massie,PER
114147788974149994,Debt Ceiling AND Budget,MISC
114147788974149994,Trump Administration,ORG
114147788974149994,Republicans,MISC
114147788974149994,Continuing Resolution,MISC
114147788974149994,Republicans,MISC
114147788974149994,G,LOC
114147788974149994,##RA,MISC
114146381629892800,Republicans,MISC
114146381629892800,America,LOC
114145975409380484,Paolo Zampolli,PER
114145975409380484,Global Partnerships,ORG
114145975409380484,United Nations,ORG
114145975409380484,Kennedy Center,ORG
114145975409380484,International,MISC
114145975409380484,Paolo,PER
114145975409380484,Americas Interest,ORG
114145975409380484,Global,MISC
114145975409380484,Paolo,PER
114145974744723188,An,PER
114145974744723188,##ji Sinha,PER
114145974744723188,United States,LOC
114145974744723188,Singapore,LOC
114145974744723188,An,PER
114145974744723188,##ji,PER
114145974744723188,United States,LOC
114145974744723188,Singapore,LOC
114145974744723188,An,PER
114145974744723188,##ji,PER
114145974744723188,Nations Interests,ORG
114145974744723188,America First,ORG
114145974744723188,An,PER
114145974393951612,Dearborn Heights,LOC
114145974393951612,Bill Bazzi,PER
114145974393951612,United States,LOC
114145974393951612,Republic of Tunisia,LOC
114145974393951612,Ba,PER
114145974393951612,##zzi,PER
114145974393951612,U. S.,LOC
114145974393951612,Marine,MISC
114145974393951612,U. S.,LOC
114145974393951612,World,LOC
114145974393951612,Ba,PER
114145974393951612,##zzi,PER
114145974393951612,Boeing,ORG
114145974393951612,Ford Motor Company,ORG
114145974393951612,Ford,ORG
114145974393951612,Bazzi,PER
114145974393951612,City,LOC
114145974393951612,Dearborn Heights,LOC
114145974393951612,Ba,PER
114145974393951612,##zzi,PER
114145974393951612,Presidential Election,MISC
114145974393951612,Historic Victory,MISC
114145974393951612,Bill,PER
114145653738723042,Michael George DeSomb,PER
114145653738723042,United States,LOC
114145653738723042,East Asia,LOC
114145653738723042,Pacific,LOC
114145653738723042,Michael,PER
114145653738723042,Kingdom,LOC
114145653738723042,Thailand,LOC
114145653738723042,Michael,PER
114145653738723042,Sullivan Cromwell,ORG
114145653738723042,Asia Mergers and Acquisitions,ORG
114145653738723042,Korea,LOC
114145653738723042,Southeast Asia,LOC
114145653738723042,Harvard Law School,ORG
114145653738723042,East Asian Studies,MISC
114145653738723042,Stanford University,ORG
114145653738723042,Chinese,MISC
114145653738723042,Michael,PER
114145653738723042,Michael,PER
114145611018414576,Elon Musk,ORG
114145611018414576,Trump,PER
114145611018414576,America,LOC
114145611018414576,Tesla,ORG
114145611018414576,United States,LOC
114145604547078768,Country,LOC
114145595237667373,Elon,PER
114144896693695214,Thomas Massie,PER
114144896693695214,Debt Ceiling Bill,MISC
114144896693695214,B,ORG
114144896693695214,##iden Administration,ORG
114144896693695214,Trump Administration,ORG
114144896693695214,Election,MISC
114144896693695214,Election,MISC
114144896693695214,Republicans,MISC
114144896693695214,Budget Disaster,MISC
114144896693695214,B,ORG
114144896693695214,##iden Administration,ORG
114144896693695214,Trump Administration,ORG
114144896693695214,Office,ORG
114144896693695214,Resolution,MISC
114144896693695214,Thomas Massie,PER
114144896693695214,G,LOC
114144896693695214,##RANDST,ORG
114144896693695214,Great People of Kentucky,ORG
114144896693695214,Primary,MISC
114144501101999196,Canada,LOC
114144501101999196,E,MISC
114144501101999196,##CITY,MISC
114144501101999196,History Books,MISC
114144217763824399,Ontario,LOC
114144217763824399,Canada,LOC
114144217763824399,United States,LOC
114144217763824399,Commerce,ORG
114144217763824399,AD,MISC
114144217763824399,CANA,LOC
114144217763824399,Canada,LOC
114144217763824399,Anti,MISC
114144217763824399,American,MISC
114144217763824399,U. S.,LOC
114144217763824399,National Emergency,MISC
114144217763824399,Electricity,ORG
114144217763824399,U. S,LOC
114144217763824399,Canada,LOC
114144217763824399,Canada,LOC
114144217763824399,Cars,MISC
114144217763824399,U. S.,LOC
114144217763824399,Canada,LOC
114144217763824399,USA,LOC
114144217763824399,Canada,LOC
114144217763824399,National Security,ORG
114144217763824399,United States,LOC
114144217763824399,Canada,LOC
114144217763824399,Canada,LOC
114144217763824399,Canadians,MISC
114144217763824399,Northern Border,MISC
114144217763824399,Canada,LOC
114144217763824399,Canada,LOC
114144180393726960,Ontario,LOC
114144180393726960,Canada,LOC
114144180393726960,United States,LOC
114144180393726960,Commerce,ORG
114144180393726960,AD,MISC
114144180393726960,CANA,LOC
114144180393726960,Canada,LOC
114144180393726960,Anti,MISC
114144180393726960,American,MISC
114144180393726960,U. S.,LOC
114144180393726960,National Emergency,MISC
114144180393726960,Electricity,ORG
114144180393726960,U. S,LOC
114144180393726960,Canada,LOC
114144180393726960,Canada,LOC
114144180393726960,Cars,MISC
114144180393726960,U. S.,LOC
114144180393726960,Canada,LOC
114144180393726960,USA,LOC
114144180393726960,Canada,LOC
114144180393726960,National Security,ORG
114144180393726960,United States,LOC
114144180393726960,Canada,LOC
114144180393726960,Canada,LOC
114144180393726960,Canadians,MISC
114144180393726960,Northern Border,MISC
114144180393726960,Canada,LOC
114144180393726960,Canada,LOC
114141854575248527,Republicans,MISC
114141854575248527,Conservatives,MISC
114141854575248527,Americans,MISC
114141854575248527,El,PER
114141854575248527,##on Musk,PER
114141854575248527,FA,MISC
114141854575248527,##AS,MISC
114141854575248527,Radical,MISC
114141854575248527,Left Lunatics,ORG
114141854575248527,Tesla,ORG
114141854575248527,Elons,ORG
114141854575248527,Elon,ORG
114141854575248527,Presidential Ballot Box,MISC
114141854575248527,Te,MISC
114141854575248527,##sla,ORG
114141854575248527,El,PER
114141854575248527,##on Musk,PER
114141854575248527,American,MISC
114141854575248527,MA,ORG
114141854575248527,AMERICA,ORG
114141631976318293,Canada,LOC
114141631976318293,USA,LOC
114141631976318293,Ontario,LOC
114141631976318293,Canada,LOC
114141631976318293,United States,LOC
114141631976318293,Canada,LOC
114141631976318293,AMERIC,LOC
114141533823019998,House Freedom Caucus,ORG
114141533823019998,Radical Left Democrats,MISC
114141533823019998,America,LOC
114141533823019998,MILL,ORG
114141533823019998,of Criminals,ORG
114141533823019998,Thomas Massie,PER
114141533823019998,Kentucky,LOC
114141533823019998,Resolution,MISC
114141533823019998,##RA,MISC
114141533823019998,Liz Chaney,PER
114141533823019998,Kentucky,LOC
114141533823019998,House Freedom Caucus,ORG
114141533823019998,AMER,LOC
114141533823019998,G,ORG
114140437287253298,Emmy,MISC
114140437287253298,1,MISC
114140437287253298,A,MISC
114140437287253298,Prime Video,ORG
114140426339072409,Trump,MISC
114140426339072409,Panama Canal,LOC
114140402532391912,Trump,PER
114140402532391912,Los Angeles,LOC
114140367932686103,Donald Trump,PER
114140367932686103,Daytona 500,MISC
114140367932686103,NASCAR,ORG
114140367932686103,America,LOC
114139222625284782,ICE,ORG
114139222625284782,Ma,PER
114139222625284782,##hm,PER
114139222625284782,##oud Khalil,PER
114139222625284782,Radical,MISC
114139222625284782,Hamas,ORG
114139222625284782,Columbia University,ORG
114139222625284782,Columbia,ORG
114139222625284782,Country,LOC
114139222625284782,anti,MISC
114139222625284782,Semitic,MISC
114139222625284782,anti,MISC
114139222625284782,American,MISC
114139222625284782,Trump Administration,ORG
114139222625284782,Americas Colleges and Universities,ORG
114135887529701366,Malcolm Turnbull,PER
114135887529701366,Australia,LOC
114135887529701366,China,LOC
114135887529701366,Australians,MISC
114135672415463032,Brian Mast,PER
114135672415463032,FoxNews,ORG
114135400416790297,Democrats,MISC
114135388919019484,Russia,LOC
114135388919019484,Donald Trump,PER
114135383571986279,Carter Administration,ORG
114135383571986279,Panama Canal,LOC
114135383571986279,Panama,LOC
114135383571986279,Country,LOC
114135377964485025,Social SecurityWere,ORG
114135068157531979,Congress,ORG
114135068157531979,United States,LOC
114135068157531979,Greenland,LOC
114135068157531979,World War II,MISC
114135068157531979,DOL,ORG
114135068157531979,World,LOC
114135068157531979,United States of America,LOC
114132050804394743,Maria Bartiromo,PER
114132050804394743,Morning Futures,MISC
114132050804394743,FoxNews,ORG
114129217070412961,E,ORG
114129217070412961,MA,PER
114129217070412961,O,PER
114129217070412961,NE,MISC
114128213945115106,House,ORG
114128213945115106,Senate,ORG
114128213945115106,Republicans,MISC
114128213945115106,America,LOC
114128213945115106,Democrats,MISC
114128213945115106,AMERIC,LOC
114124513631913892,Eric Schmitt,PER
114124513631913892,United States,LOC
114124513631913892,American,MISC
114124513631913892,Ukraine,LOC
114124513631913892,Trump,PER
114124499360504090,GREAT,ORG
114124499360504090,United States Naval Academy,ORG
114124499360504090,Board of Visitors,ORG
114124499360504090,Patriots,ORG
114124499360504090,Walt Nauta,PER
114124499360504090,Sean Spicer,PER
114124499360504090,Doc Ronnie Jackson,PER
114124499360504090,Derek Van Or,PER
114124499360504090,Academy,ORG
114124071552960368,Canada,LOC
114124071552960368,United States Farmers,ORG
114124071552960368,USMCA,ORG
114124071552960368,Canada,LOC
114124071552960368,U. S.,LOC
114124071552960368,Dai,ORG
114124071552960368,Canadian,MISC
114124071552960368,U. S.,LOC
114124071552960368,Canada,LOC
114124071552960368,U. S. Dairy Farmers,ORG
114124071552960368,Canada,LOC
114124070435213204,Laura Ingraham,PER
114124070435213204,Maria Bartiromo,PER
114124070435213204,Kennedy Center Board,ORG
114124070435213204,Center,LOC
114124070435213204,Great,MISC
114124070435213204,##ness,LOC
114124070435213204,Americas Golden Age,MISC
114124069701923303,Michel Issa,PER
114124069701923303,United States,LOC
114124069701923303,Lebanon,LOC
114124069701923303,Michel,PER
114124069701923303,"Banking, Entrepreneurship",ORG
114124069701923303,International Trade,ORG
114124069701923303,Michel,PER
114124068976645988,L,PER
114124068976645988,##yn,PER
114124068976645988,##da Blanchard,PER
114124068976645988,United States,LOC
114124068976645988,Food and Agriculture Organization of the United Nations,ORG
114124068976645988,Rome,LOC
114124068976645988,Italy,LOC
114124068976645988,L,PER
114124068976645988,U. S.,LOC
114124068976645988,Slovenia,LOC
114124068976645988,Auburn University,ORG
114124068976645988,Nation,ORG
114124068976645988,L,PER
114124064191342023,Buchan,PER
114124064191342023,United States,LOC
114124064191342023,Morocco,LOC
114124064191342023,Duke,PER
114124064191342023,", Freedom, and Prosperity",MISC
114124063031303446,Am,PER
114124063031303446,##er Ghalib,PER
114124063031303446,United States,LOC
114124063031303446,Kuwait,LOC
114124063031303446,City,LOC
114124063031303446,Hamtramck,LOC
114124063031303446,Michigan,LOC
114124063031303446,Am,PER
114124063031303446,Historic Victory,MISC
114124063031303446,Michigan,LOC
114124063031303446,Am,PER
114124063031303446,Ross,ORG
114124063031303446,University School of Medicine,LOC
114124063031303446,Am,PER
114112430549537723,"Washington,",LOC
114112430549537723,D. C.,LOC
114112430549537723,City,LOC
114112430549537723,State Department,ORG
114112430549537723,White House,LOC
114112430549537723,"Washington, D. C",LOC
114112430549537723,Great Capital,LOC
114112430549537723,Bowser,PER
114112430549537723,Citizens of our,ORG
114112430549537723,Country,LOC
114112430549537723,AMERICA,LOC
114122976607379542,Trump Administration,ORG
114122976607379542,Columbia,ORG
114121736384220932,United Autoworkers of America,ORG
114121736384220932,TARIFFS,ORG
114121736384220932,USA,LOC
114121736384220932,N,LOC
114121736384220932,##AF,LOC
114121736384220932,##TA,LOC
114121576367163341,Russia,LOC
114121576367163341,Ukraine,LOC
114121576367163341,"Sanctions, Sanctions",ORG
114121576367163341,Russia,LOC
114121576367163341,Russia,LOC
114121576367163341,Ukraine,LOC
114121529754059509,South Africa,LOC
114121529754059509,Farmers,MISC
114121529754059509,South Africa,LOC
114121529754059509,United States of America,LOC
114117008305421663,Golden Age of America,MISC
114117008305421663,Administration,ORG
114117008305421663,Administration,ORG
114117008305421663,America First,ORG
114117008305421663,D,ORG
114117008305421663,Cabinet,ORG
114117008305421663,Department,ORG
114117008305421663,El,ORG
114117008305421663,D,ORG
114117008305421663,Elon,ORG
114117008305421663,AM,ORG
114117008305421663,##IC,ORG
114116432894994278,Claudia Sheinbaum,PER
114116432894994278,Mexico,LOC
114116432894994278,Mexico,LOC
114116432894994278,Ta,MISC
114116432894994278,USMCA Agreement,MISC
114116432894994278,Agreement,MISC
114116432894994278,She,PER
114116432894994278,##inbaum,PER
114116432894994278,Border,LOC
114116432894994278,Il,MISC
114116432894994278,Alien,MISC
114116432894994278,United States,LOC
114116432894994278,Fen,PER
114116432894994278,She,PER
114116432894994278,##inbaum,PER
114116271026986660,Canada,LOC
114116271026986660,Justin Trudeau,PER
114116271026986660,Ta,MISC
114116116851075814,World,MISC
114116116851075814,Sleep,PER
114116116851075814,Joe Biden,PER
114113510529624746,F,ORG
114113510529624746,##ake,MISC
114113510529624746,Play the Ref News,ORG
114113510529624746,U. S. Supreme Court,ORG
114113510529624746,Justices,ORG
114113510529624746,Justice John Roberts,PER
114113510529624746,Fake News CNN,ORG
114113510529624746,MSDNC,ORG
114113510529624746,Justice Roberts,PER
114113510529624746,Fake News,ORG
114112621570651215,Democrats,MISC
114112621570651215,Government,ORG
114112621570651215,G,ORG
114112621570651215,##RE,MISC
114112621570651215,House,ORG
114112621570651215,Republicans,MISC
114112621570651215,Government,ORG
114112621570651215,Conservatives,MISC
114112621570651215,MA,PER
114112621570651215,AMERIC,LOC
114112621570651215,Bill,MISC
114112412110386906,Democrats,MISC
114112412110386906,Midterms,MISC
114112412110386906,Congress,ORG
114112412110386906,Republicans,MISC
114112412110386906,Open Border,MISC
114112412110386906,Energy and Tax,MISC
114112412110386906,Republicans,MISC
114112412110386906,Historic Event,MISC
114112412110386906,Republicans,MISC
114112412110386906,Race in the Country,MISC
114112015891353323,Shalom,ORG
114112015891353323,Hamas,ORG
114112015891353323,Goodbye,ORG
114112015891353323,Israel,LOC
114112015891353323,Hamas,ORG
114112015891353323,Gaza,LOC
114112015891353323,People,LOC
114112015891353323,Gaza,LOC
114112015891353323,##ages,LOC
114112015891353323,AMERICA,LOC
114111166145299229,Justin Trudeau,PER
114111166145299229,Canada,LOC
114111166145299229,Fentany,ORG
114111166145299229,Alien,ORG
114111166145299229,United States,LOC
114111155189097825,Justin Trudeau,PER
114111155189097825,Canada,LOC
114111155189097825,Ta,MISC
114111155189097825,Fentany,MISC
114111155189097825,Borders of Canada,LOC
114111155189097825,Mexico,LOC
114111155189097825,Canadian Election,MISC
114111155189097825,Justin,PER
114105388432604284,T,PER
114105388432604284,##rud,PER
114105388432604284,##eau,PER
114105388432604284,Canada,LOC
114105388432604284,U. S.,LOC
114104687765298529,Canada,LOC
114104687765298529,American Banks,MISC
114104687765298529,Canada,LOC
114104687765298529,American,MISC
114104687765298529,Market,ORG
114104167452161158,American,MISC
114099930171583950,Great Farmers of the United,ORG
114099930171583950,States,LOC
114099930171583950,United States,LOC
114099924838350231,Europe,LOC
114099924838350231,Russian Oil and Gas,ORG
114099924838350231,Ukraine,LOC
114099480566604857,Z,PER
114099480566604857,##ele,PER
114099480566604857,America,LOC
114099480566604857,Peace,MISC
114099480566604857,Americas,LOC
114099480566604857,Europe,LOC
114099480566604857,Zele,PER
114099480566604857,U. S,LOC
114099480566604857,Russia,LOC
114099009721475492,Republican Town Hall Meeting,MISC
114099009721475492,Democrats,MISC
114099009721475492,LA,MISC
114098529870362771,Ukraine,MISC
114098529870362771,Putin,PER
114098529870362771,Russia,LOC
114098529870362771,Donald J. Trump,PER
114098529870362771,Democrats,MISC
114098529870362771,Fake News,ORG
114096106742782827,Treasury Department,ORG
114096106742782827,Benefici,ORG
114096106742782827,Ownership,ORG
114096106742782827,Information,MISC
114096106742782827,B,ORG
114096106742782827,U. S.,LOC
114096106742782827,Citizens,ORG
114096106742782827,B,ORG
114096106742782827,##iden,ORG
114096106742782827,Small Businesses Nationwide,ORG
114096106742782827,Treasury,ORG
114096106742782827,Emergency Regulation,MISC
114096106742782827,American,MISC
114096106742782827,B,ORG
114096104536926329,Putin,PER
114096104536926329,Country,LOC
114096104536926329,Europe,LOC
114096103832487629,H,ORG
114096103832487629,R,ORG
114096103832487629,MCMAST,ORG
114094872007717497,IL,ORG
114093946326587357,BTC,ORG
114093946326587357,ET,ORG
114093946326587357,Crypt,MISC
114093946326587357,Reserve,ORG
114093946326587357,Bitcoin,ORG
114093946326587357,Ethereum,ORG
114093526901586124,U,ORG
114093526901586124,.,LOC
114093526901586124,S. Crypto Reserve,ORG
114093526901586124,B,ORG
114093526901586124,##iden Administration,ORG
114093526901586124,Executive Order on Digital Assets,ORG
114093526901586124,Presidential Working Group,ORG
114093526901586124,Crypto Strategic Reserve,ORG
114093526901586124,XRP,ORG
114093526901586124,SOL,ORG
114093526901586124,ADA,ORG
114093526901586124,U. S.,LOC
114093526901586124,Crypto Capital of the World,MISC
114093526901586124,MA,LOC
114093526901586124,AMERIC,LOC
114093819842100196,BTC,ORG
114093819842100196,ETH,ORG
114093819842100196,Crypt,MISC
114093819842100196,Reserve,ORG
114093819842100196,Bitcoin,ORG
114093819842100196,Ethereum,ORG
114093323833055090,Trump,PER
114093323833055090,Trump,PER
114093323833055090,Floyd Maywe,PER
114088564162922800,Country,LOC
114088564162922800,Il,MISC
114088564162922800,Border Patrol,ORG
114088564162922800,##U. S.,LOC
114088564162922800,Mexico Border,LOC
114088564162922800,Nation,LOC
114088564162922800,United States of America,LOC
114088564162922800,Invasion of our Country,MISC
114088564162922800,Joe Biden,PER
114088564162922800,Il,MISC
114088564162922800,Country,LOC
114088564162922800,Trump Administration,ORG
114088564162922800,Il,MISC
114088564162922800,I,MISC
114088564162922800,U. S. A,LOC
114088245950849883,Young Republicans,MISC
114088245950849883,America,LOC
114088245950849883,College Campus,MISC
114087978846952770,Donald Trump,PER
114087978846952770,##mo,MISC
114087957034260563,Trump,PER
114087957034260563,America,LOC
114087937627204152,The New York Times,ORG
114087937627204152,B,PER
114087937627204152,##iden,PER
114087937627204152,Doocy,PER
114087937627204152,Trump,PER
113900991727592285,GA,MISC
113900991727592285,14,MISC
113900991727592285,Gulf of AMERICA,LOC
113873210284816215,Trump,PER
113873210284816215,American,MISC
113873210284816215,Trump,PER
113873210284816215,Social Security,ORG
113873210284816215,Congress,ORG
113873210284816215,American,MISC
113873210284816215,Trump,PER
114085325641437111,Major League Baseball,MISC
114085325641437111,Pete Rose,PER
114085325641437111,Charlie Hustle,PER
114085325641437111,Baseball Hall of,MISC
114085325641437111,Pete Rose,PER
114085325641437111,Pete Rose,PER
114085325641437111,Baseball Hall of Fame,MISC
114084241095787137,Department of Justice,ORG
114084241095787137,Jack Smith,PER
114084241095787137,Florida,LOC
114084241095787137,Trump Presidential Library,ORG
114084241095787137,Justice,ORG
114084241095787137,Justice,ORG
114084241095787137,Country,LOC
114082877976878390,Donald J. Trump,PER
114082877976878390,White House,LOC
114082877976878390,Zelensky,PER
114082877976878390,Peace,MISC
114082877976878390,America,LOC
114082877976878390,United States of America,LOC
114082877976878390,Oval Office,LOC
114082877976878390,Peace,MISC
114079208701433194,Sleep,PER
114079208701433194,Joe Biden,PER
114079208701433194,House,ORG
114079208701433194,Senate,ORG
114079187160409658,Iowa,LOC
114079187160409658,Radical Gender I,MISC
114079187160409658,##ology,MISC
114079187160409658,Iowa,LOC
114079187160409658,Iowa,LOC
114079183960044080,Hung Cao,PER
114079183960044080,United States,LOC
114079183960044080,Navy,ORG
114079183960044080,Hung,PER
114079183960044080,American Dream,MISC
114079183960044080,Great Nation,MISC
114079183960044080,Hung,PER
114079183960044080,United States Naval Academy,ORG
114079183960044080,Masters Degree,MISC
114079183960044080,Physics,LOC
114079183960044080,Hung,PER
114079183960044080,Hung,PER
114079183960044080,Pentagon,ORG
114079183960044080,Hung,PER
114079183066806657,Paul Dabbar,PER
114079183066806657,United States,LOC
114079183066806657,Commerce,ORG
114079183066806657,Paul,PER
114079183066806657,Commerce,ORG
114079183066806657,Howard Lutnick,PER
114079183066806657,American,MISC
114079183066806657,Leadership,ORG
114079183066806657,"Global Commerce, Trade, and Technology",ORG
114079183066806657,Paul,PER
114079183066806657,Energy,ORG
114079183066806657,Science,ORG
114079183066806657,National Labs,ORG
114079183066806657,Manhattan Project,ORG
114079183066806657,Energy Dominance,MISC
114079183066806657,Paul,PER
114079183066806657,Nuclear Submarine,ORG
114079183066806657,U. S. Naval Academy,ORG
114079183066806657,Columbia University,ORG
114079183066806657,Paul,PER
114078375125204326,Sleep,PER
114078375125204326,Joe Biden,PER
114078375125204326,House,ORG
114078375125204326,Senate,ORG
114076153524132682,Mexico,LOC
114076153524132682,Canada,LOC
114076153524132682,Drugs,MISC
114076153524132682,Fentany,MISC
114076153524132682,China,LOC
114076153524132682,USA,LOC
114076153524132682,TARIF,ORG
114076153524132682,China,LOC
114076153524132682,AM,LOC
114076153524132682,##ERIC,ORG
114072703621092444,Wayne Gretzky,PER
114072703621092444,Canada,LOC
114072703621092444,Wayne,PER
114072703621092444,Canada,LOC
114072703621092444,Wayne,PER
114072703621092444,Janet,PER
114072703621092444,Canada,LOC
114072703621092444,Canada,LOC
114072703621092444,Canadian People,MISC
114072703621092444,Justin Trudeau,PER
114072703621092444,Canadian,MISC
114072703621092444,Canada,LOC
114072703621092444,Canada,LOC
114072703621092444,Ole,MISC
114072703621092444,U. S,LOC
114072703621092444,A,LOC
114072306556819108,Trump,PER
114072306556819108,Dan ' Razin ' Caine,PER
114072306556819108,Joint Chiefs,ORG
114071896747776859,Defense,ORG
114071896747776859,Pete Hegseth,PER
114071896747776859,Afghanistan,LOC
114071893306050761,Israel,LOC
114071853044146528,El,PER
114071853044146528,##on Musk,PER
114071853044146528,Trump,PER
114071839130050988,American,MISC
114071774104516883,C,PER
114071774104516883,##rook,PER
114071774104516883,Joe Biden,PER
114071774104516883,Nico,PER
114071774104516883,##ls Maduro,PER
114071774104516883,Venezuela,LOC
114071774104516883,Venezuela,LOC
114071774104516883,Maduro,PER
114071774104516883,Country,LOC
114071774104516883,Ole U. S. A,LOC
114071774104516883,Venezuela,LOC
114071774104516883,Biden Concession Agreement,MISC
114070882108433827,House,ORG
114070882108433827,Senate,ORG
114070882108433827,Cut,MISC
114070612892953565,CHICAGO,LOC
114070612892953565,P,ORG
114070572392915582,Mike Johnson,PER
114070572392915582,AM,ORG
114070560562637397,Media,ORG
114070560562637397,Cabinet,ORG
114070560562637397,Meeting,MISC
114070458705554001,Mike Johnson,PER
114070458705554001,AM,ORG
114070390620884698,Trump,PER
114070390620884698,American,MISC
114070315739588346,DE,MISC
114070315739588346,DE,ORG
114070315739588346,O,MISC
114070315739588346,DE,ORG
114070190082477156,U. S.,LOC
114070190082477156,Presidential Election,MISC
114070166370664178,Mark Levin,PER
114070166370664178,Great One,MISC
114070166370664178,Mark Levin,PER
114070115148185478,Fake,MISC
114070038526458197,Wall Street Journal Editorial Board,ORG
114070038526458197,##IN,ORG
114070038526458197,today,ORG
114070038526458197,Editorial,ORG
114070038526458197,Ta,MISC
114070038526458197,Michigan Automobile Business,ORG
114070038526458197,MICHIGAN,LOC
114070038526458197,State,LOC
114070038526458197,Presidential Election,MISC
114070038526458197,G,LOC
114070038526458197,MICHIGAN,ORG
114070038526458197,United States,LOC
114070038526458197,AM,MISC
114070038526458197,AMERIC,LOC
114069904344598839,Elon Musk,ORG
114069904344598839,Election Win,MISC
114069904344598839,Elon,ORG
114068081809400335,Tommy Tuberville,PER
114068081809400335,Rosie Grace Tuberville,PER
114068081809400335,Tommy,PER
114068081809400335,Country,LOC
114068081809400335,Tu,PER
114068081809400335,##berville,LOC
114068079034540790,North Dakota,LOC
114068079034540790,Kevin Cramer,PER
114068079034540790,Kris,PER
114068079034540790,Kevin,PER
114068079034540790,Kris,PER
114068079034540790,Kevin,PER
114067029529937308,Steel and Aluminum Industries,ORG
114067029529937308,Great American Copper Industry,ORG
114067029529937308,Copper Industry,ORG
114067029529937308,Commerce,ORG
114067029529937308,USTR,ORG
114067029529937308,Copper Imports,MISC
114067029529937308,##fair Trade,MISC
114067029529937308,Americans,MISC
114067029529937308,American Copper Industry,ORG
114067029529937308,National Defense,ORG
114067029529937308,American Industries,ORG
114067029529937308,Copper,ORG
114067029529937308,AM,LOC
114067029529937308,##ER,ORG
114067029529937308,America First,ORG
114067029529937308,American,MISC
114067029529937308,National Security,ORG
114067029529937308,Copper,ORG
114067028336826956,United States Economy,MISC
114067028336826956,American Spirit,ORG
114067028336826956,Earth,LOC
114067028336826956,Digital Economy,MISC
114067028336826956,Worlds Countries,MISC
114067028336826956,European,MISC
114067028336826956,American Tech Companies,ORG
114067028336826956,American Tech Companies,ORG
114067028336826956,American Companies,MISC
114067028336826956,World,MISC
114067028336826956,America,LOC
114067028336826956,America,LOC
114067028336826956,AI Industrial Revolution,MISC
114067028336826956,America,LOC
114066002055877279,Lara Trump,PER
114066002055877279,Fox News,ORG
114066002055877279,MAGA,ORG
114065168236809535,Mark Levin,PER
114065168236809535,Victor Davis Hanson,PER
114062254652077484,VI,PER
114062254652077484,##K RAMAS,PER
114062254652077484,Great,MISC
114062254652077484,State,LOC
114062254652077484,Ohio,LOC
114062254652077484,V,PER
114062254652077484,##ive,PER
114062254652077484,Ohio,LOC
114061455929909984,National Governors Association,ORG
114061455929909984,Re,MISC
114061816777959152,Keystone XL Pipeline,MISC
114061816777959152,Biden Administration,ORG
114061816777959152,America,LOC
114061816777959152,Sleep,PER
114061816777959152,Joe Biden,PER
114061816777959152,Trump Administration,ORG
114061816777959152,Pipeline Company,ORG
114061816777959152,Keystone XL Pipeline,MISC
114060909744642044,France,LOC
114060909744642044,America,LOC
114060909744642044,##RE,MISC
114060909744642044,##OS,MISC
114060903128542394,American,MISC
114060903128542394,Washington,LOC
114060603767862225,Ukraine,LOC
114060603767862225,Ukraine,LOC
114059930426328863,Emmanuel Macron,PER
114059930426328863,France,LOC
114059930426328863,Oval Office,LOC
114059930426328863,G7 Summit,MISC
114059930426328863,Justin Trudeau,PER
114059930426328863,Canada,LOC
114059930426328863,G,MISC
114059930426328863,##7,ORG
114059930426328863,Anniversary,MISC
114059930426328863,Russia,MISC
114059930426328863,Ukraine War,MISC
114059930426328863,War,MISC
114059930426328863,Critical Minerals and Rare - Earths Deal,MISC
114059930426328863,United States,LOC
114059930426328863,Ukraine,LOC
114059930426328863,Partnership,MISC
114059930426328863,American,MISC
114059930426328863,Ten,MISC
114059930426328863,Bill,MISC
114059930426328863,Dollar,MISC
114059930426328863,Military Equipment,MISC
114059930426328863,Ukraine,LOC
114059930426328863,Ukraine,LOC
114059930426328863,B,MISC
114059930426328863,##rutal and Savage War,MISC
114059930426328863,Vladimir Putin,PER
114059930426328863,Russia,LOC
114059930426328863,War,MISC
114059930426328863,Economic Development,MISC
114059930426328863,United States,LOC
114059930426328863,Russia,LOC
114059888811732826,Elon Musk,ORG
114059004456970017,H,ORG
114059004456970017,AMERIC,LOC
114058814859681967,H,ORG
114058814859681967,AMERIC,LOC
114057798709965917,Donald Trump,PER
114057798709965917,George Washington,PER
114057798709965917,Donald Trump,PER
114057798709965917,Bill OReilly,PER
114057798709965917,No Spin News,ORG
114047677181856301,E,ORG
114047677181856301,G,MISC
114047677181856301,U,ORG
114047677181856301,MA,PER
114047709471578461,MS,ORG
114047709471578461,BA,ORG
114047709471578461,##LE,ORG
114054706390970120,GE,MISC
114054706390970120,USA,LOC
114054706390970120,GER,MISC
114054706390970120,E,PER
114054706390970120,GER,MISC
114054706390970120,AM,LOC
114054706390970120,##IC,LOC
114054706390970120,GENT,MISC
114054706390970120,##LE,LOC
114054706390970120,J,ORG
114055226421032415,Michael Wolff,PER
114055226421032415,Administration,ORG
114055226421032415,FA,MISC
114055226421032415,NEWS,MISC
114055226421032415,Elections,MISC
114055226421032415,History,MISC
114055226421032415,Wolff,PER
114055226421032415,Election,MISC
114055226421032415,White House,LOC
114055226421032415,Wolff,PER
114055226421032415,L,MISC
114056351439814038,Dan Bongino,PER
114056351439814038,Paula,PER
114056351439814038,Dan,PER
114056317037035302,Law Enforcement,ORG
114056317037035302,American Justice,MISC
114056317037035302,Dan Bongino,PER
114056317037035302,FBI,ORG
114056317037035302,Ka,PER
114056317037035302,##sh Patel,PER
114056317037035302,Dan,PER
114056317037035302,Masters,MISC
114056317037035302,C,ORG
114056317037035302,.,LOC
114056317037035302,U. N. Y,ORG
114056317037035302,Penn State,ORG
114056317037035302,New York Police Department,ORG
114056317037035302,New Yorks Finest!,ORG
114056317037035302,United States Secret Service,ORG
114056317037035302,United States,LOC
114056317037035302,Pam Bondi,PER
114056317037035302,Patel,PER
114056317037035302,"Fairness, Justice, Law and Order",ORG
114056317037035302,America,LOC
114056317037035302,Dan,PER
114056934528746786,Concast,ORG
114056934528746786,Brian Roberts,PER
114056934528746786,Ratings Challenged NBC,ORG
114056934528746786,MSDNC,ORG
114056934528746786,Joy Reid,PER
114056934528746786,Alex Wagner,PER
114056934528746786,Rachel Maddo,PER
114056934528746786,Rachel,PER
114056934528746786,Joy Reid,PER
114056934528746786,Man,MISC
114056934528746786,Al Sharpton,PER
114056934528746786,Brian Roberts,PER
114056934528746786,Democrat Party,ORG
114056934528746786,Country,LOC
114054922887831676,"Life, Liberty & Levin",ORG
114054922887831676,Fox,ORG
114056119584695591,S,PER
114056119584695591,##haryl Attkisson,PER
114056119584695591,Gulf of America,LOC
114056119584695591,Bitcoin,ORG
114056119584695591,S,PER
114056119584695591,##har,PER
114056119584695591,##yl,PER
114055134407375955,Roger Williams,PER
114055134407375955,Texas,LOC
114055134407375955,FoxNews,ORG
114050109943745892,Mel,PER
114050109943745892,##ania,PER
114050109943745892,White House,LOC
114050109943745892,Nations,ORG
114050109943745892,Republican,MISC
114050109943745892,Democrat,MISC
114050109943745892,UNITY,ORG
114050070794885064,LARA TR,ORG
114050070794885064,##P,ORG
114050070794885064,P,MISC
114050070794885064,FoxNews,ORG
114050070794885064,Lara,PER
114050070794885064,Eric,PER
114050070794885064,Michael Whatley,PER
114050070794885064,Republican National Committee,ORG
114050070794885064,Presidential,MISC
114047738854261552,H,PER
114047738854261552,H,PER
114047738854261552,##AM,LOC
114047636346854246,CPAC,LOC
114044712489265353,Charles CQ Brown,PER
114044712489265353,Joint Chiefs of Staff,ORG
114044712489265353,Air Force,ORG
114044712489265353,Dan Razin Caine,PER
114044712489265353,Joint Chiefs of Staff,ORG
114044712489265353,Caine,PER
114044712489265353,Ra,PER
114044712489265353,##zin,PER
114044712489265353,ISIS,ORG
114044712489265353,ISIS,ORG
114044712489265353,Caine,PER
114044712489265353,Joint Chiefs of Staff,ORG
114044712489265353,Caine,PER
114044712489265353,Sleep,PER
114044712489265353,Joe Biden,PER
114044712489265353,Pete Hegseth,PER
114044712489265353,Caine,PER
114044712489265353,America First,ORG
114044712489265353,Hegseth,PER
114043050123491219,Trump,PER
114042789770444354,RepMattGae,ORG
114042789770444354,Gulf of America,LOC
114042361686358877,Presidential Election,MISC
114042361686358877,R,PER
114042361686358877,Democrats,MISC
114042361686358877,James Carville,PER
114042361686358877,AMERIC,LOC
114039851969084184,Jesse Watt,PER
114039851969084184,America,LOC
114039851969084184,Joe Biden,PER
114036421460956478,G,ORG
114036421460956478,##RE,MISC
114036421460956478,##AT American Hockey Team,ORG
114036421460956478,Canada,LOC
114036421460956478,Fifty First State,ORG
114036421460956478,D. C.,LOC
114036421460956478,T,PER
114036421460956478,##rud,PER
114036421460956478,##eau,PER
114036421460956478,G,MISC
114038780132459435,America First,ORG
114038780132459435,Me,PER
114038780132459435,##shaw,PER
114038780132459435,##n Maddock,PER
114038780132459435,Michigan Republican Party,ORG
114038780132459435,Meshaw,PER
114038780132459435,G,MISC
114038780132459435,Pete Hoekstra,PER
114038780132459435,United States,LOC
114038780132459435,Canada,LOC
114038780132459435,Pete,PER
114038780132459435,Me,PER
114038780132459435,##shaw,PER
114038780132459435,Republican,MISC
114038780132459435,Michigan,LOC
114038780132459435,H,ORG
114038780132459435,##TORICWIN,ORG
114038780132459435,Me,PER
114038780132459435,##shaw,PER
114038780132459435,MAGA Movement,ORG
114038780132459435,Michigan,LOC
114038780132459435,Me,PER
114038780132459435,##shaw,PER
114038780132459435,Maddock,PER
114038745707654586,Byron Donalds,PER
114038745707654586,Florida,LOC
114038745707654586,Byron,PER
114038745707654586,Byron,PER
114038745707654586,Erik,PER
114038745707654586,Byron,PER
114038745707654586,America First Age,MISC
114038745707654586,Crime,MISC
114038745707654586,Power,ORG
114038745707654586,American,MISC
114038745707654586,Energy,ORG
114038745707654586,Amendment,MISC
114038745707654586,Byron Donalds,PER
114038745707654586,Florida,LOC
114038732409625780,John Thune,PER
114038732409625780,Republican,MISC
114038732409625780,Senate,ORG
114038732409625780,Trump Border Agenda,MISC
114038732409625780,Country,LOC
114038732409625780,American People,MISC
114037059111172681,J,PER
114037059111172681,##A,MISC
114037059111172681,OPEN,MISC
114037057115534717,J,PER
114036341536036183,Fox,ORG
114036341536036183,Senate,ORG
114036341536036183,John Thune,PER
114036341536036183,Republican,MISC
114036341536036183,Johnson,PER
114036341536036183,Republican House,ORG
114036341536036183,C,MISC
114036341536036183,Country,LOC
114036341536036183,Republicans,MISC
114036341536036183,AM,LOC
114036341536036183,##IC,ORG
114033884590103594,C & O,ORG
114033884590103594,George H. W. Bush,PER
114033884590103594,White House,LOC
114033884590103594,Resolute Desk,ORG
114033795602933835,America,LOC
114033795602933835,Trump,PER
114033793193279235,Donald Trump,PER
114033793193279235,Kamal,PER
114033793193279235,##a Harris,PER
114033791415966702,Trump,PER
114033791415966702,Republicans,MISC
114033791415966702,Congress,ORG
114033787788514942,Donald Trump,PER
114033787788514942,Saudi,MISC
114033787788514942,Miami,LOC
114033427089061668,El,PER
114033427089061668,##on Musk,PER
114033427089061668,Ukraine,LOC
114031332924234939,Vol,PER
114031332924234939,##odymy,PER
114031332924234939,##r Zelensky,PER
114031332924234939,United States of America,LOC
114031332924234939,War,MISC
114031332924234939,War,MISC
114031332924234939,U. S.,LOC
114031332924234939,United States,LOC
114031332924234939,Europe,LOC
114031332924234939,Europe,LOC
114031332924234939,United States,LOC
114031332924234939,Sleep,PER
114031332924234939,Joe Biden,PER
114031332924234939,Equalization,MISC
114031332924234939,War,MISC
114031332924234939,Europe,LOC
114031332924234939,Ocean,LOC
114031332924234939,Zelensky,PER
114031332924234939,Elections,MISC
114031332924234939,Ukrainian,MISC
114031332924234939,B,PER
114031332924234939,##iden,PER
114031332924234939,Zelensky,PER
114031332924234939,War,MISC
114031332924234939,Russia,LOC
114031332924234939,T,ORG
114031332924234939,Trump Administration,ORG
114031332924234939,B,PER
114031332924234939,##iden,PER
114031332924234939,Europe,LOC
114031332924234939,Peace,MISC
114031332924234939,Zelensky,PER
114031332924234939,Ukraine,LOC
114031332924234939,Zelensky,PER
114031332924234939,MI,ORG
114033020482640722,Earth,LOC
114033020482640722,United States,LOC
114033020482640722,DAMAC,ORG
114033020482640722,U. S.,LOC
114033020482640722,##SoftBank,ORG
114033020482640722,American,MISC
114032992368318528,Earth,LOC
114032992368318528,United States of America,LOC
114032992368318528,Donald J. Trump,PER
114032908590425164,Miami,LOC
114032908590425164,Florida,LOC
114032082899254855,CO,MISC
114032082899254855,Manhattan,LOC
114032082899254855,New York,LOC
114031015354735395,House,ORG
114031015354735395,Senate,ORG
114031015354735395,Lindsey Graham,PER
114031015354735395,House,ORG
114031015354735395,Resolution,MISC
114031015354735395,America First Age,MISC
114031015354735395,Chambers,ORG
114031015354735395,House,ORG
114031015354735395,AMERIC,LOC
114030926604297056,J,ORG
114030926604297056,IN,MISC
114030926604297056,AMERIC,MISC
114030926604297056,P,MISC
114030920799468684,J,ORG
114030920799468684,VI,ORG
114030920799468684,F,ORG
114027770237892482,Hannity,PER
114027770237892482,Trump,PER
114027770237892482,El,ORG
114027770237892482,##on Mu,PER
114027770237892482,##sk,ORG
114027416979768016,Department of Justice,ORG
114027416979768016,AL,MISC
114027416979768016,Biden Era,MISC
114027416979768016,U. S,LOC
114027416979768016,Americas,LOC
114027416979768016,Golden Age,MISC
114027416979768016,Justice System,MISC
114027416242272061,B,PER
114027416242272061,##iden,PER
114027416242272061,Ben,PER
114027416242272061,##nie Thompson,PER
114027416242272061,Liz Cheney,PER
114027416242272061,Medal,MISC
114027416242272061,Unselect Committee,ORG
114025028025455053,Kevin Hern,PER
114025028025455053,Oklahoma,LOC
114025028025455053,Fox,ORG
114025028025455053,Kevin,PER
114022760519424165,US,MISC
114022760519424165,al - Qaeda,ORG
114022760519424165,Syria,LOC
114022760519424165,al - Qaeda,ORG
114022760519424165,CE,MISC
114022760519424165,##NT,ORG
114022760519424165,##CO,MISC
114022760519424165,Michael Kurilla,PER
114022760519424165,US,LOC
114022760519424165,Justice,PER
114022760519424165,Jihad,PER
114022760519424165,America,LOC
114020008419550279,American Leviathan,MISC
114020008419550279,of the Administrative State,MISC
114020008419550279,Progressive Authoritarianism,MISC
114020008419550279,Ned Ryun,PER
114020008419550279,History of the Deep State,MISC
114020008419550279,and Destruction,MISC
114020008419550279,P,MISC
114020008419550279,!,MISC
114019501223546266,"Edward R. Martin, Jr",PER
114019501223546266,United States,LOC
114019501223546266,District of Columbia,LOC
114019501223546266,Ed,PER
114019501223546266,Human Rights Office,ORG
114019501223546266,Catholic Archdiocese of St,ORG
114019501223546266,. Louis,LOC
114019501223546266,"Pasco M. Bowman,",PER
114019501223546266,Eight Circuit Court of Appeals,ORG
114019501223546266,Inau,MISC
114019501223546266,##ration Day,MISC
114019501223546266,Ed,PER
114019501223546266,U. S.,LOC
114019501223546266,Law and Order,ORG
114019501223546266,Nations Capital,ORG
114019501223546266,Beautiful,ORG
114019501223546266,Ed,PER
114015585700941084,SA,LOC
114015585700941084,AMERIC,LOC
114015585700941084,##A,MISC
114015585700941084,Se,MISC
114015582241142234,Patriot,MISC
114015582241142234,Bo Biteman,PER
114015582241142234,Great State of,LOC
114015582241142234,Wyoming,LOC
114015582241142234,SCH,MISC
114015582241142234,Administration,ORG
114015582241142234,Wyoming,LOC
114015582241142234,Wyoming,ORG
114015582241142234,Senate,ORG
114015581630558522,Brad Little,PER
114015581630558522,Idaho,LOC
114015581630558522,Choice,MISC
114015581630558522,Idaho,LOC
114015581630558522,Bill,MISC
114015154260594234,John Jovanov,PER
114015154260594234,Expo,ORG
114015154260594234,- Import Bank of the United States,ORG
114015154260594234,EXIM,ORG
114015154260594234,John,PER
114015154260594234,Energy,ORG
114015154260594234,Commodities,ORG
114015154260594234,Critical Infrastructure,ORG
114015154260594234,America Energy and Manufacturing,ORG
114015154260594234,John,PER
114015154260594234,Mat,ORG
114015154260594234,Wharton School,ORG
114015154260594234,University of Pennsylvania,ORG
114015154260594234,Princeton University,ORG
114015154260594234,Ta,ORG
114015154260594234,American,MISC
114015154260594234,John,PER
114015151894861058,Jason Reding Quiones,PER
114015151894861058,United States,LOC
114015151894861058,Southern District of,LOC
114015151894861058,Florida,LOC
114015151894861058,Federal,ORG
114015151894861058,Justice Department,ORG
114015151894861058,Security,ORG
114015151894861058,Reding Quiones,PER
114015151894861058,Miami,LOC
114015151894861058,Air Force Reserve,ORG
114015151894861058,U. S.,LOC
114015151894861058,Southern District of,LOC
114015151894861058,Florida,LOC
114015151894861058,Reding Quiones,PER
114015151894861058,Law and Order,ORG
114015151894861058,MA,PER
114015151894861058,AM,LOC
114015151894861058,##ERIC,ORG
114015151894861058,Jason,PER
114015151574566832,Jim Byron,PER
114015151574566832,United States,LOC
114015151574566832,Marco Rubio,PER
114015151574566832,National Archives and Records Administration,ORG
114015151574566832,NARA,ORG
114015151574566832,Jim,PER
114015151574566832,National Archives,ORG
114015151574566832,Jim,PER
114015151574566832,National Archives,ORG
114015151574566832,History of our Great Country,MISC
114015151574566832,Jim,PER
114014567906020636,14th Amendment Right of American Citizenship,MISC
114014567906020636,Law,MISC
114014567906020636,Country,LOC
114014567906020636,World,LOC
114014567906020636,America,LOC
114009179225169296,Law,MISC
114009175266247925,##EC,MISC
114009175266247925,United States of America,LOC
114009175266247925,United States Policy,MISC
114009175266247925,System,MISC
114009175266247925,America,LOC
114009175266247925,United States,LOC
114009175266247925,Nonmon,MISC
114009175266247925,##ry Tariff,MISC
114009175266247925,Barriers,MISC
114009175266247925,U. S.,LOC
114009175266247925,Nonmon,MISC
114009175266247925,Trade,MISC
114009175266247925,United States,LOC
114009175266247925,United States,LOC
114009175266247925,U. S.,LOC
114009175266247925,of Trade,MISC
114009175266247925,America,LOC
114009175266247925,AM,MISC
114009175266247925,Commerce,ORG
114009175266247925,Treasury,ORG
114009175266247925,United States,LOC
114009175266247925,US,LOC
114009175266247925,R,ORG
114009175266247925,##CI,MISC
114009160733381255,US,LOC
114009160733381255,Trump,PER
114009150374933861,AI Stargate Project,ORG
114009150374933861,Trump,PER
114009148192546807,Trump,PER
114009148192546807,Marc Fogel,PER
114009148192546807,Butler,PER
114007874648160437,American,MISC
114007874648160437,##age,ORG
114007874648160437,Trump,PER
114007874648160437,Fox News,ORG
114007859463769499,Hamas,ORG
114007859463769499,GAZ,LOC
114007859463769499,##A,ORG
114007859463769499,American Citizen,MISC
114007859463769499,Israel,LOC
114007859463769499,United States,LOC
114004160299941382,US,LOC
114004160299941382,Trump,PER
114004158227642314,Trump,PER
114004158227642314,US,LOC
114004158227642314,EU,ORG
114004158227642314,India,LOC
114004158227642314,Japan,LOC
114004152174148558,Trump,PER
114004145997692054,Trump,PER
114003528364588018,S,MISC
114000079822145063,J,ORG
113998953188726976,American,MISC
113998953188726976,Commerce,ORG
113998953188726976,Treasury,ORG
113998953188726976,U. S.,LOC
113998250121701192,##EC,MISC
113998250121701192,United States of America,LOC
113998250121701192,United States Policy,MISC
113998250121701192,System,MISC
113998250121701192,America,LOC
113998250121701192,United States,LOC
113998250121701192,Nonmon,MISC
113998250121701192,##ry Tariff,MISC
113998250121701192,Barriers,MISC
113998250121701192,U. S.,LOC
113998250121701192,Nonmon,MISC
113998250121701192,Trade,MISC
113998250121701192,United States,LOC
113998250121701192,United States,LOC
113998250121701192,U. S.,LOC
113998250121701192,of Trade,MISC
113998250121701192,America,LOC
113998250121701192,AM,MISC
113998250121701192,Commerce,ORG
113998250121701192,Treasury,ORG
113998250121701192,United States,LOC
113998250121701192,US,LOC
113998250121701192,R,ORG
113998250121701192,##CI,MISC
113996895642654410,R,MISC
113996895642654410,##EC,MISC
113996895642654410,AMERIC,LOC
113996433848678436,R,LOC
113996433848678436,##US,PER
113996433848678436,##SI,LOC
113996433848678436,UK,LOC
113996433848678436,B,ORG
113996410955252842,P,PER
113996410955252842,AM,LOC
113996410955252842,##IC,LOC
113996386971796071,Politico,ORG
113996386971796071,Failing New York Times,ORG
113996222032466903,Radical Left Reuters,ORG
113996222032466903,Department of Defense,ORG
113992617804848860,Donald J. Trump,PER
113992617804848860,Kennedy Center,LOC
113992617804848860,"Washington, D. C",LOC
113992617804848860,The Kennedy Center,LOC
113992617804848860,The Kennedy Center,LOC
113992264519415084,Vol,PER
113992264519415084,##odymy,PER
113992264519415084,##r Zelenskyy,PER
113992264519415084,Ukraine,LOC
113992264519415084,Putin,PER
113992264519415084,War,MISC
113992264519415084,Munich,LOC
113992264519415084,J,PER
113992264519415084,##D Vance,PER
113992264519415084,Marco Rubio,PER
113992264519415084,Del,ORG
113992264519415084,War,MISC
113992264519415084,God,PER
113992264519415084,Russia,LOC
113992264519415084,Ukraine,LOC
113991956474899296,Vladimir Putin,PER
113991956474899296,Russia,LOC
113991956474899296,Ukraine,LOC
113991956474899296,Middle East,LOC
113991956474899296,Energy,ORG
113991956474899296,", Artificial Intelligence",MISC
113991956474899296,Great History of our Nations,MISC
113991956474899296,World War II,MISC
113991956474899296,Russia,LOC
113991956474899296,War,MISC
113991956474899296,Russia,LOC
113991956474899296,Ukraine,LOC
113991956474899296,Putin,PER
113991956474899296,Zelenskyy,PER
113991956474899296,Ukraine,LOC
113991956474899296,Marco Rubio,PER
113991956474899296,CIA,ORG
113991956474899296,John Ratcliffe,PER
113991956474899296,Michael Waltz,PER
113991956474899296,Steve Witko,PER
113991956474899296,War,MISC
113991956474899296,Putin,PER
113991956474899296,Marc Fogel,PER
113991956474899296,White House,LOC
113991086021543780,D,ORG
113991086021543780,D,ORG
113991030846598649,Rock and Roll,ORG
113991030846598649,America,LOC
113986682230247774,P,LOC
113986682230247774,##ER,LOC
113986673152923628,Jordan,LOC
113986673152923628,Abdullah,PER
113986673152923628,Middle East,LOC
113986285138546896,Terry Cole,PER
113986285138546896,Drug Enforcement Administration,ORG
113986285138546896,DEA,ORG
113986285138546896,Terry,PER
113986285138546896,DEA,ORG
113986285138546896,Colombia,LOC
113986285138546896,Afghanistan,LOC
113986285138546896,Mexico City,LOC
113986285138546896,Virginia,ORG
113986285138546896,Public Safety and Homeland Security,ORG
113986285138546896,State Public Safety Agencies,ORG
113986285138546896,Terry,PER
113986285138546896,Rochester Institute of Technology,ORG
113986285138546896,Liberal Arts,ORG
113986285138546896,Criminal Justice,ORG
113986285138546896,University of Virginia,ORG
113986285138546896,University of Notre Dame,ORG
113986285138546896,Mendoza School of Business,ORG
113986285138546896,MIT Sloan Executive School,ORG
113986285138546896,Artificial Intelligence and Machine Learning,ORG
113986285138546896,AMERICA,ORG
113986285138546896,Terry,PER
113986279826269375,Treasury,ORG
113986279826269375,Scott Bessent,PER
113986279826269375,Ukraine,LOC
113986279826269375,Zele,PER
113986279826269375,##nsky,PER
113986279826269375,U. S.,LOC
113986279826269375,AMERICA,ORG
113985962341531654,F,ORG
113985962341531654,##EM,LOC
113985962341531654,##A,ORG
113985962341531654,Democrat,MISC
113985962341531654,North Carolina,LOC
113985962341531654,##ID,ORG
113985962341531654,F,ORG
113985962341531654,##EM,LOC
113985962341531654,##A,ORG
113985962341531654,F,ORG
113985962341531654,##EM,LOC
113985962341531654,##A,ORG
113985896471994837,AM,LOC
113985863713180341,DC,LOC
113985514628145258,AM,LOC
113985325416343873,Government,ORG
113985325416343873,TR,ORG
113985325416343873,Government,ORG
113985130949178184,Lee Zeldin,PER
113985130949178184,Environmental Orders,MISC
113985130949178184,C,PER
113985130949178184,##rook,PER
113985130949178184,Joe Biden,PER
113985130949178184,Water Standards and Flow,MISC
113985130949178184,L,MISC
113985130949178184,##B,ORG
113985130949178184,Trump Administration,ORG
113985130949178184,C,PER
113985130949178184,Joe,PER
113984933641128955,California,LOC
113984933641128955,Presidential Election,MISC
113984933641128955,I,ORG
113984933641128955,D,ORG
113984838325525572,New York,LOC
113984838325525572,Union,MISC
113984838325525572,New York,LOC
113984838325525572,Mar,ORG
113984838325525572,-,LOC
113984838325525572,a,ORG
113984838325525572,-,LOC
113984838325525572,Lago,ORG
113984838325525572,Democrat,MISC
113984838325525572,New,ORG
113984838325525572,York,LOC
113984838325525572,Judicial System,ORG
113984838325525572,Justice,PER
113984838325525572,A,ORG
113984838325525572,System,MISC
113977800577837538,Trump,PER
113977800577837538,America,LOC
113977800577837538,Golden,ORG
113977800577837538,##A,MISC
113977800577837538,America,LOC
113981872435350592,R,PER
113981872435350592,##ic Grenell,PER
113981872435350592,The Kennedy Center,ORG
113981872435350592,R,PER
113981872435350592,##ic,PER
113981872435350592,American,MISC
113981872435350592,Arts and Culture,ORG
113981872435350592,Center,ORG
113981872435350592,O,PER
113981872435350592,##TI,MISC
113981872435350592,AMERICAN,MISC
113981872435350592,##AN,LOC
113981872435350592,R,LOC
113981387327065544,Special Election,MISC
113981387327065544,Westchester County,LOC
113981387327065544,New York,LOC
113981387327065544,Democrats,MISC
113981387327065544,Westchester County,LOC
113981387327065544,Sanctuary County,LOC
113981387327065544,Republicans,MISC
113981387327065544,Conservatives,MISC
113981387327065544,Common Sense Voters,ORG
113981387327065544,Co,MISC
113981387327065544,Democrats,MISC
113980530501984308,##TER,MISC
113980530501984308,##TE,MISC
113980014678337654,Howard Brodie,PER
113980014678337654,United States,LOC
113980014678337654,Finland,LOC
113980014678337654,Howard,PER
113980014678337654,Brodie Generational Capital Partners,ORG
113980014678337654,Yale Law School,ORG
113980014678337654,Howard,PER
113980014678337654,International,MISC
113980014678337654,"Medical Research, Education",ORG
113980014678337654,Howard,PER
113980014678337654,Howard,PER
113980013020158273,Service Academies,ORG
113980013020158273,W,MISC
113980013020158273,##ist,MISC
113980013020158273,Board of Visitors,ORG
113980013020158273,Army,ORG
113980013020158273,Air Force,ORG
113980013020158273,Navy,ORG
113980013020158273,Coast Guard,ORG
113980013020158273,Military,ORG
113980013020158273,Military Academies,ORG
113977651409141894,Super Bowl,MISC
113977651409141894,Kickoff,MISC
113977651409141894,College Football,MISC
113977651409141894,Game,MISC
113977646169606601,Kansas City Chiefs,ORG
113977646169606601,Taylor Swift,PER
113977646169606601,B,PER
113977646169606601,Stadium,LOC
113977646169606601,MAGA,ORG
113977224933701762,United States,LOC
113977224933701762,US,ORG
113977224933701762,Treasury,ORG
113975698199969182,Bob Unanu,PER
113975698199969182,God,PER
113975698199969182,America,LOC
113975698199969182,World,LOC
113975698199969182,GO,LOC
113975695512840158,California,LOC
113975695512840158,Red,MISC
113975695512840158,Water Bill,MISC
113974252831717932,South Africa,LOC
113974252831717932,Radical Left Media,ORG
113974252831717932,Human Rights VI,ORG
113974252831717932,United States,LOC
113974252831717932,South Africa,LOC
113974251046470821,B,PER
113974251046470821,##ret Baier,PER
113974251046470821,Fox,ORG
113974251046470821,Super Bowl,MISC
113969768086301747,Dan Patrick,PER
113969768086301747,School Choice,MISC
113969768086301747,American History,MISC
113969768086301747,Texas,LOC
113969768086301747,Brandon C,PER
113969768086301747,##ight,PER
113969768086301747,S,MISC
113969768086301747,Patrick,PER
113969768086301747,School Choice,MISC
113969768086301747,Texas Senate,ORG
113969768086301747,Texas House,ORG
113969768086301747,Texas House,ORG
113969768086301747,Choice,MISC
113969768086301747,Victory,MISC
113969768086301747,Texas,LOC
113969768086301747,Choice,MISC
113969768086301747,Choice,MISC
113968217842034212,P,MISC
113968217842034212,##LAST,MISC
113966421487800920,New Kennedy Center,LOC
113965169045323865,Joe Biden,PER
113965169045323865,Joe Biden,PER
113965169045323865,Intelligence Briefings,ORG
113965169045323865,Intelligence Community,ORG
113965169045323865,IC,ORG
113965169045323865,United States,LOC
113965169045323865,ME,ORG
113965169045323865,National Security,ORG
113965169045323865,Hu,PER
113965169045323865,##r,ORG
113965169045323865,Report,MISC
113965169045323865,B,PER
113965169045323865,##iden,PER
113965169045323865,National Security JOE,ORG
113965169045323865,AM,LOC
113965169045323865,##ER,ORG
113965169045323865,##IC,LOC
113964964253376658,Jeff Kaufmann,PER
113964964253376658,Republican Party of Iowa,ORG
113964964253376658,Jeff,PER
113964964253376658,Republican,MISC
113964964253376658,Hawkeye State,LOC
113964964253376658,##RI,ORG
113964964253376658,MA,ORG
113964964253376658,Iowa,LOC
113964964253376658,Republicans,MISC
113964964253376658,Jeff Kaufman,PER
113964964253376658,Republican Party of Iowa,ORG
113964959500715895,Kennedy Center,LOC
113964959500715895,Washington D. C.,LOC
113964959500715895,of Trustees,ORG
113964959500715895,Golden Age,MISC
113964959500715895,and Culture,MISC
113964959500715895,Kennedy Center,LOC
113964959500715895,Dr,MISC
113964959500715895,Show,MISC
113964959500715895,Kennedy Center,LOC
113964959500715895,American Jewel,MISC
113964959500715895,Nation,LOC
113964959500715895,Kennedy Center,LOC
113964402116790805,American,MISC
113964402116790805,Japanese,MISC
113963246096886557,Executive,MISC
113963246096886557,B,PER
113963246096886557,##iden,PER
113963246096886557,Paper Straws,ORG
113963121926787410,Eugene Robinson,PER
113963121926787410,Washington Post,ORG
113963121926787410,USAID,ORG
113963121926787410,Radical Left,ORG
113963121926787410,##IN,ORG
113963085497636545,LE,LOC
113963085497636545,##LS RA,LOC
113962763765213252,P,MISC
113959430611091391,Nicholas Merrick,PER
113959430611091391,United States,LOC
113959430611091391,Czech Republic,LOC
113959430611091391,Nicholas,PER
113959430611091391,Kenny,PER
113959430611091391,Lisa,PER
113959430611091391,T,ORG
113959430611091391,##rout,PER
113959430611091391,University of Virginia,ORG
113959430611091391,Harvard University,ORG
113959430611091391,Nicholas,PER
113959429103008524,Melinda Hildebrand,PER
113959429103008524,United States,LOC
113959429103008524,Costa Rica,LOC
113959429103008524,Melinda,PER
113959429103008524,Hildebrand Foundation,ORG
113959429103008524,Hilcorp Ventures Inc,ORG
113959429103008524,River Oaks Donuts,ORG
113959429103008524,Americas Interest,ORG
113959429103008524,Trade and Immigration,ORG
113959429103008524,Melinda,PER
113959420733046049,Michael E. Kavoukjian,PER
113959420733046049,United States,LOC
113959420733046049,Kingdom of,LOC
113959420733046049,Norway,LOC
113959420733046049,Michael,PER
113959420733046049,White & Case,ORG
113959420733046049,Country,LOC
113959420733046049,CIA,ORG
113959420733046049,Michael,PER
113959420733046049,Stanford University,ORG
113959420733046049,Harvard Law School,ORG
113959420733046049,Michael,PER
113959378194447457,Thomas Rose,PER
113959378194447457,United States,LOC
113959378194447457,Poland,LOC
113959378194447457,Thomas,PER
113959378194447457,Sirius XM,ORG
113959378194447457,The Jerusalem Post,ORG
113959378194447457,Poland,LOC
113959378194447457,America First,ORG
113959378194447457,Thomas,PER
113959376894602189,G,PER
113959376894602189,##adyace,PER
113959376894602189,##s Gady Serralta,PER
113959376894602189,United States Marshals Service,ORG
113959376894602189,G,PER
113959376894602189,##ady,PER
113959376894602189,Law Enforcement,ORG
113959376894602189,U. S,LOC
113959376894602189,Southern District of,LOC
113959376894602189,Florida,LOC
113959376894602189,Miami - Dade Police Department,ORG
113959376894602189,Palmetto Bay,LOC
113959376894602189,Florida,LOC
113959376894602189,G,PER
113959376894602189,##ady,PER
113959376894602189,GRE,MISC
113959376894602189,Pam Bondi,PER
113959376894602189,Law and Order,ORG
113959376894602189,America,LOC
113959376894602189,G,PER
113959376894602189,##ady,PER
113959311791400230,NCAA,ORG
113959311791400230,Womens Sports,MISC
113959311791400230,Country,LOC
113959311791400230,##s,ORG
113959311791400230,Sports,MISC
113959311791400230,Olympics Committee,MISC
113959311791400230,Common Sense,MISC
113959311791400230,American People,MISC
113959311791400230,World!,MISC
113959311319434685,Religious FreedomMy,ORG
113959311319434685,Religious Liberty,ORG
113958047997367769,America,LOC
113958047997367769,God,PER
113958043346651690,Americans,MISC
113958043346651690,God,PER
113958043346651690,Earth,LOC
113956778707659340,DOL,ORG
113956778707659340,USAID,LOC
113956778707659340,O,PER
113956778707659340,NE,MISC
113956778707659340,K,PER
113956778707659340,POL,ORG
113956778707659340,New York Times,ORG
113956778707659340,P,ORG
113956721204228037,Gaza Strip,LOC
113956721204228037,United States,LOC
113956721204228037,Israel,LOC
113956721204228037,Palestinians,MISC
113956721204228037,Chuck Schum,PER
113956721204228037,U. S.,LOC
113956721204228037,World,LOC
113956721204228037,Earth,LOC
113956721204228037,U. S.,LOC
113956631326391344,CBS,ORG
113956631326391344,60 Minutes,ORG
113956631326391344,Kamal,PER
113956631326391344,Election changing,MISC
113956631326391344,Election Interference,MISC
113956631326391344,Election Fr,MISC
113956631326391344,CBS,ORG
113956631326391344,60,MISC
113956631326391344,Minutes,ORG
113956631326391344,NEWS,ORG
113956631326391344,Democrat,MISC
113956631326391344,USAID,ORG
113956631326391344,Pol,ORG
113956631326391344,##o,ORG
113956631326391344,CBS,ORG
113956631326391344,Broadcasting,ORG
113956631326391344,SC,MISC
113955337256027963,Chiefs,ORG
113955337256027963,GRE,MISC
113955337256027963,Patrick Mahomes,PER
113955337256027963,BRIL,MISC
113955337256027963,Brittany,PER
113955337256027963,Golden Ray,PER
113955337256027963,Mahom,PER
113955137991232105,Jesse Watt,PER
113955137991232105,CBS News,ORG
113955137991232105,Kamal,PER
113955137991232105,##a Harris,PER
113954610000174807,Constitution,MISC
113954610000174807,United States of America,LOC
113953380137889976,Title IX,MISC
113953378000128712,Trump,PER
113953378000128712,Administration,MISC
113952325584416831,Pam,PER
113952325584416831,Florida,LOC
113952325584416831,Country,LOC
113952321517471694,United States,LOC
113952321517471694,Pam Bond,PER
113950996936674770,Iran,LOC
113950996936674770,Nuclear Weapon,MISC
113950996936674770,United States,LOC
113950996936674770,Israel,LOC
113950996936674770,Iran,LOC
113950996936674770,V,MISC
113950996936674770,##fied Nuclear Peace Agreement,MISC
113950996936674770,Iran,LOC
113950996936674770,Middle East,LOC
113950996936674770,God,PER
113950996936674770,Middle East,LOC
113950912959049223,United States,LOC
113950912959049223,Pam Bondi,PER
113950912959049223,AL,ORG
113950912959049223,Pam,PER
113950912959049223,Country,LOC
113950912959049223,Pam,PER
113950912959049223,AM,LOC
113950912959049223,##IC,ORG
113950850150588744,Derrick Van Or,PER
113950850150588744,Fox,ORG
113950850150588744,Derrick,PER
113946642879077926,Tiger Woods,PER
113946642879077926,Ku,PER
113946642879077926,##lt,PER
113946642879077926,##ida,PER
113946642879077926,Ku,PER
113946642879077926,##ltida Woods,PER
113946642879077926,Tiger,PER
113946642879077926,Mel,PER
113946642879077926,##ania,PER
113946642879077926,Tiger,PER
113946130240319294,Au,MISC
113943147684253813,Stanley Cup Champion,MISC
113943147684253813,Florida Panthers,ORG
113943147684253813,White House,LOC
113943087759847311,T,LOC
113943087759847311,##IKTOK,LOC
113943087759847311,China,LOC
113942916893223583,Republicans,MISC
113942916893223583,Great,MISC
113942916893223583,State,LOC
113942916893223583,Florida,LOC
113942916893223583,Florida,LOC
113942916893223583,Hillsborough,LOC
113942916893223583,Republican,MISC
113942916893223583,Registration,MISC
113942916893223583,Republicans,MISC
113942916893223583,Special Election End,MISC
113942916893223583,Congress,ORG
113942916893223583,Jimmy Patronis,PER
113942916893223583,Randy Fine,PER
113942916893223583,Jimmy,PER
113942916893223583,Randy,PER
113942916893223583,General Election,MISC
113942916893223583,##lide,MISC
113942916893223583,AM,ORG
113942916893223583,##IC,ORG
113942595408214881,Joe Kent,PER
113942595408214881,National Counter Terrorism Center,ORG
113942595408214881,Soldier,MISC
113942595408214881,Green Be,PER
113942595408214881,CIA,ORG
113942595408214881,Joe,PER
113942595408214881,Joe,PER
113942595408214881,Shannon,PER
113942595408214881,Great American Hero,MISC
113942595408214881,IS,ORG
113942595408214881,##IS,MISC
113942595408214881,Joe,PER
113942595408214881,Joe,PER
113942595408214881,America,LOC
113942595408214881,World,LOC
113942595408214881,Joe,PER
113942594933209212,Sean Parnell,PER
113942594933209212,Defense,ORG
113942594933209212,Pentagon,ORG
113942594933209212,American Patriot,MISC
113942594933209212,Sean,PER
113942594933209212,Combat Veteran,MISC
113942594933209212,Afghanistan War,MISC
113942594933209212,Bronze Stars,MISC
113942594933209212,Purple Heart,MISC
113942594933209212,Sean,PER
113942594933209212,MISS,MISC
113942594933209212,ACT,MISC
113942594933209212,Reform,MISC
113942594933209212,Sean,PER
113942439882594659,California,LOC
113942439882594659,State,LOC
113942439882594659,Los Angeles,LOC
113942439882594659,Military,ORG
113942439882594659,Army Corps of Engineers,ORG
113942323439724379,Michael Ellis,PER
113942323439724379,Central Intelligence Agency,ORG
113942323439724379,Michael,PER
113942323439724379,White House National Security Council,ORG
113942323439724379,Obama Administration,ORG
113942323439724379,Russia,LOC
113942323439724379,Russia,LOC
113942323439724379,Russia,LOC
113942323439724379,Ho,MISC
113942323439724379,Michael,PER
113942323439724379,House Intelligence Committee,ORG
113942323439724379,Devin Nunes,PER
113942323439724379,National Security Agency,ORG
113942323439724379,B,ORG
113942323439724379,##iden Administration,ORG
113942323439724379,Michael,PER
113942323439724379,Yale University,ORG
113942323439724379,Dartmouth College,ORG
113942323439724379,Rumble,ORG
113942323439724379,Right to Free Speech,MISC
113942323439724379,CIA,ORG
113942323439724379,John Ratcliffe,PER
113942323439724379,CIA,ORG
113942323439724379,Greatest Intelligence Agency,ORG
113942323439724379,World,MISC
113942323439724379,Michael,PER
113942189236610107,Canada,LOC
113942189236610107,Northern Border,LOC
113942189236610107,Fentany,MISC
113942189236610107,Americans,MISC
113942189236610107,Canada,LOC
113942189236610107,Border,MISC
113942189236610107,T,PER
113942189236610107,##rudeau,PER
113942189236610107,Border,LOC
113942189236610107,American,MISC
113942189236610107,Border,LOC
113942189236610107,Canada,LOC
113942189236610107,Fentanyl C,MISC
113942189236610107,Border,LOC
113942189236610107,Canada,MISC
113942189236610107,U. S. Joint Strike Force,ORG
113942189236610107,Americans,MISC
113942189236610107,Ta,MISC
113942189236610107,Canada,LOC
113940711907400754,Claudia Sheinbaum,PER
113940711907400754,Mexico,LOC
113940711907400754,Mexican Soldiers,MISC
113940711907400754,Mexico,LOC
113940711907400754,United States,LOC
113940711907400754,Marco Rubio,PER
113940711907400754,Treasury,ORG
113940711907400754,Scott Bessent,PER
113940711907400754,Commerce,ORG
113940711907400754,Howard Lutnick,PER
113940711907400754,Mexico,LOC
113940711907400754,She,PER
113940711907400754,##inbaum,PER
113940352024494275,Canada,LOC
113940352024494275,U. S. Banks,ORG
113940352024494275,U. S.,LOC
113940352024494275,Borders of Mexico,LOC
113940352024494275,Canada,LOC
113940352024494275,Justin Trudeau,PER
113940352024494275,P,MISC
113864483648833997,Trump,PER
113864483648833997,Matthew,PER
113864483648833997,Andrew Valentin,PER
113864483648833997,DC Jail,LOC
113864483648833997,AM,LOC
113864483648833997,##ICA,LOC
113936920653240968,F,ORG
113936920653240968,##ake News Wall Street Journal,ORG
113936920653240968,He,ORG
113936920653240968,##dge Funds,ORG
113936920653240968,China,LOC
113936920653240968,United States of America,LOC
113936920653240968,Income Tax System,MISC
113936920653240968,##AS,MISC
113936897719370915,California,LOC
113936897719370915,State,LOC
113936897719370915,Los Angeles,LOC
113936897719370915,Military,ORG
113936897719370915,Army Corps of Engineers,ORG
113936851614563699,South Africa,LOC
113936851614563699,Radical Left Media,ORG
113936851614563699,Human Rights VI,ORG
113936851614563699,United States,LOC
113936851614563699,South Africa,LOC
113936759417845784,Democrats,MISC
113936759417845784,George Washington,PER
113936759417845784,Abraham Lincoln,PER
113936759417845784,Democrats,MISC
113936759417845784,Presidential Election,MISC
113936759417845784,Democrats,MISC
113936759417845784,Republicans,MISC
113936759417845784,and Good,ORG
113936759417845784,of our Country,MISC
113936675328110177,MA,PER
113936675328110177,L,PER
113936675328110177,FoxNews,ORG
113936675328110177,Eastern,MISC
113936675328110177,Show,MISC
113867733900556569,Smithsonian,ORG
113866456057970743,Jefferson,PER
113866456057970743,Jackson,PER
113866456057970743,F,ORG
113866456057970743,##DR,PER
113866456057970743,R,LOC
113866456057970743,##otunda,LOC
113866456057970743,FDR,ORG
113862636980205403,White House,LOC
113862636980205403,Trump,PER
113862636980205403,Justice Department,ORG
113862636980205403,America,LOC
113862636980205403,American,MISC
113862636980205403,AM,LOC
113862636980205403,##ER,ORG
113862636980205403,##IC,LOC
113862636980205403,##A,ORG
113862636980205403,MA,LOC
113934520197790682,S,ORG
113934520197790682,Canada,LOC
113934520197790682,Canada,LOC
113934520197790682,Canada,LOC
113934520197790682,Canada,LOC
113934450227067577,Tariff Lobby,ORG
113934450227067577,Globalist,MISC
113934450227067577,Wall Street Journal,ORG
113934450227067577,Countries,MISC
113934450227067577,Canada,LOC
113934450227067577,Mexico,LOC
113934450227067577,China,LOC
113934450227067577,AMERIC,ORG
113934450227067577,AMERICA,ORG
113934450227067577,USA,LOC
113934450227067577,Canada,LOC
113934450227067577,Mexico,LOC
113934450227067577,China,LOC
113934450227067577,Tri,MISC
113934450227067577,Stupid Country,MISC
113934450227067577,USA,LOC
113934450227067577,United States,LOC
113934450227067577,##OL,ORG
113934450227067577,USA,LOC
113934450227067577,Ph,ORG
113934450227067577,AM,ORG
113934450227067577,MA,PER
113934450227067577,MA,PER
113934450227067577,AM,ORG
113934450227067577,##IC,ORG
113929767736564719,Military,ORG
113929767736564719,IS,ORG
113929767736564719,##IS,MISC
113929767736564719,Somalia,LOC
113929767736564719,United States,LOC
113929767736564719,Allies,MISC
113929767736564719,Military,ORG
113929767736564719,ISIS,ORG
113929767736564719,B,PER
113929767736564719,##iden,PER
113929767736564719,IS,ORG
113929767736564719,##IS,LOC
113929767736564719,Americans,MISC
113931044424714413,Mexico,LOC
113931044424714413,Canada,LOC
113931044424714413,Canadian Energy,ORG
113931044424714413,China,LOC
113931044424714413,International Emergency Economic Powers Act,MISC
113931044424714413,I,MISC
113931044424714413,##EEPA,MISC
113931044424714413,Citizens,MISC
113931044424714413,Americans,MISC
113931044424714413,Borders,LOC
113931044424714413,Americans,MISC
113929394841474581,Venezuela,LOC
113929394841474581,Venezuela,LOC
113929394841474581,Venezuela,LOC
113929394841474581,U. S.,LOC
113929394841474581,Tren de Aragua,ORG
113929394841474581,Venezuela,LOC
113929394841474581,Trump Administration,MISC
113928759847321475,Ellie Cohanim,PER
113928759847321475,Israel,LOC
113928759847321475,Phil,PER
113928759847321475,##l Flynn,PER
113928759847321475,Ta,ORG
113928759847321475,##riff,MISC
113928759847321475,##s,ORG
113928759847321475,Fox & Friends,ORG
113928743830963167,Venezuela,LOC
113926164813266216,Philadelphia,LOC
113926164813266216,Pennsylvania,LOC
113926164813266216,God,PER
113925800748181952,Venezuela,LOC
113925800748181952,R,PER
113925800748181952,##ic Grenell,PER
113925656710541132,Benjamin Black,PER
113925656710541132,United States International Development Finance Corporation,ORG
113925656710541132,DFC,ORG
113925656710541132,Ben,PER
113925656710541132,World,MISC
113925656710541132,Citizens,MISC
113925656710541132,Ben,PER
113925656710541132,Master of Business Administration,MISC
113925656710541132,Harvard Business School,ORG
113925656710541132,Doctor,MISC
113925656710541132,Harvard Law School,ORG
113925656710541132,Laws,MISC
113925656710541132,New York University School of Law,ORG
113925656710541132,History,MISC
113925656710541132,University of Pennsylvania,ORG
113925656710541132,In,ORG
113925656710541132,Policy,ORG
113925656710541132,American People,MISC
113925656710541132,Ben,PER
113925656710541132,AMERICA,ORG
113925656710541132,Ben,PER
113925591427889253,California,LOC
113925591427889253,Victory,MISC
113923147334338299,Blackhawk,MISC
113920366067218393,BRICS Countries,MISC
113920366067218393,BRICS C,MISC
113920366067218393,U. S.,LOC
113920366067218393,U. S.,LOC
113920366067218393,BRIC,MISC
113920366067218393,U. S.,LOC
113920366067218393,International Trade,MISC
113920366067218393,America,LOC
113917721798012197,Reagan National Airport,LOC
113917721798012197,God,PER
113915624224794529,God,PER
113914469333231777,Golden Age,MISC
113914469333231777,Making America Great Again,MISC
113914469333231777,SA,MISC
113914469333231777,AM,LOC
113914469333231777,##ER,ORG
113914469333231777,##IC,LOC
113914469333231777,##A,MISC
113913720574106648,Jay Powell,PER
113913720574106648,Fed,ORG
113913720574106648,In,MISC
113913720574106648,American Energy,ORG
113913720574106648,Regulation,MISC
113913720574106648,International Trade,MISC
113913720574106648,American Manufacturing,ORG
113913720574106648,In,MISC
113913720574106648,Fed,ORG
113913720574106648,Bank Regulation,MISC
113913720574106648,Treasury,ORG
113913720574106648,Regulation,MISC
113913720574106648,American,MISC
113913720574106648,Fed,ORG
113913720574106648,DE,MISC
113913720574106648,In,MISC
113913720574106648,In,MISC
113913720574106648,History of our Country,MISC
113913032836526850,Department of Justice,ORG
113913032836526850,Witch Hunt,MISC
113913032836526850,Jeff Fortenberry,PER
113913032836526850,American,MISC
113913032836526850,Jeff,PER
113913032836526850,Justice,ORG
113913032836526850,System,MISC
113913032836526850,Radical Left Democrats,MISC
113913032836526850,Jeff,PER
113913032836526850,Ninth Circuit,ORG
113913032836526850,"Washington, D. C",LOC
113913032836526850,Scam,MISC
113913032836526850,Jeff,PER
113913032836526850,AMERIC,ORG
113913032836526850,Department of Justice,ORG
113909331257027026,Northern California,LOC
113909331257027026,Trump,PER
113909188940119917,El,ORG
113909188940119917,##on Musk,PER
113909188940119917,SpaceX,ORG
113909188940119917,Biden Administration,ORG
113909188940119917,Space Station,LOC
113909188940119917,Elon,ORG
113909188940119917,Elon,ORG
113908670949354923,Panama,LOC
113908670949354923,Chinese,MISC
113908670949354923,Zone,LOC
113908670949354923,China,LOC
113908670949354923,Panama Canal,LOC
113908670949354923,PANAMA,ORG
113908666572035035,Executive Order,MISC
113908666572035035,United States of America,LOC
113908666572035035,Nation,ORG
113908666572035035,Agencies,ORG
113908666572035035,Federal,ORG
113907637484810162,Tennessee,LOC
113907637484810162,Choice,MISC
113907637484810162,United States,LOC
113907637484810162,AMERIC,LOC
113906848441608708,American,MISC
113906848441608708,Golden Age of America,MISC
113906705175756002,Jim Acosta,PER
113906705175756002,CNN Fake News,ORG
113906705175756002,Death Valley,LOC
113906705175756002,Jim,PER
113906705175756002,Jim,PER
113904028349476462,United States Military,ORG
113904028349476462,Great,MISC
113904028349476462,State of California,LOC
113904028349476462,Powers,MISC
113904028349476462,Pacific Northwest,LOC
113904028349476462,California,LOC
113903630433895227,Nevada,LOC
113903630433895227,Republicans,MISC
113903630433895227,Democrats,MISC
113903630433895227,Registration,MISC
113903630433895227,Michael McDonald,PER
113903630433895227,Joe Lombardo,PER
113903630433895227,Nevada,LOC
113903630433895227,GOP,ORG
113903630433895227,MA,PER
113898278629423148,USA,LOC
113898278629423148,World,LOC
113898278629423148,Presidential Election,MISC
113898263726281638,USA H,ORG
113898250054290578,Kansas City Chiefs,ORG
113898250054290578,Buffalo Bills,ORG
113897833433874090,Katie Pavlich,PER
113897833433874090,Town Hall,ORG
113897833433874090,Mark Levin,PER
113897833433874090,Jim Jordan,PER
113896215318757362,"Life, Liberty & Levin",ORG
113896215318757362,Eastern,MISC
113896215318757362,Fox,ORG
113896658711691006,Sean Hannity,PER
113896658711691006,Oval Office,LOC
113896070273857964,United States,LOC
113896070273857964,Colombia,LOC
113896070273857964,##C,ORG
113896070273857964,##mb,ORG
113896070273857964,Gustavo Petro,PER
113896070273857964,National Security and Public Safety of the,ORG
113896070273857964,United States,LOC
113896070273857964,Administration,ORG
113896070273857964,United States,LOC
113896070273857964,Ban,MISC
113896070273857964,Colombian,MISC
113896070273857964,Colombian,MISC
113896070273857964,Colombian,MISC
113896070273857964,Car,ORG
113896070273857964,IEEPA Treasury,ORG
113896070273857964,Banking and Financial Sanctions,ORG
113896070273857964,Colombian,MISC
113896070273857964,United States,LOC
113892028555891611,Mark Levin,PER
113892028555891611,Show,MISC
113892028555891611,Fox,ORG
113892028555891611,America,LOC
113891977496753674,T,ORG
113891977496753674,##witch,MISC
113891977496753674,YouTube,ORG
113891977496753674,Donald Trump,PER
113891965069994650,Donald J,PER
113891965069994650,Trump,PER
113891965069994650,Charts,MISC
113891965069994650,Trump,PER
113891965069994650,News,ORG
113891965069994650,YouTube,ORG
113891965069994650,All Time,MISC
113891965069994650,##ership Record,MISC
113891965069994650,In,MISC
113891965069994650,Ce,MISC
113891965069994650,##ony,MISC
113891965069994650,Donald J,PER
113891965069994650,Trump,PER
113891965069994650,X,ORG
113891965069994650,Presidents In,MISC
113891965069994650,Ronald Reagan,PER
113891387800300337,##T,ORG
113891387800300337,F,ORG
113891387800300337,##OX,ORG
113891875170815980,Gina Swoboda,PER
113891875170815980,Arizona,LOC
113891875170815980,H,MISC
113891875170815980,##TO,LOC
113891875170815980,Gina,PER
113891875170815980,MA,LOC
113891875170815980,Arizona,LOC
113891875170815980,Republicans,MISC
113891610231810742,America First,ORG
113891610231810742,Randy Fine,PER
113891610231810742,Great People of Florida,ORG
113891610231810742,Harvard,MISC
113891610231810742,Randy,PER
113891610231810742,MAGA,ORG
113891610231810742,Congress,ORG
113891610231810742,Randy,PER
113891610231810742,V,ORG
113891610231810742,American Energy,ORG
113891610231810742,Amendment,MISC
113891610231810742,FLORIDA,ORG
113891610231810742,RA,PER
113891610231810742,J,MISC
113891609516360925,Jimmy Patronis,PER
113891609516360925,Great,MISC
113891609516360925,State of,LOC
113891609516360925,Florida,LOC
113891609516360925,Campaign for Congress,MISC
113891609516360925,Florida,LOC
113891609516360925,1st,LOC
113891609516360925,Congressional,MISC
113891609516360925,District,LOC
113891609516360925,Flor,MISC
113891609516360925,##idian,MISC
113891609516360925,Panhandle,LOC
113891609516360925,Jimmy,PER
113891609516360925,MAGA,ORG
113891609516360925,Jimmy,PER
113891609516360925,American,MISC
113891609516360925,Energy,ORG
113891609516360925,Amendment,MISC
113891609516360925,Jimmy Patronis,PER
113891609516360925,Florida,LOC
113891609516360925,Jimmy,PER
113891609516360925,Republican Primary,MISC
113891423260527462,Israel,LOC
113891423260527462,B,PER
113891423260527462,##iden,PER
113890894680713957,##IVE,ORG
113890894680713957,Las Vegas,LOC
113890894680713957,Nevada,LOC
113890550355345408,AM,PER
113890550355345408,##IC,LOC
113889553768426019,GM,ORG
113883310559125722,Trump,PER
113883310559125722,WEF,ORG
113883310559125722,USA,LOC
113883310559125722,TMTG,ORG
113883310559125722,BAKKT,ORG
113883310559125722,Devin,ORG
113887487731381945,Rachel Maddow,PER
113887487731381945,Shell,ORG
113887487731381945,MS,ORG
113887487731381945,##NBC,MISC
113887487731381945,CNN H,ORG
113886755513227722,Pete Hegseth,PER
113886755513227722,Defense,ORG
113885585200862094,AM,MISC
113885585200862094,##IC,MISC
113885585200862094,AMER,MISC
113885585200862094,##A,MISC
113885433070959220,Jared Novelly,PER
113885433070959220,United States,LOC
113885433070959220,New Zealand,LOC
113885433070959220,Independent State of Samoa,LOC
113885433070959220,Jared,PER
113885433070959220,Crest Sports and Entertainment and Crest Management,ORG
113885433070959220,Nations,ORG
113885433070959220,Indo - Pacific,LOC
113885433070959220,AMERIC,ORG
113885433070959220,Jared,PER
113884268951413821,Great,MISC
113884268951413821,State of,LOC
113884268951413821,North Carolina,LOC
113884264222871038,White House,LOC
113884264222871038,North Carolina,LOC
113884264222871038,California,LOC
113883512938932504,Brian Lanza,PER
113883512938932504,Brian,PER
113878119879850620,New Jersey,LOC
113878119879850620,Jeff Van Drew,PER
113878119879850620,Windmill,ORG
113878119879850620,Southern New Jersey,LOC
113878119879850620,Windmill,ORG
113878119879850620,New Jersey,LOC
113874843045385307,Fox News,ORG
113874843045385307,Sean Hannity,PER
113874811205486989,Sean Curran,PER
113874811205486989,United States Secret Service,ORG
113874811205486989,Sean,PER
113874811205486989,Great Patriot,MISC
113874811205486989,Brave Men and Women,ORG
113874811205486989,United States Secret Service,ORG
113874811205486989,Sean,PER
113874811205486989,Enforcement,ORG
113874811205486989,Secret Service,ORG
113874811205486989,Newark Field Office,ORG
113874811205486989,Sean,PER
113874811205486989,Presidential Protective Division,ORG
113874811205486989,Sean,PER
113874811205486989,Security,ORG
113874811205486989,History,LOC
113874811205486989,of,MISC
113874811205486989,our Country,ORG
113874811205486989,the World,MISC
113874811205486989,Butler,LOC
113874811205486989,Pennsylvania,LOC
113874811205486989,Sean,PER
113874811205486989,United States Secret Service,ORG
113874811205486989,Sean,PER
113874738288379518,Andrew F. Puzder,PER
113874738288379518,United States,LOC
113874738288379518,European Union,ORG
113874738288379518,Andy,PER
113874738288379518,"CKE Restaurants, Inc",ORG
113874738288379518,Carls Jr,ORG
113874738288379518,Hardees,ORG
113874738288379518,Andy,PER
113874738288379518,Andy,PER
113874738288379518,Nations,ORG
113874738288379518,Andy,PER
113874737440816090,L,PER
113874737440816090,. Brent Bozell III,PER
113874737440816090,United States Agency for Global Media,ORG
113874737440816090,Media Research Center,ORG
113874737440816090,Global Media,ORG
113874737440816090,Brent,PER
113874737440816090,American,MISC
113874737440816090,Liberty,MISC
113874737440816090,"Freedom, Equality, and",MISC
113874737440816090,World,LOC
113874737440816090,Brent,PER
113874737440816090,U. S. Agency for Global Media,ORG
113874737440816090,Brent,PER
113874735766176608,MSDNC,ORG
113874735766176608,CNN,ORG
113874735766176608,Only in America,MISC
113872782548137314,Russia,LOC
113872782548137314,Russian,MISC
113872782548137314,Putin,PER
113872782548137314,Russia,LOC
113872782548137314,Russia,LOC
113872782548137314,Russia,LOC
113872782548137314,Russia,LOC
113872782548137314,Second World War,MISC
113872782548137314,Russia,LOC
113872782548137314,Putin,PER
113872782548137314,Russia,LOC
113872782548137314,United States,LOC
113870397327465225,National Prayer Service,MISC
113870397327465225,Radical Left,MISC
113870397327465225,Trump,PER
113870397327465225,World of politics,MISC
113870397327465225,Country,LOC
113870397327465225,USA,LOC
113869112741612092,Ross William Ulbricht,PER
113869112741612092,Libertarian Movement,ORG
113869112741612092,Ross,PER
113869048176700070,Ross William Ulbright,PER
113869048176700070,Libertarian Movement,ORG
113869048176700070,Ross,PER
113864081449602768,Trump,PER
113864081449602768,N,MISC
113864085686273472,Trump,PER
113864085686273472,Executive Order,MISC
113864089464580753,Trump,PER
113864089464580753,Department of Government Efficiency,ORG
113864089464580753,D,ORG
113864093035671179,Trump,PER
113864093035671179,Executive Order,MISC
113864093035671179,T,PER
113864093035671179,##ikTok,ORG
113864094989630069,Trump,PER
113864094989630069,Executive Order,MISC
113864097656984845,Trump,PER
113864097656984845,National Energy Emergency,MISC
113864101869504722,Trump,PER
113864101869504722,Executive Order,MISC
113864112559510448,Trump,PER
113864112559510448,American,MISC
113864118604083125,Trump,PER
113864118604083125,United States,LOC
113864118604083125,World Health Organization,ORG
113864127240286673,Trump,PER
113864127240286673,American,MISC
113864692804149616,White House,LOC
113864692804149616,Presidential Personnel Office,ORG
113864692804149616,Administration,ORG
113864692804149616,America,LOC
113864692804149616,Di,ORG
113864692804149616,Jose Andres,PER
113864692804149616,"Presidents Council on Sports, Fitness and Nutrition",ORG
113864692804149616,Mark Milley,PER
113864692804149616,National Infrastructure Advisory Council,ORG
113864692804149616,Brian Hook,PER
113864692804149616,Wilson Center for Scholars,ORG
113864692804149616,Ke,PER
113864692804149616,##ish,PER
113864692804149616,##a Lance Bottoms,PER
113864692804149616,Presidents Export CouncilY,ORG
