id,label,score
115924282126782262,NO_PROPAGANDA,0.9970402121543884
115924279332406120,NO_PROPAGANDA,0.9992765784263611
115924277763800167,NO_PROPAGANDA,0.996950089931488
115924043199702065,PROPAGANDA,0.8209701180458069
115924025571521310,PROPAGANDA,0.99831223487854
115923918404792612,PROPAGANDA,0.997855007648468
115922086257363944,PROPAGANDA,0.9983102083206177
115919827634401559,PROPAGANDA,0.9982889294624329
115919803174585205,PROPAGANDA,0.9911611080169678
115919697262007872,PROPAGANDA,0.9982794523239136
115919466737908324,PROPAGANDA,0.9980334639549255
115919296178368951,PROPAGANDA,0.9976521134376526
115919294107001486,NO_PROPAGANDA,0.9979203343391418
115919038563850124,PROPAGANDA,0.9983956217765808
115916047821747370,PROPAGANDA,0.9982752799987793
115916047821747370,PROPAGANDA,0.9977365732192993
115915958962150760,NO_PROPAGANDA,0.9983847141265869
115915952093312324,PROPAGANDA,0.9982839226722717
115915881410679214,PROPAGANDA,0.9915231466293335
115911344443637897,PROPAGANDA,0.9968047142028809
115911344443637897,PROPAGANDA,0.9979512095451355
115911344443637897,PROPAGANDA,0.9976868629455566
115911344443637897,NO_PROPAGANDA,0.9989016056060791
115911344443637897,PROPAGANDA,0.9606193900108337
115911344443637897,PROPAGANDA,0.9971576929092407
115911344443637897,PROPAGANDA,0.9481078386306763
115913968629100828,PROPAGANDA,0.9983589053153992
115913724519885202,PROPAGANDA,0.9981270432472229
115913724519885202,PROPAGANDA,0.9980250597000122
115913724519885202,PROPAGANDA,0.9983273148536682
115913809230823901,PROPAGANDA,0.9975320100784302
115913809230823901,PROPAGANDA,0.9982876181602478
115913809230823901,PROPAGANDA,0.9978561997413635
115913629513015604,PROPAGANDA,0.9982203841209412
115913629513015604,PROPAGANDA,0.9983682036399841
115912250523181458,PROPAGANDA,0.9983263611793518
115912250523181458,PROPAGANDA,0.9980109333992004
115911321115123547,PROPAGANDA,0.9983574748039246
115911321115123547,PROPAGANDA,0.9982208609580994
115911321115123547,PROPAGANDA,0.9972676038742065
115911133899693977,PROPAGANDA,0.6884007453918457
115908316744576000,PROPAGANDA,0.9643468260765076
115908065089401787,PROPAGANDA,0.9983090162277222
115906000981082082,PROPAGANDA,0.9849966764450073
115905757161594483,PROPAGANDA,0.9981470108032227
115905755470362973,NO_PROPAGANDA,0.9926599860191345
115902023696178994,PROPAGANDA,0.9673340916633606
115902017280271792,PROPAGANDA,0.9970332384109497
115902017280271792,PROPAGANDA,0.9979662895202637
115902017280271792,PROPAGANDA,0.9859405755996704
115901692370933354,PROPAGANDA,0.997377872467041
115901513827848128,PROPAGANDA,0.9982385635375977
115899928012071589,PROPAGANDA,0.9981417655944824
115899252938886431,PROPAGANDA,0.9982251524925232
115899010178595252,PROPAGANDA,0.9983367919921875
115898867378270216,PROPAGANDA,0.9945506453514099
115896547660912892,PROPAGANDA,0.9982465505599976
115896547660912892,PROPAGANDA,0.9983269572257996
115895806350456434,PROPAGANDA,0.996166467666626
115893658269457561,PROPAGANDA,0.9980317950248718
115893627273067088,NO_PROPAGANDA,0.9980946183204651
115893625622462941,PROPAGANDA,0.9980802536010742
115862109893187989,PROPAGANDA,0.9978510141372681
115862109893187989,PROPAGANDA,0.997928261756897
115893309945152200,PROPAGANDA,0.9982529282569885
115893255826342514,PROPAGANDA,0.9964281916618347
115893255826342514,PROPAGANDA,0.9976134300231934
115889956193740965,PROPAGANDA,0.996793806552887
115889954671261109,PROPAGANDA,0.9982956051826477
115889954671261109,PROPAGANDA,0.7920318841934204
115888656099131562,PROPAGANDA,0.998027503490448
115888317758045915,PROPAGANDA,0.9982303977012634
115888260399895701,PROPAGANDA,0.9982329607009888
115888070937502023,PROPAGANDA,0.9981897473335266
115888070937502023,PROPAGANDA,0.9983444213867188
115888070937502023,PROPAGANDA,0.9983396530151367
115888061978141827,PROPAGANDA,0.9982039928436279
115888061978141827,PROPAGANDA,0.9983444213867188
115888061978141827,PROPAGANDA,0.9983532428741455
115887347099564233,PROPAGANDA,0.998158872127533
115886085338434959,PROPAGANDA,0.9983697533607483
115884759090137876,PROPAGANDA,0.9979559183120728
115884759090137876,PROPAGANDA,0.9979946613311768
115884759090137876,NO_PROPAGANDA,0.9991814494132996
115884425860726582,PROPAGANDA,0.9981587529182434
115884319075881590,NO_PROPAGANDA,0.8848127722740173
115884164936451552,PROPAGANDA,0.9983478784561157
115883475463948362,PROPAGANDA,0.8362985253334045
115883475463948362,PROPAGANDA,0.9983229041099548
115883475463948362,PROPAGANDA,0.9982960820198059
115882511750475574,PROPAGANDA,0.998214840888977
115882232505676630,PROPAGANDA,0.9936656355857849
115879659776888469,PROPAGANDA,0.9917889833450317
115879485276291693,NO_PROPAGANDA,0.9991127848625183
115877277396911389,NO_PROPAGANDA,0.9991586208343506
115877176968623599,NO_PROPAGANDA,0.9992604851722717
115877168331849670,PROPAGANDA,0.9716355800628662
115877159371615050,NO_PROPAGANDA,0.9945624470710754
115877159371615050,NO_PROPAGANDA,0.9985485672950745
115877159371615050,PROPAGANDA,0.997931957244873
115877159371615050,PROPAGANDA,0.9979615211486816
115876460615555838,PROPAGANDA,0.9980583786964417
115876460615555838,PROPAGANDA,0.9978602528572083
115873451908160529,PROPAGANDA,0.9976714253425598
115873337954422404,PROPAGANDA,0.9974737763404846
115873337954422404,PROPAGANDA,0.9983018636703491
115873188207807497,PROPAGANDA,0.997250497341156
115872769704977517,PROPAGANDA,0.996459424495697
115872684220634537,PROPAGANDA,0.9981608986854553
115872664324587956,PROPAGANDA,0.9971727132797241
115872214156165257,PROPAGANDA,0.9977465271949768
115872191697421818,PROPAGANDA,0.9975749850273132
115871761540198799,PROPAGANDA,0.9980021119117737
115871740731557028,PROPAGANDA,0.9983201622962952
115871569409937657,PROPAGANDA,0.9983818531036377
115871567004197826,PROPAGANDA,0.9973043203353882
115871564802315111,PROPAGANDA,0.9980927109718323
115871553613947408,NO_PROPAGANDA,0.9993420243263245
115868224630084983,PROPAGANDA,0.9882064461708069
115670577719463498,PROPAGANDA,0.9981995820999146
115868163614710077,NO_PROPAGANDA,0.9994294047355652
115868137663758679,PROPAGANDA,0.9983762502670288
115868137663758679,PROPAGANDA,0.9979627132415771
115868134941083354,PROPAGANDA,0.9973618388175964
115868132990949589,PROPAGANDA,0.9983762502670288
115868132990949589,PROPAGANDA,0.9979627132415771
115867481802224393,PROPAGANDA,0.9981581568717957
115867481802224393,PROPAGANDA,0.9982897639274597
115867481802224393,PROPAGANDA,0.7400749921798706
115867403112667181,PROPAGANDA,0.9982035160064697
115867385857410443,PROPAGANDA,0.9981386661529541
115867385857410443,PROPAGANDA,0.9982045888900757
115866908684935165,NO_PROPAGANDA,0.997800886631012
115866624593954329,PROPAGANDA,0.9967582821846008
115866624593954329,PROPAGANDA,0.9981732368469238
115866622554668872,NO_PROPAGANDA,0.9972687363624573
115864395969123502,PROPAGANDA,0.6177652478218079
115864395969123502,NO_PROPAGANDA,0.9948647618293762
115863379883214601,PROPAGANDA,0.9775355458259583
115862684255980250,NO_PROPAGANDA,0.9993884563446045
115862665860473431,PROPAGANDA,0.9979573488235474
115861588073149023,PROPAGANDA,0.9980524778366089
115861588073149023,PROPAGANDA,0.9911519885063171
115861588073149023,PROPAGANDA,0.9983267188072205
115861537483492504,PROPAGANDA,0.9978384375572205
115861537483492504,PROPAGANDA,0.9981324076652527
115860738010214901,PROPAGANDA,0.9982536435127258
115860738010214901,PROPAGANDA,0.9980752468109131
115859532176676320,PROPAGANDA,0.9978638291358948
115857498674115807,PROPAGANDA,0.9980525970458984
115856506155736586,NO_PROPAGANDA,0.9967228770256042
115856078669121098,NO_PROPAGANDA,0.9910697937011719
115856078669121098,PROPAGANDA,0.9893245100975037
115855894695940909,PROPAGANDA,0.9966163039207458
115855894695940909,PROPAGANDA,0.9981790781021118
115855894695940909,PROPAGANDA,0.9983499050140381
115855836062461949,PROPAGANDA,0.9969509840011597
115855836062461949,PROPAGANDA,0.9977836012840271
115855836062461949,NO_PROPAGANDA,0.9993853569030762
115855701696773990,PROPAGANDA,0.9982423782348633
115855701696773990,PROPAGANDA,0.9982966780662537
115855387946005468,PROPAGANDA,0.9981809854507446
115855387946005468,PROPAGANDA,0.9974080920219421
115855387946005468,PROPAGANDA,0.5743793845176697
115855387946005468,PROPAGANDA,0.9934486746788025
115855387946005468,PROPAGANDA,0.9980016350746155
115855059527504524,PROPAGANDA,0.9979471564292908
115855059527504524,NO_PROPAGANDA,0.9637770056724548
115855025749206304,PROPAGANDA,0.9983684420585632
115854352740910460,PROPAGANDA,0.9979200959205627
115854352740910460,PROPAGANDA,0.998078465461731
115854352740910460,PROPAGANDA,0.998130738735199
115854238467475779,PROPAGANDA,0.9974279999732971
115850817778602689,PROPAGANDA,0.8656966090202332
115850817778602689,NO_PROPAGANDA,0.9965284466743469
115850518579436668,PROPAGANDA,0.9974427223205566
115850518579436668,PROPAGANDA,0.9983055591583252
115850515035074475,PROPAGANDA,0.9977520108222961
115850515035074475,PROPAGANDA,0.9982271790504456
115850512257143274,PROPAGANDA,0.9982016086578369
115850509804217257,PROPAGANDA,0.9964795708656311
115850509804217257,PROPAGANDA,0.9977980852127075
115850448778042500,PROPAGANDA,0.9974737763404846
115850448778042500,PROPAGANDA,0.9983018636703491
115850441807763948,PROPAGANDA,0.998264729976654
115850441807763948,PROPAGANDA,0.9978817105293274
115850412075994316,PROPAGANDA,0.9979812502861023
115850412075994316,PROPAGANDA,0.9981826543807983
115850412075994316,PROPAGANDA,0.9983235001564026
115850412075994316,PROPAGANDA,0.9983402490615845
115850412075994316,PROPAGANDA,0.9942309856414795
115850410088588555,PROPAGANDA,0.9976167678833008
115850410088588555,PROPAGANDA,0.9982210993766785
115850410088588555,PROPAGANDA,0.998272180557251
115850410088588555,PROPAGANDA,0.997665524482727
115850410088588555,PROPAGANDA,0.9983689188957214
115850286700351188,PROPAGANDA,0.9973515272140503
115850286700351188,PROPAGANDA,0.9983164072036743
115850286700351188,PROPAGANDA,0.9920673370361328
115850261028223020,PROPAGANDA,0.9982840418815613
115850261028223020,PROPAGANDA,0.9983137845993042
115848423492044761,PROPAGANDA,0.9978413581848145
115848359372759872,PROPAGANDA,0.99519944190979
115848329193521599,PROPAGANDA,0.998143196105957
115844958852489769,PROPAGANDA,0.9697908163070679
115844861259246664,PROPAGANDA,0.9982801675796509
115844861259246664,PROPAGANDA,0.9510295987129211
115844861259246664,PROPAGANDA,0.99824059009552
115844814100241306,PROPAGANDA,0.9976038336753845
115844769291604784,PROPAGANDA,0.9983381032943726
115844769291604784,PROPAGANDA,0.9983364939689636
115844769291604784,PROPAGANDA,0.9977633953094482
115844769291604784,PROPAGANDA,0.998314619064331
115844769291604784,PROPAGANDA,0.9983490705490112
115844083693194821,PROPAGANDA,0.9981592297554016
115844083693194821,PROPAGANDA,0.998160183429718
115842866197248103,PROPAGANDA,0.9982600808143616
115840974031136947,PROPAGANDA,0.9981828331947327
115833880793462028,NO_PROPAGANDA,0.9945709109306335
115833689929797630,PROPAGANDA,0.9981854557991028
115832088990838303,NO_PROPAGANDA,0.9988269209861755
115830428767897167,NO_PROPAGANDA,0.9945862293243408
115825951172960005,PROPAGANDA,0.9981825351715088
115825939879230793,PROPAGANDA,0.9967572093009949
115825822957307790,PROPAGANDA,0.9976348876953125
115825721310088041,PROPAGANDA,0.9974939823150635
115825378093317232,PROPAGANDA,0.997923731803894
115825378093317232,PROPAGANDA,0.9983108043670654
115824439366264186,PROPAGANDA,0.9983236193656921
115823137139241980,PROPAGANDA,0.9983447790145874
115821862193209382,PROPAGANDA,0.9983925223350525
115816402893182666,PROPAGANDA,0.998329222202301
115816402893182666,PROPAGANDA,0.9982008934020996
115816171466225987,PROPAGANDA,0.9982543587684631
115816171466225987,PROPAGANDA,0.9978770017623901
115816098525451632,PROPAGANDA,0.9984048008918762
115816063544553030,PROPAGANDA,0.9967304468154907
115815971019162695,PROPAGANDA,0.9978795051574707
115815655902009476,PROPAGANDA,0.9981751441955566
115815651158028007,PROPAGANDA,0.9950685501098633
115815648382815071,PROPAGANDA,0.9983159303665161
115815610061050583,PROPAGANDA,0.9981153011322021
115815355325954705,PROPAGANDA,0.9983976483345032
115815355325954705,PROPAGANDA,0.9983853101730347
115814993074933464,PROPAGANDA,0.9983392953872681
115814835032750025,PROPAGANDA,0.9981960654258728
115814640881301083,PROPAGANDA,0.9983806610107422
115814617728790414,PROPAGANDA,0.9983976483345032
115814617728790414,PROPAGANDA,0.9983803033828735
115814530455966257,PROPAGANDA,0.997161865234375
115814390834030545,PROPAGANDA,0.9982699155807495
115814390834030545,PROPAGANDA,0.9983332753181458
115811936714151078,PROPAGANDA,0.9983218312263489
115810938895873142,PROPAGANDA,0.9982837438583374
115810718304828331,PROPAGANDA,0.9979848861694336
115810716798307317,PROPAGANDA,0.9976438879966736
115810715225124666,PROPAGANDA,0.9981167316436768
115810713030550767,PROPAGANDA,0.9982522130012512
115810711432191643,PROPAGANDA,0.9982240796089172
115810709647434944,PROPAGANDA,0.9982036352157593
115810686186203677,NO_PROPAGANDA,0.9940432906150818
115810683606018453,NO_PROPAGANDA,0.9994370341300964
115810682102252570,NO_PROPAGANDA,0.9994786381721497
115810597668691530,NO_PROPAGANDA,0.9992048144340515
115798213364038844,PROPAGANDA,0.9814957976341248
115797695341052561,PROPAGANDA,0.9975873231887817
115797695341052561,PROPAGANDA,0.9970303773880005
115791817694825755,PROPAGANDA,0.9979850053787231
115791772938559943,PROPAGANDA,0.9908955693244934
115791568431162058,NO_PROPAGANDA,0.9972149133682251
115788344840750960,PROPAGANDA,0.9984543323516846
115782891296626533,PROPAGANDA,0.9983640313148499
115782891296626533,PROPAGANDA,0.9983717799186707
115782891296626533,PROPAGANDA,0.9984012246131897
115787817857959030,PROPAGANDA,0.992139995098114
115786778118857114,PROPAGANDA,0.9982771873474121
115786765163808034,NO_PROPAGANDA,0.9981412887573242
115786753989451101,PROPAGANDA,0.998340368270874
115786745967133949,PROPAGANDA,0.9971000552177429
115785980589547737,PROPAGANDA,0.9978771209716797
115785935602103818,NO_PROPAGANDA,0.9990410208702087
115785910842203078,NO_PROPAGANDA,0.9924317598342896
115785909319650055,PROPAGANDA,0.9980196952819824
115785906687175720,PROPAGANDA,0.9961197376251221
115785904480766736,PROPAGANDA,0.9976654052734375
115782683955516402,PROPAGANDA,0.9982680082321167
115782683955516402,PROPAGANDA,0.9983808994293213
115782187461315486,NO_PROPAGANDA,0.9547755122184753
115778615226875407,PROPAGANDA,0.9980136156082153
115778611981654615,PROPAGANDA,0.9288663864135742
115777270368444049,PROPAGANDA,0.9982911944389343
115777270368444049,PROPAGANDA,0.9975894689559937
115777189961532523,PROPAGANDA,0.9906665682792664
115777187532951131,NO_PROPAGANDA,0.9962062835693359
115777185874091441,PROPAGANDA,0.9980074763298035
115777183958226675,NO_PROPAGANDA,0.9924317598342896
115777182422408467,PROPAGANDA,0.9980196952819824
115772922954148853,PROPAGANDA,0.9973642230033875
115772871198579287,PROPAGANDA,0.9964330196380615
115772841536331132,PROPAGANDA,0.9983768463134766
115771638702591740,NO_PROPAGANDA,0.9992450475692749
115769455906748881,PROPAGANDA,0.9628845453262329
115770367420942580,PROPAGANDA,0.9980595707893372
115770367420942580,PROPAGANDA,0.9983731508255005
115770165868454573,PROPAGANDA,0.9956034421920776
115770165868454573,PROPAGANDA,0.9982343912124634
115770165868454573,PROPAGANDA,0.9982028007507324
115770165868454573,PROPAGANDA,0.9982341527938843
115770165868454573,PROPAGANDA,0.9981468915939331
115769520157248739,PROPAGANDA,0.9980986714363098
115769520157248739,PROPAGANDA,0.996800422668457
115769417518541473,PROPAGANDA,0.9976807832717896
115769417518541473,NO_PROPAGANDA,0.9970142841339111
115769302680506780,PROPAGANDA,0.9969555139541626
115767241940653010,PROPAGANDA,0.9984204769134521
115766194471748593,PROPAGANDA,0.9962069988250732
115760829286615399,PROPAGANDA,0.9977534413337708
115753288205584377,PROPAGANDA,0.9943807721138
115753298667628824,PROPAGANDA,0.568954586982727
115754571956299155,PROPAGANDA,0.9918763637542725
115754059136466585,PROPAGANDA,0.9982307553291321
115754059136466585,PROPAGANDA,0.9984012246131897
115754059136466585,PROPAGANDA,0.9968145489692688
115750227263339859,PROPAGANDA,0.998331606388092
115750227263339859,PROPAGANDA,0.9978910088539124
115748998203463423,NO_PROPAGANDA,0.975662112236023
115748995021059823,PROPAGANDA,0.9980894923210144
115748995021059823,PROPAGANDA,0.9983500242233276
115748898604800291,PROPAGANDA,0.9974886178970337
115748870260800797,PROPAGANDA,0.9981763362884521
115748701721247530,PROPAGANDA,0.9983289837837219
115748701721247530,PROPAGANDA,0.9981997013092041
115748555238487311,PROPAGANDA,0.997974693775177
115748466708380170,PROPAGANDA,0.9982036352157593
115748453260594922,NO_PROPAGANDA,0.8935048580169678
115747232618687626,PROPAGANDA,0.9980770349502563
115746937797990743,PROPAGANDA,0.9982444047927856
115746927359326655,PROPAGANDA,0.9981116056442261
115744604019079688,PROPAGANDA,0.9982855916023254
115743433358756069,NO_PROPAGANDA,0.9981240630149841
115742838603762912,PROPAGANDA,0.9982202649116516
115742838603762912,PROPAGANDA,0.9983958601951599
115742789211395317,PROPAGANDA,0.9980966448783875
115742789211395317,PROPAGANDA,0.9983184337615967
115742633193769571,PROPAGANDA,0.9978498220443726
115742633193769571,PROPAGANDA,0.998353123664856
115742629595806439,PROPAGANDA,0.9978533387184143
115742629595806439,PROPAGANDA,0.9983083009719849
115742571489420298,PROPAGANDA,0.998205304145813
115742571489420298,PROPAGANDA,0.9983939528465271
115742569503999806,PROPAGANDA,0.9981495141983032
115742569503999806,PROPAGANDA,0.9983301758766174
115742569503999806,PROPAGANDA,0.9982889294624329
115736866317724246,PROPAGANDA,0.9983561635017395
115736866317724246,PROPAGANDA,0.9983456134796143
115736866317724246,PROPAGANDA,0.9545860290527344
115733300541760842,PROPAGANDA,0.998200535774231
115732900424005065,NO_PROPAGANDA,0.9970945119857788
115732896552615984,PROPAGANDA,0.998185932636261
115732659042964265,PROPAGANDA,0.9803551435470581
115732670084362796,NO_PROPAGANDA,0.9987412095069885
115732274245124697,PROPAGANDA,0.9885579347610474
115732218449256267,PROPAGANDA,0.9979090690612793
115732126619539882,PROPAGANDA,0.9934078454971313
115732126619539882,PROPAGANDA,0.9976196885108948
115731908387416458,PROPAGANDA,0.9980272650718689
115731908387416458,PROPAGANDA,0.9979404807090759
115731908387416458,PROPAGANDA,0.9982544779777527
115731785428395132,PROPAGANDA,0.9983147382736206
115731785428395132,PROPAGANDA,0.9979639053344727
115730908630818072,PROPAGANDA,0.9978710412979126
115730859844120569,PROPAGANDA,0.9983007311820984
115730644486071082,PROPAGANDA,0.9977395534515381
115730057824476022,PROPAGANDA,0.9982280135154724
115725803987363092,NO_PROPAGANDA,0.9994103908538818
115567293174185547,PROPAGANDA,0.9965930581092834
115724141568860081,PROPAGANDA,0.9983365535736084
115724141568860081,PROPAGANDA,0.9984166622161865
115584069121440868,PROPAGANDA,0.9982742071151733
115583967084870267,PROPAGANDA,0.9927678108215332
115584350662002045,PROPAGANDA,0.9934126734733582
115585165637422509,PROPAGANDA,0.9982885718345642
115614220577980648,PROPAGANDA,0.9983828067779541
115583956149724264,PROPAGANDA,0.9977421760559082
115583956149724264,PROPAGANDA,0.9974642992019653
115720167024828284,NO_PROPAGANDA,0.9924115538597107
115720154535825762,PROPAGANDA,0.9982646107673645
115714751735035903,NO_PROPAGANDA,0.9990572333335876
115714676658999589,NO_PROPAGANDA,0.997946560382843
115713851852551574,PROPAGANDA,0.9969509840011597
115714068315379947,NO_PROPAGANDA,0.9970480799674988
115713778827349150,PROPAGANDA,0.9979464411735535
115713778827349150,NO_PROPAGANDA,0.9993835687637329
115713058860389475,PROPAGANDA,0.9981153011322021
115713044487400578,PROPAGANDA,0.998106837272644
115710698623079249,PROPAGANDA,0.9983657002449036
115707808536071986,PROPAGANDA,0.998035728931427
115707808536071986,PROPAGANDA,0.9978634715080261
115707808536071986,NO_PROPAGANDA,0.9968817234039307
115703610330402175,PROPAGANDA,0.9983696341514587
115703610330402175,PROPAGANDA,0.9983617663383484
115702734737677434,PROPAGANDA,0.9982022047042847
115702734737677434,PROPAGANDA,0.9916559457778931
115702382320619583,PROPAGANDA,0.9982269406318665
115702382320619583,PROPAGANDA,0.9974554181098938
115701697468059580,PROPAGANDA,0.9977980852127075
115701239677984151,PROPAGANDA,0.9983692765235901
115701239677984151,PROPAGANDA,0.998363196849823
115698333420423237,PROPAGANDA,0.9971590042114258
115698333420423237,PROPAGANDA,0.9973161816596985
115698333420423237,PROPAGANDA,0.9981999397277832
115698333420423237,PROPAGANDA,0.9983558058738708
115698333420423237,PROPAGANDA,0.9977892637252808
115698333420423237,PROPAGANDA,0.9975541234016418
115697029631709665,PROPAGANDA,0.9978281855583191
115698147293634454,PROPAGANDA,0.9982041120529175
115698147293634454,PROPAGANDA,0.9983081817626953
115698147293634454,PROPAGANDA,0.997979462146759
115696262289771554,PROPAGANDA,0.9975614547729492
115692843128539904,PROPAGANDA,0.9964439272880554
115692843128539904,PROPAGANDA,0.9973005652427673
115692843128539904,PROPAGANDA,0.9978923201560974
115692843128539904,PROPAGANDA,0.9390636086463928
115692843128539904,PROPAGANDA,0.9844047427177429
115692843128539904,PROPAGANDA,0.9982331991195679
115692843128539904,PROPAGANDA,0.9983477592468262
115693285064758445,PROPAGANDA,0.9981846213340759
115693285064758445,NO_PROPAGANDA,0.9989720582962036
115688492399516072,PROPAGANDA,0.9983271956443787
115688461364044258,PROPAGANDA,0.9975703358650208
115686410399815717,PROPAGANDA,0.9972244501113892
115686410399815717,PROPAGANDA,0.9939555525779724
115686072737425841,PROPAGANDA,0.9944907426834106
115686072737425841,PROPAGANDA,0.9982057809829712
115686072737425841,PROPAGANDA,0.9980863332748413
115685670623938058,PROPAGANDA,0.9983841180801392
115684406134734247,PROPAGANDA,0.9984136819839478
115684406134734247,PROPAGANDA,0.9983707070350647
115684406134734247,PROPAGANDA,0.9982590079307556
115684406134734247,PROPAGANDA,0.9982914328575134
115684148454828379,PROPAGANDA,0.9979524612426758
115680021178321608,PROPAGANDA,0.9980359673500061
115680021178321608,PROPAGANDA,0.9979952573776245
115679783474101246,PROPAGANDA,0.9984114170074463
115679765232612242,PROPAGANDA,0.9983008503913879
115679762314112555,PROPAGANDA,0.9983056783676147
115678452939414622,PROPAGANDA,0.9984126091003418
115678452939414622,PROPAGANDA,0.9983857870101929
115678452939414622,PROPAGANDA,0.99834144115448
115678452939414622,PROPAGANDA,0.9982781410217285
115678452939414622,PROPAGANDA,0.9982157945632935
115678452939414622,PROPAGANDA,0.9974935054779053
115678904344018257,PROPAGANDA,0.9981903433799744
115676421048496642,NO_PROPAGANDA,0.9994321465492249
115675310112594110,PROPAGANDA,0.5504674315452576
115674446098726232,PROPAGANDA,0.998396098613739
115674376798726553,PROPAGANDA,0.9982611536979675
115669815800105560,PROPAGANDA,0.9978618025779724
115669815800105560,PROPAGANDA,0.9979937076568604
115669815800105560,PROPAGANDA,0.9939263463020325
115674349662139906,PROPAGANDA,0.9982779026031494
115674102596009965,PROPAGANDA,0.9978330731391907
115674102596009965,PROPAGANDA,0.998340368270874
115674102596009965,PROPAGANDA,0.9982569813728333
115674102596009965,PROPAGANDA,0.9958974123001099
115673738803217830,PROPAGANDA,0.9979413151741028
115673713225538385,PROPAGANDA,0.5189936757087708
115673706520574050,PROPAGANDA,0.9978692531585693
115673681347141352,NO_PROPAGANDA,0.9764189124107361
115673677994343056,PROPAGANDA,0.9980323910713196
115673676055612429,PROPAGANDA,0.9919834733009338
115673648564690818,PROPAGANDA,0.911538302898407
115673641220529524,PROPAGANDA,0.6492120623588562
115673487263910414,PROPAGANDA,0.9897879362106323
115672772354075395,PROPAGANDA,0.996425211429596
115672772354075395,PROPAGANDA,0.9980366826057434
115672630683376515,PROPAGANDA,0.9983274340629578
115672630683376515,PROPAGANDA,0.9974710941314697
115670459480108739,NO_PROPAGANDA,0.9984879493713379
115669821715563033,PROPAGANDA,0.9983227849006653
115669821715563033,PROPAGANDA,0.9960197806358337
115669821715563033,PROPAGANDA,0.998224675655365
115667445871563304,PROPAGANDA,0.9967530369758606
115667396705453017,PROPAGANDA,0.9983757734298706
115667396705453017,PROPAGANDA,0.9980721473693848
115664032674403982,PROPAGANDA,0.99826979637146
115663982335866800,PROPAGANDA,0.9983179569244385
115622436610625220,PROPAGANDA,0.977760910987854
115629765183673638,PROPAGANDA,0.9983722567558289
115625429081411360,PROPAGANDA,0.9984201192855835
115625429081411360,PROPAGANDA,0.9983009696006775
115625429081411360,PROPAGANDA,0.9959806203842163
115625429081411360,PROPAGANDA,0.9982234835624695
115625429081411360,PROPAGANDA,0.9982866644859314
115663961478701629,PROPAGANDA,0.9979222416877747
115663957175232306,PROPAGANDA,0.998261034488678
115663952570644904,PROPAGANDA,0.9979290962219238
115663947824431940,NO_PROPAGANDA,0.9994138479232788
115662373086221699,PROPAGANDA,0.9983339905738831
115662373086221699,PROPAGANDA,0.9983100891113281
115662373086221699,PROPAGANDA,0.9982873797416687
115662369700704369,PROPAGANDA,0.9982156753540039
115662369700704369,PROPAGANDA,0.9983891248703003
115662367365090087,PROPAGANDA,0.9981999397277832
115662367365090087,PROPAGANDA,0.9983460903167725
115662365895882699,PROPAGANDA,0.9981355667114258
115662365895882699,PROPAGANDA,0.9960734844207764
115662364552464423,PROPAGANDA,0.9977807402610779
115662364552464423,PROPAGANDA,0.9983333945274353
115662363349008651,PROPAGANDA,0.9981085062026978
115662363349008651,PROPAGANDA,0.9982770681381226
115661283977133711,PROPAGANDA,0.9982886910438538
115659423260785023,NO_PROPAGANDA,0.9881873726844788
115659421538834732,PROPAGANDA,0.9983159303665161
115659207921669230,PROPAGANDA,0.9978528022766113
115658619396755634,PROPAGANDA,0.9983282685279846
115658619396755634,PROPAGANDA,0.9983742237091064
115656343773820545,PROPAGANDA,0.9983331561088562
115656343773820545,PROPAGANDA,0.9984418749809265
115656343773820545,PROPAGANDA,0.8183554410934448
115656327877659916,PROPAGANDA,0.998016357421875
115653238186658350,PROPAGANDA,0.9976335763931274
115653225494931779,NO_PROPAGANDA,0.9400455355644226
115652422974373513,PROPAGANDA,0.9983252882957458
115652356733049190,PROPAGANDA,0.9822346568107605
115652356733049190,NO_PROPAGANDA,0.9843259453773499
115651209876382028,NO_PROPAGANDA,0.9957535266876221
115650472826053655,PROPAGANDA,0.9983764886856079
115650472826053655,NO_PROPAGANDA,0.9981682300567627
115650314096956008,PROPAGANDA,0.9942506551742554
115649576495618820,PROPAGANDA,0.9980471134185791
115650062002934091,PROPAGANDA,0.99835604429245
115649563087207461,PROPAGANDA,0.9983550906181335
115649503125687789,PROPAGANDA,0.9980542659759521
115647715850270252,PROPAGANDA,0.9983204007148743
115647708910290144,PROPAGANDA,0.9982168078422546
115647697688351327,PROPAGANDA,0.9982156753540039
115647697688351327,PROPAGANDA,0.9979774355888367
115647567538614723,PROPAGANDA,0.9950915575027466
115647333846814832,PROPAGANDA,0.9983207583427429
115647107696867275,PROPAGANDA,0.998365581035614
115647107696867275,NO_PROPAGANDA,0.99860018491745
115647063978030089,PROPAGANDA,0.9983806610107422
115647063978030089,PROPAGANDA,0.9982984662055969
115647063978030089,PROPAGANDA,0.9983660578727722
115646159943244507,NO_PROPAGANDA,0.9993520379066467
115645716721136333,PROPAGANDA,0.9745927453041077
115645706907524793,PROPAGANDA,0.9745927453041077
115645123576749080,PROPAGANDA,0.9977572560310364
115645123576749080,PROPAGANDA,0.9967196583747864
115642722629712717,PROPAGANDA,0.9980778694152832
115642689265118703,PROPAGANDA,0.9982132911682129
115642237340050337,PROPAGANDA,0.9980389475822449
115639158069045029,NO_PROPAGANDA,0.9976009726524353
115641123675257358,PROPAGANDA,0.9981277585029602
115641123675257358,PROPAGANDA,0.9941083192825317
115641100589870564,PROPAGANDA,0.9982261061668396
115641083942804824,PROPAGANDA,0.9983173608779907
115641076038424832,PROPAGANDA,0.9982112646102905
115640171509477265,PROPAGANDA,0.9983749389648438
115640171509477265,PROPAGANDA,0.9980911612510681
115639208611971612,PROPAGANDA,0.9983586668968201
115639162273110013,PROPAGANDA,0.9962564706802368
115634967838729337,PROPAGANDA,0.9974965453147888
115634952920337470,PROPAGANDA,0.9961178302764893
115633174669225455,PROPAGANDA,0.9980370402336121
115633174669225455,PROPAGANDA,0.9980317950248718
115633041089714842,PROPAGANDA,0.9972189664840698
115632959311037868,PROPAGANDA,0.9978957176208496
115632959311037868,PROPAGANDA,0.9983392953872681
115632959311037868,PROPAGANDA,0.9980165958404541
115629406693931908,PROPAGANDA,0.9981319308280945
115629406693931908,PROPAGANDA,0.9962531328201294
115629406693931908,PROPAGANDA,0.9945819973945618
115629335172411031,PROPAGANDA,0.9980207681655884
115629335172411031,PROPAGANDA,0.997952938079834
115629335172411031,PROPAGANDA,0.9971137046813965
115629010097815862,PROPAGANDA,0.998429000377655
115629010097815862,PROPAGANDA,0.9943475127220154
115626148731779942,PROPAGANDA,0.9969094395637512
115625427648743414,PROPAGANDA,0.9977157115936279
115625427648743414,PROPAGANDA,0.9980666041374207
115625427648743414,PROPAGANDA,0.9983863830566406
115625421503636680,PROPAGANDA,0.9983416795730591
115623160236217960,PROPAGANDA,0.9976994395256042
115619210705501837,PROPAGANDA,0.9980328679084778
115618335917111212,NO_PROPAGANDA,0.9994423985481262
115618236412963848,PROPAGANDA,0.9980207681655884
115618236412963848,PROPAGANDA,0.997952938079834
115618236412963848,PROPAGANDA,0.9971137046813965
115617866419112089,PROPAGANDA,0.9974943399429321
115617700844849134,PROPAGANDA,0.9982941746711731
115617700844849134,PROPAGANDA,0.9983501434326172
115617700844849134,PROPAGANDA,0.9975388050079346
115617658912008194,PROPAGANDA,0.9984171390533447
115617658912008194,PROPAGANDA,0.998360812664032
115617658912008194,PROPAGANDA,0.9984267950057983
115617658912008194,PROPAGANDA,0.9984292387962341
115617052659110736,PROPAGANDA,0.9980711340904236
115616548418162346,PROPAGANDA,0.9975958466529846
115616546926814479,PROPAGANDA,0.998114824295044
115616545250020843,PROPAGANDA,0.9982998967170715
115616545250020843,PROPAGANDA,0.9983678460121155
115616545250020843,PROPAGANDA,0.9983591437339783
115616545250020843,PROPAGANDA,0.9977158308029175
115616248406860153,PROPAGANDA,0.9975958466529846
115616235841996334,PROPAGANDA,0.998114824295044
115615998120894392,PROPAGANDA,0.9983037710189819
115615998120894392,PROPAGANDA,0.9983678460121155
115615998120894392,PROPAGANDA,0.9983591437339783
115615998120894392,PROPAGANDA,0.9977158308029175
115612873614937945,PROPAGANDA,0.9980127811431885
115612873614937945,NO_PROPAGANDA,0.9993875026702881
115612779496430359,PROPAGANDA,0.9976898431777954
115612779496430359,PROPAGANDA,0.9982755184173584
115612779496430359,PROPAGANDA,0.9979333877563477
115612027228424815,PROPAGANDA,0.9983317255973816
115612027228424815,PROPAGANDA,0.9979463219642639
115612027228424815,PROPAGANDA,0.9983869791030884
115612027228424815,PROPAGANDA,0.9983429908752441
115612027228424815,PROPAGANDA,0.9981371164321899
115612007398266637,PROPAGANDA,0.9967893362045288
115612007398266637,NO_PROPAGANDA,0.9087299704551697
115612007398266637,PROPAGANDA,0.9863001704216003
115606895115145727,PROPAGANDA,0.992474377155304
115605992780109632,PROPAGANDA,0.9983407258987427
115605897178712132,PROPAGANDA,0.9815554022789001
115605897178712132,PROPAGANDA,0.565740168094635
115605897178712132,NO_PROPAGANDA,0.9990780353546143
115604689359180322,PROPAGANDA,0.9980218410491943
115604342260009397,PROPAGANDA,0.9976940751075745
115604240580797202,PROPAGANDA,0.9961955547332764
115604240580797202,PROPAGANDA,0.9981467723846436
115604240580797202,PROPAGANDA,0.9977510571479797
115604240580797202,PROPAGANDA,0.9980291724205017
115604227117479754,PROPAGANDA,0.9816317558288574
115604207333809204,PROPAGANDA,0.9976977705955505
115602969458348561,PROPAGANDA,0.9965670108795166
115602969458348561,PROPAGANDA,0.9981467723846436
115602969458348561,PROPAGANDA,0.9977510571479797
115602969458348561,PROPAGANDA,0.9980193376541138
115601863065566414,PROPAGANDA,0.9957594275474548
115601476787319590,PROPAGANDA,0.9983687996864319
115601476787319590,PROPAGANDA,0.9978852868080139
115601252711182007,PROPAGANDA,0.9981629252433777
115600167812342707,PROPAGANDA,0.9981624484062195
115589257346768147,PROPAGANDA,0.9982919096946716
115589257346768147,PROPAGANDA,0.7698662877082825
115589257346768147,PROPAGANDA,0.9982728958129883
115589257346768147,PROPAGANDA,0.9977930784225464
115589257346768147,NO_PROPAGANDA,0.9984954595565796
115599455037289127,PROPAGANDA,0.9982802867889404
115599428464496784,PROPAGANDA,0.9981480836868286
115599428464496784,PROPAGANDA,0.9982841610908508
115599428464496784,PROPAGANDA,0.9981963038444519
115597116924552201,PROPAGANDA,0.9983319640159607
115597077845312894,PROPAGANDA,0.9981550574302673
115596544162295527,PROPAGANDA,0.9973806738853455
115596544162295527,PROPAGANDA,0.9983240962028503
115596533671432236,PROPAGANDA,0.9974175691604614
115596533671432236,PROPAGANDA,0.9983240962028503
115596415059652997,NO_PROPAGANDA,0.9943282008171082
115578474822078156,PROPAGANDA,0.9983047246932983
115595765848682100,PROPAGANDA,0.9977760910987854
115595274389789024,PROPAGANDA,0.9982290863990784
115593240147764609,PROPAGANDA,0.9981982111930847
115593179521083607,PROPAGANDA,0.9983373880386353
115593179521083607,PROPAGANDA,0.9982820749282837
115590786862216464,PROPAGANDA,0.997703492641449
115590382865392804,PROPAGANDA,0.7170164585113525
115582451169685243,PROPAGANDA,0.9981920123100281
115579789920906826,NO_PROPAGANDA,0.9437557458877563
115580091742881393,PROPAGANDA,0.998139500617981
115580043764808419,PROPAGANDA,0.998336136341095
115580255469225519,PROPAGANDA,0.9968938827514648
115579923781748856,PROPAGANDA,0.9983558058738708
115579923781748856,PROPAGANDA,0.9982964396476746
115580356465382356,PROPAGANDA,0.9964607357978821
115579841410348342,PROPAGANDA,0.9910340905189514
115579857467915312,PROPAGANDA,0.9982779026031494
115579968766152949,PROPAGANDA,0.9982092380523682
115579817214103772,PROPAGANDA,0.9981611371040344
115579833072568656,PROPAGANDA,0.9978305697441101
115579824866571287,PROPAGANDA,0.998336672782898
115579816850718152,PROPAGANDA,0.9952023029327393
115582417825161974,PROPAGANDA,0.9982655644416809
115580455960616035,PROPAGANDA,0.9981243014335632
115580448819564585,PROPAGANDA,0.9952243566513062
115580387278716452,PROPAGANDA,0.9959695339202881
115579432475646132,NO_PROPAGANDA,0.9992879033088684
115579394833948106,PROPAGANDA,0.835368275642395
115579394833948106,PROPAGANDA,0.9980042576789856
115579394833948106,PROPAGANDA,0.9948151707649231
115579394833948106,PROPAGANDA,0.9978678226470947
115579394833948106,PROPAGANDA,0.9983413219451904
115579394833948106,PROPAGANDA,0.997880220413208
115579394833948106,PROPAGANDA,0.9984050393104553
115579394833948106,PROPAGANDA,0.9979639053344727
115577964949117047,PROPAGANDA,0.9980859756469727
115577964949117047,PROPAGANDA,0.9982234835624695
115577056018106234,PROPAGANDA,0.9898217916488647
115577053608486130,PROPAGANDA,0.6906732320785522
115577050910593912,PROPAGANDA,0.9115784168243408
115255512593368090,PROPAGANDA,0.9973689317703247
115577042043264984,PROPAGANDA,0.9982255101203918
115577040776570054,PROPAGANDA,0.9691438674926758
115577039288167821,PROPAGANDA,0.9981995820999146
115577037384069112,NO_PROPAGANDA,0.9799563884735107
115577034428518924,PROPAGANDA,0.9972214698791504
115577032965627237,PROPAGANDA,0.9979612827301025
115573090200730933,PROPAGANDA,0.9980596899986267
115573090200730933,PROPAGANDA,0.9977887868881226
115573085494912311,PROPAGANDA,0.9981389045715332
115573085494912311,PROPAGANDA,0.9978467226028442
115573085494912311,PROPAGANDA,0.9982352256774902
115572931492563128,PROPAGANDA,0.9982357025146484
115570813586755288,PROPAGANDA,0.9982584118843079
115570749579575260,PROPAGANDA,0.996900200843811
115570749579575260,PROPAGANDA,0.9981433153152466
115567457865630938,PROPAGANDA,0.9982024431228638
115567457865630938,PROPAGANDA,0.9840654730796814
115567081810209795,PROPAGANDA,0.9961990714073181
115567070909453272,PROPAGANDA,0.9983381032943726
115567070909453272,PROPAGANDA,0.9982686042785645
115565882166681770,PROPAGANDA,0.9982563853263855
115565882166681770,PROPAGANDA,0.9974796175956726
115277428755861763,PROPAGANDA,0.998370349407196
115277207989888806,PROPAGANDA,0.9983298182487488
115277207989888806,PROPAGANDA,0.9982982277870178
115565361275932801,PROPAGANDA,0.9972694516181946
115562700432868071,PROPAGANDA,0.9977860450744629
115562700432868071,PROPAGANDA,0.9982870221138
115562700432868071,NO_PROPAGANDA,0.9105146527290344
115553996161686638,PROPAGANDA,0.9431860446929932
115560043250245763,PROPAGANDA,0.9971289038658142
115560203990233492,PROPAGANDA,0.9697189331054688
115560175157673592,PROPAGANDA,0.9968757629394531
115560060266158815,NO_PROPAGANDA,0.9779165387153625
115553981968070207,PROPAGANDA,0.9932031631469727
115563298458806964,PROPAGANDA,0.9983623623847961
115562684567737579,PROPAGANDA,0.9983383417129517
115562626931599548,PROPAGANDA,0.9984411597251892
115562626931599548,PROPAGANDA,0.9971218705177307
115562626931599548,PROPAGANDA,0.9982143640518188
115562626931599548,PROPAGANDA,0.9983476400375366
115560208774541030,PROPAGANDA,0.9980354905128479
115560208774541030,PROPAGANDA,0.9982860684394836
115560208774541030,PROPAGANDA,0.9982182383537292
115556419150424739,PROPAGANDA,0.9983769655227661
115554138689247811,PROPAGANDA,0.9983112812042236
115551127714537339,PROPAGANDA,0.9614343643188477
115551127714537339,PROPAGANDA,0.9982669353485107
115551127714537339,PROPAGANDA,0.9983236193656921
115551127714537339,PROPAGANDA,0.9983648657798767
115551127714537339,PROPAGANDA,0.9983673691749573
115553994466678093,PROPAGANDA,0.9984207153320312
115551054294277065,PROPAGANDA,0.9981548190116882
115549914983720555,PROPAGANDA,0.9980148077011108
115549907135940696,PROPAGANDA,0.9957208037376404
115549907135940696,PROPAGANDA,0.9982030391693115
115549898479582155,PROPAGANDA,0.9866790175437927
115549898479582155,PROPAGANDA,0.9982323050498962
115549764700461483,NO_PROPAGANDA,0.9991113543510437
115548824413984773,PROPAGANDA,0.9982331991195679
115548785919046772,PROPAGANDA,0.9983915686607361
115548785919046772,PROPAGANDA,0.998227059841156
115548539359870302,PROPAGANDA,0.9983218312263489
115548539359870302,PROPAGANDA,0.9877947568893433
115548501518888756,PROPAGANDA,0.9983218312263489
115548501518888756,PROPAGANDA,0.984268307685852
115545559394082144,PROPAGANDA,0.9743562340736389
115205301127455058,PROPAGANDA,0.9971593618392944
115205301127455058,PROPAGANDA,0.9970857501029968
115205301127455058,PROPAGANDA,0.9983586668968201
115205301127455058,PROPAGANDA,0.9977017045021057
115545558485420962,NO_PROPAGANDA,0.998687207698822
115527575773543165,PROPAGANDA,0.9980736970901489
115538410938231838,PROPAGANDA,0.9983660578727722
115538279653817159,PROPAGANDA,0.998400866985321
115538279653817159,PROPAGANDA,0.9981799125671387
115538047317239976,PROPAGANDA,0.9980123043060303
115538047317239976,PROPAGANDA,0.998316764831543
115538010339531154,PROPAGANDA,0.9982819557189941
115538010339531154,PROPAGANDA,0.997852087020874
115538002658085818,NO_PROPAGANDA,0.9973377585411072
115538002658085818,PROPAGANDA,0.9982950091362
115533678904226335,PROPAGANDA,0.9980345368385315
115533678904226335,PROPAGANDA,0.9982720613479614
115533678904226335,PROPAGANDA,0.9981282353401184
115533666048445520,PROPAGANDA,0.997721254825592
115533666048445520,PROPAGANDA,0.9982337951660156
115533090607800907,PROPAGANDA,0.9981716871261597
115532927507491211,PROPAGANDA,0.9977830052375793
115532927507491211,PROPAGANDA,0.9977909326553345
115532927507491211,PROPAGANDA,0.9982321858406067
115532927507491211,PROPAGANDA,0.9980183839797974
115529500724371786,PROPAGANDA,0.9981034994125366
115529446165908851,PROPAGANDA,0.9983080625534058
115529141758455385,PROPAGANDA,0.9982036352157593
115528250588455261,PROPAGANDA,0.9974598288536072
115527262176895128,PROPAGANDA,0.9981110095977783
115527159095475127,PROPAGANDA,0.9982737302780151
115527159095475127,PROPAGANDA,0.998272180557251
115526165519672797,PROPAGANDA,0.9961860775947571
115526123205979749,PROPAGANDA,0.9982580542564392
115526123205979749,PROPAGANDA,0.998363196849823
115526123205979749,PROPAGANDA,0.9983540773391724
115526107177904576,PROPAGANDA,0.9982594847679138
115526107177904576,PROPAGANDA,0.998363196849823
115526107177904576,PROPAGANDA,0.9983540773391724
115525582895720508,PROPAGANDA,0.921992838382721
115520633257497938,PROPAGANDA,0.9982319474220276
115355273080830875,PROPAGANDA,0.9983067512512207
115355273080830875,PROPAGANDA,0.9973663687705994
115521834138408370,NO_PROPAGANDA,0.8185212016105652
115521826049485056,NO_PROPAGANDA,0.8818246126174927
115521797504730572,NO_PROPAGANDA,0.998239278793335
115521695808009888,PROPAGANDA,0.9983968138694763
115521239983259817,PROPAGANDA,0.9984136819839478
115520462584981053,PROPAGANDA,0.9982510209083557
115520448197201824,PROPAGANDA,0.9983659386634827
115520448197201824,PROPAGANDA,0.9982903599739075
115520448197201824,PROPAGANDA,0.998335063457489
115520448197201824,PROPAGANDA,0.9982031583786011
115520432241623568,PROPAGANDA,0.9976263642311096
115520428779875897,PROPAGANDA,0.9982374906539917
115520402338272699,NO_PROPAGANDA,0.9898042678833008
115520395997089111,PROPAGANDA,0.9983053207397461
115520395997089111,NO_PROPAGANDA,0.8921653628349304
115520387746375038,PROPAGANDA,0.9983053207397461
115520387746375038,PROPAGANDA,0.9981970191001892
115514686647205086,PROPAGANDA,0.8938375115394592
115514453574326959,PROPAGANDA,0.9982307553291321
115514453574326959,PROPAGANDA,0.9982442855834961
115520282513349957,PROPAGANDA,0.9973305463790894
115520282513349957,NO_PROPAGANDA,0.8921653628349304
115519951705472870,PROPAGANDA,0.9980852603912354
115519951705472870,PROPAGANDA,0.9980214834213257
115519740341195886,PROPAGANDA,0.9976720213890076
115519726463094783,PROPAGANDA,0.9978747367858887
115519669621468424,PROPAGANDA,0.9981358051300049
115519656372603789,PROPAGANDA,0.9969788789749146
115519648221128582,PROPAGANDA,0.9983305335044861
115516539764708833,NO_PROPAGANDA,0.9989978671073914
115516453396913877,PROPAGANDA,0.998297393321991
115515978292380146,NO_PROPAGANDA,0.9992203712463379
115515520504887050,PROPAGANDA,0.9983745813369751
115514359098158106,PROPAGANDA,0.9983432292938232
115511452695728702,PROPAGANDA,0.9970093965530396
115511452695728702,PROPAGANDA,0.9983929991722107
115511357579183415,PROPAGANDA,0.997863233089447
115511412965888296,PROPAGANDA,0.9978365302085876
115511412965888296,PROPAGANDA,0.9917817711830139
115511412965888296,PROPAGANDA,0.9973157048225403
115511314225352462,PROPAGANDA,0.998187243938446
115511090849508843,PROPAGANDA,0.9982948899269104
115511090849508843,PROPAGANDA,0.9978455305099487
115511090849508843,PROPAGANDA,0.998149037361145
115510780457859130,PROPAGANDA,0.9976069927215576
115510666739916664,PROPAGANDA,0.998223602771759
115510485436664476,PROPAGANDA,0.998238205909729
115510396474764395,PROPAGANDA,0.998124897480011
115510343852481018,PROPAGANDA,0.9983013868331909
115510343852481018,PROPAGANDA,0.9982447624206543
115509306635941834,PROPAGANDA,0.998143196105957
115508709196254115,PROPAGANDA,0.997654139995575
115508699750416036,PROPAGANDA,0.9984122514724731
115508680705242553,PROPAGANDA,0.9983952641487122
115506045885898474,PROPAGANDA,0.9968029260635376
115506045885898474,PROPAGANDA,0.9942606687545776
115505478418176575,NO_PROPAGANDA,0.7196745872497559
115505478418176575,PROPAGANDA,0.9969782829284668
115504973020459337,PROPAGANDA,0.9980342984199524
115504973020459337,PROPAGANDA,0.9982905983924866
115503780433465879,PROPAGANDA,0.9974955916404724
115503140217634129,PROPAGANDA,0.9936869740486145
115497796099239673,PROPAGANDA,0.9980596899986267
115499724149347850,PROPAGANDA,0.9982777833938599
115499715894035999,PROPAGANDA,0.9980649352073669
115499694708692358,PROPAGANDA,0.9967079162597656
115499626990484138,PROPAGANDA,0.9981173276901245
115499622304174991,PROPAGANDA,0.9982331991195679
115499621107006705,PROPAGANDA,0.9980736970901489
115499615432000308,PROPAGANDA,0.9982981085777283
115499609714844979,PROPAGANDA,0.9980952143669128
115499601111135687,PROPAGANDA,0.9984145164489746
115499601111135687,PROPAGANDA,0.9981263279914856
115499595196200926,PROPAGANDA,0.9984257221221924
115499595196200926,PROPAGANDA,0.998345136642456
115499540273989970,PROPAGANDA,0.9949783682823181
115499529258415888,PROPAGANDA,0.9974583983421326
115499436761437618,PROPAGANDA,0.9948881268501282
115499397897941707,PROPAGANDA,0.9948693513870239
115499354921504983,PROPAGANDA,0.9982712268829346
115499324245510580,PROPAGANDA,0.9946691393852234
115499313489581846,NO_PROPAGANDA,0.9613984227180481
115499233518098762,NO_PROPAGANDA,0.999444305896759
115499222370397593,PROPAGANDA,0.9983335137367249
115499196526115634,PROPAGANDA,0.9978938698768616
115499184567907673,PROPAGANDA,0.9952730536460876
115499177304548955,PROPAGANDA,0.9983546137809753
115499172943770311,PROPAGANDA,0.9977983236312866
115499168374068086,PROPAGANDA,0.9980248212814331
115495081097004172,PROPAGANDA,0.998197615146637
115495015896453646,PROPAGANDA,0.9921592473983765
115494928414626214,PROPAGANDA,0.9822977781295776
115494873923565600,NO_PROPAGANDA,0.8789032101631165
115493839582779089,PROPAGANDA,0.9976933598518372
115493839582779089,PROPAGANDA,0.9943371415138245
115493792769655959,PROPAGANDA,0.9978601336479187
115493792769655959,NO_PROPAGANDA,0.9991378784179688
115493742592679097,NO_PROPAGANDA,0.951368510723114
115493671705492320,PROPAGANDA,0.998139500617981
115493671705492320,NO_PROPAGANDA,0.9903916120529175
115492840195051630,PROPAGANDA,0.9982813596725464
115492840195051630,PROPAGANDA,0.9983987212181091
115492832612668287,PROPAGANDA,0.9982675313949585
115492832612668287,PROPAGANDA,0.9984153509140015
115492361756063244,PROPAGANDA,0.9984186887741089
115492285081397189,PROPAGANDA,0.9982953667640686
115492078911838554,PROPAGANDA,0.9977943897247314
115491996994152487,PROPAGANDA,0.9972918629646301
115491968446085363,PROPAGANDA,0.9982613921165466
115491634358714159,PROPAGANDA,0.998415470123291
115491634358714159,PROPAGANDA,0.9981074333190918
115491634358714159,PROPAGANDA,0.9054624438285828
115491634358714159,PROPAGANDA,0.9984124898910522
115488077072288045,PROPAGANDA,0.9980650544166565
115488077072288045,PROPAGANDA,0.9983347058296204
115488077072288045,PROPAGANDA,0.9981741905212402
115488449295708606,PROPAGANDA,0.9983237385749817
115488448679125333,PROPAGANDA,0.9980623126029968
115488448679125333,PROPAGANDA,0.9982125759124756
115488447988115806,PROPAGANDA,0.9981552958488464
115488447988115806,PROPAGANDA,0.9975878000259399
115488447377350651,PROPAGANDA,0.9982354640960693
115488447377350651,PROPAGANDA,0.9983564019203186
115488108743015746,PROPAGANDA,0.9979348182678223
115488069736938548,PROPAGANDA,0.998196542263031
115488069736938548,PROPAGANDA,0.9982537627220154
115488065843902022,PROPAGANDA,0.9981077909469604
115488065843902022,PROPAGANDA,0.9981361627578735
115487673519351557,PROPAGANDA,0.998235821723938
115487673519351557,PROPAGANDA,0.9984153509140015
115487672617211689,PROPAGANDA,0.9983434677124023
115487672617211689,PROPAGANDA,0.9983677268028259
115487671846603737,PROPAGANDA,0.9983110427856445
115487671846603737,PROPAGANDA,0.9964840412139893
115487671165225276,PROPAGANDA,0.9979453682899475
115487671165225276,PROPAGANDA,0.9983237385749817
115487670248355008,PROPAGANDA,0.9980770349502563
115487670248355008,PROPAGANDA,0.9983515739440918
115487657312854919,PROPAGANDA,0.9981294274330139
115487657312854919,PROPAGANDA,0.9982436895370483
115487657312854919,PROPAGANDA,0.9978435039520264
115487637340888017,PROPAGANDA,0.9983207583427429
115487637340888017,PROPAGANDA,0.9983471632003784
115487542470944967,PROPAGANDA,0.9982929825782776
115487542470944967,PROPAGANDA,0.9983115196228027
115487542470944967,PROPAGANDA,0.9982619881629944
115487538389910575,PROPAGANDA,0.9983634352684021
115487538389910575,PROPAGANDA,0.9976682066917419
115487538389910575,PROPAGANDA,0.9983168840408325
115487538389910575,PROPAGANDA,0.9981993436813354
115487534126970172,PROPAGANDA,0.9975289702415466
115487534126970172,PROPAGANDA,0.9984097480773926
115487533079747054,PROPAGANDA,0.9983030557632446
115487533079747054,PROPAGANDA,0.9977947473526001
115487530794623341,PROPAGANDA,0.9982122182846069
115487530794623341,PROPAGANDA,0.9983832836151123
115487529176186545,PROPAGANDA,0.9979444146156311
115487529176186545,PROPAGANDA,0.9984146356582642
115487528401379340,PROPAGANDA,0.9972702860832214
115487528401379340,PROPAGANDA,0.9982940554618835
115487527449007567,PROPAGANDA,0.9981953501701355
115487527449007567,PROPAGANDA,0.998134195804596
115487526694807268,PROPAGANDA,0.9980454444885254
115487526694807268,PROPAGANDA,0.9959542751312256
115487525926377512,PROPAGANDA,0.998053789138794
115487525926377512,PROPAGANDA,0.9982853531837463
115487525182720756,PROPAGANDA,0.9979954957962036
115487525182720756,PROPAGANDA,0.9982957243919373
115487524223496553,PROPAGANDA,0.9982603192329407
115487524223496553,PROPAGANDA,0.9983826875686646
115487523238345065,PROPAGANDA,0.998134970664978
115487523238345065,PROPAGANDA,0.9983816146850586
115487522476295727,PROPAGANDA,0.9980456829071045
115487522476295727,PROPAGANDA,0.9982933402061462
115487521272358814,PROPAGANDA,0.9981970191001892
115487521272358814,PROPAGANDA,0.9982069730758667
115487520305552246,PROPAGANDA,0.9981154203414917
115487520305552246,PROPAGANDA,0.9983878135681152
115487516919335021,PROPAGANDA,0.9981310963630676
115487516919335021,PROPAGANDA,0.998372495174408
115487509118195615,PROPAGANDA,0.9982337951660156
115487509118195615,PROPAGANDA,0.9983900785446167
115487507787596823,PROPAGANDA,0.9981980919837952
115487507787596823,PROPAGANDA,0.9984344840049744
115487459643312527,PROPAGANDA,0.9983207583427429
115487459643312527,PROPAGANDA,0.9983518123626709
115487458723482669,PROPAGANDA,0.9982150793075562
115487458723482669,PROPAGANDA,0.9984344840049744
115487457628694653,PROPAGANDA,0.9982694387435913
115487457628694653,PROPAGANDA,0.9983900785446167
115487456971332644,PROPAGANDA,0.9981356859207153
115487456971332644,PROPAGANDA,0.9984095692634583
115487456380926200,PROPAGANDA,0.9982103109359741
115487456380926200,PROPAGANDA,0.9984025359153748
115487455722792140,PROPAGANDA,0.9981287121772766
115487455722792140,PROPAGANDA,0.9983251690864563
115487454603803196,PROPAGANDA,0.9980151653289795
115487454603803196,PROPAGANDA,0.9980947375297546
115487454024721017,PROPAGANDA,0.9981243014335632
115487453441228308,PROPAGANDA,0.9982543587684631
115487453441228308,PROPAGANDA,0.9983773231506348
115487452865254311,PROPAGANDA,0.997490406036377
115487452865254311,PROPAGANDA,0.998420238494873
115487452294166543,PROPAGANDA,0.9982694387435913
115487452294166543,PROPAGANDA,0.9984011054039001
115487451656777132,PROPAGANDA,0.9980058073997498
115487451656777132,PROPAGANDA,0.9983527660369873
115487451093103232,PROPAGANDA,0.9979174733161926
115487451093103232,PROPAGANDA,0.9983764886856079
115487424416949967,PROPAGANDA,0.9981738328933716
115487424416949967,PROPAGANDA,0.9984166622161865
115487423618581189,PROPAGANDA,0.9981573224067688
115487423618581189,PROPAGANDA,0.9983213543891907
115487423040942295,PROPAGANDA,0.998257577419281
115487423040942295,PROPAGANDA,0.998394787311554
115487422134481211,PROPAGANDA,0.9981682300567627
115487422134481211,PROPAGANDA,0.998372495174408
115487421529452815,PROPAGANDA,0.9983161687850952
115487421529452815,PROPAGANDA,0.9982812404632568
115487420927533924,PROPAGANDA,0.998302698135376
115487420927533924,PROPAGANDA,0.998309850692749
115487420258581068,PROPAGANDA,0.99818354845047
115487420258581068,PROPAGANDA,0.9981343150138855
115487419101245893,PROPAGANDA,0.9982569813728333
115487419101245893,PROPAGANDA,0.9983195662498474
115487418490322231,PROPAGANDA,0.9982543587684631
115487418490322231,PROPAGANDA,0.9983249306678772
115487417887119597,PROPAGANDA,0.9983119964599609
115487417887119597,PROPAGANDA,0.9981648325920105
115487417269482211,PROPAGANDA,0.9980734586715698
115487417269482211,PROPAGANDA,0.9983516931533813
115487416652012147,PROPAGANDA,0.9977250695228577
115487416652012147,PROPAGANDA,0.9983522891998291
115487416040700648,PROPAGANDA,0.9981945157051086
115487416040700648,PROPAGANDA,0.9978969097137451
115487415350975092,PROPAGANDA,0.9982244372367859
115487415350975092,PROPAGANDA,0.998276948928833
115487414487226114,PROPAGANDA,0.9981069564819336
115487414487226114,PROPAGANDA,0.9983102083206177
115487413806174322,PROPAGANDA,0.9981546998023987
115487413806174322,PROPAGANDA,0.9984310269355774
115487413163865371,PROPAGANDA,0.9979348182678223
115487413163865371,PROPAGANDA,0.998319685459137
115487409928245363,PROPAGANDA,0.9976853132247925
115487409928245363,PROPAGANDA,0.9983204007148743
115487408895007566,PROPAGANDA,0.9981546998023987
115487408895007566,PROPAGANDA,0.9984007477760315
115487407766645489,PROPAGANDA,0.9980728626251221
115487407766645489,PROPAGANDA,0.998247504234314
115487407342367814,PROPAGANDA,0.9979264736175537
115487407342367814,PROPAGANDA,0.9983536005020142
115483612584051928,PROPAGANDA,0.9980931878089905
115483612584051928,PROPAGANDA,0.9983240962028503
115483611124274810,PROPAGANDA,0.9982378482818604
115483611124274810,PROPAGANDA,0.9984216690063477
115483604966976923,PROPAGANDA,0.9979683756828308
115483604966976923,PROPAGANDA,0.9983384609222412
115483600717795173,PROPAGANDA,0.9982251524925232
115483600717795173,PROPAGANDA,0.9983994364738464
115483597298904555,PROPAGANDA,0.9982276558876038
115483597298904555,PROPAGANDA,0.9984058737754822
115483588957385542,PROPAGANDA,0.9981471300125122
115483588957385542,PROPAGANDA,0.9983155727386475
115483585666476879,PROPAGANDA,0.998316764831543
115483585666476879,PROPAGANDA,0.9983958601951599
115483583008573608,PROPAGANDA,0.9972701668739319
115483583008573608,PROPAGANDA,0.9983702301979065
115483506946659561,PROPAGANDA,0.9981141090393066
115483506946659561,PROPAGANDA,0.998354434967041
115483506187792362,PROPAGANDA,0.9980668425559998
115483506187792362,PROPAGANDA,0.9983851909637451
115483497131354385,PROPAGANDA,0.9976491332054138
115483497131354385,PROPAGANDA,0.9983680844306946
115483496366694822,PROPAGANDA,0.9977413415908813
115483496366694822,PROPAGANDA,0.9983395338058472
115483495393568211,PROPAGANDA,0.9977949857711792
115483495393568211,PROPAGANDA,0.9983788728713989
115483494581672791,PROPAGANDA,0.9981285929679871
115483494581672791,PROPAGANDA,0.9983556866645813
115483493833786784,PROPAGANDA,0.998212456703186
115483493122773638,PROPAGANDA,0.9982360601425171
115483493122773638,PROPAGANDA,0.9967309236526489
115483492025820257,PROPAGANDA,0.9983094930648804
115483491309251871,PROPAGANDA,0.9982890486717224
115483490583943218,PROPAGANDA,0.9982187151908875
115483490583943218,PROPAGANDA,0.9979485869407654
115483489851598217,PROPAGANDA,0.9982331991195679
115483489851598217,PROPAGANDA,0.9983729124069214
115483489119629845,PROPAGANDA,0.9982982277870178
115483489119629845,PROPAGANDA,0.9983863830566406
115483488236956361,PROPAGANDA,0.9980432987213135
115483488236956361,PROPAGANDA,0.9982306361198425
115483487297164906,PROPAGANDA,0.997944176197052
115483487297164906,PROPAGANDA,0.9983916878700256
115483486488391164,PROPAGANDA,0.9978121519088745
115483486488391164,PROPAGANDA,0.9983318448066711
115483485693600679,PROPAGANDA,0.9981949925422668
115483485693600679,PROPAGANDA,0.9983834028244019
115483484931163272,PROPAGANDA,0.9983482360839844
115483484931163272,PROPAGANDA,0.9980556964874268
115483484532414248,PROPAGANDA,0.9980968832969666
115483484532414248,PROPAGANDA,0.9983696341514587
115483440357834964,PROPAGANDA,0.9984286427497864
115483437897423013,PROPAGANDA,0.9981096982955933
115483437897423013,PROPAGANDA,0.9983304142951965
115483436982762122,PROPAGANDA,0.9982885718345642
115483436982762122,PROPAGANDA,0.9983704686164856
115483435191255103,PROPAGANDA,0.9978530406951904
115483435191255103,PROPAGANDA,0.9982309937477112
115483434354278744,PROPAGANDA,0.9982567429542542
115483434354278744,PROPAGANDA,0.9982776641845703
115483401027909719,PROPAGANDA,0.9983301758766174
115483401027909719,PROPAGANDA,0.9983958601951599
115483400223477879,PROPAGANDA,0.9979054927825928
115483400223477879,PROPAGANDA,0.9984128475189209
115483398591251199,PROPAGANDA,0.9982244372367859
115483398591251199,PROPAGANDA,0.9983532428741455
115483397195615826,PROPAGANDA,0.9982141256332397
115483397195615826,PROPAGANDA,0.9983708262443542
115483382708030237,PROPAGANDA,0.9983469247817993
115483382708030237,PROPAGANDA,0.9983170032501221
115483381794647329,PROPAGANDA,0.9978007674217224
115483381794647329,PROPAGANDA,0.9983395338058472
115483376777280289,PROPAGANDA,0.9981703758239746
115483376777280289,PROPAGANDA,0.9983310103416443
115483375767326344,PROPAGANDA,0.9982798099517822
115483375767326344,PROPAGANDA,0.9984024167060852
115483347669595966,PROPAGANDA,0.9983906745910645
115483347669595966,PROPAGANDA,0.9983848333358765
115483346572613945,PROPAGANDA,0.997593104839325
115483346572613945,PROPAGANDA,0.9983238577842712
115483345591728067,PROPAGANDA,0.9980417490005493
115483345591728067,PROPAGANDA,0.998314380645752
115483339842449904,PROPAGANDA,0.998336672782898
115483339842449904,PROPAGANDA,0.9977151155471802
115483337042625634,PROPAGANDA,0.9978762865066528
115483337042625634,PROPAGANDA,0.9984036087989807
115483335781073046,PROPAGANDA,0.9982364177703857
115483335781073046,PROPAGANDA,0.9981721639633179
115483335025617789,PROPAGANDA,0.9980180263519287
115483335025617789,PROPAGANDA,0.9972442388534546
115483334603209840,PROPAGANDA,0.9982559084892273
115483334603209840,PROPAGANDA,0.9983727931976318
115476772387145483,PROPAGANDA,0.9952865242958069
115476772387145483,PROPAGANDA,0.9961661100387573
115476887786298120,PROPAGANDA,0.9982619881629944
115476385101120405,PROPAGANDA,0.9983736276626587
115476385101120405,PROPAGANDA,0.981187641620636
115483019659144300,PROPAGANDA,0.9981552958488464
115483019659144300,PROPAGANDA,0.9975878000259399
115483014123680949,PROPAGANDA,0.9980623126029968
115483014123680949,PROPAGANDA,0.9982125759124756
115482995616124761,PROPAGANDA,0.9983237385749817
115482994992396118,PROPAGANDA,0.9980030655860901
115482994992396118,PROPAGANDA,0.9983162879943848
115482994183924113,PROPAGANDA,0.997783362865448
115482994183924113,PROPAGANDA,0.9984169006347656
115482993389104673,PROPAGANDA,0.9981665015220642
115482993389104673,PROPAGANDA,0.9983432292938232
115482992338432058,PROPAGANDA,0.9975994229316711
115482992338432058,PROPAGANDA,0.9982465505599976
115482990032900099,PROPAGANDA,0.9980498552322388
115482990032900099,PROPAGANDA,0.9983633160591125
115482954448237364,PROPAGANDA,0.99834144115448
115482954448237364,PROPAGANDA,0.9983652234077454
115482910469184199,PROPAGANDA,0.9982256293296814
115482823879151068,NO_PROPAGANDA,0.9879648685455322
115482817545218922,PROPAGANDA,0.9977229237556458
115482817545218922,PROPAGANDA,0.998336911201477
115482817545218922,NO_PROPAGANDA,0.7458347678184509
115482797655964985,PROPAGANDA,0.9978964328765869
115482797655964985,PROPAGANDA,0.9981800317764282
115482797655964985,PROPAGANDA,0.9982770681381226
115482797655964985,PROPAGANDA,0.9983444213867188
115482790527492824,PROPAGANDA,0.9983713030815125
115482790527492824,PROPAGANDA,0.9982829093933105
115481621608702748,PROPAGANDA,0.976047158241272
115481133984555013,PROPAGANDA,0.9982256293296814
115478361803609448,PROPAGANDA,0.9979100823402405
115476722685054429,PROPAGANDA,0.9972696900367737
115476637068029863,PROPAGANDA,0.9982958436012268
115476637068029863,PROPAGANDA,0.9984482526779175
115476261248208645,PROPAGANDA,0.9972687363624573
115476226653143069,NO_PROPAGANDA,0.9992499947547913
115476218592581611,PROPAGANDA,0.9983460903167725
115476218592581611,PROPAGANDA,0.9981988072395325
115471065919157533,PROPAGANDA,0.997975766658783
115471065919157533,PROPAGANDA,0.9979197382926941
115471065919157533,NO_PROPAGANDA,0.9956685304641724
115470116607441456,PROPAGANDA,0.9982953667640686
115470116607441456,PROPAGANDA,0.998228132724762
115470031277654302,PROPAGANDA,0.9956715106964111
115470031277654302,PROPAGANDA,0.9976515173912048
115469942090837414,PROPAGANDA,0.9847789406776428
115469852646643521,PROPAGANDA,0.9929836988449097
115469554183399273,NO_PROPAGANDA,0.998630940914154
115466450476422202,PROPAGANDA,0.9979378581047058
115466450476422202,PROPAGANDA,0.9975983500480652
115466450476422202,PROPAGANDA,0.9984183311462402
115466450476422202,PROPAGANDA,0.9982031583786011
115466450476422202,PROPAGANDA,0.9983219504356384
115466450476422202,PROPAGANDA,0.9983673691749573
115466450476422202,PROPAGANDA,0.9981735944747925
115466449868630054,PROPAGANDA,0.9983125925064087
115466017324489749,PROPAGANDA,0.9981209635734558
115464409692406079,PROPAGANDA,0.9982838034629822
115464406342534500,PROPAGANDA,0.9982026815414429
115464125214326353,PROPAGANDA,0.9926010966300964
115464111207583333,NO_PROPAGANDA,0.9540208578109741
115463473432662826,PROPAGANDA,0.9982582926750183
115462098072054944,PROPAGANDA,0.9781555533409119
115462098072054944,PROPAGANDA,0.995235025882721
115462098072054944,PROPAGANDA,0.9940098524093628
115462098072054944,PROPAGANDA,0.997470498085022
115462006949579771,PROPAGANDA,0.9982597231864929
115460439199531354,NO_PROPAGANDA,0.9892117977142334
115460423936412555,PROPAGANDA,0.9980350136756897
115460423936412555,PROPAGANDA,0.9290179014205933
115459747028353384,PROPAGANDA,0.9966359734535217
115459712836946359,PROPAGANDA,0.9957587122917175
115459650821125830,PROPAGANDA,0.9854046702384949
115459650821125830,PROPAGANDA,0.9980251789093018
115459641125796285,PROPAGANDA,0.9983886480331421
115459612900259962,PROPAGANDA,0.9983237385749817
115459554252660428,NO_PROPAGANDA,0.9991870522499084
115459538588191547,PROPAGANDA,0.9854046702384949
115459538588191547,PROPAGANDA,0.9978229999542236
115459449416715730,PROPAGANDA,0.9921108484268188
115459446440286252,PROPAGANDA,0.998322069644928
115459433541589439,PROPAGANDA,0.9983280301094055
115459203578150327,NO_PROPAGANDA,0.918861985206604
115458823430143771,PROPAGANDA,0.9226226806640625
115458636243379847,NO_PROPAGANDA,0.998630940914154
115458478288023570,PROPAGANDA,0.9981960654258728
115458483828065961,PROPAGANDA,0.9977115392684937
115458471324307354,PROPAGANDA,0.9938403367996216
115457600588415376,PROPAGANDA,0.998212456703186
115456708839350276,PROPAGANDA,0.9963778853416443
115452216206626792,PROPAGANDA,0.9964616894721985
115452216206626792,PROPAGANDA,0.9804686307907104
115452216206626792,PROPAGANDA,0.9979357719421387
115451439348965135,PROPAGANDA,0.9834532141685486
115451446582285625,PROPAGANDA,0.998015284538269
115451450033479493,PROPAGANDA,0.9982373714447021
115451465173248970,PROPAGANDA,0.998181939125061
115455691749593540,PROPAGANDA,0.9984360337257385
115447911581618198,PROPAGANDA,0.9980633854866028
115450395356071917,NO_PROPAGANDA,0.9976155757904053
115452148487180766,PROPAGANDA,0.9982762336730957
115455332224820388,NO_PROPAGANDA,0.5931575894355774
115414670134103540,PROPAGANDA,0.9982863068580627
115414670134103540,PROPAGANDA,0.9980934262275696
115445084269284249,PROPAGANDA,0.9983550906181335
115445084269284249,PROPAGANDA,0.9980142116546631
115445047857168881,PROPAGANDA,0.9980570673942566
115444936741535260,PROPAGANDA,0.9980170726776123
115444924244999128,PROPAGANDA,0.9900867342948914
115444920810335631,PROPAGANDA,0.9981417655944824
115444908825959315,PROPAGANDA,0.9973468780517578
115444894900287475,PROPAGANDA,0.9952031373977661
115444894900287475,PROPAGANDA,0.9946712851524353
115444830915442121,PROPAGANDA,0.9980623126029968
115444830915442121,PROPAGANDA,0.9982125759124756
115444163384468198,PROPAGANDA,0.9948298335075378
115443565409065734,PROPAGANDA,0.9978998899459839
115442848945833358,NO_PROPAGANDA,0.9987444877624512
115442322929776750,PROPAGANDA,0.9959233999252319
115442316583935494,PROPAGANDA,0.9976038336753845
115441871289276790,PROPAGANDA,0.9983744621276855
115441871289276790,PROPAGANDA,0.998228132724762
115437112529618205,PROPAGANDA,0.9967262744903564
115436697060819133,PROPAGANDA,0.9982757568359375
115436697060819133,PROPAGANDA,0.997597873210907
115436697060819133,PROPAGANDA,0.9981120824813843
115436558661444946,PROPAGANDA,0.9966393709182739
115436558661444946,NO_PROPAGANDA,0.8151429891586304
115436151669143136,PROPAGANDA,0.9983499050140381
115436151669143136,PROPAGANDA,0.9984114170074463
115435567269756205,PROPAGANDA,0.998214602470398
115435567269756205,PROPAGANDA,0.9983009696006775
115435565975811522,PROPAGANDA,0.9978805780410767
115435565975811522,PROPAGANDA,0.9983313679695129
115435565492870939,PROPAGANDA,0.9983071088790894
115435565492870939,PROPAGANDA,0.9982446432113647
115435125397678740,PROPAGANDA,0.9979453682899475
115435125397678740,PROPAGANDA,0.9983237385749817
115434906751111005,PROPAGANDA,0.9976656436920166
115434906751111005,PROPAGANDA,0.9983339905738831
115434876884564053,PROPAGANDA,0.9982643723487854
115434876884564053,PROPAGANDA,0.9983901977539062
115434875694997684,PROPAGANDA,0.9978364109992981
115434875694997684,PROPAGANDA,0.9983811378479004
115434874266267478,PROPAGANDA,0.9979537725448608
115434874266267478,PROPAGANDA,0.9983618855476379
115434873038322093,PROPAGANDA,0.9982472658157349
115434873038322093,PROPAGANDA,0.9983499050140381
115434871867209348,PROPAGANDA,0.9982472658157349
115434871867209348,PROPAGANDA,0.9983499050140381
115434870750784024,PROPAGANDA,0.9976656436920166
115434870750784024,PROPAGANDA,0.9983339905738831
115434869707731740,PROPAGANDA,0.9979935884475708
115434869707731740,PROPAGANDA,0.9982665777206421
115434868395866889,PROPAGANDA,0.9983207583427429
115434868395866889,PROPAGANDA,0.9983518123626709
115434867478490056,PROPAGANDA,0.998085618019104
115434867478490056,PROPAGANDA,0.9983538389205933
115434866506983325,PROPAGANDA,0.9980993866920471
115434866506983325,PROPAGANDA,0.998377799987793
115434864876564194,PROPAGANDA,0.9982522130012512
115434864876564194,PROPAGANDA,0.9983566403388977
115434864384907731,PROPAGANDA,0.9982666969299316
115434864384907731,PROPAGANDA,0.9983761310577393
115434862488071211,PROPAGANDA,0.9982897639274597
115434862488071211,PROPAGANDA,0.9983236193656921
115434861975122052,PROPAGANDA,0.9978933930397034
115434861975122052,PROPAGANDA,0.9983980059623718
115433013824981623,PROPAGANDA,0.9982187151908875
115433013824981623,PROPAGANDA,0.9979485869407654
115433013192840304,PROPAGANDA,0.997944176197052
115433013192840304,PROPAGANDA,0.9983916878700256
115433011980643529,PROPAGANDA,0.9978121519088745
115433011980643529,PROPAGANDA,0.9983318448066711
115433011374281959,PROPAGANDA,0.9981949925422668
115433011374281959,PROPAGANDA,0.9983834028244019
115433010735171759,PROPAGANDA,0.9983482360839844
115433010735171759,PROPAGANDA,0.9980556964874268
115433010108866479,PROPAGANDA,0.9982982277870178
115433010108866479,PROPAGANDA,0.9983863830566406
115433009519508016,PROPAGANDA,0.9980968832969666
115433009519508016,PROPAGANDA,0.9983696341514587
115433008735462318,PROPAGANDA,0.998235821723938
115433008735462318,PROPAGANDA,0.9984153509140015
115433008069468996,PROPAGANDA,0.9983434677124023
115433008069468996,PROPAGANDA,0.9983677268028259
115433007140347848,PROPAGANDA,0.9980081915855408
115433007140347848,PROPAGANDA,0.9983237385749817
115433006793180195,PROPAGANDA,0.9982097148895264
115433006793180195,PROPAGANDA,0.9983793497085571
115432378654253078,PROPAGANDA,0.9983324408531189
115432277352547206,NO_PROPAGANDA,0.9983372688293457
115431695569678615,PROPAGANDA,0.997957706451416
115431695569678615,PROPAGANDA,0.9983699917793274
115428915165145135,NO_PROPAGANDA,0.5601991415023804
115428907096790566,PROPAGANDA,0.9980670809745789
115428874684902595,PROPAGANDA,0.9981966614723206
115428874684902595,PROPAGANDA,0.9982010126113892
115428798659352209,NO_PROPAGANDA,0.9767684936523438
115426967566430347,PROPAGANDA,0.9981108903884888
115426967566430347,PROPAGANDA,0.629621684551239
115426823727952497,PROPAGANDA,0.9980904459953308
115426823727952497,PROPAGANDA,0.629621684551239
115426103540693339,PROPAGANDA,0.9979033470153809
115425827275887037,PROPAGANDA,0.9982783794403076
115424560133045127,NO_PROPAGANDA,0.9949278831481934
115424560133045127,PROPAGANDA,0.9980838298797607
115424560133045127,PROPAGANDA,0.9925355911254883
115421521228626427,PROPAGANDA,0.9969524145126343
115420878291596525,PROPAGANDA,0.9931066632270813
115420822058223259,PROPAGANDA,0.9983354210853577
115420822058223259,PROPAGANDA,0.9972763657569885
115420686286814272,PROPAGANDA,0.9982706308364868
115420559392004198,PROPAGANDA,0.9984021782875061
115420439983527137,PROPAGANDA,0.9981048107147217
115420436157664232,PROPAGANDA,0.9981650710105896
114661266771433205,PROPAGANDA,0.9981672763824463
114661266771433205,PROPAGANDA,0.9978912472724915
115420411260976917,PROPAGANDA,0.9960487484931946
115419815673188246,NO_PROPAGANDA,0.9983206391334534
115419686256202789,PROPAGANDA,0.9971780776977539
115419589580674458,PROPAGANDA,0.9980790615081787
115419589580674458,PROPAGANDA,0.9982913136482239
115419589580674458,PROPAGANDA,0.9978064894676208
115419584805414647,PROPAGANDA,0.6444982886314392
115419583758354199,PROPAGANDA,0.9977293610572815
115419580763584285,PROPAGANDA,0.9970166683197021
115419577297297862,PROPAGANDA,0.9979022741317749
115419510654451460,PROPAGANDA,0.9981552958488464
115419510654451460,PROPAGANDA,0.9975878000259399
115418866635313882,PROPAGANDA,0.997707724571228
115418834028774105,PROPAGANDA,0.9965829253196716
115418813519600271,PROPAGANDA,0.9979115128517151
115412289768445562,PROPAGANDA,0.9972585439682007
115412289768445562,PROPAGANDA,0.9982465505599976
115408925114284473,PROPAGANDA,0.9982374906539917
115408925114284473,PROPAGANDA,0.9973113536834717
115408922697857899,PROPAGANDA,0.9983453750610352
115408922697857899,PROPAGANDA,0.9978011250495911
115408916651989676,PROPAGANDA,0.9983857870101929
115408916651989676,PROPAGANDA,0.9882132411003113
115408916651989676,PROPAGANDA,0.9981366395950317
115408916651989676,PROPAGANDA,0.9982272982597351
115408594704490513,PROPAGANDA,0.993725597858429
115408594704490513,PROPAGANDA,0.9982276558876038
115408279042674945,PROPAGANDA,0.9519027471542358
115408279042674945,PROPAGANDA,0.9983900785446167
115408277865887528,PROPAGANDA,0.9961200952529907
115408277865887528,PROPAGANDA,0.9983751773834229
115402354000676703,PROPAGANDA,0.9978887438774109
115401193724514444,NO_PROPAGANDA,0.99839848279953
115401182824973489,PROPAGANDA,0.9976898431777954
115401182824973489,PROPAGANDA,0.9983217120170593
115400895783278217,PROPAGANDA,0.9980024695396423
115400895783278217,PROPAGANDA,0.9983217120170593
115373650611754631,PROPAGANDA,0.9982295632362366
115396632441470075,PROPAGANDA,0.9918447136878967
115396632441470075,PROPAGANDA,0.9966424703598022
115387504970821391,PROPAGANDA,0.998309850692749
115387504970821391,PROPAGANDA,0.9980746507644653
115391463725537040,PROPAGANDA,0.9981884360313416
115391463725537040,PROPAGANDA,0.9982646107673645
115391855540856433,PROPAGANDA,0.9983634352684021
115391855540856433,PROPAGANDA,0.9976682066917419
115391855540856433,PROPAGANDA,0.9983935952186584
115391855540856433,PROPAGANDA,0.9977490305900574
115391842662459841,PROPAGANDA,0.9983407258987427
115391767709119144,PROPAGANDA,0.9981999397277832
115391767709119144,PROPAGANDA,0.9983189702033997
115391767709119144,PROPAGANDA,0.9980159997940063
115391496046848119,PROPAGANDA,0.9979045391082764
115391496046848119,PROPAGANDA,0.9982473850250244
115391496046848119,PROPAGANDA,0.9983240962028503
115391496046848119,NO_PROPAGANDA,0.9989892840385437
115386869985631344,PROPAGANDA,0.9689192175865173
115386862652518090,PROPAGANDA,0.9910156726837158
115386862652518090,PROPAGANDA,0.9981526732444763
115386860322605604,PROPAGANDA,0.9982921481132507
115386860322605604,PROPAGANDA,0.9983077049255371
115385308751129485,PROPAGANDA,0.998132050037384
115385030312911724,PROPAGANDA,0.9980922341346741
115384956858741387,PROPAGANDA,0.994152843952179
115384956858741387,NO_PROPAGANDA,0.9978365302085876
115384956858741387,PROPAGANDA,0.997913658618927
115384956858741387,NO_PROPAGANDA,0.9985495209693909
115384523296720119,NO_PROPAGANDA,0.9988197684288025
115374634610067538,PROPAGANDA,0.9978152513504028
115375511151051697,PROPAGANDA,0.9976118803024292
115375111830070922,PROPAGANDA,0.9982901215553284
115375111830070922,PROPAGANDA,0.9976970553398132
115375110884191581,PROPAGANDA,0.9980454444885254
115375110884191581,PROPAGANDA,0.9959542751312256
115375110148150196,PROPAGANDA,0.9983030557632446
115375110148150196,PROPAGANDA,0.9977947473526001
115375109495548501,PROPAGANDA,0.9982122182846069
115375109495548501,PROPAGANDA,0.9983832836151123
115375108797044323,PROPAGANDA,0.9979795813560486
115375108797044323,PROPAGANDA,0.9979454874992371
115375108572896191,PROPAGANDA,0.9976945519447327
115375108572896191,PROPAGANDA,0.9984014630317688
115375107555771159,PROPAGANDA,0.9982342720031738
115375107555771159,PROPAGANDA,0.9982908368110657
115375107170577916,PROPAGANDA,0.9981945157051086
115375107170577916,PROPAGANDA,0.9973590970039368
115375106561964982,PROPAGANDA,0.9976264834403992
115375106561964982,PROPAGANDA,0.9974139928817749
115375105881550079,PROPAGANDA,0.998302698135376
115375105881550079,PROPAGANDA,0.998309850692749
115374972311663773,PROPAGANDA,0.997681736946106
115374202790006886,PROPAGANDA,0.9976693987846375
115373751811822463,PROPAGANDA,0.9968194961547852
115373751811822463,NO_PROPAGANDA,0.7435575723648071
115373569028997850,PROPAGANDA,0.9950748085975647
115373521310796812,NO_PROPAGANDA,0.9773688316345215
115370899456605514,PROPAGANDA,0.997484564781189
115370891823342027,PROPAGANDA,0.9952332377433777
115370756035314921,PROPAGANDA,0.9981765747070312
115370746210555899,PROPAGANDA,0.9974282383918762
115367994821475171,PROPAGANDA,0.9965993762016296
115367950848477257,PROPAGANDA,0.9939783811569214
115367893972306613,PROPAGANDA,0.9981938004493713
115367574318732455,NO_PROPAGANDA,0.9861665964126587
115366807600343140,PROPAGANDA,0.9962928891181946
115366805606870680,PROPAGANDA,0.9977573752403259
115366802439420195,PROPAGANDA,0.9982491731643677
115366790852004595,PROPAGANDA,0.9969960451126099
115362978954725477,PROPAGANDA,0.9974614381790161
115362973187528235,PROPAGANDA,0.9982041120529175
115362973187528235,PROPAGANDA,0.9983137845993042
115362973187528235,PROPAGANDA,0.9982557892799377
115362973187528235,PROPAGANDA,0.9983311295509338
115362973187528235,PROPAGANDA,0.9980515241622925
115362196088273474,PROPAGANDA,0.9978582262992859
115361806192142146,PROPAGANDA,0.9982700347900391
115359298785234325,PROPAGANDA,0.9977771639823914
115359345947837427,PROPAGANDA,0.997901439666748
115359097815090250,PROPAGANDA,0.9982637763023376
115356736998906023,PROPAGANDA,0.9983460903167725
115356736998906023,PROPAGANDA,0.9982622265815735
115353404685317152,PROPAGANDA,0.9980273842811584
115351840469973590,PROPAGANDA,0.9978240728378296
115351840469973590,PROPAGANDA,0.9983007311820984
115351840469973590,PROPAGANDA,0.9975988268852234
115350455734003647,PROPAGANDA,0.997310996055603
115350455734003647,PROPAGANDA,0.9978523254394531
115350455734003647,PROPAGANDA,0.997677743434906
115350455734003647,PROPAGANDA,0.9969397783279419
115350455734003647,PROPAGANDA,0.9979684948921204
115350455734003647,PROPAGANDA,0.9974759221076965
115350455734003647,NO_PROPAGANDA,0.9722753763198853
115345041705180674,PROPAGANDA,0.9982390403747559
115255034951633832,NO_PROPAGANDA,0.9985575079917908
115345035086352570,PROPAGANDA,0.9980148077011108
115344973130792718,PROPAGANDA,0.9981525540351868
115344973130792718,NO_PROPAGANDA,0.661653995513916
115344969648448054,PROPAGANDA,0.9981579184532166
115344056627930464,PROPAGANDA,0.9954375624656677
115344029460933968,PROPAGANDA,0.9978051781654358
115344000556414178,PROPAGANDA,0.9930115342140198
115340993884364431,PROPAGANDA,0.9975486397743225
115340993884364431,PROPAGANDA,0.9975200295448303
115339214405326306,PROPAGANDA,0.9983689188957214
115339214405326306,PROPAGANDA,0.9983550906181335
115339130014906858,PROPAGANDA,0.9981297850608826
115339130014906858,PROPAGANDA,0.9982549548149109
115339108942948542,PROPAGANDA,0.998381495475769
115339108942948542,PROPAGANDA,0.9981897473335266
115339108942948542,PROPAGANDA,0.9981266856193542
115338509988551290,PROPAGANDA,0.9980820417404175
115271135823530018,PROPAGANDA,0.9976038336753845
115336547657622506,PROPAGANDA,0.9982255101203918
115336083572186272,PROPAGANDA,0.9981029033660889
115335985411793079,PROPAGANDA,0.9159764051437378
115335941705023271,PROPAGANDA,0.998399555683136
115335941705023271,PROPAGANDA,0.9982251524925232
115335941705023271,PROPAGANDA,0.9983262419700623
115332976894666371,PROPAGANDA,0.9977849125862122
115332976894666371,PROPAGANDA,0.9983119964599609
115332976894666371,PROPAGANDA,0.9939181804656982
115332808536869094,PROPAGANDA,0.9982842803001404
115332793655857227,PROPAGANDA,0.9979829788208008
115329671584864920,PROPAGANDA,0.998068630695343
115328463321928109,NO_PROPAGANDA,0.9987536668777466
115328193599837767,NO_PROPAGANDA,0.6946921944618225
115328023446331082,PROPAGANDA,0.512209415435791
115327555965429625,PROPAGANDA,0.9979057312011719
115327091437197645,PROPAGANDA,0.997897744178772
115324116995053528,PROPAGANDA,0.9984017014503479
115324116995053528,PROPAGANDA,0.9978043437004089
115324114715261770,PROPAGANDA,0.9975447058677673
115323624233369062,PROPAGANDA,0.9983116388320923
115323611813143803,PROPAGANDA,0.998180627822876
115323790604734426,NO_PROPAGANDA,0.8843302130699158
115323790604734426,PROPAGANDA,0.9980769157409668
115322333732211990,PROPAGANDA,0.9983780384063721
115322333732211990,PROPAGANDA,0.9983023405075073
115322323424244142,PROPAGANDA,0.9984303116798401
115322323424244142,PROPAGANDA,0.9982717037200928
115321994845181490,PROPAGANDA,0.99757319688797
115318223084524890,PROPAGANDA,0.9981195330619812
115317679562891817,PROPAGANDA,0.9936509728431702
115317676598981431,PROPAGANDA,0.9983590245246887
115317676598981431,PROPAGANDA,0.9980672001838684
115316576281168745,PROPAGANDA,0.9972443580627441
115312821068691123,PROPAGANDA,0.8357248306274414
115312550655380642,PROPAGANDA,0.9974713325500488
115312550655380642,PROPAGANDA,0.9982863068580627
115312550655380642,PROPAGANDA,0.9962037205696106
115312298602997974,PROPAGANDA,0.9904886484146118
115311560762123348,PROPAGANDA,0.9979015588760376
115311560762123348,PROPAGANDA,0.9983119964599609
115311560762123348,PROPAGANDA,0.9939181804656982
115311360340851958,NO_PROPAGANDA,0.6257905960083008
115311232842528048,PROPAGANDA,0.9880848526954651
115311008657859843,PROPAGANDA,0.997188150882721
115310630808491399,PROPAGANDA,0.9981620907783508
115310630808491399,PROPAGANDA,0.9981520771980286
115310630808491399,PROPAGANDA,0.9979503750801086
115310630808491399,PROPAGANDA,0.9979618787765503
115307871751959358,PROPAGANDA,0.9980570673942566
115304536210429622,PROPAGANDA,0.9983758926391602
115304455138824245,PROPAGANDA,0.9983687996864319
115304401783234720,PROPAGANDA,0.9982859492301941
115302268694968810,PROPAGANDA,0.9982860684394836
115301502762018573,NO_PROPAGANDA,0.9994291663169861
115300785090391636,PROPAGANDA,0.998320996761322
115300247218302066,PROPAGANDA,0.9975288510322571
115300187189696754,PROPAGANDA,0.9976968169212341
115300187189696754,PROPAGANDA,0.9980332255363464
115300121637799728,PROPAGANDA,0.9983184337615967
115300118756896774,PROPAGANDA,0.9983803033828735
115300118756896774,PROPAGANDA,0.9983450174331665
115299125682668163,PROPAGANDA,0.9982851147651672
115291063849193343,PROPAGANDA,0.6740256547927856
115295135491509033,PROPAGANDA,0.9972696900367737
115287723938349086,NO_PROPAGANDA,0.9974786639213562
115287691323395767,PROPAGANDA,0.9981887936592102
115287641147640374,PROPAGANDA,0.9982989430427551
115287641147640374,PROPAGANDA,0.9976994395256042
115285407847623317,PROPAGANDA,0.9982494711875916
115284390473558678,PROPAGANDA,0.9976521134376526
115283825662825835,PROPAGANDA,0.997943103313446
115283456384015419,PROPAGANDA,0.9981721639633179
115283456384015419,PROPAGANDA,0.9900936484336853
115283020712432544,PROPAGANDA,0.9978952407836914
115283020712432544,PROPAGANDA,0.9982107877731323
115282475594529474,NO_PROPAGANDA,0.6550575494766235
115282009590636281,PROPAGANDA,0.8538409471511841
115279734861052153,PROPAGANDA,0.9965193271636963
115277958170081067,PROPAGANDA,0.9956678152084351
115277150178333751,PROPAGANDA,0.9983298182487488
115277150178333751,PROPAGANDA,0.9983232617378235
115276694936263266,PROPAGANDA,0.9969819188117981
115273002921064922,PROPAGANDA,0.9983443021774292
115273002921064922,PROPAGANDA,0.9975404739379883
115272913573921379,PROPAGANDA,0.9807640314102173
115272913573921379,PROPAGANDA,0.997978150844574
115272791741064606,PROPAGANDA,0.9979804158210754
115272758814629814,PROPAGANDA,0.9983699917793274
115272758814629814,PROPAGANDA,0.9982660412788391
115272758814629814,PROPAGANDA,0.9982757568359375
115272758814629814,PROPAGANDA,0.9980844259262085
115272665190921190,PROPAGANDA,0.9983755350112915
115272665190921190,PROPAGANDA,0.9982660412788391
115272665190921190,PROPAGANDA,0.9982757568359375
115272665190921190,PROPAGANDA,0.9980844259262085
115272539858157742,PROPAGANDA,0.9563767313957214
115272539858157742,PROPAGANDA,0.99818354845047
115271189838263038,PROPAGANDA,0.9909148216247559
115270250599016202,PROPAGANDA,0.9982402324676514
115270236987768479,PROPAGANDA,0.9982688426971436
115270236987768479,PROPAGANDA,0.9983408451080322
115268421148098339,PROPAGANDA,0.998235821723938
115267566687091858,PROPAGANDA,0.997936487197876
115267513846352215,PROPAGANDA,0.9983392953872681
115267512131958759,NO_PROPAGANDA,0.9972803592681885
115267459188661048,PROPAGANDA,0.9975765347480774
115267382531822964,PROPAGANDA,0.9911672472953796
115267382531822964,PROPAGANDA,0.9977008700370789
115265761140050795,NO_PROPAGANDA,0.9975956082344055
115265100530813233,PROPAGANDA,0.9980180263519287
115265657211315840,NO_PROPAGANDA,0.9905473589897156
115265260242945334,PROPAGANDA,0.9980946183204651
115265101508136637,NO_PROPAGANDA,0.9545753002166748
115264848871452989,PROPAGANDA,0.9982459545135498
115264848871452989,NO_PROPAGANDA,0.9991814494132996
115261466629181518,PROPAGANDA,0.9983363747596741
115261466629181518,PROPAGANDA,0.9981381893157959
115261466629181518,PROPAGANDA,0.9980035424232483
115261466629181518,PROPAGANDA,0.9982813596725464
115261466629181518,NO_PROPAGANDA,0.9548780918121338
115261110149678466,PROPAGANDA,0.9984018206596375
115261110149678466,PROPAGANDA,0.9983665347099304
115261106680507707,PROPAGANDA,0.9983811378479004
115261106680507707,PROPAGANDA,0.9982962012290955
115261106680507707,PROPAGANDA,0.9982836246490479
115261106680507707,NO_PROPAGANDA,0.8921653628349304
115260643704742189,PROPAGANDA,0.9983306527137756
115260643704742189,PROPAGANDA,0.998331606388092
115260622454907511,PROPAGANDA,0.9983750581741333
115260622454907511,PROPAGANDA,0.9983404874801636
115260622454907511,PROPAGANDA,0.998094379901886
115260622454907511,PROPAGANDA,0.998375415802002
115260622454907511,PROPAGANDA,0.9982781410217285
115260622454907511,PROPAGANDA,0.9984068274497986
115256938634035559,PROPAGANDA,0.998397171497345
115256938634035559,PROPAGANDA,0.9979827404022217
115254123044077073,PROPAGANDA,0.9971534013748169
115254113238985787,NO_PROPAGANDA,0.9928586483001709
115254088484141095,PROPAGANDA,0.9982666969299316
115254075786092196,PROPAGANDA,0.9983158111572266
115254036566259781,PROPAGANDA,0.9982749223709106
115255130298104593,NO_PROPAGANDA,0.7916867136955261
115255130298104593,PROPAGANDA,0.9980887770652771
115255130298104593,PROPAGANDA,0.9931040406227112
115255130298104593,PROPAGANDA,0.9950071573257446
115255115250137156,PROPAGANDA,0.9980695843696594
115255115250137156,PROPAGANDA,0.998072624206543
115254544745193117,PROPAGANDA,0.9983283877372742
115254544745193117,PROPAGANDA,0.9979314804077148
115254363337739989,NO_PROPAGANDA,0.9395880103111267
115254363337739989,PROPAGANDA,0.9978450536727905
115253901757845391,PROPAGANDA,0.9983750581741333
115253901757845391,PROPAGANDA,0.9983404874801636
115253901757845391,PROPAGANDA,0.998094379901886
115253901757845391,PROPAGANDA,0.998375415802002
115253901757845391,PROPAGANDA,0.9982781410217285
115253901757845391,PROPAGANDA,0.9984068274497986
115250311291343080,PROPAGANDA,0.9831874966621399
115249076293700355,PROPAGANDA,0.9977466464042664
115249076293700355,PROPAGANDA,0.9961601495742798
115248712390172467,PROPAGANDA,0.9979242086410522
115244839192316435,PROPAGANDA,0.9971241354942322
115244831318960560,PROPAGANDA,0.9972137808799744
115243170361759043,PROPAGANDA,0.9976974129676819
115239776714791650,NO_PROPAGANDA,0.9973861575126648
115239776714791650,PROPAGANDA,0.9982762336730957
115239776714791650,PROPAGANDA,0.9983651041984558
115239776714791650,PROPAGANDA,0.9979333877563477
115239306164275142,PROPAGANDA,0.9978677034378052
115239044548033727,PROPAGANDA,0.9983705878257751
115239044548033727,PROPAGANDA,0.9974501729011536
115239012437859070,PROPAGANDA,0.9982768297195435
115238993505561388,PROPAGANDA,0.9983705878257751
115238993505561388,PROPAGANDA,0.998096764087677
115238745589536576,PROPAGANDA,0.9977571368217468
115238732896636210,PROPAGANDA,0.9982838034629822
115238637490866159,NO_PROPAGANDA,0.9943110942840576
115237675581682288,PROPAGANDA,0.998302698135376
115234681538876098,PROPAGANDA,0.9983484745025635
115233841743981161,PROPAGANDA,0.998234748840332
115233821158063044,PROPAGANDA,0.9979819059371948
115233555445134712,PROPAGANDA,0.9978803396224976
115233555445134712,PROPAGANDA,0.9982004165649414
115233273741566911,PROPAGANDA,0.997793436050415
115233273741566911,PROPAGANDA,0.9979733824729919
115233272162019294,PROPAGANDA,0.9983723759651184
115233272162019294,NO_PROPAGANDA,0.9898751378059387
115232256964155055,NO_PROPAGANDA,0.9988253712654114
115231649861246548,NO_PROPAGANDA,0.9364194273948669
115231649861246548,NO_PROPAGANDA,0.9978920817375183
115227872322760999,NO_PROPAGANDA,0.9986888766288757
115227870570776224,PROPAGANDA,0.9981325268745422
115227870570776224,PROPAGANDA,0.9982979893684387
115227590551904968,PROPAGANDA,0.9968648552894592
115227570336805813,PROPAGANDA,0.9979986548423767
115227439432496065,PROPAGANDA,0.9957839846611023
115227402361307056,PROPAGANDA,0.9978729486465454
115227391845966364,PROPAGANDA,0.9982182383537292
115227330235996125,PROPAGANDA,0.9982415437698364
115222459539841970,PROPAGANDA,0.9983525276184082
115222372625104790,PROPAGANDA,0.9982908368110657
115217256645822887,PROPAGANDA,0.9983141422271729
115217256645822887,PROPAGANDA,0.9981666803359985
115217256645822887,PROPAGANDA,0.9979656934738159
115216612718850378,NO_PROPAGANDA,0.9990653395652771
115216073639611002,NO_PROPAGANDA,0.9942532181739807
115215373441679018,NO_PROPAGANDA,0.9980015158653259
115216434940272027,PROPAGANDA,0.9975137710571289
115215935113008933,PROPAGANDA,0.905450701713562
115215588649960500,PROPAGANDA,0.9984185695648193
115215588649960500,PROPAGANDA,0.9984112977981567
115215588649960500,PROPAGANDA,0.9983745813369751
115215588649960500,PROPAGANDA,0.9983691573143005
115215531079925851,PROPAGANDA,0.9952364563941956
115215419860494912,PROPAGANDA,0.9981091022491455
115215419860494912,PROPAGANDA,0.9964337348937988
115215278610415981,PROPAGANDA,0.9872145652770996
115215261916717696,PROPAGANDA,0.9949213862419128
115210251262068973,PROPAGANDA,0.9980562925338745
115158844720799812,PROPAGANDA,0.9983546137809753
115158844720799812,PROPAGANDA,0.9981879591941833
115158844720799812,PROPAGANDA,0.9982770681381226
115158844720799812,PROPAGANDA,0.9983615279197693
115158844720799812,PROPAGANDA,0.9982706308364868
115158844720799812,PROPAGANDA,0.9981703758239746
115214606264586178,PROPAGANDA,0.9979562759399414
115158330468381986,PROPAGANDA,0.9983866214752197
115199460946450022,PROPAGANDA,0.9982303977012634
115199460946450022,NO_PROPAGANDA,0.9950116872787476
115204049358078594,PROPAGANDA,0.9965295195579529
115204049358078594,PROPAGANDA,0.9966853260993958
115204049358078594,PROPAGANDA,0.9979694485664368
115211918198289404,PROPAGANDA,0.9983083009719849
115211918198289404,PROPAGANDA,0.9982522130012512
115211918198289404,PROPAGANDA,0.9984433054924011
115211918198289404,PROPAGANDA,0.998350977897644
115210542156462323,NO_PROPAGANDA,0.9991527795791626
115210521101816652,NO_PROPAGANDA,0.9991527795791626
115210075167747572,PROPAGANDA,0.9979997277259827
115210075167747572,PROPAGANDA,0.998166024684906
115209549037822166,PROPAGANDA,0.998145341873169
115209549037822166,PROPAGANDA,0.9983928799629211
115209308362990527,PROPAGANDA,0.9975090026855469
115102880953568178,PROPAGANDA,0.9980465173721313
115102880953568178,PROPAGANDA,0.9980169534683228
115208353139528932,PROPAGANDA,0.9822309613227844
115208260926006345,PROPAGANDA,0.978377640247345
115208219886830624,PROPAGANDA,0.9583865404129028
115208193218518172,PROPAGANDA,0.9583865404129028
115208143657180249,PROPAGANDA,0.9983684420585632
115208143657180249,PROPAGANDA,0.9972496628761292
115208055477865026,PROPAGANDA,0.9983684420585632
115208055477865026,PROPAGANDA,0.9972496628761292
115207991871277413,PROPAGANDA,0.9982859492301941
115206570863756188,PROPAGANDA,0.9982403516769409
115206570863756188,PROPAGANDA,0.9982491731643677
115206570863756188,PROPAGANDA,0.9977039694786072
115206527064725917,PROPAGANDA,0.9982403516769409
115206527064725917,PROPAGANDA,0.9982203841209412
115206527064725917,PROPAGANDA,0.9977039694786072
115205520510774944,PROPAGANDA,0.9980567097663879
115205520510774944,PROPAGANDA,0.998228132724762
115205520510774944,PROPAGANDA,0.9981277585029602
115203976647679985,PROPAGANDA,0.9979713559150696
115203966487358380,PROPAGANDA,0.9980582594871521
115198530237918666,PROPAGANDA,0.9963672161102295
115196697263809382,PROPAGANDA,0.998110294342041
115196697263809382,PROPAGANDA,0.9978914856910706
115196697263809382,PROPAGANDA,0.9982280135154724
115194602130168891,NO_PROPAGANDA,0.9195133447647095
115193110827591178,PROPAGANDA,0.9769085049629211
115193110827591178,PROPAGANDA,0.9983047246932983
115193110827591178,NO_PROPAGANDA,0.9948561191558838
115187206743663378,PROPAGANDA,0.9978919625282288
115187206020244589,PROPAGANDA,0.9978813529014587
115187205784578767,NO_PROPAGANDA,0.8146533966064453
115186969669045268,PROPAGANDA,0.9980630278587341
115186969669045268,PROPAGANDA,0.9971575736999512
115186868794986559,PROPAGANDA,0.9976294636726379
115186868794986559,PROPAGANDA,0.9982811212539673
115186503899309206,PROPAGANDA,0.9976813793182373
115186230726893391,NO_PROPAGANDA,0.9979769587516785
115186228312744900,PROPAGANDA,0.9983934760093689
115186203931436783,PROPAGANDA,0.9977928400039673
115183827069786801,NO_PROPAGANDA,0.9992029070854187
115182019266546196,PROPAGANDA,0.9800058603286743
115181934991844419,PROPAGANDA,0.9981789588928223
115181549363103818,PROPAGANDA,0.9960083961486816
115180631135047280,PROPAGANDA,0.9972659349441528
115180154793561569,PROPAGANDA,0.998318076133728
115180060678818221,PROPAGANDA,0.9984051585197449
115177916289896131,PROPAGANDA,0.9981328845024109
115176746512388246,PROPAGANDA,0.998034656047821
115176746512388246,PROPAGANDA,0.998298704624176
115176472700835865,NO_PROPAGANDA,0.7816429734230042
115176212194047212,PROPAGANDA,0.9977128505706787
115176193823019593,PROPAGANDA,0.9971684813499451
115176193823019593,PROPAGANDA,0.9974133372306824
115176193823019593,PROPAGANDA,0.5469750761985779
115176193823019593,NO_PROPAGANDA,0.8921653628349304
115175155559334769,PROPAGANDA,0.99837327003479
115174504752942494,PROPAGANDA,0.9976698756217957
115174504752942494,PROPAGANDA,0.9974496960639954
115171801902619547,PROPAGANDA,0.9978812336921692
115171248213293804,PROPAGANDA,0.998198926448822
115170494005487289,PROPAGANDA,0.9982730150222778
115170494005487289,PROPAGANDA,0.9983543157577515
115170494005487289,PROPAGANDA,0.9965870380401611
115169843962994945,PROPAGANDA,0.9982948899269104
115169727944499112,PROPAGANDA,0.9980645775794983
115169709094964283,PROPAGANDA,0.9964362382888794
115169695509089058,PROPAGANDA,0.99774569272995
115169689479915977,NO_PROPAGANDA,0.9828526377677917
115169686997623003,PROPAGANDA,0.9897749423980713
115169254084774448,PROPAGANDA,0.994322657585144
115168933967621443,PROPAGANDA,0.9980683922767639
115168933967621443,PROPAGANDA,0.998073935508728
115168778764944128,PROPAGANDA,0.9967251420021057
115168758828419703,PROPAGANDA,0.998374342918396
115168717159863645,PROPAGANDA,0.998318076133728
115168503787643723,PROPAGANDA,0.9690274596214294
115165715028507857,PROPAGANDA,0.9967848062515259
115165715028507857,PROPAGANDA,0.9961966276168823
115164422928262033,PROPAGANDA,0.9976378679275513
115164113502668318,PROPAGANDA,0.9983152151107788
115164084768725650,NO_PROPAGANDA,0.9850327968597412
115154159518653872,PROPAGANDA,0.9973378777503967
115154159518653872,PROPAGANDA,0.9982426166534424
115154159518653872,PROPAGANDA,0.9980575442314148
115153378284802465,PROPAGANDA,0.9981409311294556
115153232183118149,PROPAGANDA,0.9982549548149109
115153232183118149,PROPAGANDA,0.9982839226722717
115152111914572913,PROPAGANDA,0.9974843263626099
115152031890524220,PROPAGANDA,0.9982824325561523
115152031890524220,PROPAGANDA,0.9980770349502563
115152031890524220,PROPAGANDA,0.9984009861946106
115152031890524220,PROPAGANDA,0.9983394145965576
115151165397446776,PROPAGANDA,0.998388409614563
115151165397446776,PROPAGANDA,0.9983569979667664
115151159839778614,PROPAGANDA,0.9975873231887817
115148649416502990,PROPAGANDA,0.9982123374938965
115144139539095661,PROPAGANDA,0.9948517680168152
115144108080211609,PROPAGANDA,0.9982372522354126
115144078281517668,PROPAGANDA,0.998292863368988
115143490689155283,PROPAGANDA,0.9981946349143982
115136798909755892,PROPAGANDA,0.9971153736114502
115136798909755892,PROPAGANDA,0.9974117875099182
115141178950731936,PROPAGANDA,0.9802072644233704
115141085934172527,NO_PROPAGANDA,0.998887836933136
115141027239026556,PROPAGANDA,0.997118353843689
115137717177283585,PROPAGANDA,0.998239278793335
115137717177283585,PROPAGANDA,0.6918572187423706
115136375132635794,PROPAGANDA,0.9962084293365479
115134772860379495,PROPAGANDA,0.9981510043144226
115134530741891730,PROPAGANDA,0.9976809024810791
115131453547647085,PROPAGANDA,0.7926322817802429
115130857021044948,PROPAGANDA,0.9980858564376831
115129261076571259,PROPAGANDA,0.9980379939079285
115129261076571259,NO_PROPAGANDA,0.7792984247207642
115128985245605660,PROPAGANDA,0.9983171224594116
115128985245605660,PROPAGANDA,0.9979815483093262
115128853265372429,PROPAGANDA,0.9982582926750183
115128853265372429,PROPAGANDA,0.998153030872345
115128853265372429,PROPAGANDA,0.9979264736175537
115126499944858986,PROPAGANDA,0.9982743263244629
115126449469247578,PROPAGANDA,0.9981337189674377
115126426327367030,PROPAGANDA,0.9982385635375977
115126421567567735,PROPAGANDA,0.998379111289978
115126384708348116,PROPAGANDA,0.9982516169548035
115126310071570564,PROPAGANDA,0.9983919262886047
115126310071570564,PROPAGANDA,0.9982845187187195
115125782692352784,NO_PROPAGANDA,0.9985361099243164
115125782692352784,NO_PROPAGANDA,0.9977744221687317
115125330212310166,PROPAGANDA,0.9964576363563538
115125318282199234,PROPAGANDA,0.9981095790863037
115124685956430001,PROPAGANDA,0.9982360601425171
115124166787814415,PROPAGANDA,0.9892742037773132
115124163211780188,PROPAGANDA,0.9981860518455505
115124163211780188,PROPAGANDA,0.9978668093681335
115124041395193539,PROPAGANDA,0.9976890087127686
115124034604820821,NO_PROPAGANDA,0.997715950012207
115124030766596526,PROPAGANDA,0.9980810880661011
115123713005977554,PROPAGANDA,0.9823442697525024
115123673064341664,PROPAGANDA,0.9976457953453064
115120906287440313,NO_PROPAGANDA,0.9449936747550964
115120881794624188,PROPAGANDA,0.995987594127655
115120863399877029,PROPAGANDA,0.9977898597717285
115120828581193223,PROPAGANDA,0.9983391761779785
115120067667186412,PROPAGANDA,0.9982720613479614
115120036321239638,PROPAGANDA,0.99828040599823
115119936158265299,PROPAGANDA,0.9978541731834412
115119151783895076,NO_PROPAGANDA,0.5655807852745056
115119151783895076,PROPAGANDA,0.9979544878005981
115119151783895076,PROPAGANDA,0.9975770115852356
115118817792640786,NO_PROPAGANDA,0.9980003237724304
115114587950181071,PROPAGANDA,0.9973113536834717
115114587950181071,PROPAGANDA,0.9979872703552246
115114587950181071,PROPAGANDA,0.9982483386993408
115114587950181071,NO_PROPAGANDA,0.991950273513794
115114339832960282,PROPAGANDA,0.9981398582458496
115114339832960282,PROPAGANDA,0.997829020023346
115114339832960282,PROPAGANDA,0.9983329176902771
115114270276925608,PROPAGANDA,0.9980142116546631
115114270276925608,PROPAGANDA,0.9983890056610107
115114270276925608,PROPAGANDA,0.9980162382125854
115114270276925608,PROPAGANDA,0.9980568289756775
115112927549205725,NO_PROPAGANDA,0.5061563849449158
115109848555666148,PROPAGANDA,0.9980810880661011
115109725372043595,NO_PROPAGANDA,0.9993714690208435
115108269835339794,PROPAGANDA,0.9984439015388489
115106855887002067,PROPAGANDA,0.997542142868042
115106822268468130,PROPAGANDA,0.9981655478477478
115106822268468130,PROPAGANDA,0.9629936814308167
115104909648896585,PROPAGANDA,0.9974849224090576
115103943282239129,PROPAGANDA,0.9972478747367859
115102954264650044,PROPAGANDA,0.9984093308448792
115102954264650044,PROPAGANDA,0.9981990456581116
115101274999111772,PROPAGANDA,0.7867829203605652
115100868745163117,PROPAGANDA,0.998095691204071
115100792784831675,PROPAGANDA,0.9983226656913757
115100792784831675,NO_PROPAGANDA,0.8921653628349304
115099185736327475,PROPAGANDA,0.9982630610466003
115098905035838387,NO_PROPAGANDA,0.9951074123382568
115098861391135351,PROPAGANDA,0.9973388314247131
115098852835094028,PROPAGANDA,0.9981735944747925
115098837339559726,PROPAGANDA,0.9966573715209961
115098660302858709,PROPAGANDA,0.996505618095398
115098161051613732,PROPAGANDA,0.9982315897941589
115097715754727825,PROPAGANDA,0.996870219707489
115095945859977843,NO_PROPAGANDA,0.9994785189628601
115095712740396417,NO_PROPAGANDA,0.9993821382522583
115095611962356054,PROPAGANDA,0.9950106143951416
115095579197949665,PROPAGANDA,0.9981480836868286
115095579197949665,PROPAGANDA,0.9897465705871582
115095254091273904,PROPAGANDA,0.9977025389671326
115092243259973570,PROPAGANDA,0.9983251690864563
115092243259973570,PROPAGANDA,0.9983289837837219
115092243259973570,PROPAGANDA,0.9978316426277161
115091405547047211,NO_PROPAGANDA,0.9970353841781616
115089605510353605,PROPAGANDA,0.9980462789535522
115089582863713336,PROPAGANDA,0.9981942772865295
115089457027851323,PROPAGANDA,0.9982336759567261
115087160158530143,PROPAGANDA,0.9983595013618469
115086929873163909,PROPAGANDA,0.9983212351799011
115086877071260300,PROPAGANDA,0.9961662292480469
115086695163847248,PROPAGANDA,0.9982341527938843
115086695163847248,PROPAGANDA,0.9982258677482605
115086673663478175,PROPAGANDA,0.9982587695121765
115086673663478175,PROPAGANDA,0.9982258677482605
115086563627159779,PROPAGANDA,0.99826979637146
115086563627159779,PROPAGANDA,0.9982668161392212
115086563627159779,NO_PROPAGANDA,0.9991814494132996
115085538447688269,PROPAGANDA,0.9982194304466248
115084666474687343,PROPAGANDA,0.9968547821044922
115084666474687343,PROPAGANDA,0.9981942772865295
115084666474687343,PROPAGANDA,0.9979698061943054
115084162750679122,PROPAGANDA,0.9980056881904602
115084149454997135,PROPAGANDA,0.9984176158905029
115084149454997135,PROPAGANDA,0.9982385635375977
115084149454997135,PROPAGANDA,0.9979864358901978
115081441604745953,PROPAGANDA,0.9980986714363098
115081430531030440,PROPAGANDA,0.9964130520820618
115078969663814221,PROPAGANDA,0.9977830052375793
115078969663814221,PROPAGANDA,0.9977909326553345
115078969663814221,PROPAGANDA,0.9982321858406067
115078969663814221,PROPAGANDA,0.9980183839797974
115074855100531685,PROPAGANDA,0.9980005621910095
115074853922882875,PROPAGANDA,0.9978786706924438
115074853922882875,PROPAGANDA,0.998256504535675
115074852826314245,PROPAGANDA,0.9967347979545593
115074852826314245,PROPAGANDA,0.9975841045379639
115074851803012151,PROPAGANDA,0.9982150793075562
115074849478784264,PROPAGANDA,0.9938607215881348
115074849478784264,PROPAGANDA,0.9976724982261658
115074444617901812,PROPAGANDA,0.9981037378311157
115074444617901812,PROPAGANDA,0.9978340268135071
115074344428193585,PROPAGANDA,0.9974905252456665
115074344428193585,PROPAGANDA,0.9981062412261963
115074344428193585,PROPAGANDA,0.9979705214500427
115074268844516691,PROPAGANDA,0.9978311657905579
115074268844516691,PROPAGANDA,0.9980112314224243
115074267817502694,NO_PROPAGANDA,0.9986125230789185
115074158839984797,PROPAGANDA,0.9983171224594116
115074158839984797,PROPAGANDA,0.99830162525177
115072565335011054,PROPAGANDA,0.9981581568717957
115070876988527695,PROPAGANDA,0.9983568787574768
115070802633295008,PROPAGANDA,0.9983171224594116
115070088108962428,PROPAGANDA,0.9975653886795044
115068985647592045,PROPAGANDA,0.8836120367050171
115068979450739645,PROPAGANDA,0.9978609681129456
115068968882877150,NO_PROPAGANDA,0.5870329141616821
115068606930305176,PROPAGANDA,0.9983262419700623
115068606930305176,PROPAGANDA,0.9979216456413269
115068606930305176,PROPAGANDA,0.9973469972610474
115068391246280549,NO_PROPAGANDA,0.999219536781311
115067582190707382,PROPAGANDA,0.9983645081520081
115067582190707382,PROPAGANDA,0.9981168508529663
115067582190707382,PROPAGANDA,0.9983855485916138
115067582190707382,PROPAGANDA,0.9981938004493713
115067582190707382,PROPAGANDA,0.9983044862747192
115067582190707382,PROPAGANDA,0.9982523322105408
115067582190707382,PROPAGANDA,0.9983230233192444
115067581427069480,PROPAGANDA,0.9983343482017517
115067581427069480,PROPAGANDA,0.9983465671539307
115067581427069480,PROPAGANDA,0.9952227473258972
115067017601499775,PROPAGANDA,0.9983054399490356
115066670303535454,PROPAGANDA,0.9983161687850952
115066339632774609,NO_PROPAGANDA,0.8955952525138855
115066304815869662,PROPAGANDA,0.9982861876487732
115064867714909057,PROPAGANDA,0.9974669218063354
115064840755804065,PROPAGANDA,0.9982594847679138
115064763272706560,PROPAGANDA,0.99831223487854
115064742870542521,PROPAGANDA,0.6477383375167847
115064726295507295,NO_PROPAGANDA,0.9988069534301758
115064705209848959,PROPAGANDA,0.9983378648757935
115064705209848959,PROPAGANDA,0.9983154535293579
115061558603769379,PROPAGANDA,0.9972686767578125
115061532152460260,PROPAGANDA,0.9976766705513
115061523871381886,PROPAGANDA,0.998289167881012
115061515379882720,PROPAGANDA,0.9983375072479248
115061417084982814,PROPAGANDA,0.9982540011405945
115057827631877948,PROPAGANDA,0.9972501397132874
115057235181892448,PROPAGANDA,0.9982485771179199
115057232009491029,PROPAGANDA,0.9982922673225403
115057232009491029,PROPAGANDA,0.6669185161590576
115057229339116421,PROPAGANDA,0.9983161687850952
115057229339116421,PROPAGANDA,0.9982812404632568
115057228167480219,PROPAGANDA,0.9978528022766113
115057228167480219,PROPAGANDA,0.9983865022659302
115057227758129383,PROPAGANDA,0.9982841610908508
115057227758129383,PROPAGANDA,0.9983559250831604
115057226416192109,PROPAGANDA,0.998053789138794
115057226416192109,PROPAGANDA,0.9982853531837463
115057226006495872,PROPAGANDA,0.9979444146156311
115057226006495872,PROPAGANDA,0.9984146356582642
115057224848483899,PROPAGANDA,0.9979238510131836
115057224848483899,PROPAGANDA,0.9982439279556274
115057224448370906,PROPAGANDA,0.9981141090393066
115057224448370906,PROPAGANDA,0.998354434967041
115057223325978530,PROPAGANDA,0.9982591271400452
115057223325978530,PROPAGANDA,0.9978011250495911
115057222950737259,PROPAGANDA,0.9979661703109741
115057222950737259,PROPAGANDA,0.9983758926391602
115057221778612718,PROPAGANDA,0.9984074234962463
115057221778612718,PROPAGANDA,0.9979627132415771
115057221353307566,PROPAGANDA,0.9981824159622192
115057221353307566,PROPAGANDA,0.9980138540267944
115056962817663370,PROPAGANDA,0.997899055480957
115056962817663370,NO_PROPAGANDA,0.9984861016273499
115056914674717313,PROPAGANDA,0.9983483552932739
115056914674717313,PROPAGANDA,0.998259961605072
115056908379843753,NO_PROPAGANDA,0.999220609664917
115055649201137901,NO_PROPAGANDA,0.9637748003005981
115055190585472069,PROPAGANDA,0.9983164072036743
115055161214269452,NO_PROPAGANDA,0.9992881417274475
115052030103944534,NO_PROPAGANDA,0.9983099699020386
115052030103944534,NO_PROPAGANDA,0.9900413155555725
115052030103944534,PROPAGANDA,0.9949216246604919
115052358324894178,PROPAGANDA,0.9979658126831055
115051906127274792,PROPAGANDA,0.9980809688568115
115051906127274792,PROPAGANDA,0.9973133206367493
115050161923440039,PROPAGANDA,0.9981932044029236
115050161923440039,PROPAGANDA,0.9983550906181335
115050064654728051,PROPAGANDA,0.9983602166175842
115050064654728051,PROPAGANDA,0.9981966614723206
115049974697549520,PROPAGANDA,0.998327910900116
115049921290485283,PROPAGANDA,0.9978546500205994
115049902258471066,PROPAGANDA,0.9979800581932068
115049485680941254,PROPAGANDA,0.9982407093048096
115049485680941254,PROPAGANDA,0.9983662962913513
115049485680941254,PROPAGANDA,0.9983872175216675
115049485680941254,PROPAGANDA,0.9984159469604492
115047211271212413,PROPAGANDA,0.998050332069397
115047148158426856,PROPAGANDA,0.9982163310050964
115047181541136552,PROPAGANDA,0.9983248114585876
115047166895807142,PROPAGANDA,0.9980358481407166
115047141648054993,PROPAGANDA,0.9661241769790649
115047128460078066,PROPAGANDA,0.9974406957626343
115047099758548722,PROPAGANDA,0.9983591437339783
115046837910548412,PROPAGANDA,0.9983003735542297
115046837910548412,PROPAGANDA,0.9980059266090393
115044523086480891,PROPAGANDA,0.9977040886878967
115044479755763458,PROPAGANDA,0.9956861734390259
115044463870504970,PROPAGANDA,0.997197151184082
115044290751337518,NO_PROPAGANDA,0.9992389678955078
115044273350523209,PROPAGANDA,0.9981139898300171
115044243039440041,PROPAGANDA,0.9983853101730347
115041715493538714,PROPAGANDA,0.9977339506149292
115041695270508991,PROPAGANDA,0.9955040812492371
115041668780502004,PROPAGANDA,0.9977339506149292
115037569702889410,PROPAGANDA,0.997962474822998
115037569702889410,PROPAGANDA,0.9974769949913025
115033577620780867,PROPAGANDA,0.6981128454208374
115033574125099183,PROPAGANDA,0.9983080625534058
115033133751064517,NO_PROPAGANDA,0.9966076612472534
115032607453603307,NO_PROPAGANDA,0.9993863105773926
115029630097967935,PROPAGANDA,0.9812343716621399
115029606475866015,PROPAGANDA,0.5569034814834595
115029606475866015,PROPAGANDA,0.9983195662498474
115028539481492668,PROPAGANDA,0.99824059009552
115028533639212309,PROPAGANDA,0.9979397654533386
115028508095150798,PROPAGANDA,0.9978280663490295
115027044434535539,PROPAGANDA,0.9651287794113159
115026882886904014,NO_PROPAGANDA,0.9994876384735107
115026874005799261,NO_PROPAGANDA,0.9988980293273926
115026867722383342,PROPAGANDA,0.9981064796447754
115026837372200506,PROPAGANDA,0.998318076133728
115026776769476976,PROPAGANDA,0.9980302453041077
115026773200228622,PROPAGANDA,0.997614860534668
115024069066734919,PROPAGANDA,0.9979093670845032
115024069066734919,PROPAGANDA,0.9980431795120239
115024069066734919,PROPAGANDA,0.9980758428573608
115024069066734919,PROPAGANDA,0.9982261061668396
115024069066734919,PROPAGANDA,0.9982798099517822
115022464168438478,NO_PROPAGANDA,0.999089241027832
115022453383517920,NO_PROPAGANDA,0.9994947910308838
115022215816175004,PROPAGANDA,0.9982276558876038
115022199052825878,PROPAGANDA,0.9978577494621277
115022151227119695,PROPAGANDA,0.9981561303138733
115022012587872496,PROPAGANDA,0.9938037395477295
115021897738089560,PROPAGANDA,0.998276948928833
115021272837599192,PROPAGANDA,0.9983441829681396
115021272837599192,PROPAGANDA,0.9982830286026001
115021166810580379,NO_PROPAGANDA,0.9776992797851562
115020938176485683,PROPAGANDA,0.9983478784561157
115015798555807745,PROPAGANDA,0.9952234625816345
115017726956136844,PROPAGANDA,0.9978131055831909
115017725871815255,PROPAGANDA,0.9978702068328857
115017724759134535,PROPAGANDA,0.9980154037475586
115017724357338500,PROPAGANDA,0.998117208480835
115017723403358459,PROPAGANDA,0.9982624650001526
115017465040283855,PROPAGANDA,0.9635748267173767
115017453387635948,NO_PROPAGANDA,0.8950181603431702
115012797087354875,PROPAGANDA,0.9584221243858337
115016246479417087,PROPAGANDA,0.9979222416877747
115016246479417087,PROPAGANDA,0.8729575872421265
115016246479417087,NO_PROPAGANDA,0.644209623336792
115016216005489412,PROPAGANDA,0.9978006482124329
115016216005489412,PROPAGANDA,0.8729575872421265
115016216005489412,NO_PROPAGANDA,0.644209623336792
115016089386029482,PROPAGANDA,0.9983487129211426
115016089386029482,PROPAGANDA,0.9981491565704346
115015483801151739,PROPAGANDA,0.99819415807724
115012849265805680,NO_PROPAGANDA,0.7718154788017273
115012717750060479,PROPAGANDA,0.9978512525558472
115012717750060479,PROPAGANDA,0.998116135597229
115012717750060479,PROPAGANDA,0.9982712268829346
115012623456747637,PROPAGANDA,0.9978111386299133
115012532470689820,PROPAGANDA,0.9978194236755371
115012131343690532,PROPAGANDA,0.9969310164451599
115011325631302905,PROPAGANDA,0.991392970085144
115011030509341542,NO_PROPAGANDA,0.9985254406929016
115011042098548305,PROPAGANDA,0.9980870485305786
115011010669803263,PROPAGANDA,0.8859091401100159
115010061198729847,PROPAGANDA,0.9984006285667419
115010049469121326,PROPAGANDA,0.9980096220970154
115010039843011888,PROPAGANDA,0.993969202041626
115009924991505341,PROPAGANDA,0.9983970522880554
115009924991505341,PROPAGANDA,0.9983077049255371
115008083924128265,PROPAGANDA,0.9984222650527954
115007977998503665,PROPAGANDA,0.9825270771980286
115006296068419815,NO_PROPAGANDA,0.9837440848350525
115005692562794802,PROPAGANDA,0.9982835054397583
115005692562794802,PROPAGANDA,0.9978345036506653
115005692562794802,PROPAGANDA,0.9983761310577393
115005075016157889,PROPAGANDA,0.9982812404632568
115005075016157889,PROPAGANDA,0.9981075525283813
115001339487533426,PROPAGANDA,0.9983708262443542
115001174697386967,PROPAGANDA,0.9983660578727722
115000471177982480,PROPAGANDA,0.9978082776069641
114999087271735961,PROPAGANDA,0.9978481531143188
114998948130255225,PROPAGANDA,0.9810382723808289
114998940595835853,PROPAGANDA,0.974411129951477
114996095625446183,PROPAGANDA,0.9981391429901123
114995786897421241,PROPAGANDA,0.9978041052818298
114995779410398631,NO_PROPAGANDA,0.9994834661483765
114995403653615328,NO_PROPAGANDA,0.999136745929718
114994989118495992,NO_PROPAGANDA,0.9759066700935364
114994974199724855,NO_PROPAGANDA,0.9210415482521057
114993652992825116,PROPAGANDA,0.9977040886878967
114993652992825116,PROPAGANDA,0.9980905652046204
114993652992825116,PROPAGANDA,0.9982743263244629
114993635488352041,PROPAGANDA,0.9977040886878967
114993635488352041,PROPAGANDA,0.9980905652046204
114993635488352041,PROPAGANDA,0.9982712268829346
114991409673956369,PROPAGANDA,0.9983254075050354
114989897956103830,NO_PROPAGANDA,0.9951700568199158
114989897956103830,PROPAGANDA,0.9968447685241699
114989897956103830,PROPAGANDA,0.9118850827217102
114989707720957929,PROPAGANDA,0.9975911378860474
114989706308668257,PROPAGANDA,0.9943529367446899
114989699566674317,PROPAGANDA,0.9977869987487793
114977985620971126,PROPAGANDA,0.9981933236122131
114977985620971126,PROPAGANDA,0.9982848763465881
114977985620971126,PROPAGANDA,0.9982014894485474
114988051107686593,NO_PROPAGANDA,0.9992896318435669
114989601141841568,PROPAGANDA,0.8084421753883362
114989330714602000,PROPAGANDA,0.9980019927024841
114989330714602000,PROPAGANDA,0.998336672782898
114989195031706823,NO_PROPAGANDA,0.9950398802757263
114989195031706823,PROPAGANDA,0.9980363249778748
114988489340134546,NO_PROPAGANDA,0.6847503781318665
114982518659334871,PROPAGANDA,0.9976953864097595
114987769694082982,PROPAGANDA,0.9981549382209778
114987288040725570,PROPAGANDA,0.9981619715690613
114987271488966063,NO_PROPAGANDA,0.9971833825111389
114987257158661963,PROPAGANDA,0.9980319142341614
114987220997209419,PROPAGANDA,0.9912035465240479
114985474632707201,PROPAGANDA,0.9968957901000977
114985420201139599,PROPAGANDA,0.9982990622520447
114984083092546777,PROPAGANDA,0.9442433714866638
114982898525988419,PROPAGANDA,0.9809010624885559
114982457914490323,PROPAGANDA,0.9977460503578186
114982081738276986,PROPAGANDA,0.9983989596366882
114979027654442708,NO_PROPAGANDA,0.9989575147628784
114978749252122903,PROPAGANDA,0.9982779026031494
114978742843933698,PROPAGANDA,0.9983008503913879
114978217713394397,NO_PROPAGANDA,0.9994112253189087
114978210414172569,PROPAGANDA,0.9763936400413513
114978185450691314,PROPAGANDA,0.9981063604354858
114974461343997782,PROPAGANDA,0.9141947627067566
114974282191317621,PROPAGANDA,0.9981611371040344
114973670406612532,PROPAGANDA,0.9977987408638
114973667966400208,PROPAGANDA,0.9980161190032959
114973044056093260,PROPAGANDA,0.9980067610740662
114971584293011580,NO_PROPAGANDA,0.9919368028640747
114971642899192957,PROPAGANDA,0.99798583984375
114971053091282290,PROPAGANDA,0.99310702085495
114971023059049812,NO_PROPAGANDA,0.9086884260177612
114970981123138842,PROPAGANDA,0.9982861876487732
114970970276629752,PROPAGANDA,0.9982214570045471
114970952739677687,PROPAGANDA,0.9983574748039246
114970952739677687,PROPAGANDA,0.9983914494514465
114970952739677687,PROPAGANDA,0.9984310269355774
114970930963780013,PROPAGANDA,0.99835604429245
114970930963780013,PROPAGANDA,0.9983914494514465
114970930963780013,PROPAGANDA,0.9984310269355774
114970840027774464,PROPAGANDA,0.9982829093933105
114970840027774464,PROPAGANDA,0.9982824325561523
114970631477859993,PROPAGANDA,0.9983323216438293
114970416998677033,PROPAGANDA,0.9964755177497864
114968330079746127,PROPAGANDA,0.9984310269355774
114966707076456802,PROPAGANDA,0.9982315897941589
114966684792614752,NO_PROPAGANDA,0.9875727891921997
114966671063911029,PROPAGANDA,0.9982519745826721
114963263700328714,PROPAGANDA,0.9983545541763306
114963263700328714,PROPAGANDA,0.9981856942176819
114963263700328714,PROPAGANDA,0.9983172416687012
114961565654617117,PROPAGANDA,0.9981850981712341
114961541517491341,PROPAGANDA,0.9983969330787659
114961522912167613,PROPAGANDA,0.9983950257301331
114961522912167613,PROPAGANDA,0.9980658888816833
114961147474079611,PROPAGANDA,0.9982669353485107
114961147474079611,PROPAGANDA,0.9983215928077698
114960298523087379,PROPAGANDA,0.9980571866035461
114960291067363177,PROPAGANDA,0.6964215040206909
114950433397228924,NO_PROPAGANDA,0.9975401163101196
114959044159495165,PROPAGANDA,0.9980996251106262
114955773655328634,PROPAGANDA,0.9865630865097046
114955523525768040,PROPAGANDA,0.8122928738594055
114955222046259464,PROPAGANDA,0.9982120990753174
114954846612623858,PROPAGANDA,0.5017069578170776
114954846612623858,PROPAGANDA,0.9977276921272278
114954846612623858,PROPAGANDA,0.9979798197746277
114954549017557270,PROPAGANDA,0.9982466697692871
114954267210702518,PROPAGANDA,0.9981939196586609
114954267210702518,PROPAGANDA,0.9979889392852783
114953968595024935,PROPAGANDA,0.9981628060340881
114953968595024935,PROPAGANDA,0.9981011748313904
114953968595024935,PROPAGANDA,0.9982901215553284
114953962646647794,PROPAGANDA,0.997728168964386
114953962646647794,PROPAGANDA,0.9974716901779175
114953962646647794,PROPAGANDA,0.9983899593353271
114953595203270237,PROPAGANDA,0.9978982210159302
114953451498807072,PROPAGANDA,0.9983192086219788
114953428953267494,PROPAGANDA,0.9965735673904419
114951262882039337,NO_PROPAGANDA,0.9994192123413086
114953234645615294,PROPAGANDA,0.9982397556304932
114951007246294127,PROPAGANDA,0.9983587861061096
114953151877294098,NO_PROPAGANDA,0.9992440938949585
114953114494129479,PROPAGANDA,0.9983704686164856
114953049546233760,PROPAGANDA,0.9982172846794128
114951234439366866,PROPAGANDA,0.9982653260231018
114951224261822778,PROPAGANDA,0.9956466555595398
114951217704804168,PROPAGANDA,0.9983344674110413
114951042178223048,PROPAGANDA,0.9979798197746277
114950348792604159,PROPAGANDA,0.9982438087463379
114950241999184378,PROPAGANDA,0.9981982111930847
114949799547015541,PROPAGANDA,0.9963251948356628
114949797263276943,PROPAGANDA,0.9963693618774414
114949794821514504,PROPAGANDA,0.9964621663093567
114949420607843703,PROPAGANDA,0.9982688426971436
114948452793702817,PROPAGANDA,0.8133127093315125
114948452793702817,NO_PROPAGANDA,0.9974263310432434
114948452793702817,NO_PROPAGANDA,0.9945055842399597
114948452793702817,NO_PROPAGANDA,0.989914059638977
114947973077448174,PROPAGANDA,0.9983649849891663
114947563324977082,PROPAGANDA,0.9966655373573303
114947541528857255,PROPAGANDA,0.9983425140380859
114947427321891876,PROPAGANDA,0.9976553916931152
114947373855664074,PROPAGANDA,0.9983866214752197
114947277897378239,NO_PROPAGANDA,0.8245049118995667
114945962278773358,PROPAGANDA,0.9667195081710815
114945847973193713,PROPAGANDA,0.9979289770126343
114944494894008041,NO_PROPAGANDA,0.9981021285057068
114944494894008041,PROPAGANDA,0.9835317134857178
114944494894008041,PROPAGANDA,0.9977635145187378
114944074791548865,PROPAGANDA,0.9982339143753052
114944074791548865,PROPAGANDA,0.9983600974082947
114944074791548865,PROPAGANDA,0.99824059009552
114943927434273211,NO_PROPAGANDA,0.9965649247169495
114943927434273211,NO_PROPAGANDA,0.9882562756538391
114943927434273211,PROPAGANDA,0.997844934463501
114942699102296981,PROPAGANDA,0.9982938170433044
114942222209732295,PROPAGANDA,0.9714555740356445
114942113260599578,NO_PROPAGANDA,0.7350533604621887
114942106248731470,PROPAGANDA,0.9979687333106995
114942106248731470,NO_PROPAGANDA,0.994394063949585
114942017839445131,PROPAGANDA,0.9813089966773987
114942005076829557,PROPAGANDA,0.9978601336479187
114939759564715119,NO_PROPAGANDA,0.9948418736457825
114938996274231550,PROPAGANDA,0.9983527660369873
114938820270436889,PROPAGANDA,0.9981482028961182
114938820270436889,PROPAGANDA,0.9983659386634827
114938820270436889,PROPAGANDA,0.9982767105102539
114938820270436889,PROPAGANDA,0.998337984085083
114938657898917536,PROPAGANDA,0.9981731176376343
114938657898917536,PROPAGANDA,0.9971700310707092
114938582774670397,PROPAGANDA,0.9979808926582336
114936955015376533,PROPAGANDA,0.7790392637252808
114936573214915016,PROPAGANDA,0.99818354845047
114935401735258022,PROPAGANDA,0.9980553388595581
114934232969144109,NO_PROPAGANDA,0.940201997756958
114934191239714896,PROPAGANDA,0.9980111122131348
114933034937039075,PROPAGANDA,0.997671902179718
114932385332182862,PROPAGANDA,0.9974772334098816
114931438809653171,PROPAGANDA,0.9599797129631042
114931382534694239,PROPAGANDA,0.9970182180404663
114920456511077924,PROPAGANDA,0.9620026350021362
114920456511077924,PROPAGANDA,0.9949135780334473
114926827953437897,NO_PROPAGANDA,0.9965697526931763
114922802971032650,PROPAGANDA,0.9978674650192261
114922713750383186,PROPAGANDA,0.9862604737281799
114922310106523572,PROPAGANDA,0.9981237053871155
114922279888085542,PROPAGANDA,0.9976639747619629
114922194000687458,PROPAGANDA,0.9982579350471497
114922194000687458,PROPAGANDA,0.9982268214225769
114921063256769586,PROPAGANDA,0.9961075186729431
114920864979561533,PROPAGANDA,0.9975045323371887
114920850396392867,PROPAGANDA,0.9975045323371887
114920321241792451,PROPAGANDA,0.9553065299987793
114920242180121128,PROPAGANDA,0.9890702962875366
114920242180121128,PROPAGANDA,0.9298893213272095
114919812015877196,PROPAGANDA,0.9965655207633972
114916575834000041,NO_PROPAGANDA,0.9983859062194824
114916524424194175,PROPAGANDA,0.9982011318206787
114916524424194175,PROPAGANDA,0.9957951307296753
114914339003272307,PROPAGANDA,0.9960285425186157
114911132620191745,PROPAGANDA,0.9983853101730347
114911132620191745,PROPAGANDA,0.9981622099876404
114911072057863888,PROPAGANDA,0.9979979395866394
114911072057863888,PROPAGANDA,0.9981396198272705
114911072057863888,PROPAGANDA,0.998171329498291
114911072057863888,PROPAGANDA,0.9982269406318665
114911072057863888,PROPAGANDA,0.9974209070205688
114910985530072276,PROPAGANDA,0.9981266856193542
114910985530072276,PROPAGANDA,0.9982921481132507
114910920265013722,PROPAGANDA,0.998339056968689
114910920265013722,PROPAGANDA,0.9978147745132446
114910911648955433,PROPAGANDA,0.9979172348976135
114910911648955433,PROPAGANDA,0.9983440637588501
114910907779613104,PROPAGANDA,0.9982579350471497
114910907779613104,PROPAGANDA,0.9983842372894287
114910307760776254,PROPAGANDA,0.9976779818534851
114910307760776254,PROPAGANDA,0.9921860694885254
114909909285967834,NO_PROPAGANDA,0.966978907585144
114909476369684993,PROPAGANDA,0.9982725381851196
114909452180378780,PROPAGANDA,0.9967645406723022
114909322030343605,PROPAGANDA,0.9982743263244629
114909292663708859,PROPAGANDA,0.9978394508361816
114908467282299011,PROPAGANDA,0.9978391528129578
114905910987380649,PROPAGANDA,0.9966105818748474
114905849389326140,PROPAGANDA,0.997916042804718
114905836425012707,PROPAGANDA,0.9980822801589966
114905836425012707,PROPAGANDA,0.9981923699378967
114905836425012707,PROPAGANDA,0.9977877140045166
114902736234529031,PROPAGANDA,0.9983643889427185
114902736234529031,PROPAGANDA,0.9983229041099548
114903002476976412,PROPAGANDA,0.9967921376228333
114902814296069974,PROPAGANDA,0.9896863102912903
114902777792812157,PROPAGANDA,0.9969661831855774
114902760700024238,PROPAGANDA,0.9656314849853516
114902743574618008,PROPAGANDA,0.9962683916091919
114902704048179740,PROPAGANDA,0.9981585144996643
114897689405330708,NO_PROPAGANDA,0.9803240299224854
114899729133530180,PROPAGANDA,0.6376695036888123
114899417740854572,PROPAGANDA,0.9486023187637329
114899417740854572,PROPAGANDA,0.9924582242965698
114899014766252904,PROPAGANDA,0.9952747821807861
114899014019794877,PROPAGANDA,0.992970883846283
114899013294297540,PROPAGANDA,0.9971497654914856
114899012522491926,PROPAGANDA,0.9774542450904846
114898507608732258,PROPAGANDA,0.9720130562782288
114898507608732258,PROPAGANDA,0.9966995120048523
114898503111677568,PROPAGANDA,0.998390793800354
114898229237459086,PROPAGANDA,0.997893750667572
114898229237459086,PROPAGANDA,0.9983410835266113
114898069194751986,PROPAGANDA,0.9968919157981873
114898069194751986,PROPAGANDA,0.9790800213813782
114898065961645958,PROPAGANDA,0.9983904361724854
114897600777919524,PROPAGANDA,0.9983454942703247
114894485362763615,NO_PROPAGANDA,0.8796402215957642
114894279798283247,PROPAGANDA,0.9983595013618469
114894188921935031,PROPAGANDA,0.9983097314834595
114893984552850709,PROPAGANDA,0.9983922839164734
114893947519507520,PROPAGANDA,0.9980740547180176
114893444758138173,NO_PROPAGANDA,0.9983123540878296
114892895177732471,PROPAGANDA,0.9979021549224854
114892689845138877,PROPAGANDA,0.9979103207588196
114892689845138877,PROPAGANDA,0.9983320832252502
114892503981994226,PROPAGANDA,0.9981560111045837
114892486666754017,PROPAGANDA,0.9983446598052979
114892486666754017,PROPAGANDA,0.998290479183197
114892486666754017,PROPAGANDA,0.9956890940666199
114892485746950799,PROPAGANDA,0.9982352256774902
114892485746950799,NO_PROPAGANDA,0.8575167655944824
114892483107767009,PROPAGANDA,0.984765887260437
114892476183296427,NO_PROPAGANDA,0.9994495511054993
114892470792068047,NO_PROPAGANDA,0.6894118189811707
114892270098322352,PROPAGANDA,0.9978025555610657
114892270098322352,PROPAGANDA,0.9983199238777161
114891542921713362,PROPAGANDA,0.9982861876487732
114888488677783141,PROPAGANDA,0.9983224272727966
114888305041609390,PROPAGANDA,0.9974772334098816
114888263063561606,PROPAGANDA,0.997684121131897
114888253428431066,NO_PROPAGANDA,0.9991388320922852
114887244433511273,PROPAGANDA,0.9982699155807495
114887244433511273,PROPAGANDA,0.9658010601997375
114887236310446076,PROPAGANDA,0.9983093738555908
114887236310446076,PROPAGANDA,0.9982421398162842
114885422115933668,PROPAGANDA,0.9982526898384094
114885422115933668,PROPAGANDA,0.998138427734375
114887221069099658,PROPAGANDA,0.9982613921165466
114887221069099658,PROPAGANDA,0.9984020590782166
114886877289379131,PROPAGANDA,0.9982665181159973
114886865806490349,PROPAGANDA,0.9954066276550293
114886140818665946,PROPAGANDA,0.9976736903190613
114886122800161990,PROPAGANDA,0.998349666595459
114885987478070699,PROPAGANDA,0.9981720447540283
114885709058497784,PROPAGANDA,0.9712841510772705
114885474879269820,PROPAGANDA,0.9983357787132263
114882476831486897,PROPAGANDA,0.9983876943588257
114882442101879216,PROPAGANDA,0.9982079267501831
114882283904953607,PROPAGANDA,0.9981775283813477
114880074981803996,PROPAGANDA,0.9983742237091064
114880031264786538,PROPAGANDA,0.9976072311401367
114877342999804008,PROPAGANDA,0.9982518553733826
114875121407553446,NO_PROPAGANDA,0.6801581978797913
114876927258467384,PROPAGANDA,0.998213529586792
114876683513144253,PROPAGANDA,0.9983943104743958
114876683513144253,PROPAGANDA,0.998379111289978
114876683513144253,PROPAGANDA,0.9980401396751404
114876671293627236,PROPAGANDA,0.9980432987213135
114876671293627236,PROPAGANDA,0.9982306361198425
114876653599100275,PROPAGANDA,0.9979763627052307
114876653599100275,PROPAGANDA,0.9981452226638794
114876640511652135,PROPAGANDA,0.997994065284729
114876640511652135,PROPAGANDA,0.9982048273086548
114876638674610838,PROPAGANDA,0.997796893119812
114876638674610838,PROPAGANDA,0.9983587861061096
114876637907797002,PROPAGANDA,0.9981974959373474
114876637907797002,PROPAGANDA,0.9981839060783386
114876636997078377,PROPAGANDA,0.9979338645935059
114876636997078377,PROPAGANDA,0.9982866644859314
114876636266908918,PROPAGANDA,0.9979954957962036
114876636266908918,PROPAGANDA,0.9982957243919373
114876635509809217,PROPAGANDA,0.99818354845047
114876635509809217,PROPAGANDA,0.9981343150138855
114876634662612316,PROPAGANDA,0.9981953501701355
114876634662612316,PROPAGANDA,0.998134195804596
114876633650538046,PROPAGANDA,0.9982505440711975
114876633650538046,PROPAGANDA,0.9981939196586609
114876632946481372,PROPAGANDA,0.9980668425559998
114876632946481372,PROPAGANDA,0.9983851909637451
114876632160599681,PROPAGANDA,0.9982331991195679
114876632160599681,PROPAGANDA,0.9983729124069214
114874476139755852,PROPAGANDA,0.9981623291969299
114874426878030436,PROPAGANDA,0.998116135597229
114874422468516376,PROPAGANDA,0.99808669090271
114874392904679623,PROPAGANDA,0.99808669090271
114874138131177867,PROPAGANDA,0.9982277750968933
114873827864802531,PROPAGANDA,0.9982311129570007
114873827864802531,PROPAGANDA,0.9982840418815613
114872393229075156,PROPAGANDA,0.9981624484062195
114871752316281496,PROPAGANDA,0.99748295545578
114871557460531003,PROPAGANDA,0.9982526898384094
114871422727186590,PROPAGANDA,0.9975022673606873
114871422727186590,PROPAGANDA,0.9984220266342163
114871422727186590,PROPAGANDA,0.998417854309082
114869053826157428,NO_PROPAGANDA,0.8915985226631165
114870310221162497,NO_PROPAGANDA,0.9981354475021362
114837554019633896,PROPAGANDA,0.9982922673225403
114868979061610454,PROPAGANDA,0.9957424998283386
114866148855492915,PROPAGANDA,0.9979988932609558
114865317698739416,PROPAGANDA,0.9949899315834045
114865507306954051,PROPAGANDA,0.9979141354560852
114865506222851432,PROPAGANDA,0.9983282685279846
114865506222851432,PROPAGANDA,0.9983205199241638
114865352052263270,PROPAGANDA,0.9969167709350586
114865352052263270,PROPAGANDA,0.9981046915054321
114865342296740017,PROPAGANDA,0.9979261159896851
114864763487869986,NO_PROPAGANDA,0.9889402985572815
114863423197999192,PROPAGANDA,0.9978659749031067
114863410012919913,PROPAGANDA,0.9391319155693054
114863380166048416,PROPAGANDA,0.630974531173706
114863203348237352,PROPAGANDA,0.9983325600624084
114863203348237352,PROPAGANDA,0.9983543157577515
114863203348237352,PROPAGANDA,0.9984429478645325
114863203348237352,PROPAGANDA,0.9982201457023621
114863179955821383,PROPAGANDA,0.9983245730400085
114863179955821383,PROPAGANDA,0.9983543157577515
114863179955821383,PROPAGANDA,0.9984429478645325
114863179955821383,PROPAGANDA,0.9982201457023621
114860136006223294,PROPAGANDA,0.9982166886329651
114859554812594090,PROPAGANDA,0.9982979893684387
114859213229042831,NO_PROPAGANDA,0.9981354475021362
114858915682735686,NO_PROPAGANDA,0.9980365633964539
114858743257523727,PROPAGANDA,0.7804446816444397
114858589852139958,PROPAGANDA,0.9978140592575073
114858589852139958,PROPAGANDA,0.9646664261817932
114858589029028619,PROPAGANDA,0.9817253947257996
114858589029028619,PROPAGANDA,0.7070885896682739
114858589029028619,PROPAGANDA,0.9981393814086914
114858547001755577,NO_PROPAGANDA,0.9990215301513672
114857957325423668,PROPAGANDA,0.99836665391922
114857957325423668,PROPAGANDA,0.9981412887573242
114857889773040947,PROPAGANDA,0.9981992840766907
114857842089554705,PROPAGANDA,0.9971209168434143
114857835698390465,PROPAGANDA,0.9914911389350891
114857687712359546,PROPAGANDA,0.9978134632110596
114857687712359546,PROPAGANDA,0.8410568833351135
114857639804190832,PROPAGANDA,0.9952357411384583
114857617089281818,PROPAGANDA,0.9976670742034912
114857569436636352,PROPAGANDA,0.997666597366333
114857384454528789,PROPAGANDA,0.9978011250495911
114857384454528789,PROPAGANDA,0.8410568833351135
114854251111136308,PROPAGANDA,0.9359411001205444
114854251111136308,PROPAGANDA,0.9980741739273071
114851420581462592,PROPAGANDA,0.9981868863105774
114848608158429419,PROPAGANDA,0.9868608117103577
114842941355477197,NO_PROPAGANDA,0.9947687387466431
114842356238631061,PROPAGANDA,0.9983193278312683
114842356238631061,PROPAGANDA,0.9983565211296082
114842356238631061,PROPAGANDA,0.9983121156692505
114842356238631061,PROPAGANDA,0.9981448650360107
114842356238631061,PROPAGANDA,0.9983140230178833
114842356238631061,PROPAGANDA,0.9983550906181335
114842026934691545,PROPAGANDA,0.9818392992019653
114841568204031318,NO_PROPAGANDA,0.9994352459907532
114841565274628116,NO_PROPAGANDA,0.999411940574646
114840552173805537,PROPAGANDA,0.9982123374938965
114837597286883732,PROPAGANDA,0.997900128364563
114837208737137477,PROPAGANDA,0.9975820779800415
114837208737137477,PROPAGANDA,0.9981191754341125
114837208737137477,PROPAGANDA,0.9368007779121399
114837106641185031,PROPAGANDA,0.9980104565620422
114835595028757667,NO_PROPAGANDA,0.9961056113243103
114835272416034171,PROPAGANDA,0.9980311989784241
114835146294645750,PROPAGANDA,0.9959076642990112
114835102167904861,PROPAGANDA,0.9806344509124756
114832587355133963,PROPAGANDA,0.9969403743743896
114832570720111172,PROPAGANDA,0.9976061582565308
114831435031070955,PROPAGANDA,0.9980157613754272
114831433790826577,PROPAGANDA,0.9973438382148743
114831088465448187,PROPAGANDA,0.9978017210960388
114829511761589815,PROPAGANDA,0.998153030872345
114829451788147674,PROPAGANDA,0.9927049279212952
114829442018326447,PROPAGANDA,0.9983693957328796
114829408208555940,PROPAGANDA,0.9970961809158325
114829111657785430,PROPAGANDA,0.9983820915222168
114829111657785430,PROPAGANDA,0.9983830451965332
114829111657785430,PROPAGANDA,0.9983770847320557
114829111657785430,PROPAGANDA,0.9980227947235107
114826109463640311,PROPAGANDA,0.9981021285057068
114826109463640311,NO_PROPAGANDA,0.9407104849815369
114826107762484260,PROPAGANDA,0.9981234669685364
114826107762484260,PROPAGANDA,0.9983941912651062
114826044404420382,PROPAGANDA,0.9978522062301636
114826040324238044,PROPAGANDA,0.9977667331695557
114826040324238044,PROPAGANDA,0.9982883334159851
114826039777950636,PROPAGANDA,0.9976294636726379
114826039777950636,PROPAGANDA,0.9982811212539673
114825064535529179,PROPAGANDA,0.9978070855140686
114825055413704674,PROPAGANDA,0.998246431350708
114825052103127845,PROPAGANDA,0.9982134103775024
114825046600516465,NO_PROPAGANDA,0.9847661256790161
114824462737182215,PROPAGANDA,0.9974613189697266
114824341827892593,NO_PROPAGANDA,0.9988508224487305
114824012434844395,PROPAGANDA,0.9983458518981934
114823753748748089,PROPAGANDA,0.9980509281158447
114823751368001174,PROPAGANDA,0.9950377345085144
114809574296066307,NO_PROPAGANDA,0.9966018199920654
114812490799920916,PROPAGANDA,0.9982105493545532
114812490799920916,PROPAGANDA,0.9983879327774048
114823635614745836,PROPAGANDA,0.9980171918869019
114820908713657769,PROPAGANDA,0.9983710646629333
114820873191783674,PROPAGANDA,0.998333752155304
114820780308440795,PROPAGANDA,0.9976704716682434
114820563898758883,PROPAGANDA,0.9956204295158386
114820176419744768,NO_PROPAGANDA,0.9985154271125793
114819199532902807,PROPAGANDA,0.9982529282569885
114819184205071380,PROPAGANDA,0.9973714351654053
114819184205071380,PROPAGANDA,0.998244047164917
114818149310161097,NO_PROPAGANDA,0.993698239326477
114813826512783399,PROPAGANDA,0.9982467889785767
114809528606729733,NO_PROPAGANDA,0.9992777705192566
114808976338304577,PROPAGANDA,0.9902517795562744
114808616176041421,PROPAGANDA,0.9982682466506958
114808616176041421,PROPAGANDA,0.9982377290725708
114808616176041421,PROPAGANDA,0.998381495475769
114808616176041421,PROPAGANDA,0.9983148574829102
114806881411557795,PROPAGANDA,0.9981485605239868
114806881411557795,PROPAGANDA,0.5070422291755676
114802591195240494,PROPAGANDA,0.9981371164321899
114801653749329102,PROPAGANDA,0.9983071088790894
114801653749329102,PROPAGANDA,0.998323380947113
114801213969191305,PROPAGANDA,0.997809112071991
114796981884907603,NO_PROPAGANDA,0.9921539425849915
114795512010210371,PROPAGANDA,0.9973337650299072
114795430236594813,PROPAGANDA,0.9980509281158447
114795415752881784,PROPAGANDA,0.9982540011405945
114793322724573514,PROPAGANDA,0.9968468546867371
114792383511698623,PROPAGANDA,0.9981756210327148
114792258992380345,PROPAGANDA,0.9982348680496216
114792925370595712,PROPAGANDA,0.9980443716049194
114792925370595712,PROPAGANDA,0.9973756074905396
114792890397428568,NO_PROPAGANDA,0.999508261680603
114791916303307611,PROPAGANDA,0.9981301426887512
114791858483483184,PROPAGANDA,0.9982201457023621
114791836935107927,PROPAGANDA,0.9979642629623413
114791750195814667,PROPAGANDA,0.9982810020446777
114791663683765056,PROPAGANDA,0.9981833100318909
114791607974974301,PROPAGANDA,0.9982942938804626
114791607974974301,PROPAGANDA,0.9978240728378296
114791415036116897,NO_PROPAGANDA,0.972255527973175
114789968096151564,PROPAGANDA,0.9982775449752808
114789602482197220,PROPAGANDA,0.9961230158805847
114789587389423371,PROPAGANDA,0.998428225517273
114789577865630441,NO_PROPAGANDA,0.999363362789154
114789565281988967,PROPAGANDA,0.8949735164642334
114789557961047863,PROPAGANDA,0.9983277916908264
114787479659702125,PROPAGANDA,0.9982377290725708
114787348610777027,PROPAGANDA,0.9975225329399109
114786727426991370,PROPAGANDA,0.9980311989784241
114786681954008167,PROPAGANDA,0.9983996748924255
114786643420185373,PROPAGANDA,0.9981186985969543
114786058561428668,PROPAGANDA,0.9980205297470093
114786058561428668,PROPAGANDA,0.9983193278312683
114786058561428668,PROPAGANDA,0.9975937008857727
114785927683921380,PROPAGANDA,0.8239039778709412
114785849333345518,PROPAGANDA,0.9983081817626953
114785849333345518,PROPAGANDA,0.9972240924835205
114785848171178962,NO_PROPAGANDA,0.6160141825675964
114785848171178962,PROPAGANDA,0.997832715511322
114784315952739682,PROPAGANDA,0.998190701007843
114784315952739682,PROPAGANDA,0.9983654618263245
114784201810637218,PROPAGANDA,0.9980656504631042
114784170652465525,PROPAGANDA,0.9968168139457703
114784170652465525,PROPAGANDA,0.9972450733184814
114784170652465525,PROPAGANDA,0.9966358542442322
114784098546698642,NO_PROPAGANDA,0.9987897276878357
114784075251415328,PROPAGANDA,0.9982501864433289
114783756690101088,PROPAGANDA,0.9982109069824219
114783742318054096,NO_PROPAGANDA,0.9987136125564575
114783684148640192,NO_PROPAGANDA,0.9925891160964966
114783678604446726,PROPAGANDA,0.9983651041984558
114783671713858592,NO_PROPAGANDA,0.999215841293335
114783576451483862,PROPAGANDA,0.9983400106430054
114783440783668830,PROPAGANDA,0.998054027557373
114783440783668830,PROPAGANDA,0.9984026551246643
114783440783668830,PROPAGANDA,0.9983245730400085
114781024549214188,PROPAGANDA,0.997620165348053
114780855061509303,PROPAGANDA,0.9979032278060913
114780321031653396,PROPAGANDA,0.8440303802490234
114779538689137058,PROPAGANDA,0.9975179433822632
114779398795489578,PROPAGANDA,0.9981260895729065
114779398795489578,NO_PROPAGANDA,0.9949259757995605
114779396905472324,PROPAGANDA,0.9975810050964355
114779396905472324,NO_PROPAGANDA,0.829784095287323
114779394158777330,PROPAGANDA,0.9983378648757935
114779394158777330,PROPAGANDA,0.9983918070793152
114779394158777330,PROPAGANDA,0.9983375072479248
114779394158777330,PROPAGANDA,0.9982661604881287
114779101486254797,PROPAGANDA,0.9968884587287903
114778184322697237,PROPAGANDA,0.997719943523407
114777786069997459,PROPAGANDA,0.9982765913009644
114777766182702392,PROPAGANDA,0.9982738494873047
114777756807071568,PROPAGANDA,0.9890949130058289
114776149269773065,PROPAGANDA,0.9982781410217285
114776149269773065,PROPAGANDA,0.9975334405899048
114775981239886599,PROPAGANDA,0.9982690811157227
114774905224497775,PROPAGANDA,0.9506922364234924
114773696636727417,NO_PROPAGANDA,0.9324511885643005
114773668772907430,PROPAGANDA,0.9975576400756836
114773601644828833,PROPAGANDA,0.9980100989341736
114773418889111055,PROPAGANDA,0.998130738735199
114772638692282162,PROPAGANDA,0.9983242154121399
114772638692282162,PROPAGANDA,0.9982627034187317
114770956840780267,PROPAGANDA,0.9982763528823853
114770877118105998,PROPAGANDA,0.9980835914611816
114770861740243689,PROPAGANDA,0.9977551102638245
114768769011733248,PROPAGANDA,0.998050332069397
114768737638722781,NO_PROPAGANDA,0.8539746403694153
114768617892207090,PROPAGANDA,0.9982622265815735
114767872591873497,PROPAGANDA,0.9982692003250122
114767860718911509,PROPAGANDA,0.9983817338943481
114767860718911509,PROPAGANDA,0.9970505237579346
114767851616311700,PROPAGANDA,0.9979179501533508
114767834317484874,PROPAGANDA,0.8200075030326843
114767804738090239,PROPAGANDA,0.9980021119117737
114767794156725396,PROPAGANDA,0.9977093935012817
114767780661985069,PROPAGANDA,0.9968292117118835
114767776118163077,PROPAGANDA,0.9981300234794617
114767768162238035,PROPAGANDA,0.9982120990753174
114767761295983837,PROPAGANDA,0.9980423450469971
114767092507731112,PROPAGANDA,0.9977781176567078
114766537622818019,NO_PROPAGANDA,0.9992204904556274
114764965108272159,PROPAGANDA,0.9969899654388428
114764759831258587,PROPAGANDA,0.9977067708969116
114764751535867998,PROPAGANDA,0.9983533620834351
114764751535867998,PROPAGANDA,0.9980757236480713
114764629478113280,PROPAGANDA,0.9061524868011475
114764221948518343,PROPAGANDA,0.9982851147651672
114764221948518343,PROPAGANDA,0.9981684684753418
114764184133829613,PROPAGANDA,0.9963623881340027
114764131885531801,PROPAGANDA,0.9977167844772339
114764131885531801,PROPAGANDA,0.9983565211296082
114764131885531801,PROPAGANDA,0.9982093572616577
114764131885531801,PROPAGANDA,0.997988224029541
114763873373477102,PROPAGANDA,0.9982113838195801
114763460580044614,PROPAGANDA,0.998157799243927
114763460580044614,PROPAGANDA,0.998308539390564
114763460580044614,PROPAGANDA,0.9976428151130676
114762472242144135,PROPAGANDA,0.9696897864341736
114761144946167016,PROPAGANDA,0.9980738162994385
114761132349818150,PROPAGANDA,0.9982494115829468
114760849989232091,PROPAGANDA,0.9983776807785034
114760752117553870,PROPAGANDA,0.9981170892715454
114760648289760105,PROPAGANDA,0.997681736946106
114756430889057942,PROPAGANDA,0.9982794523239136
114756430889057942,PROPAGANDA,0.9982251524925232
114756430889057942,PROPAGANDA,0.9981456995010376
114756430889057942,PROPAGANDA,0.9983410835266113
114758739525947038,PROPAGANDA,0.9982811212539673
114758683463390427,PROPAGANDA,0.998272180557251
114756933255040997,PROPAGANDA,0.9982170462608337
114756915403448417,PROPAGANDA,0.9982720613479614
114756665667022418,PROPAGANDA,0.998282790184021
114756635237936002,PROPAGANDA,0.9983140230178833
114756635237936002,PROPAGANDA,0.9983957409858704
114756567645919781,PROPAGANDA,0.9982574582099915
114756567645919781,PROPAGANDA,0.9914945363998413
114756160140843373,NO_PROPAGANDA,0.9959203004837036
114756147615303122,PROPAGANDA,0.9982268214225769
114755893176827573,PROPAGANDA,0.9984040856361389
114752331258575317,PROPAGANDA,0.9983855485916138
114751880827969695,PROPAGANDA,0.9979731440544128
114751873580495326,PROPAGANDA,0.9979908466339111
114751867931146571,PROPAGANDA,0.9980508089065552
114751173173020083,PROPAGANDA,0.9983311295509338
114751024493648544,PROPAGANDA,0.9873422384262085
114750055630968441,PROPAGANDA,0.9982408285140991
114749872416313793,PROPAGANDA,0.9977661371231079
114749839848044904,NO_PROPAGANDA,0.8654506206512451
114749815668266552,PROPAGANDA,0.9982434511184692
114749586892496748,NO_PROPAGANDA,0.9991273283958435
114749580476669594,PROPAGANDA,0.9972661733627319
114747234182168375,PROPAGANDA,0.9980970025062561
114746355912265245,PROPAGANDA,0.9982596039772034
114746355912265245,PROPAGANDA,0.9979839324951172
114746355912265245,PROPAGANDA,0.9982836246490479
114746355912265245,PROPAGANDA,0.9982864260673523
114746355912265245,PROPAGANDA,0.9982170462608337
114746066225069169,PROPAGANDA,0.9981429576873779
114746066225069169,PROPAGANDA,0.9982579350471497
114745592965123786,PROPAGANDA,0.9983762502670288
114745583467776157,PROPAGANDA,0.9983898401260376
114745462399538854,PROPAGANDA,0.9984084963798523
114745403809459125,PROPAGANDA,0.9983600974082947
114745403809459125,PROPAGANDA,0.996385931968689
114745136248099636,PROPAGANDA,0.9967600703239441
114745046560931403,PROPAGANDA,0.9978117346763611
114744949125614209,PROPAGANDA,0.9983718991279602
114744772916804667,PROPAGANDA,0.9981793165206909
114744747346646288,PROPAGANDA,0.997940719127655
114744712068575344,PROPAGANDA,0.9974325299263
114741178126658442,PROPAGANDA,0.9982848763465881
114744029649091554,PROPAGANDA,0.9980841875076294
114744008368646986,PROPAGANDA,0.9973384737968445
114742858969719244,PROPAGANDA,0.997387707233429
114741478150368433,PROPAGANDA,0.9980397820472717
114741415042752014,PROPAGANDA,0.9979852437973022
114741169404332184,PROPAGANDA,0.9982916712760925
114739855566419753,NO_PROPAGANDA,0.9988730549812317
114739141404923452,PROPAGANDA,0.7729070782661438
114739128116733021,PROPAGANDA,0.9981564879417419
114739026668148625,PROPAGANDA,0.9981061220169067
114739003459183372,PROPAGANDA,0.9973660111427307
114738848114096807,PROPAGANDA,0.9742228388786316
114738729363742349,PROPAGANDA,0.9982233643531799
114738729363742349,PROPAGANDA,0.9982554316520691
114738685142153877,PROPAGANDA,0.9983870983123779
114738685142153877,PROPAGANDA,0.9983314871788025
114738685142153877,PROPAGANDA,0.998234748840332
114738685142153877,PROPAGANDA,0.998384952545166
114738685142153877,PROPAGANDA,0.9982494711875916
114738530800440064,PROPAGANDA,0.9981993436813354
114738530800440064,PROPAGANDA,0.9983280301094055
114738530800440064,PROPAGANDA,0.9983687996864319
114738521695017472,NO_PROPAGANDA,0.6021134257316589
114738519652958827,PROPAGANDA,0.8689295649528503
114738128058193093,PROPAGANDA,0.9967854022979736
114738104789842114,NO_PROPAGANDA,0.90687096118927
114737953503348541,PROPAGANDA,0.9975220561027527
114736702510423652,PROPAGANDA,0.9983162879943848
114736702510423652,PROPAGANDA,0.998035728931427
114736609585800487,PROPAGANDA,0.9956744313240051
114736289471368584,PROPAGANDA,0.9980030655860901
114736040152592105,NO_PROPAGANDA,0.579559326171875
114736023113491933,PROPAGANDA,0.9983049631118774
114735940283355339,PROPAGANDA,0.9959107637405396
114735824993417950,PROPAGANDA,0.9982625842094421
114735727520741150,NO_PROPAGANDA,0.9986498951911926
114734934153569653,PROPAGANDA,0.9969130754470825
114734934153569653,PROPAGANDA,0.9953018426895142
114734934153569653,PROPAGANDA,0.8746861219406128
114734462054466468,PROPAGANDA,0.9975034594535828
114734431573760700,PROPAGANDA,0.996782660484314
114734424268466099,PROPAGANDA,0.9981815814971924
114734424268466099,PROPAGANDA,0.9859659075737
114734021412822365,PROPAGANDA,0.9982853531837463
114734021412822365,PROPAGANDA,0.9983600974082947
114733380709403439,PROPAGANDA,0.9982171654701233
114733380709403439,PROPAGANDA,0.9979709982872009
114732962923492888,PROPAGANDA,0.9980624318122864
114728311939211877,PROPAGANDA,0.998370349407196
114728311939211877,PROPAGANDA,0.9982926249504089
114728311939211877,PROPAGANDA,0.998233437538147
114728311939211877,PROPAGANDA,0.9983900785446167
114728311939211877,PROPAGANDA,0.9978989362716675
114732948019406900,NO_PROPAGANDA,0.9323841333389282
114732938285152785,PROPAGANDA,0.9978267550468445
114732926352136813,PROPAGANDA,0.8918681144714355
114730186433008075,PROPAGANDA,0.9976471066474915
114729086320228278,PROPAGANDA,0.985257089138031
114729050882763672,PROPAGANDA,0.9820898771286011
114729009239087163,PROPAGANDA,0.9970417618751526
114728970221252806,PROPAGANDA,0.9965381622314453
114727722676535055,PROPAGANDA,0.9981753826141357
114724683855260695,PROPAGANDA,0.9939258694648743
114724124909451419,PROPAGANDA,0.9935272336006165
114724122562432505,PROPAGANDA,0.9935272336006165
114724035571020048,PROPAGANDA,0.9971145391464233
114724016661152553,PROPAGANDA,0.9971145391464233
114723536228494118,PROPAGANDA,0.995762825012207
114723363133178364,NO_PROPAGANDA,0.9978843331336975
114722976310902061,PROPAGANDA,0.998199462890625
114722976310902061,PROPAGANDA,0.9981456995010376
114719075688538552,PROPAGANDA,0.9981774091720581
114718089639649418,PROPAGANDA,0.9982922673225403
114718072561660622,PROPAGANDA,0.9982784986495972
114718072561660622,PROPAGANDA,0.9981259703636169
114718072561660622,PROPAGANDA,0.9983118772506714
114717932061341718,PROPAGANDA,0.9980541467666626
114717932061341718,PROPAGANDA,0.9955025315284729
114717932061341718,PROPAGANDA,0.9911689758300781
114717929371967424,PROPAGANDA,0.9981216788291931
114717929371967424,PROPAGANDA,0.998264729976654
114717929371967424,PROPAGANDA,0.9965322017669678
114717929371967424,PROPAGANDA,0.9982931017875671
114717616770198206,PROPAGANDA,0.9965040683746338
114717387393069944,PROPAGANDA,0.6583881974220276
114717387393069944,PROPAGANDA,0.9983323216438293
114716806959439316,PROPAGANDA,0.9979943037033081
114715950565535905,PROPAGANDA,0.9982982277870178
114715950565535905,PROPAGANDA,0.9979639053344727
114715729826234266,PROPAGANDA,0.9931387305259705
114715718665126727,PROPAGANDA,0.9963992834091187
114713649415085279,PROPAGANDA,0.9976933598518372
114713649415085279,PROPAGANDA,0.998377799987793
114712969949709404,PROPAGANDA,0.9982683658599854
114712741765922456,NO_PROPAGANDA,0.9991815686225891
114712684243270785,NO_PROPAGANDA,0.9517995119094849
114712540442241175,PROPAGANDA,0.9974756836891174
114712523496772999,PROPAGANDA,0.9979137778282166
114712424314242751,NO_PROPAGANDA,0.9927489161491394
114712258815748546,PROPAGANDA,0.9977148771286011
114711949674671760,PROPAGANDA,0.9831437468528748
114711899645287088,PROPAGANDA,0.9960513710975647
114711860495264455,PROPAGANDA,0.9943457245826721
114711841928660368,PROPAGANDA,0.9981712102890015
114711204952191010,PROPAGANDA,0.995496392250061
114710716146853661,NO_PROPAGANDA,0.9969492554664612
114710405985383754,PROPAGANDA,0.9983874559402466
114710171329291791,NO_PROPAGANDA,0.9972851276397705
114710162640808420,PROPAGANDA,0.9981594681739807
114710162640808420,PROPAGANDA,0.9983023405075073
114708015987777473,PROPAGANDA,0.9982592463493347
114707471801579663,PROPAGANDA,0.9979445338249207
114707090627277644,PROPAGANDA,0.9982732534408569
114707090627277644,PROPAGANDA,0.998247504234314
114706526713002613,PROPAGANDA,0.9979617595672607
114706499373310642,PROPAGANDA,0.9982787370681763
114706490879434850,PROPAGANDA,0.9982506632804871
114706478430915163,PROPAGANDA,0.9982820749282837
114706428825072905,NO_PROPAGANDA,0.9978214502334595
114702166209750030,NO_PROPAGANDA,0.9917612075805664
114701503810958743,PROPAGANDA,0.9914626479148865
114701503810958743,PROPAGANDA,0.9977251887321472
114700676310138971,PROPAGANDA,0.7706912159919739
114699610769479275,PROPAGANDA,0.9980568289756775
114699514822488706,PROPAGANDA,0.9978607296943665
114699093232790756,PROPAGANDA,0.9983152151107788
114699091687288311,PROPAGANDA,0.9981403350830078
114698784693311065,PROPAGANDA,0.9956627488136292
114697964891587065,PROPAGANDA,0.9982977509498596
114696999897040583,PROPAGANDA,0.998055100440979
114696663907260212,PROPAGANDA,0.9982126951217651
114695621681197460,PROPAGANDA,0.9981284737586975
114695595047194931,PROPAGANDA,0.9980303645133972
114694914840652756,PROPAGANDA,0.9978113770484924
114695407357588413,PROPAGANDA,0.9983018636703491
114691752952220639,PROPAGANDA,0.9982843995094299
114691752952220639,PROPAGANDA,0.9981057643890381
114690267066155731,PROPAGANDA,0.9983378648757935
114690267066155731,PROPAGANDA,0.9977501034736633
114690267066155731,PROPAGANDA,0.9983553290367126
114690267066155731,PROPAGANDA,0.9983432292938232
114690267066155731,PROPAGANDA,0.9982523322105408
114690267066155731,PROPAGANDA,0.9983171224594116
114687664442020232,PROPAGANDA,0.9960250854492188
114687664442020232,PROPAGANDA,0.9973767995834351
114687664442020232,PROPAGANDA,0.9899812340736389
114685507052179501,PROPAGANDA,0.996566653251648
114685424737399826,PROPAGANDA,0.7929232120513916
114683261634430212,NO_PROPAGANDA,0.7534623742103577
114683261634430212,PROPAGANDA,0.9975207448005676
114682713948931541,PROPAGANDA,0.9981690645217896
114682186196359798,PROPAGANDA,0.980943500995636
114682045152197224,PROPAGANDA,0.9293467402458191
114682031038787625,PROPAGANDA,0.9856743216514587
114675841423085927,PROPAGANDA,0.9921157956123352
114675518227311570,PROPAGANDA,0.995699405670166
114675456780398208,PROPAGANDA,0.9974349141120911
114675456780398208,PROPAGANDA,0.9982472658157349
114672890392575865,PROPAGANDA,0.9977292418479919
114672816056718064,PROPAGANDA,0.9983568787574768
114672816056718064,PROPAGANDA,0.9983590245246887
114672684243705829,PROPAGANDA,0.9965676069259644
114672438335170335,PROPAGANDA,0.9966368675231934
114671982391481893,PROPAGANDA,0.9983377456665039
114671982391481893,PROPAGANDA,0.9984062314033508
114671706526373660,PROPAGANDA,0.9984179735183716
114671706526373660,PROPAGANDA,0.9981734752655029
114671706526373660,PROPAGANDA,0.9959140419960022
114671658277148795,PROPAGANDA,0.9974972605705261
114670684664650262,PROPAGANDA,0.9983240962028503
114670486632619754,PROPAGANDA,0.9981412887573242
114670309710000195,PROPAGANDA,0.9982424974441528
114670272796747506,PROPAGANDA,0.9980133771896362
114670179740742664,PROPAGANDA,0.9980500936508179
114670085083632579,PROPAGANDA,0.9979783892631531
114666915445156763,PROPAGANDA,0.9980823993682861
114665579368712289,PROPAGANDA,0.9982028007507324
114665433616155445,PROPAGANDA,0.9981020092964172
114665067086649498,PROPAGANDA,0.9914748668670654
114664867178522750,PROPAGANDA,0.9745787978172302
114664649560601881,PROPAGANDA,0.9972946047782898
114664632971715644,PROPAGANDA,0.9915149211883545
114664350602686558,PROPAGANDA,0.998246431350708
114664317659540633,PROPAGANDA,0.9959890246391296
114661881306639433,NO_PROPAGANDA,0.7376211881637573
114661875773869479,PROPAGANDA,0.9982947707176208
114661616289278861,PROPAGANDA,0.9981505274772644
114661611675544476,PROPAGANDA,0.9980408549308777
114661602710951888,PROPAGANDA,0.998410701751709
114661594047511147,PROPAGANDA,0.9983710646629333
114661594047511147,PROPAGANDA,0.9921682476997375
114660202617448574,PROPAGANDA,0.9983664155006409
114660196568628575,PROPAGANDA,0.9915669560432434
114660052924717461,PROPAGANDA,0.997590184211731
114659367372751138,PROPAGANDA,0.9980728626251221
114659367372751138,PROPAGANDA,0.9978992938995361
114659078711716972,PROPAGANDA,0.983887255191803
114659061147166064,PROPAGANDA,0.9981046915054321
114659061147166064,PROPAGANDA,0.9978992938995361
114656580327959703,PROPAGANDA,0.9982922673225403
114422458760069491,PROPAGANDA,0.9951122403144836
114654893116531233,PROPAGANDA,0.9983676075935364
114654893116531233,PROPAGANDA,0.9961889386177063
114654569890888217,PROPAGANDA,0.9979852437973022
114654277401980803,PROPAGANDA,0.9983100891113281
114654277401980803,PROPAGANDA,0.9980826377868652
114651482271002772,PROPAGANDA,0.9979131817817688
114651470100085455,PROPAGANDA,0.9971242547035217
114651462358753429,PROPAGANDA,0.9982300400733948
114650947329138948,PROPAGANDA,0.998304009437561
114649780431129598,PROPAGANDA,0.9983003735542297
114649780431129598,PROPAGANDA,0.9972122311592102
114646378582957392,PROPAGANDA,0.9979075193405151
114646378582957392,PROPAGANDA,0.9971576929092407
114644899133296098,PROPAGANDA,0.9979523420333862
114643566832017351,PROPAGANDA,0.9982598423957825
114643062948888802,NO_PROPAGANDA,0.9975645542144775
114638898863359142,PROPAGANDA,0.9968728423118591
114638762489499883,NO_PROPAGANDA,0.9990492463111877
114615789779283288,PROPAGANDA,0.9983286261558533
114588676677846192,PROPAGANDA,0.9925509691238403
114637838750311907,NO_PROPAGANDA,0.9989836812019348
114637837347707659,NO_PROPAGANDA,0.6516993045806885
114637837347707659,PROPAGANDA,0.7453233003616333
114637373477221541,PROPAGANDA,0.9982621073722839
114637373477221541,PROPAGANDA,0.9978443384170532
114636826069773755,PROPAGANDA,0.9973961114883423
114636734825372318,PROPAGANDA,0.9971400499343872
114636703372425608,PROPAGANDA,0.9981993436813354
114636535351943737,PROPAGANDA,0.9890506267547607
114636249329541108,PROPAGANDA,0.9980193376541138
114636148473122568,PROPAGANDA,0.9984140396118164
114636148473122568,PROPAGANDA,0.9983035326004028
114632555927229642,PROPAGANDA,0.9983231425285339
114632206992330264,PROPAGANDA,0.9974783062934875
114632205177163456,PROPAGANDA,0.9982070922851562
114631720913326891,NO_PROPAGANDA,0.9935765862464905
114631700173877454,NO_PROPAGANDA,0.9988395571708679
114631660775512688,NO_PROPAGANDA,0.9988395571708679
114631479329996984,PROPAGANDA,0.9970120191574097
114631295762726849,PROPAGANDA,0.9789096713066101
114631295762726849,PROPAGANDA,0.9702526926994324
114631295762726849,NO_PROPAGANDA,0.9895744919776917
114627858736860268,PROPAGANDA,0.9971987009048462
114626401432609274,PROPAGANDA,0.997962474822998
114626392475682581,PROPAGANDA,0.9976315498352051
114626383407680212,NO_PROPAGANDA,0.9966762065887451
114626383407680212,PROPAGANDA,0.8353736996650696
114626383407680212,PROPAGANDA,0.9881226420402527
114626260163622304,PROPAGANDA,0.9982777833938599
114626260163622304,NO_PROPAGANDA,0.9120285511016846
114626083142393611,NO_PROPAGANDA,0.9966762065887451
114626083142393611,PROPAGANDA,0.8353736996650696
114626083142393611,PROPAGANDA,0.9881226420402527
114625064616541014,PROPAGANDA,0.9981285929679871
114623678380515184,PROPAGANDA,0.9979372024536133
114623644825050017,PROPAGANDA,0.9972870349884033
114623632387180206,PROPAGANDA,0.9936642646789551
114619648032728687,PROPAGANDA,0.9983640313148499
114619628833129608,PROPAGANDA,0.992672324180603
114617666432673584,PROPAGANDA,0.984857439994812
114617654959425582,PROPAGANDA,0.9966278672218323
114617605450196006,PROPAGANDA,0.9977256655693054
114616421679095002,PROPAGANDA,0.9701711535453796
114616351910119498,PROPAGANDA,0.9975045323371887
114616348045430286,PROPAGANDA,0.9983068704605103
114616207227510153,PROPAGANDA,0.9982582926750183
114616207227510153,PROPAGANDA,0.998282790184021
114616192602509494,PROPAGANDA,0.99834144115448
114616192602509494,PROPAGANDA,0.9983866214752197
114616192602509494,PROPAGANDA,0.9983624815940857
114616192602509494,NO_PROPAGANDA,0.9971166849136353
114616063852488330,PROPAGANDA,0.9978729486465454
114616038217949758,PROPAGANDA,0.9970295429229736
114614695646992423,PROPAGANDA,0.9983772039413452
114614695646992423,PROPAGANDA,0.9971823692321777
114609401400916551,PROPAGANDA,0.998257577419281
114609088288599288,PROPAGANDA,0.9981998205184937
114608902357322907,NO_PROPAGANDA,0.998678982257843
114608606195747467,PROPAGANDA,0.9982922673225403
114606254307800195,PROPAGANDA,0.9950686693191528
114605559474286180,PROPAGANDA,0.9961666464805603
114605138646113482,NO_PROPAGANDA,0.9736185669898987
114604843743831040,PROPAGANDA,0.9973583817481995
114604190866906781,PROPAGANDA,0.9981525540351868
114604190866906781,PROPAGANDA,0.9978436231613159
114600725746969368,PROPAGANDA,0.9976949095726013
114602636801002520,PROPAGANDA,0.9981943964958191
114602629020606637,PROPAGANDA,0.9980716109275818
114599862399252900,PROPAGANDA,0.9975090026855469
114599860448694296,PROPAGANDA,0.9980734586715698
114599557006933759,PROPAGANDA,0.9982275366783142
114599330494282325,PROPAGANDA,0.9977396726608276
114599417835206103,PROPAGANDA,0.9976853132247925
114599331546886838,PROPAGANDA,0.9976913928985596
114598871073067083,NO_PROPAGANDA,0.9603143334388733
114598642369146101,PROPAGANDA,0.9982922673225403
114598281297498204,PROPAGANDA,0.9983069896697998
114598269085729861,PROPAGANDA,0.9981833100318909
114598088958949368,NO_PROPAGANDA,0.9291650652885437
114597966895334541,PROPAGANDA,0.9982125759124756
114597874618991073,PROPAGANDA,0.9978134632110596
114597085726163793,PROPAGANDA,0.99798583984375
114597726905289988,PROPAGANDA,0.9983463287353516
114597726905289988,PROPAGANDA,0.9928567409515381
114596705340367716,PROPAGANDA,0.9978698492050171
114596705340367716,PROPAGANDA,0.9980173110961914
114594463510818001,PROPAGANDA,0.5642046928405762
114593895018014960,PROPAGANDA,0.9962375164031982
114593880455063168,PROPAGANDA,0.9983507394790649
114593880455063168,PROPAGANDA,0.9983447790145874
114593880455063168,PROPAGANDA,0.9982250332832336
114593880455063168,PROPAGANDA,0.9977474808692932
114593880455063168,PROPAGANDA,0.9983617663383484
114593880455063168,PROPAGANDA,0.9983850717544556
114593880455063168,PROPAGANDA,0.9977474808692932
114593467159196179,PROPAGANDA,0.995314359664917
114588947311720532,NO_PROPAGANDA,0.9990322589874268
114588267526398401,PROPAGANDA,0.9982921481132507
114588267526398401,PROPAGANDA,0.9983456134796143
114587834569910458,NO_PROPAGANDA,0.7475225329399109
114587450000198620,PROPAGANDA,0.9976149797439575
114587450000198620,PROPAGANDA,0.9966614246368408
114587449190015002,PROPAGANDA,0.9977434873580933
114587449190015002,PROPAGANDA,0.9982613921165466
114587448932259485,PROPAGANDA,0.9966297745704651
114587448932259485,PROPAGANDA,0.9979643821716309
114587447392412802,PROPAGANDA,0.9983495473861694
114587447106051612,PROPAGANDA,0.9981665015220642
114587447106051612,NO_PROPAGANDA,0.90996253490448
114587010981213926,PROPAGANDA,0.9956666231155396
114587010981213926,PROPAGANDA,0.9982958436012268
114586960080176462,PROPAGANDA,0.9977855682373047
114586226007898415,PROPAGANDA,0.9404820203781128
114582141732207441,PROPAGANDA,0.9980645775794983
114582052493616430,PROPAGANDA,0.9983783960342407
114582051233743955,PROPAGANDA,0.9981673955917358
114582050209637823,PROPAGANDA,0.9982093572616577
114582050209637823,PROPAGANDA,0.9982224106788635
114582050209637823,PROPAGANDA,0.9980521202087402
114581970051938528,PROPAGANDA,0.9983099699020386
114581050750543458,PROPAGANDA,0.9981694221496582
114580564427808609,PROPAGANDA,0.997759222984314
114580018376822663,PROPAGANDA,0.9973742961883545
114580018376822663,PROPAGANDA,0.9282549023628235
114579949187402607,PROPAGANDA,0.9982140064239502
114579949187402607,PROPAGANDA,0.9983112812042236
114575749717831050,PROPAGANDA,0.9982923865318298
114575749717831050,PROPAGANDA,0.9983137845993042
114575749717831050,PROPAGANDA,0.9982636570930481
114574280556211991,NO_PROPAGANDA,0.9982964396476746
114574185207174304,PROPAGANDA,0.9983606934547424
114574126417705588,PROPAGANDA,0.9978085160255432
114574087342675789,PROPAGANDA,0.9982006549835205
114573960971600808,PROPAGANDA,0.9979326725006104
114573871728757682,PROPAGANDA,0.9983736276626587
114573871728757682,PROPAGANDA,0.9983077049255371
114573871728757682,PROPAGANDA,0.9983477592468262
114573871728757682,PROPAGANDA,0.995603084564209
114573811251951785,PROPAGANDA,0.9983736276626587
114573811251951785,PROPAGANDA,0.9983310103416443
114573811251951785,PROPAGANDA,0.9983581900596619
114573811251951785,PROPAGANDA,0.995603084564209
114571369956761390,PROPAGANDA,0.9982056617736816
114571369956761390,PROPAGANDA,0.9983766078948975
114571149026549724,PROPAGANDA,0.9979926347732544
114571147521146559,PROPAGANDA,0.9944000840187073
114570969019320314,PROPAGANDA,0.9980770349502563
114570969019320314,PROPAGANDA,0.9983515739440918
114570968024837869,PROPAGANDA,0.9981970191001892
114570968024837869,PROPAGANDA,0.9982069730758667
114570967137329867,PROPAGANDA,0.9981285929679871
114570967137329867,PROPAGANDA,0.9983556866645813
114570966776768541,PROPAGANDA,0.9982244372367859
114570966776768541,PROPAGANDA,0.998276948928833
114570775887793036,NO_PROPAGANDA,0.9989873766899109
114569972014269696,PROPAGANDA,0.9940816760063171
114569053524453729,PROPAGANDA,0.9982408285140991
114566671392866950,PROPAGANDA,0.9969146251678467
114566671392866950,NO_PROPAGANDA,0.5764997601509094
114563539540146112,PROPAGANDA,0.996712327003479
114563536387902596,PROPAGANDA,0.9978894591331482
114559436943598657,NO_PROPAGANDA,0.9983356595039368
114558786117625961,PROPAGANDA,0.9978737831115723
114558783827880495,PROPAGANDA,0.9951536655426025
114558783827880495,PROPAGANDA,0.9980284571647644
114556968834547173,PROPAGANDA,0.9981383085250854
114556968834547173,NO_PROPAGANDA,0.9990598559379578
114556874484491575,NO_PROPAGANDA,0.9989204406738281
114556558074574515,PROPAGANDA,0.9962189793586731
114556494480941887,NO_PROPAGANDA,0.9958055019378662
114553874373379109,PROPAGANDA,0.9679384827613831
114553874373379109,PROPAGANDA,0.9469017386436462
114553573338999017,PROPAGANDA,0.9970486760139465
114552899639158114,PROPAGANDA,0.9976361989974976
114552899639158114,PROPAGANDA,0.9947283864021301
114552682280589564,PROPAGANDA,0.9982953667640686
114552682280589564,PROPAGANDA,0.9983890056610107
114552682280589564,PROPAGANDA,0.9980807304382324
114551462787614405,PROPAGANDA,0.9983201622962952
114551462787614405,PROPAGANDA,0.9982590079307556
114551462787614405,PROPAGANDA,0.9984152317047119
114549529250052858,PROPAGANDA,0.9982509016990662
114548257487682819,NO_PROPAGANDA,0.993096649646759
114548173601756486,PROPAGANDA,0.9920819997787476
114548118858217926,NO_PROPAGANDA,0.9984937906265259
114542709133462503,PROPAGANDA,0.9983227849006653
114542709133462503,PROPAGANDA,0.9977705478668213
114541917095503331,PROPAGANDA,0.9982290863990784
114541915757167539,PROPAGANDA,0.9983459711074829
114541915757167539,PROPAGANDA,0.9983372688293457
114541915757167539,PROPAGANDA,0.9979639053344727
114540150008777841,PROPAGANDA,0.9978531002998352
114536543500030486,PROPAGANDA,0.9981866478919983
114536534087665403,PROPAGANDA,0.9855579733848572
114536528043211432,PROPAGANDA,0.9982761144638062
114535693441367601,PROPAGANDA,0.9935827851295471
114535693441367601,PROPAGANDA,0.9978204965591431
114535693441367601,NO_PROPAGANDA,0.9967722296714783
114534665591178846,PROPAGANDA,0.9983867406845093
114532867603994760,PROPAGANDA,0.9982536435127258
114532867603994760,PROPAGANDA,0.9983627200126648
114532661695212310,PROPAGANDA,0.9982117414474487
114530973523345791,NO_PROPAGANDA,0.9588239789009094
114529184615531808,PROPAGANDA,0.9981223940849304
114524826400186777,PROPAGANDA,0.9821910858154297
114526479593964662,PROPAGANDA,0.998292863368988
114526479593964662,PROPAGANDA,0.998197615146637
114524060091132104,PROPAGANDA,0.9980949759483337
114523473765901913,PROPAGANDA,0.9983364939689636
114518493026564814,PROPAGANDA,0.9967771172523499
114523811882470999,PROPAGANDA,0.9979460835456848
114523762104941397,PROPAGANDA,0.9973220229148865
114523762104941397,PROPAGANDA,0.9703323841094971
114523638623110397,PROPAGANDA,0.937751293182373
114523195208653918,PROPAGANDA,0.998263418674469
114523195208653918,PROPAGANDA,0.9983090162277222
114523195208653918,PROPAGANDA,0.9984036087989807
114519975763098371,PROPAGANDA,0.997998058795929
114519965289784767,PROPAGANDA,0.7724764943122864
114519940139500510,PROPAGANDA,0.8350474834442139
114519933006186542,NO_PROPAGANDA,0.9951050281524658
114519753109701350,PROPAGANDA,0.998251736164093
114519753109701350,PROPAGANDA,0.9983577132225037
114519753109701350,PROPAGANDA,0.9982751607894897
114519567610751944,PROPAGANDA,0.9982267022132874
114519155449905842,PROPAGANDA,0.9981812238693237
114519155449905842,PROPAGANDA,0.9983267188072205
114519155449905842,PROPAGANDA,0.9982970356941223
114519155449905842,PROPAGANDA,0.9979019165039062
114518115625400272,PROPAGANDA,0.9980975985527039
114518115625400272,PROPAGANDA,0.9983589053153992
114517897638237566,PROPAGANDA,0.9983987212181091
114517897638237566,PROPAGANDA,0.9978867173194885
114517896576879203,PROPAGANDA,0.9983935952186584
114517896576879203,PROPAGANDA,0.9983564019203186
114517773720445162,PROPAGANDA,0.9983800649642944
114517718765768352,PROPAGANDA,0.9969083666801453
114516603030095775,NO_PROPAGANDA,0.9982898831367493
114515613065520300,PROPAGANDA,0.998383641242981
114511762010659631,PROPAGANDA,0.9742233753204346
114511710554568353,PROPAGANDA,0.9983052015304565
114511710554568353,PROPAGANDA,0.9983757734298706
114511710554568353,PROPAGANDA,0.9980972409248352
114511710554568353,PROPAGANDA,0.9974527955055237
114511127013656727,PROPAGANDA,0.9673973321914673
114507081704840744,PROPAGANDA,0.997617781162262
114503502008248477,PROPAGANDA,0.9983538389205933
114503271564721427,PROPAGANDA,0.998273491859436
114503286961115745,PROPAGANDA,0.9982883334159851
114503273823248249,PROPAGANDA,0.9798475503921509
114503289790683514,PROPAGANDA,0.9788687825202942
114503276771775504,PROPAGANDA,0.995927631855011
114503282584841270,PROPAGANDA,0.9981726408004761
114503203859060399,PROPAGANDA,0.9969494938850403
114503203859060399,PROPAGANDA,0.9982591271400452
114502263160167723,NO_PROPAGANDA,0.988686203956604
114501781259201749,NO_PROPAGANDA,0.9993724226951599
114501759958997511,PROPAGANDA,0.9981372356414795
114496851630865496,PROPAGANDA,0.9983232617378235
114498083205032077,PROPAGANDA,0.9979926347732544
114497679502484164,PROPAGANDA,0.9979066848754883
114497218878772156,PROPAGANDA,0.9980860948562622
114497218878772156,PROPAGANDA,0.9982240796089172
114497218878772156,PROPAGANDA,0.9983737468719482
114497218878772156,PROPAGANDA,0.9981169700622559
114496961305632019,PROPAGANDA,0.9983887672424316
114495946485549840,PROPAGANDA,0.9983072280883789
114495946485549840,PROPAGANDA,0.9974024891853333
114495946485549840,PROPAGANDA,0.998206377029419
114495828046526222,PROPAGANDA,0.9983555674552917
114495819579444373,PROPAGANDA,0.9970856308937073
114495805003498315,PROPAGANDA,0.9532056450843811
114495789264464415,PROPAGANDA,0.9982959628105164
114495777170382544,PROPAGANDA,0.9982530474662781
114494372667836601,PROPAGANDA,0.6695659160614014
114494359849751984,PROPAGANDA,0.997992753982544
114492082555622686,PROPAGANDA,0.9983184337615967
114491949696762931,PROPAGANDA,0.9984322190284729
114491594957458207,PROPAGANDA,0.9980706572532654
114491594957458207,PROPAGANDA,0.9978775978088379
114491534347862682,PROPAGANDA,0.9982359409332275
114491534347862682,PROPAGANDA,0.9982557892799377
114491534347862682,PROPAGANDA,0.9981485605239868
114491534347862682,PROPAGANDA,0.9981173276901245
114490623566091525,PROPAGANDA,0.9980612397193909
114490604608562822,PROPAGANDA,0.9983386993408203
114490277514269016,PROPAGANDA,0.9984070658683777
114490277514269016,PROPAGANDA,0.998273491859436
114490093180275292,NO_PROPAGANDA,0.6049480438232422
114490093180275292,PROPAGANDA,0.9976950287818909
114486249003156970,PROPAGANDA,0.9979774355888367
114487222858029279,PROPAGANDA,0.9958750605583191
114487210304050642,PROPAGANDA,0.9978325963020325
114487190752990599,PROPAGANDA,0.9982184767723083
114487190752990599,NO_PROPAGANDA,0.6372849345207214
114487151591253235,PROPAGANDA,0.9982132911682129
114487151591253235,NO_PROPAGANDA,0.6372849345207214
114486066663976973,PROPAGANDA,0.9672231078147888
114484272669802796,PROPAGANDA,0.9975665807723999
114484269924159482,NO_PROPAGANDA,0.997053861618042
114484265663388527,PROPAGANDA,0.998375415802002
114484265663388527,PROPAGANDA,0.9974492192268372
114483405683675564,NO_PROPAGANDA,0.7034381031990051
114480839195032975,PROPAGANDA,0.9983699917793274
114480087342467417,PROPAGANDA,0.9982689619064331
114480087342467417,PROPAGANDA,0.9975559711456299
114480048504802354,PROPAGANDA,0.9983264803886414
114480048117794658,PROPAGANDA,0.9982158541679382
114480047403137321,PROPAGANDA,0.9982895255088806
114480047403137321,PROPAGANDA,0.9980265498161316
114480045872688080,PROPAGANDA,0.998212456703186
114480037543029538,PROPAGANDA,0.9983464479446411
114478780390671313,PROPAGANDA,0.9982466697692871
114478780390671313,PROPAGANDA,0.9980483055114746
114478777761818193,PROPAGANDA,0.9983348250389099
114478160839858570,PROPAGANDA,0.9983651041984558
114478129470076553,PROPAGANDA,0.9910795092582703
114477930037382424,PROPAGANDA,0.997523844242096
114477701321152097,PROPAGANDA,0.9984209537506104
114477628854583525,NO_PROPAGANDA,0.9988082647323608
114477610338144415,NO_PROPAGANDA,0.9789972901344299
114474760680232575,PROPAGANDA,0.9979129433631897
114474584669905764,PROPAGANDA,0.9605715274810791
114474584669905764,PROPAGANDA,0.9846712946891785
114474584669905764,PROPAGANDA,0.6918135285377502
114474472707126728,PROPAGANDA,0.9970036149024963
114474472453521323,PROPAGANDA,0.9982112646102905
114474471365155157,PROPAGANDA,0.998158872127533
114474470666888173,PROPAGANDA,0.9982931017875671
114474470016240455,PROPAGANDA,0.9982890486717224
114474469364898946,PROPAGANDA,0.9982740879058838
114474468725706522,PROPAGANDA,0.9982574582099915
114474468098464790,PROPAGANDA,0.9983094930648804
114474467319531911,PROPAGANDA,0.9979336261749268
114474467319531911,PROPAGANDA,0.9983534812927246
114474466584246331,PROPAGANDA,0.9981243014335632
114474465286880800,PROPAGANDA,0.9980449676513672
114474464809294039,PROPAGANDA,0.9980886578559875
114474464809294039,PROPAGANDA,0.9977845549583435
114474417554010988,PROPAGANDA,0.9964367151260376
114474136794655068,PROPAGANDA,0.9953072667121887
114474136794655068,PROPAGANDA,0.9914799928665161
114474136573150113,PROPAGANDA,0.9984158277511597
114473380014194441,PROPAGANDA,0.9974209070205688
114472802068018414,PROPAGANDA,0.9978723526000977
114472802068018414,PROPAGANDA,0.9954630732536316
114471776222344399,PROPAGANDA,0.9981632828712463
114471750357100883,PROPAGANDA,0.9979773163795471
114471687266303772,PROPAGANDA,0.9965923428535461
114471661029075259,PROPAGANDA,0.8374664187431335
114471558043712137,PROPAGANDA,0.9934681057929993
114469488580251681,PROPAGANDA,0.9981404542922974
114468755257430424,PROPAGANDA,0.9982516169548035
114468502752133916,PROPAGANDA,0.9982017278671265
114468502752133916,PROPAGANDA,0.9972477555274963
114468288296746153,PROPAGANDA,0.9971539974212646
114468257803426979,NO_PROPAGANDA,0.9927664995193481
114468174830884590,NO_PROPAGANDA,0.9990488886833191
114466868060900843,PROPAGANDA,0.9982786178588867
114466820318104255,PROPAGANDA,0.9982709884643555
114466820318104255,PROPAGANDA,0.9984219074249268
114466820318104255,PROPAGANDA,0.9983166456222534
114466802601303034,NO_PROPAGANDA,0.9930189251899719
114464206114299371,NO_PROPAGANDA,0.98037189245224
114463623151906341,PROPAGANDA,0.9983110427856445
114463623151906341,PROPAGANDA,0.9964840412139893
114463589898854957,PROPAGANDA,0.9981092214584351
114463344803228045,NO_PROPAGANDA,0.9930275082588196
114463309556144556,PROPAGANDA,0.9983470439910889
114462869802626948,PROPAGANDA,0.9976436495780945
114462869802626948,PROPAGANDA,0.9981936812400818
114462869560496665,PROPAGANDA,0.9979081153869629
114462869560496665,PROPAGANDA,0.9972242116928101
114462868808829711,PROPAGANDA,0.9977554678916931
114462868808829711,PROPAGANDA,0.9774420261383057
114462868084205660,PROPAGANDA,0.9983674883842468
114462868084205660,PROPAGANDA,0.9981192946434021
114462867354665095,PROPAGANDA,0.9980541467666626
114462867354665095,PROPAGANDA,0.9980625510215759
114462557388994627,NO_PROPAGANDA,0.9608417749404907
114462513304037389,NO_PROPAGANDA,0.644044816493988
114462513304037389,PROPAGANDA,0.9864761233329773
114462406492811838,PROPAGANDA,0.9786319732666016
114462333132374383,PROPAGANDA,0.9981096982955933
114461575736468146,PROPAGANDA,0.9883620142936707
114461575736468146,PROPAGANDA,0.9979321956634521
114458094742048024,PROPAGANDA,0.9510481357574463
114461333871544277,PROPAGANDA,0.99741530418396
114461327233567337,NO_PROPAGANDA,0.9986357092857361
114458145511409310,PROPAGANDA,0.9983229041099548
114458100604424846,PROPAGANDA,0.9976139068603516
114458023850536968,NO_PROPAGANDA,0.9992647767066956
114457993936599790,PROPAGANDA,0.9977306723594666
114457993936599790,PROPAGANDA,0.9982321858406067
114457993936599790,PROPAGANDA,0.9976892471313477
114457992767716636,PROPAGANDA,0.9983377456665039
114457992767716636,PROPAGANDA,0.9983331561088562
114457666559426766,PROPAGANDA,0.9980485439300537
114457666559426766,PROPAGANDA,0.9453694224357605
114457666559426766,PROPAGANDA,0.9979639053344727
114456528966782457,NO_PROPAGANDA,0.9994412064552307
114456520145752092,NO_PROPAGANDA,0.9991437196731567
114456026572229510,PROPAGANDA,0.9966245889663696
114455976603502389,PROPAGANDA,0.9973090887069702
114455860282159313,NO_PROPAGANDA,0.8556516170501709
114455860282159313,PROPAGANDA,0.9979040622711182
114455776425590388,NO_PROPAGANDA,0.9984240531921387
114455616542958903,PROPAGANDA,0.9928966164588928
114455608513522948,PROPAGANDA,0.9952678084373474
114452877224020351,PROPAGANDA,0.9983356595039368
114452117143235155,PROPAGANDA,0.998248815536499
114452117143235155,PROPAGANDA,0.9971364736557007
114452025916969327,PROPAGANDA,0.9984118938446045
114452025916969327,PROPAGANDA,0.998383641242981
114452025916969327,PROPAGANDA,0.9982467889785767
114451972448301240,PROPAGANDA,0.998285710811615
114451970991645838,PROPAGANDA,0.9979926347732544
114451070372643732,PROPAGANDA,0.998369038105011
114450740029144099,NO_PROPAGANDA,0.9988138675689697
114450726968071164,NO_PROPAGANDA,0.9971845746040344
114450707221467337,PROPAGANDA,0.998314619064331
114450692045400819,PROPAGANDA,0.9951748251914978
114450683496592465,NO_PROPAGANDA,0.9963627457618713
114442321106427795,PROPAGANDA,0.9983680844306946
114438330555648164,PROPAGANDA,0.9267845749855042
114439107916833647,PROPAGANDA,0.9975342750549316
114439099692439204,PROPAGANDA,0.9916748404502869
114438304481024140,PROPAGANDA,0.9896482825279236
114437989795464761,PROPAGANDA,0.9982774257659912
114436168298983317,PROPAGANDA,0.9971300959587097
114436168298983317,PROPAGANDA,0.9974818825721741
114436165701323476,PROPAGANDA,0.9969306588172913
114436142904738936,PROPAGANDA,0.9983811378479004
114436142904738936,PROPAGANDA,0.998063862323761
114436142904738936,PROPAGANDA,0.998342752456665
114436142904738936,PROPAGANDA,0.9983903169631958
114436142904738936,PROPAGANDA,0.9983114004135132
114435902192931017,PROPAGANDA,0.996171772480011
114435902192931017,PROPAGANDA,0.9838563203811646
114435073705713456,PROPAGANDA,0.9944100975990295
114433959082847679,PROPAGANDA,0.7188900709152222
114433942825461076,PROPAGANDA,0.9943729639053345
114433942825461076,PROPAGANDA,0.9981629252433777
114432976140064253,NO_PROPAGANDA,0.9941441416740417
114432954072144063,PROPAGANDA,0.995646059513092
114429927898017911,PROPAGANDA,0.9981346130371094
114427400349569499,NO_PROPAGANDA,0.9963448643684387
114427214911868233,PROPAGANDA,0.9983503818511963
114427214911868233,PROPAGANDA,0.9983144998550415
114427214911868233,PROPAGANDA,0.9983920454978943
114427214911868233,PROPAGANDA,0.9983119964599609
114427137926930516,PROPAGANDA,0.9983503818511963
114427137926930516,PROPAGANDA,0.9983144998550415
114427137926930516,PROPAGANDA,0.9983920454978943
114427137926930516,PROPAGANDA,0.9983119964599609
114427089568235019,PROPAGANDA,0.9979265928268433
114423346072431156,PROPAGANDA,0.9981569647789001
114422079545251980,PROPAGANDA,0.9970044493675232
114422033648855386,PROPAGANDA,0.9979897737503052
114421994793893090,PROPAGANDA,0.9981727600097656
114421964827021828,PROPAGANDA,0.9982869029045105
114421957758661888,PROPAGANDA,0.9979617595672607
114421954020400846,PROPAGANDA,0.9981707334518433
114421954020400846,PROPAGANDA,0.9979599714279175
114421928785432623,PROPAGANDA,0.9983015060424805
114421922580096394,PROPAGANDA,0.9976807832717896
114421921447347549,PROPAGANDA,0.9972184896469116
114421883134626921,NO_PROPAGANDA,0.9991827607154846
114421868853801846,PROPAGANDA,0.9980077147483826
114421856443198074,PROPAGANDA,0.8999727368354797
114421826540167059,PROPAGANDA,0.9983910918235779
114421805011603196,PROPAGANDA,0.9973141551017761
114421780282411315,PROPAGANDA,0.9926862716674805
114421764021968021,PROPAGANDA,0.9982767105102539
114421737602815558,PROPAGANDA,0.997168242931366
114421724824943399,PROPAGANDA,0.9980505704879761
114421712482899408,PROPAGANDA,0.9832524061203003
114421694015203048,PROPAGANDA,0.6075867414474487
114421671249396448,NO_PROPAGANDA,0.9985882639884949
114421633366824263,NO_PROPAGANDA,0.9969462752342224
114421606759697277,PROPAGANDA,0.9290197491645813
114421082367450202,PROPAGANDA,0.9953474402427673
114419185611217033,PROPAGANDA,0.9980971217155457
114419175691843654,PROPAGANDA,0.9979007244110107
114418229780158440,PROPAGANDA,0.9981993436813354
114415903776055788,NO_PROPAGANDA,0.9993836879730225
114417662551888762,PROPAGANDA,0.9983586668968201
114417662061589259,PROPAGANDA,0.9983586668968201
114417364027219606,PROPAGANDA,0.9980151653289795
114417364027219606,PROPAGANDA,0.9980947375297546
114417332210818903,PROPAGANDA,0.939273476600647
114417332210818903,PROPAGANDA,0.9980698227882385
114377783798888758,PROPAGANDA,0.9983086585998535
114377783798888758,PROPAGANDA,0.9980132579803467
114417114971503482,PROPAGANDA,0.9982360601425171
114417114971503482,PROPAGANDA,0.9967309236526489
114417102068372350,PROPAGANDA,0.9981903433799744
114417101345799325,PROPAGANDA,0.9978315234184265
114417100472347708,PROPAGANDA,0.9981945157051086
114417100472347708,PROPAGANDA,0.9978969097137451
114416887168755037,PROPAGANDA,0.997478187084198
114415618596069518,PROPAGANDA,0.9981173276901245
114415618596069518,PROPAGANDA,0.998335063457489
114414928875781139,PROPAGANDA,0.9978532195091248
114414895289941753,PROPAGANDA,0.9982585310935974
114414863742664682,PROPAGANDA,0.9981667995452881
114414863742664682,PROPAGANDA,0.9983736276626587
114414863742664682,PROPAGANDA,0.9983084201812744
114412405334656020,PROPAGANDA,0.9983497858047485
114412380099590919,PROPAGANDA,0.9981020092964172
114412380099590919,PROPAGANDA,0.99810791015625
114411308844416576,PROPAGANDA,0.99834144115448
114411308844416576,PROPAGANDA,0.9982960820198059
114411159111822314,PROPAGANDA,0.9981107711791992
114411159111822314,PROPAGANDA,0.9976999163627625
114411157925493893,PROPAGANDA,0.9981618523597717
114410073592204291,PROPAGANDA,0.9969896078109741
114410037014364322,PROPAGANDA,0.9973082542419434
114406186212473866,PROPAGANDA,0.9983758926391602
114406186212473866,PROPAGANDA,0.9969342947006226
114406185820566958,PROPAGANDA,0.9971693158149719
114404524335638236,PROPAGANDA,0.9983382225036621
114404524335638236,PROPAGANDA,0.9983592629432678
114404524335638236,PROPAGANDA,0.9982786178588867
114404524335638236,PROPAGANDA,0.9980143308639526
114400805703099287,PROPAGANDA,0.9981982111930847
114400583767375750,PROPAGANDA,0.9982510209083557
114400448382660700,PROPAGANDA,0.9976644515991211
114400030944429028,PROPAGANDA,0.9869373440742493
114399870830051429,PROPAGANDA,0.9979490637779236
114398053438634680,PROPAGANDA,0.8405454158782959
114398045845237473,PROPAGANDA,0.9980314373970032
114393736523039807,PROPAGANDA,0.997775137424469
114393736523039807,PROPAGANDA,0.9982485771179199
114393469355437462,PROPAGANDA,0.9980021119117737
114393275364471638,PROPAGANDA,0.9984025359153748
114393194962253226,PROPAGANDA,0.9984014630317688
114393194962253226,PROPAGANDA,0.9984052777290344
114392937947872770,PROPAGANDA,0.9973345994949341
114392923237368367,PROPAGANDA,0.9961422085762024
114392734082544469,PROPAGANDA,0.996344268321991
114392724515353626,PROPAGANDA,0.9983431100845337
114388111141848447,PROPAGANDA,0.9899191856384277
114388111141848447,PROPAGANDA,0.9981876015663147
114388111141848447,PROPAGANDA,0.9973849654197693
114388111141848447,PROPAGANDA,0.998023509979248
114387538306195784,PROPAGANDA,0.9983474016189575
114387538306195784,PROPAGANDA,0.9984073042869568
114382687269815844,PROPAGANDA,0.9981112480163574
114382248962521077,NO_PROPAGANDA,0.9986068606376648
114381682443037273,PROPAGANDA,0.9714686870574951
114379314291410399,NO_PROPAGANDA,0.9769405126571655
114378371957337028,PROPAGANDA,0.9983310103416443
114378317437182332,PROPAGANDA,0.9983886480331421
114378287917044509,PROPAGANDA,0.9981791973114014
114378035138845295,PROPAGANDA,0.9983630776405334
114378035138845295,PROPAGANDA,0.9983240962028503
114377993807616549,PROPAGANDA,0.9982169270515442
114377993807616549,PROPAGANDA,0.998327910900116
114377993807616549,PROPAGANDA,0.9982261061668396
114377993063822566,PROPAGANDA,0.9982484579086304
114377719179993844,NO_PROPAGANDA,0.9599062204360962
114376655236734018,NO_PROPAGANDA,0.9988879561424255
114376655236734018,NO_PROPAGANDA,0.9939845204353333
114376655236734018,NO_PROPAGANDA,0.9771721959114075
114376239725335883,PROPAGANDA,0.9982162117958069
114376239725335883,PROPAGANDA,0.8408131003379822
114375838396081159,NO_PROPAGANDA,0.6345536112785339
114372351596556599,PROPAGANDA,0.9976721405982971
114372350378942829,PROPAGANDA,0.9980766773223877
114372349322321344,PROPAGANDA,0.9982871413230896
114372349322321344,PROPAGANDA,0.9984093308448792
114372346621591852,PROPAGANDA,0.7718781232833862
114372341048664554,PROPAGANDA,0.9968351721763611
114226364881308099,PROPAGANDA,0.9983365535736084
114226364881308099,PROPAGANDA,0.997094988822937
114372165978000486,PROPAGANDA,0.8990685343742371
114372126396548824,PROPAGANDA,0.9899765849113464
114372102982066647,PROPAGANDA,0.9977037310600281
114372085732582216,PROPAGANDA,0.9980306029319763
114372052807631514,PROPAGANDA,0.9977371692657471
114372038178954425,PROPAGANDA,0.9975677132606506
114370637123886922,PROPAGANDA,0.9981076717376709
114370361342759621,PROPAGANDA,0.9983230233192444
114370361342759621,PROPAGANDA,0.9983890056610107
114370361342759621,PROPAGANDA,0.998332679271698
114370333902322250,PROPAGANDA,0.9899768233299255
114367378741589101,PROPAGANDA,0.9978893399238586
114367252307184336,PROPAGANDA,0.998375654220581
114366947795800699,NO_PROPAGANDA,0.999285876750946
114361211919694573,PROPAGANDA,0.9982556700706482
114360632714487285,NO_PROPAGANDA,0.8621784448623657
114360632714487285,PROPAGANDA,0.9964888095855713
114359040827344338,PROPAGANDA,0.9975594282150269
114359025219551578,PROPAGANDA,0.9982109069824219
114357043475202498,PROPAGANDA,0.9946334362030029
114355616823261590,PROPAGANDA,0.9951189756393433
114355616823261590,PROPAGANDA,0.9981036186218262
114354225021338752,NO_PROPAGANDA,0.8001855611801147
114353534045469485,PROPAGANDA,0.9981299042701721
114353467767721095,PROPAGANDA,0.9982299208641052
114353201227355474,NO_PROPAGANDA,0.9678797721862793
114353130958010667,PROPAGANDA,0.9978436231613159
114353130958010667,PROPAGANDA,0.9982759952545166
114352766082542122,PROPAGANDA,0.9978571534156799
114351199803141298,PROPAGANDA,0.9980607628822327
114349929882626042,NO_PROPAGANDA,0.9246020913124084
114349929882626042,PROPAGANDA,0.9954832792282104
114349929882626042,PROPAGANDA,0.9859932661056519
114349871024459620,PROPAGANDA,0.9983088970184326
114349871024459620,PROPAGANDA,0.9984185695648193
114349841902096375,PROPAGANDA,0.9370934963226318
114348450615002470,PROPAGANDA,0.9982678890228271
114348224335547565,PROPAGANDA,0.9967362284660339
114347397237866545,PROPAGANDA,0.9983526468276978
114347313852363347,PROPAGANDA,0.9983792304992676
114347313852363347,PROPAGANDA,0.9984444975852966
114347313852363347,PROPAGANDA,0.9983552098274231
114347128422370864,PROPAGANDA,0.9892104864120483
114345526663892197,PROPAGANDA,0.9964767098426819
114345470440861946,PROPAGANDA,0.9981879591941833
114342518862792060,PROPAGANDA,0.9983630776405334
114342518862792060,PROPAGANDA,0.9977719187736511
114342374504628520,PROPAGANDA,0.9982976317405701
114341848091430549,PROPAGANDA,0.957286536693573
114341773968885783,PROPAGANDA,0.9968599081039429
114339966797907461,NO_PROPAGANDA,0.6981793642044067
114338831106475110,PROPAGANDA,0.9982913136482239
114338831106475110,PROPAGANDA,0.9983093738555908
114338375079660274,PROPAGANDA,0.9957714676856995
114333875444620545,NO_PROPAGANDA,0.9968401193618774
114336879485867419,NO_PROPAGANDA,0.9846373200416565
114336740381919950,PROPAGANDA,0.9920914173126221
114336723764365914,PROPAGANDA,0.9982921481132507
114336723764365914,PROPAGANDA,0.9983457326889038
114336642481948430,PROPAGANDA,0.9822342991828918
114336566283341937,PROPAGANDA,0.6862985491752625
114334087867258791,PROPAGANDA,0.9982759952545166
114333660655935996,PROPAGANDA,0.9961602687835693
114333660655935996,PROPAGANDA,0.9983720183372498
114333660655935996,PROPAGANDA,0.9982128143310547
114333660655935996,PROPAGANDA,0.9982606768608093
114333659248371323,PROPAGANDA,0.9983672499656677
114333659248371323,PROPAGANDA,0.9971575736999512
114333344307437413,PROPAGANDA,0.9983295798301697
114327412368866177,PROPAGANDA,0.958596408367157
114333582402241548,PROPAGANDA,0.9983478784561157
114333582402241548,PROPAGANDA,0.9978370070457458
114332342610034728,PROPAGANDA,0.9982922673225403
114332342610034728,PROPAGANDA,0.9973852038383484
114332337028519855,PROPAGANDA,0.997403085231781
114332337028519855,PROPAGANDA,0.9980986714363098
114332337028519855,PROPAGANDA,0.9979754090309143
114327375256344311,PROPAGANDA,0.998360812664032
114327375256344311,PROPAGANDA,0.998262345790863
114319263138009661,NO_PROPAGANDA,0.9796477556228638
114321989500112442,PROPAGANDA,0.997664213180542
114321895832364816,PROPAGANDA,0.998246431350708
114320325008375266,NO_PROPAGANDA,0.9376417398452759
114320315581878640,PROPAGANDA,0.9979471564292908
114320258692162203,PROPAGANDA,0.9968771934509277
114320245355397433,NO_PROPAGANDA,0.9993878602981567
114320245355397433,PROPAGANDA,0.9514172673225403
114320245355397433,PROPAGANDA,0.9738032221794128
114320245355397433,NO_PROPAGANDA,0.9966083765029907
114320245355397433,NO_PROPAGANDA,0.5271409153938293
114320245355397433,NO_PROPAGANDA,0.9959748387336731
114320244770957852,PROPAGANDA,0.9984196424484253
114320244770957852,PROPAGANDA,0.9861019849777222
114320244770957852,NO_PROPAGANDA,0.9978512525558472
114320237164839938,NO_PROPAGANDA,0.9993699193000793
114320237164839938,PROPAGANDA,0.9953806400299072
114320237164839938,PROPAGANDA,0.9959474205970764
114320237164839938,NO_PROPAGANDA,0.9900782108306885
114320237164839938,PROPAGANDA,0.9918862581253052
114320236639062571,PROPAGANDA,0.9983499050140381
114320236639062571,NO_PROPAGANDA,0.9992109537124634
114320236639062571,PROPAGANDA,0.7277689576148987
114320236639062571,PROPAGANDA,0.9965344667434692
114319659315817918,PROPAGANDA,0.9979113936424255
114319592702753512,PROPAGANDA,0.9982624650001526
114319533589155171,PROPAGANDA,0.9966413974761963
114316199673595819,PROPAGANDA,0.9979787468910217
114316141098255318,PROPAGANDA,0.9973911046981812
114316141098255318,PROPAGANDA,0.9950581789016724
114316139821071778,PROPAGANDA,0.9958586096763611
114316139821071778,PROPAGANDA,0.9973850846290588
114316044643910190,PROPAGANDA,0.9959275126457214
114316044643910190,PROPAGANDA,0.9979775547981262
114316044192204977,PROPAGANDA,0.9981763362884521
114315902995818386,PROPAGANDA,0.9981685876846313
114315902995818386,PROPAGANDA,0.9983817338943481
114315881639906095,PROPAGANDA,0.9974986910820007
114315881639906095,PROPAGANDA,0.9983647465705872
114315219437063160,PROPAGANDA,0.998299777507782
114315219437063160,PROPAGANDA,0.9977673292160034
114314374220244880,PROPAGANDA,0.9981096982955933
114313927527638500,PROPAGANDA,0.9983458518981934
114313667304867320,PROPAGANDA,0.9980870485305786
114311845711297973,PROPAGANDA,0.9681720733642578
114311731810349533,NO_PROPAGANDA,0.9993070363998413
114311567036095643,NO_PROPAGANDA,0.6051902770996094
114310370550367017,PROPAGANDA,0.6942216157913208
114310188132445566,PROPAGANDA,0.9979202151298523
114309144289505174,PROPAGANDA,0.9976947903633118
114309144289505174,PROPAGANDA,0.9938621520996094
114309144289505174,NO_PROPAGANDA,0.8921653628349304
114308898654506738,PROPAGANDA,0.9979739785194397
114308898654506738,PROPAGANDA,0.9982194304466248
114308898654506738,PROPAGANDA,0.9982742071151733
114308272725981913,NO_PROPAGANDA,0.9968317151069641
114308258545250117,PROPAGANDA,0.9980306029319763
114308228615083777,PROPAGANDA,0.9971976280212402
114308121820846336,PROPAGANDA,0.998193085193634
114307883361614427,PROPAGANDA,0.998387336730957
114307832213562859,PROPAGANDA,0.9920274615287781
114305454562761253,PROPAGANDA,0.9982373714447021
114305448331638991,PROPAGANDA,0.997998058795929
114305433728064974,PROPAGANDA,0.9980081915855408
114304634655292901,PROPAGANDA,0.998078465461731
114304476490205414,PROPAGANDA,0.9977638721466064
114302876029283093,NO_PROPAGANDA,0.9975722432136536
114302499965852704,PROPAGANDA,0.997386634349823
114302499965852704,PROPAGANDA,0.9974856376647949
114302499965852704,PROPAGANDA,0.9969323873519897
114302486798524913,PROPAGANDA,0.9842510223388672
114299368234840539,PROPAGANDA,0.9981246590614319
114299054674051787,NO_PROPAGANDA,0.9990901947021484
114299013914300863,PROPAGANDA,0.8985739350318909
114298964268045690,PROPAGANDA,0.9962047934532166
114298964268045690,PROPAGANDA,0.9982302784919739
114298249002673077,NO_PROPAGANDA,0.7231146097183228
114297331052690348,PROPAGANDA,0.9980853796005249
114297331052690348,NO_PROPAGANDA,0.9974576830863953
114297166113853713,PROPAGANDA,0.9969504475593567
114297149364879462,PROPAGANDA,0.9515937566757202
114297114613050884,NO_PROPAGANDA,0.8269753456115723
114297103010119126,PROPAGANDA,0.9852757453918457
114297095185812879,NO_PROPAGANDA,0.997700035572052
114297089462047332,PROPAGANDA,0.9976429343223572
114297073854983088,NO_PROPAGANDA,0.9993376135826111
114297065230841780,NO_PROPAGANDA,0.9668810963630676
114297055955956469,PROPAGANDA,0.9967285394668579
114296933498836216,PROPAGANDA,0.9932600855827332
114296909356614075,PROPAGANDA,0.9751470685005188
114296801411259400,PROPAGANDA,0.9982511401176453
114296287858068040,PROPAGANDA,0.9982007741928101
114296287858068040,PROPAGANDA,0.9983382225036621
114293581018893404,PROPAGANDA,0.9978627562522888
114287485415940651,NO_PROPAGANDA,0.9984622001647949
114287474604619244,NO_PROPAGANDA,0.9991920590400696
114285375813275308,PROPAGANDA,0.9983275532722473
114282305980898453,PROPAGANDA,0.9979552030563354
114281864005346951,PROPAGANDA,0.9853245615959167
114280893859636366,PROPAGANDA,0.8570791482925415
114280893859636366,PROPAGANDA,0.987470805644989
114280322706682564,PROPAGANDA,0.9980990290641785
114280292618523684,PROPAGANDA,0.9954200983047485
114279915827492021,PROPAGANDA,0.9981628060340881
114279844695644343,PROPAGANDA,0.8936743140220642
114279804302912092,PROPAGANDA,0.6339585781097412
114279756371714617,PROPAGANDA,0.9980292916297913
114277430639309106,PROPAGANDA,0.9984353184700012
114277430639309106,PROPAGANDA,0.9980300068855286
114277430639309106,PROPAGANDA,0.9982131719589233
114275636283855793,PROPAGANDA,0.9968001842498779
114275114958079107,PROPAGANDA,0.9960150122642517
114274050526883988,PROPAGANDA,0.9981687068939209
114270538820142872,PROPAGANDA,0.998259961605072
114270538820142872,PROPAGANDA,0.9978050589561462
114269214484216882,PROPAGANDA,0.9961857199668884
114268708154085693,PROPAGANDA,0.9983313679695129
114268668984265677,PROPAGANDA,0.9980680346488953
114266599439835683,PROPAGANDA,0.9983441829681396
114266599439835683,PROPAGANDA,0.9983672499656677
114266599439835683,PROPAGANDA,0.9983477592468262
114265988202750791,PROPAGANDA,0.9982842803001404
114265493906125093,PROPAGANDA,0.9983742237091064
114265460175109325,PROPAGANDA,0.985080897808075
114265353051503359,PROPAGANDA,0.9980535507202148
114265268833712885,PROPAGANDA,0.9983118772506714
114264713687236941,PROPAGANDA,0.9980019927024841
114264667777137553,NO_PROPAGANDA,0.9994069337844849
114264667777137553,PROPAGANDA,0.991592526435852
114264667777137553,PROPAGANDA,0.9954267740249634
114264667777137553,NO_PROPAGANDA,0.9946483969688416
114264667777137553,NO_PROPAGANDA,0.751854419708252
114264667777137553,PROPAGANDA,0.9983404874801636
114264667777137553,NO_PROPAGANDA,0.9913060069084167
114264667777137553,NO_PROPAGANDA,0.9694615006446838
114264549657133828,PROPAGANDA,0.9982941746711731
114263461013940328,PROPAGANDA,0.9982208609580994
114263461013940328,PROPAGANDA,0.9982126951217651
114263386262728170,NO_PROPAGANDA,0.9980779886245728
114263052221266871,PROPAGANDA,0.9983552098274231
114263052221266871,PROPAGANDA,0.9982147216796875
114263050632843712,PROPAGANDA,0.9980829954147339
114263050632843712,PROPAGANDA,0.9983338713645935
114263048748701626,PROPAGANDA,0.997835099697113
114263048748701626,PROPAGANDA,0.9983583092689514
114263022222641123,PROPAGANDA,0.9981914162635803
114259778682053280,PROPAGANDA,0.9945854544639587
114259775317961958,PROPAGANDA,0.8004268407821655
114259773249991583,PROPAGANDA,0.9640453457832336
114259546197388041,NO_PROPAGANDA,0.7561423182487488
114259540217373057,PROPAGANDA,0.9978594183921814
114259534733735170,NO_PROPAGANDA,0.9801235795021057
114259522932730072,PROPAGANDA,0.9982335567474365
114258406263396157,PROPAGANDA,0.9979579448699951
114258406263396157,PROPAGANDA,0.9122146368026733
114258384664012595,PROPAGANDA,0.9983008503913879
114258064484137647,PROPAGANDA,0.9983416795730591
114258064484137647,PROPAGANDA,0.9982208609580994
114258062336428979,PROPAGANDA,0.9981133937835693
114258061899987431,PROPAGANDA,0.998030960559845
114246747590580179,PROPAGANDA,0.9980829954147339
114246747590580179,PROPAGANDA,0.9983409643173218
114246745942405963,PROPAGANDA,0.997835099697113
114246745942405963,PROPAGANDA,0.9983512163162231
114254057682596962,PROPAGANDA,0.9983195662498474
114254057682596962,PROPAGANDA,0.9968210458755493
114254057682596962,PROPAGANDA,0.9568862318992615
114254009723637368,PROPAGANDA,0.9981260895729065
114254008984567465,PROPAGANDA,0.9983351826667786
114254008984567465,PROPAGANDA,0.9983554482460022
114253819551160329,PROPAGANDA,0.9983863830566406
114253297744744441,PROPAGANDA,0.9984209537506104
114253297744744441,PROPAGANDA,0.9974495768547058
114253205784550890,PROPAGANDA,0.9978548884391785
114253205784550890,PROPAGANDA,0.9979413151741028
114251978476715796,PROPAGANDA,0.9982569813728333
114218289740828060,PROPAGANDA,0.9982163310050964
114218246134659755,PROPAGANDA,0.998047947883606
114218246134659755,PROPAGANDA,0.998162567615509
114218246134659755,PROPAGANDA,0.9980839490890503
114218246134659755,PROPAGANDA,0.9982156753540039
114218246134659755,PROPAGANDA,0.9982209801673889
114218246134659755,PROPAGANDA,0.9982715845108032
114218246134659755,PROPAGANDA,0.9982680082321167
114251714651932084,PROPAGANDA,0.9983657002449036
114251714651932084,PROPAGANDA,0.9982185959815979
114247551865595874,PROPAGANDA,0.9872556924819946
114247551865595874,PROPAGANDA,0.9974959492683411
114247113203989919,PROPAGANDA,0.9314779043197632
114242038889809702,PROPAGANDA,0.9983256459236145
114241663757084870,PROPAGANDA,0.9976509213447571
114241662387997605,PROPAGANDA,0.9980694651603699
114241662387997605,PROPAGANDA,0.9983525276184082
114241348699704594,NO_PROPAGANDA,0.9992788434028625
114241348699704594,PROPAGANDA,0.9928263425827026
114241348699704594,PROPAGANDA,0.9938017725944519
114241348699704594,PROPAGANDA,0.9954654574394226
114241348699704594,NO_PROPAGANDA,0.9945456981658936
114241348699704594,PROPAGANDA,0.9942261576652527
114241348699704594,PROPAGANDA,0.9984046816825867
114241348699704594,PROPAGANDA,0.9972698092460632
114241290783152484,PROPAGANDA,0.9404059052467346
114240691141784921,NO_PROPAGANDA,0.969448983669281
114240434953893474,PROPAGANDA,0.9982207417488098
114240434953893474,PROPAGANDA,0.9976789355278015
114240331718900060,PROPAGANDA,0.994022786617279
114235745233828789,PROPAGANDA,0.9978001713752747
114235745233828789,PROPAGANDA,0.9981644749641418
114235745233828789,PROPAGANDA,0.9973796606063843
114235616565301548,PROPAGANDA,0.9982360601425171
114235616565301548,PROPAGANDA,0.9967309236526489
114235110191857080,PROPAGANDA,0.9977099895477295
114235104036085271,PROPAGANDA,0.9981752634048462
114235097919072113,PROPAGANDA,0.9983022212982178
114235092758869964,PROPAGANDA,0.9983521699905396
114231822509743693,NO_PROPAGANDA,0.9976442456245422
114235085105377425,PROPAGANDA,0.9966205358505249
114234742770558412,PROPAGANDA,0.9976661205291748
114234717792857736,PROPAGANDA,0.9981545805931091
114234393336690404,PROPAGANDA,0.9977222084999084
114234217151169492,PROPAGANDA,0.9981301426887512
114232829948632918,PROPAGANDA,0.9967061877250671
114232783362562355,PROPAGANDA,0.9983794689178467
114232752130631453,PROPAGANDA,0.9983428716659546
114232682702493359,PROPAGANDA,0.9983804225921631
114232682702493359,PROPAGANDA,0.9982641339302063
114232682702493359,PROPAGANDA,0.9981622099876404
114232557831108561,PROPAGANDA,0.9983865022659302
114232557831108561,PROPAGANDA,0.9983501434326172
114232557831108561,PROPAGANDA,0.9981809854507446
114231606967578813,PROPAGANDA,0.9983008503913879
114231537224620218,PROPAGANDA,0.9982777833938599
114231437487201538,PROPAGANDA,0.9973275661468506
114231437487201538,PROPAGANDA,0.9982808828353882
114231406967175939,PROPAGANDA,0.9982622265815735
114231406967175939,PROPAGANDA,0.998166561126709
114231406031813856,PROPAGANDA,0.9983296990394592
114231406031813856,PROPAGANDA,0.9980437755584717
114231401205332854,PROPAGANDA,0.9980151653289795
114231401205332854,PROPAGANDA,0.9980947375297546
114231372872784481,PROPAGANDA,0.9979804158210754
114231344319625636,PROPAGANDA,0.9980158805847168
114231344319625636,PROPAGANDA,0.9983583092689514
114229523619700148,PROPAGANDA,0.9975296854972839
114229504694054019,NO_PROPAGANDA,0.9903370141983032
114229498690890665,PROPAGANDA,0.9980478286743164
114229482069423709,NO_PROPAGANDA,0.9637579321861267
114229474924378451,PROPAGANDA,0.9785029292106628
114224889588578190,PROPAGANDA,0.9974154233932495
114224857723072168,PROPAGANDA,0.998083233833313
114224841459970407,PROPAGANDA,0.949584424495697
114224828669645176,PROPAGANDA,0.9980958104133606
114224810565767895,PROPAGANDA,0.9970898628234863
114223777905731606,PROPAGANDA,0.997455894947052
114223545860504889,NO_PROPAGANDA,0.8293028473854065
114223538174281137,PROPAGANDA,0.9956037998199463
114220275060496331,NO_PROPAGANDA,0.9992830157279968
114220273052874483,PROPAGANDA,0.9172818660736084
114219993599274000,PROPAGANDA,0.9979750514030457
114219231809224627,PROPAGANDA,0.9980260133743286
114219231809224627,PROPAGANDA,0.9981076717376709
114217914259825110,PROPAGANDA,0.9980190992355347
114217914259825110,PROPAGANDA,0.9971827268600464
114217914259825110,PROPAGANDA,0.9853082299232483
114217913229258108,PROPAGANDA,0.9976141452789307
114217913229258108,PROPAGANDA,0.9950206279754639
114217184366735434,PROPAGANDA,0.9974960684776306
114217184366735434,PROPAGANDA,0.998336672782898
114217181247493951,PROPAGANDA,0.9980829954147339
114217181247493951,PROPAGANDA,0.9983408451080322
114216908831612177,PROPAGANDA,0.9976806640625
114216818341119193,PROPAGANDA,0.990714430809021
114215732492267429,PROPAGANDA,0.9884939789772034
114215433044457113,PROPAGANDA,0.9983458518981934
114214801561710989,PROPAGANDA,0.998371422290802
114214801561710989,PROPAGANDA,0.9982662796974182
114214658359777536,PROPAGANDA,0.9983657002449036
114214658359777536,PROPAGANDA,0.9982800483703613
114214565824374410,PROPAGANDA,0.9960499405860901
114214565824374410,PROPAGANDA,0.9977458119392395
114212946787400937,PROPAGANDA,0.9982942938804626
114212560131813236,PROPAGANDA,0.998408854007721
114212560131813236,PROPAGANDA,0.9983269572257996
114212473050636851,PROPAGANDA,0.9978380799293518
114212465033291057,PROPAGANDA,0.9982407093048096
114212444347354110,NO_PROPAGANDA,0.9979879856109619
114212434987437462,PROPAGANDA,0.9983704686164856
114205890583765400,PROPAGANDA,0.9983296990394592
114205890583765400,PROPAGANDA,0.9976293444633484
114205681569837036,PROPAGANDA,0.998069703578949
114203564650249629,PROPAGANDA,0.9984064698219299
114203564650249629,PROPAGANDA,0.9983585476875305
114202472547749311,NO_PROPAGANDA,0.9993738532066345
114202797666318443,PROPAGANDA,0.9983988404273987
114200922863784784,NO_PROPAGANDA,0.9952446818351746
114200803076709113,PROPAGANDA,0.9982656836509705
114200783339413306,PROPAGANDA,0.7947887778282166
114194879718374915,NO_PROPAGANDA,0.995628833770752
114200313009802638,PROPAGANDA,0.9983200430870056
114200269495299138,PROPAGANDA,0.9982056617736816
114200244380161257,PROPAGANDA,0.9982825517654419
114200175082806882,PROPAGANDA,0.9983731508255005
114200175082806882,PROPAGANDA,0.9983452558517456
114200175082806882,PROPAGANDA,0.9983324408531189
114198370343993836,PROPAGANDA,0.9973502159118652
114198218638202475,PROPAGANDA,0.9980859756469727
114198186465713235,PROPAGANDA,0.998336672782898
114197257776642416,PROPAGANDA,0.998202919960022
114197120302143482,PROPAGANDA,0.9983587861061096
114197092205719557,PROPAGANDA,0.9984024167060852
114197092205719557,PROPAGANDA,0.9982547163963318
114197092205719557,PROPAGANDA,0.9983001351356506
114197044617921519,PROPAGANDA,0.9981684684753418
114197044617921519,PROPAGANDA,0.9980162382125854
114197044617921519,PROPAGANDA,0.9983287453651428
114197044617921519,PROPAGANDA,0.9968055486679077
114197044617921519,PROPAGANDA,0.9977220892906189
114197044617921519,PROPAGANDA,0.9983093738555908
114196857285570492,PROPAGANDA,0.9315370917320251
114196247731494277,PROPAGANDA,0.9982969164848328
114196247731494277,PROPAGANDA,0.9981028437614441
114195442142009895,PROPAGANDA,0.994213879108429
114195410721793973,PROPAGANDA,0.5024269223213196
114192326899482441,PROPAGANDA,0.9954173564910889
114191290196334140,PROPAGANDA,0.9974960684776306
114191290196334140,PROPAGANDA,0.998336672782898
114190974188613740,PROPAGANDA,0.9982091188430786
114190903570658626,PROPAGANDA,0.9980887770652771
114190686109079519,PROPAGANDA,0.9970420002937317
114190461039179793,PROPAGANDA,0.9978183507919312
114190418201271249,PROPAGANDA,0.9982926249504089
114190404566893251,NO_PROPAGANDA,0.9980130195617676
114190382041616797,NO_PROPAGANDA,0.9991758465766907
114190373080951632,NO_PROPAGANDA,0.9991758465766907
114190340053945046,PROPAGANDA,0.9979121088981628
114190034933659125,PROPAGANDA,0.9973554611206055
114190034933659125,PROPAGANDA,0.998167872428894
114189841352600682,NO_PROPAGANDA,0.9960355162620544
114187128423651010,PROPAGANDA,0.9983341097831726
114186752614351182,NO_PROPAGANDA,0.9993776679039001
114186711043337111,NO_PROPAGANDA,0.9329221248626709
114186711043337111,PROPAGANDA,0.9792535305023193
114186559522815802,PROPAGANDA,0.9974365830421448
114186524474998333,PROPAGANDA,0.9964132905006409
114186510410903319,PROPAGANDA,0.9979873895645142
114186496532193203,PROPAGANDA,0.9932689070701599
114186492445515371,NO_PROPAGANDA,0.9615523815155029
114186013670599563,PROPAGANDA,0.9982742071151733
114184931453780675,PROPAGANDA,0.9977940320968628
114184931453780675,PROPAGANDA,0.9979610443115234
114183576937425149,PROPAGANDA,0.9983375072479248
114183576937425149,PROPAGANDA,0.9983622431755066
114180199351008084,PROPAGANDA,0.9983824491500854
114180129350673750,NO_PROPAGANDA,0.9975839853286743
114180060627046678,PROPAGANDA,0.9984298348426819
114180060627046678,PROPAGANDA,0.9981325268745422
114180060627046678,PROPAGANDA,0.9970059990882874
114180054723679623,PROPAGANDA,0.9979698061943054
114180054723679623,NO_PROPAGANDA,0.9986016154289246
114179895802766275,PROPAGANDA,0.9977182149887085
114179869587194428,NO_PROPAGANDA,0.9957648515701294
114179860762359782,PROPAGANDA,0.9973313808441162
114179858983072823,NO_PROPAGANDA,0.9983722567558289
114179858983072823,PROPAGANDA,0.9973869919776917
114179857581963138,PROPAGANDA,0.9981670379638672
114179738803054417,PROPAGANDA,0.9979904890060425
114179081339591399,PROPAGANDA,0.9982812404632568
114179081339591399,PROPAGANDA,0.9981858134269714
114179081339591399,PROPAGANDA,0.6277897953987122
114178483249053992,PROPAGANDA,0.9981839060783386
114178483249053992,PROPAGANDA,0.9977978467941284
114178204850237517,PROPAGANDA,0.9983783960342407
114178193987078011,PROPAGANDA,0.9960963129997253
114178181337460841,PROPAGANDA,0.9981951117515564
114176199348948643,PROPAGANDA,0.997676432132721
114175908922736427,PROPAGANDA,0.9983781576156616
114175908922736427,PROPAGANDA,0.9983577132225037
114175905527380199,PROPAGANDA,0.9956093430519104
114175855340997773,PROPAGANDA,0.9976606369018555
114174243289152293,PROPAGANDA,0.9940438866615295
114173862724361939,PROPAGANDA,0.9982660412788391
114173619031149739,PROPAGANDA,0.9977450966835022
114167886343462616,PROPAGANDA,0.9892421364784241
114167864888304754,PROPAGANDA,0.9983166456222534
114167864888304754,PROPAGANDA,0.9980396628379822
114167864888304754,PROPAGANDA,0.998177170753479
114167864888304754,PROPAGANDA,0.998314619064331
114167864888304754,PROPAGANDA,0.9982796907424927
114167524244753377,PROPAGANDA,0.997992992401123
114167524244753377,PROPAGANDA,0.9983698725700378
114164024901387974,PROPAGANDA,0.998184859752655
114163546048177560,PROPAGANDA,0.7880856394767761
114162763549195233,PROPAGANDA,0.9901712536811829
114162747519761407,PROPAGANDA,0.9981295466423035
114162742656201560,PROPAGANDA,0.9981219172477722
114162735584978065,PROPAGANDA,0.9981155395507812
114162728799436840,PROPAGANDA,0.9982886910438538
114162725547256622,PROPAGANDA,0.9983057975769043
114162722006073409,PROPAGANDA,0.9981789588928223
114162711308747922,PROPAGANDA,0.9976970553398132
114162707211212885,PROPAGANDA,0.9983110427856445
114161039436456514,PROPAGANDA,0.9980498552322388
114161025000723427,PROPAGANDA,0.9982636570930481
114160764726726796,PROPAGANDA,0.9972658157348633
114160550238908846,PROPAGANDA,0.998267412185669
114160550238908846,PROPAGANDA,0.9983048439025879
114160550238908846,PROPAGANDA,0.9983240962028503
114156036814880330,PROPAGANDA,0.9905988574028015
114156036814880330,NO_PROPAGANDA,0.9931737780570984
114155442275720067,PROPAGANDA,0.9953526258468628
114155282989654298,PROPAGANDA,0.9982110261917114
114155230513269064,PROPAGANDA,0.998217761516571
114155003492555395,PROPAGANDA,0.9980648159980774
114154923764886136,PROPAGANDA,0.9977057576179504
114151434816736382,PROPAGANDA,0.9943971633911133
114151328220491045,NO_PROPAGANDA,0.9779727458953857
114151328220491045,NO_PROPAGANDA,0.9968216419219971
114151300866147161,PROPAGANDA,0.9980952143669128
114151280603984689,PROPAGANDA,0.998271107673645
114151269304041473,PROPAGANDA,0.9982730150222778
114151257383811463,NO_PROPAGANDA,0.6724886894226074
114151244153727055,PROPAGANDA,0.8668965101242065
114151034882857858,NO_PROPAGANDA,0.8520536422729492
114151015090831669,PROPAGANDA,0.9979027509689331
114150971128693981,NO_PROPAGANDA,0.9986082911491394
114150779950233754,NO_PROPAGANDA,0.9972580671310425
114150679862041475,PROPAGANDA,0.9974002838134766
114150178416032160,PROPAGANDA,0.996069073677063
114149845661093099,PROPAGANDA,0.9975036978721619
114147788974149994,PROPAGANDA,0.9982964396476746
114146381629892800,PROPAGANDA,0.9970797896385193
114145975409380484,NO_PROPAGANDA,0.7123329639434814
114145974744723188,PROPAGANDA,0.9980894923210144
114145974393951612,NO_PROPAGANDA,0.815172553062439
114145974393951612,PROPAGANDA,0.9974377155303955
114145653738723042,NO_PROPAGANDA,0.9126093983650208
114145653738723042,PROPAGANDA,0.9974117875099182
114145611018414576,PROPAGANDA,0.9983192086219788
114145604547078768,PROPAGANDA,0.9978399276733398
114145595237667373,PROPAGANDA,0.9980132579803467
114144896693695214,PROPAGANDA,0.998309850692749
114144896693695214,PROPAGANDA,0.9981986880302429
114144501101999196,PROPAGANDA,0.9982398748397827
114144217763824399,PROPAGANDA,0.9812599420547485
114144217763824399,PROPAGANDA,0.9978785514831543
114144217763824399,PROPAGANDA,0.9982181191444397
114144217763824399,PROPAGANDA,0.9977158308029175
114144217763824399,PROPAGANDA,0.9982631802558899
114144180393726960,PROPAGANDA,0.9812599420547485
114144180393726960,PROPAGANDA,0.9978785514831543
114144180393726960,PROPAGANDA,0.9982181191444397
114144180393726960,PROPAGANDA,0.9977158308029175
114144180393726960,PROPAGANDA,0.9982631802558899
114141854575248527,PROPAGANDA,0.998424768447876
114141854575248527,PROPAGANDA,0.9982628226280212
114141631976318293,NO_PROPAGANDA,0.8788924813270569
114141631976318293,PROPAGANDA,0.9973101615905762
114141533823019998,PROPAGANDA,0.9983861446380615
114141533823019998,PROPAGANDA,0.998344898223877
114140437287253298,NO_PROPAGANDA,0.9984993934631348
114140426339072409,NO_PROPAGANDA,0.998201847076416
114140402532391912,NO_PROPAGANDA,0.9994945526123047
114140367932686103,PROPAGANDA,0.9944749474525452
114139222625284782,PROPAGANDA,0.9983009696006775
114139222625284782,PROPAGANDA,0.9981208443641663
114135887529701366,PROPAGANDA,0.9978998899459839
114135672415463032,NO_PROPAGANDA,0.9962683916091919
114135406628804244,PROPAGANDA,0.9952023029327393
114135400416790297,PROPAGANDA,0.9975711703300476
114135394676135924,PROPAGANDA,0.9980736970901489
114135388919019484,PROPAGANDA,0.9971504807472229
114135383571986279,PROPAGANDA,0.9920926690101624
114135377964485025,PROPAGANDA,0.997805655002594
114135068157531979,PROPAGANDA,0.9977905750274658
114132050804394743,NO_PROPAGANDA,0.9993634819984436
114129217070412961,PROPAGANDA,0.987141489982605
114128213945115106,PROPAGANDA,0.997443675994873
114128213945115106,PROPAGANDA,0.9980182647705078
114124513631913892,PROPAGANDA,0.998273491859436
114124499360504090,PROPAGANDA,0.9981949925422668
114124071552960368,PROPAGANDA,0.9977982044219971
114124071552960368,PROPAGANDA,0.9976490139961243
114124070435213204,PROPAGANDA,0.9956297874450684
114124069701923303,PROPAGANDA,0.996906578540802
114124068976645988,PROPAGANDA,0.9973806738853455
114124064191342023,PROPAGANDA,0.9955871105194092
114124063031303446,PROPAGANDA,0.9975597858428955
114112430549537723,PROPAGANDA,0.9981240630149841
114112430549537723,NO_PROPAGANDA,0.9722753763198853
114122976607379542,NO_PROPAGANDA,0.9987181425094604
114121736384220932,PROPAGANDA,0.9925025701522827
114121576367163341,PROPAGANDA,0.9981252551078796
114121529754059509,PROPAGANDA,0.9980623126029968
114117008305421663,PROPAGANDA,0.9981491565704346
114117008305421663,PROPAGANDA,0.9957442879676819
114117008305421663,PROPAGANDA,0.9979859590530396
114116432894994278,NO_PROPAGANDA,0.8289297819137573
114116432894994278,NO_PROPAGANDA,0.9844444990158081
114116271026986660,PROPAGANDA,0.9980610013008118
114116116851075814,PROPAGANDA,0.9979866743087769
114113510529624746,PROPAGANDA,0.9982692003250122
114113510529624746,PROPAGANDA,0.9982176423072815
114112621570651215,PROPAGANDA,0.9980554580688477
114112621570651215,PROPAGANDA,0.9955698847770691
114112412110386906,PROPAGANDA,0.9981924891471863
114112412110386906,PROPAGANDA,0.9982890486717224
114112015891353323,PROPAGANDA,0.9983034133911133
114112015891353323,PROPAGANDA,0.998181939125061
114111166145299229,PROPAGANDA,0.9973528385162354
114111155189097825,PROPAGANDA,0.9958078861236572
114111155189097825,PROPAGANDA,0.9828436374664307
114105388432604284,NO_PROPAGANDA,0.9720345735549927
114104810698249053,NO_PROPAGANDA,0.9817385077476501
114104687765298529,PROPAGANDA,0.9979415535926819
114104167452161158,PROPAGANDA,0.9981263279914856
114100137738780445,PROPAGANDA,0.9971115589141846
114099930171583950,NO_PROPAGANDA,0.6831145286560059
114099924838350231,PROPAGANDA,0.9949382543563843
114099480566604857,PROPAGANDA,0.997812032699585
114099009721475492,PROPAGANDA,0.9977966547012329
114098542644386176,PROPAGANDA,0.9977107048034668
114098529870362771,PROPAGANDA,0.9980669617652893
114096106742782827,PROPAGANDA,0.9982892870903015
114096104536926329,PROPAGANDA,0.9981346130371094
114096103832487629,PROPAGANDA,0.9981809854507446
114094872007717497,NO_PROPAGANDA,0.8968111872673035
114093946326587357,PROPAGANDA,0.9942418336868286
114093526901586124,PROPAGANDA,0.9982391595840454
114093819842100196,PROPAGANDA,0.994178295135498
114093323833055090,PROPAGANDA,0.9979890584945679
114088564162922800,PROPAGANDA,0.9983763694763184
114088564162922800,PROPAGANDA,0.9911523461341858
114088245950849883,NO_PROPAGANDA,0.9983406066894531
114087978846952770,NO_PROPAGANDA,0.9169614315032959
114087957034260563,PROPAGANDA,0.9981209635734558
114087937627204152,PROPAGANDA,0.9980517625808716
113900991727592285,PROPAGANDA,0.9982401132583618
113873210284816215,PROPAGANDA,0.9983586668968201
113873210284816215,PROPAGANDA,0.9981839060783386
114085325641437111,PROPAGANDA,0.9982983469963074
114085325641437111,PROPAGANDA,0.9983512163162231
114084241095787137,PROPAGANDA,0.9984360337257385
114082877976878390,PROPAGANDA,0.9975404739379883
114082877976878390,PROPAGANDA,0.9981689453125
114079208701433194,PROPAGANDA,0.9974691867828369
114079187160409658,PROPAGANDA,0.9981603026390076
114079183960044080,PROPAGANDA,0.9983214735984802
114079183960044080,PROPAGANDA,0.9679080247879028
114079183066806657,PROPAGANDA,0.9972214698791504
114079183066806657,PROPAGANDA,0.7358607649803162
114078375125204326,PROPAGANDA,0.9973834156990051
114076153524132682,PROPAGANDA,0.9980732202529907
114076153524132682,PROPAGANDA,0.9980835914611816
114072703621092444,PROPAGANDA,0.9983463287353516
114072703621092444,PROPAGANDA,0.9981740713119507
114072306556819108,NO_PROPAGANDA,0.9918831586837769
114071896747776859,PROPAGANDA,0.9966859221458435
114071893306050761,PROPAGANDA,0.9981217980384827
114071877790872450,PROPAGANDA,0.9981669187545776
114071862189521640,PROPAGANDA,0.9971906542778015
114071853044146528,PROPAGANDA,0.9982168078422546
114071839130050988,PROPAGANDA,0.9982373714447021
114071774104516883,PROPAGANDA,0.998207688331604
114071774104516883,PROPAGANDA,0.9881935715675354
114070882108433827,NO_PROPAGANDA,0.998100221157074
114070612892953565,PROPAGANDA,0.9975211024284363
114070572392915582,PROPAGANDA,0.9961323738098145
114070560562637397,PROPAGANDA,0.9557218551635742
114070458705554001,PROPAGANDA,0.9961323738098145
114070390620884698,PROPAGANDA,0.9982446432113647
114070315739588346,PROPAGANDA,0.9983680844306946
114070190082477156,PROPAGANDA,0.9878249168395996
114070166370664178,PROPAGANDA,0.9975148439407349
114070115148185478,PROPAGANDA,0.9981709718704224
114070115148185478,PROPAGANDA,0.9982774257659912
114070038526458197,PROPAGANDA,0.9981093406677246
114070038526458197,PROPAGANDA,0.997961163520813
114069904344598839,PROPAGANDA,0.9983269572257996
114068081809400335,PROPAGANDA,0.9980223178863525
114068079034540790,PROPAGANDA,0.9858354330062866
114067029529937308,PROPAGANDA,0.9979380965232849
114067029529937308,PROPAGANDA,0.9981200098991394
114067028336826956,PROPAGANDA,0.9982740879058838
114067028336826956,PROPAGANDA,0.99832683801651
114067028336826956,PROPAGANDA,0.9978702068328857
114066002055877279,PROPAGANDA,0.9971108436584473
114065168236809535,NO_PROPAGANDA,0.9994115829467773
114062254652077484,PROPAGANDA,0.9972924590110779
114061455929909984,NO_PROPAGANDA,0.9994826316833496
114061816777959152,PROPAGANDA,0.9983114004135132
114060909744642044,PROPAGANDA,0.9974332451820374
114060903128542394,PROPAGANDA,0.9976806640625
114060603767862225,PROPAGANDA,0.9892828464508057
114059930426328863,NO_PROPAGANDA,0.9987519979476929
114059930426328863,PROPAGANDA,0.998161256313324
114059930426328863,NO_PROPAGANDA,0.9987350106239319
114059888811732826,PROPAGANDA,0.9970747232437134
114059004456970017,PROPAGANDA,0.9961526989936829
114058814859681967,PROPAGANDA,0.998138427734375
114057798709965917,PROPAGANDA,0.9974529147148132
114047677181856301,PROPAGANDA,0.9979498982429504
114047709471578461,PROPAGANDA,0.9982789754867554
114054706390970120,PROPAGANDA,0.9962747097015381
114055226421032415,PROPAGANDA,0.9983000159263611
114055226421032415,PROPAGANDA,0.9981259703636169
114055226421032415,PROPAGANDA,0.9980244636535645
114055226421032415,PROPAGANDA,0.998319685459137
114056351439814038,PROPAGANDA,0.9950923919677734
114056317037035302,PROPAGANDA,0.9982112646102905
114056317037035302,PROPAGANDA,0.9971643090248108
114056934528746786,PROPAGANDA,0.9983330368995667
114056934528746786,PROPAGANDA,0.9983673691749573
114056934528746786,PROPAGANDA,0.9983047246932983
114054922887831676,NO_PROPAGANDA,0.9657760262489319
114056119584695591,PROPAGANDA,0.9974182844161987
114055134407375955,PROPAGANDA,0.9975626468658447
114050109943745892,PROPAGANDA,0.997426450252533
114050070794885064,PROPAGANDA,0.9980136156082153
114047738854261552,PROPAGANDA,0.9948198199272156
114047636346854246,NO_PROPAGANDA,0.9980820417404175
114047631828196314,PROPAGANDA,0.9396136999130249
114044712489265353,PROPAGANDA,0.996340811252594
114044712489265353,PROPAGANDA,0.998084306716919
114044712489265353,PROPAGANDA,0.9981275200843811
114044712489265353,NO_PROPAGANDA,0.8921653628349304
114043050123491219,PROPAGANDA,0.9852333664894104
114042789770444354,PROPAGANDA,0.8566670417785645
114042361686358877,PROPAGANDA,0.9982362985610962
114042361686358877,PROPAGANDA,0.9963764548301697
114039851969084184,PROPAGANDA,0.9981951117515564
114036421460956478,PROPAGANDA,0.9982733726501465
114036421460956478,PROPAGANDA,0.9894998669624329
114038780132459435,PROPAGANDA,0.9981977343559265
114038780132459435,PROPAGANDA,0.9982718229293823
114038745707654586,PROPAGANDA,0.9979898929595947
114038745707654586,PROPAGANDA,0.9983647465705872
114038732409625780,PROPAGANDA,0.9982964396476746
114037064920225344,NO_PROPAGANDA,0.9991139769554138
114037059111172681,NO_PROPAGANDA,0.5150387287139893
114037057115534717,NO_PROPAGANDA,0.8937147855758667
114036638899167319,PROPAGANDA,0.966605007648468
114036341536036183,PROPAGANDA,0.9978399276733398
114033884590103594,PROPAGANDA,0.9980074763298035
114033795602933835,NO_PROPAGANDA,0.9988149404525757
114033793193279235,NO_PROPAGANDA,0.9993867874145508
114033791415966702,PROPAGANDA,0.9982460737228394
114033787788514942,NO_PROPAGANDA,0.9597801566123962
114033427089061668,PROPAGANDA,0.9983956217765808
114031332924234939,PROPAGANDA,0.9978638291358948
114031332924234939,PROPAGANDA,0.998184859752655
114031332924234939,PROPAGANDA,0.9983215928077698
114033082612679343,PROPAGANDA,0.9982313513755798
114033020482640722,PROPAGANDA,0.9980995059013367
114032992368318528,PROPAGANDA,0.9981791973114014
114032908590425164,NO_PROPAGANDA,0.9978680610656738
114032082899254855,PROPAGANDA,0.9966756105422974
114031015354735395,PROPAGANDA,0.9983950257301331
114031015354735395,PROPAGANDA,0.9982870221138
114030926604297056,PROPAGANDA,0.9980930685997009
114030920799468684,NO_PROPAGANDA,0.9992732405662537
114027770237892482,NO_PROPAGANDA,0.9990723133087158
114027416979768016,PROPAGANDA,0.9982607960700989
114027416242272061,PROPAGANDA,0.9982782602310181
114025028025455053,NO_PROPAGANDA,0.9993131160736084
114022760519424165,PROPAGANDA,0.9981765747070312
114020008419550279,PROPAGANDA,0.998299777507782
114019501223546266,PROPAGANDA,0.9951007962226868
114019501223546266,PROPAGANDA,0.9981694221496582
114015585700941084,NO_PROPAGANDA,0.9989283680915833
114015582241142234,PROPAGANDA,0.9983775615692139
114015581630558522,PROPAGANDA,0.9978589415550232
114015154260594234,PROPAGANDA,0.9968396425247192
114015154260594234,PROPAGANDA,0.997794508934021
114015151894861058,PROPAGANDA,0.9974217414855957
114015151894861058,PROPAGANDA,0.9982030391693115
114015151574566832,PROPAGANDA,0.997273862361908
114014567906020636,PROPAGANDA,0.9983988404273987
114009179225169296,PROPAGANDA,0.9979777932167053
114009175266247925,PROPAGANDA,0.9974786639213562
114009175266247925,PROPAGANDA,0.9978885054588318
114009175266247925,PROPAGANDA,0.9978204965591431
114009175266247925,PROPAGANDA,0.9980315566062927
114009175266247925,PROPAGANDA,0.9977432489395142
114009160733381255,PROPAGANDA,0.9969582557678223
114009150374933861,NO_PROPAGANDA,0.9980387091636658
114009148192546807,PROPAGANDA,0.997391939163208
114007874648160437,PROPAGANDA,0.9967091083526611
114007859463769499,PROPAGANDA,0.9976683259010315
114004160299941382,PROPAGANDA,0.9969582557678223
114004158227642314,PROPAGANDA,0.9910368919372559
114004152174148558,PROPAGANDA,0.9975458979606628
114004145997692054,NO_PROPAGANDA,0.9993127584457397
114003528364588018,PROPAGANDA,0.9979033470153809
114000079822145063,NO_PROPAGANDA,0.999382734298706
113998953188726976,PROPAGANDA,0.9973580241203308
113998503090044390,PROPAGANDA,0.9978364109992981
113998250121701192,PROPAGANDA,0.9974786639213562
113998250121701192,PROPAGANDA,0.9978885054588318
113998250121701192,PROPAGANDA,0.9978204965591431
113998250121701192,PROPAGANDA,0.9980315566062927
113998250121701192,PROPAGANDA,0.9977432489395142
113996895642654410,NO_PROPAGANDA,0.9800307154655457
113996433848678436,PROPAGANDA,0.9978724718093872
113996410955252842,PROPAGANDA,0.9982509016990662
113996386971796071,PROPAGANDA,0.9981333613395691
113996222032466903,PROPAGANDA,0.9978664517402649
113992617804848860,PROPAGANDA,0.9961897730827332
113992264519415084,NO_PROPAGANDA,0.9928311109542847
113992264519415084,PROPAGANDA,0.9982696771621704
113991956474899296,NO_PROPAGANDA,0.5453888177871704
113991956474899296,PROPAGANDA,0.9872105121612549
113991956474899296,NO_PROPAGANDA,0.9976856708526611
113991956474899296,PROPAGANDA,0.9981768131256104
113991086021543780,PROPAGANDA,0.9981935620307922
113991030846598649,PROPAGANDA,0.9980748891830444
113986682230247774,PROPAGANDA,0.9971039891242981
113986673152923628,PROPAGANDA,0.9966073036193848
113986285138546896,NO_PROPAGANDA,0.9982469081878662
113986285138546896,PROPAGANDA,0.9968184232711792
113986279826269375,PROPAGANDA,0.9979643821716309
113985962341531654,PROPAGANDA,0.9978811144828796
113985896471994837,PROPAGANDA,0.9981087446212769
113985863713180341,PROPAGANDA,0.9965230226516724
113985514628145258,PROPAGANDA,0.9982218146324158
113985325416343873,PROPAGANDA,0.998276948928833
113985130949178184,PROPAGANDA,0.9979177117347717
113984933641128955,PROPAGANDA,0.9979485869407654
113984838325525572,PROPAGANDA,0.9983072280883789
113984838325525572,PROPAGANDA,0.9983175992965698
113977800577837538,PROPAGANDA,0.9880687594413757
113982212590048164,PROPAGANDA,0.9969122409820557
113982202515178648,PROPAGANDA,0.9963043928146362
113981872435350592,PROPAGANDA,0.9980826377868652
113981387327065544,PROPAGANDA,0.9981856942176819
113980530501984308,PROPAGANDA,0.6996328234672546
113980323612614595,PROPAGANDA,0.9973256587982178
113980014678337654,PROPAGANDA,0.9919012188911438
113980014678337654,PROPAGANDA,0.9961639642715454
113980013020158273,PROPAGANDA,0.9983876943588257
113977651409141894,PROPAGANDA,0.9977547526359558
113977646169606601,PROPAGANDA,0.9980267882347107
113977224933701762,PROPAGANDA,0.9982737302780151
113975698199969182,PROPAGANDA,0.9978060126304626
113975695512840158,NO_PROPAGANDA,0.9886131286621094
113974252831717932,PROPAGANDA,0.9979298114776611
113974251046470821,NO_PROPAGANDA,0.9992052912712097
113969768086301747,PROPAGANDA,0.9982438087463379
113969768086301747,PROPAGANDA,0.9953573346138
113968248204804564,PROPAGANDA,0.9983519315719604
113968217842034212,PROPAGANDA,0.998350977897644
113966421487800920,NO_PROPAGANDA,0.9994125366210938
113965169045323865,PROPAGANDA,0.997908353805542
113965169045323865,PROPAGANDA,0.9982609152793884
113964964253376658,PROPAGANDA,0.9978113770484924
113964959500715895,PROPAGANDA,0.9974077343940735
113964959500715895,PROPAGANDA,0.9982419013977051
113964402116790805,PROPAGANDA,0.9977655410766602
113963246096886557,PROPAGANDA,0.9981892704963684
113963121926787410,PROPAGANDA,0.998369038105011
113963085497636545,PROPAGANDA,0.9983458518981934
113963076107713671,PROPAGANDA,0.9955022931098938
113962763765213252,PROPAGANDA,0.9979798197746277
113959430611091391,PROPAGANDA,0.9616032838821411
113959429103008524,PROPAGANDA,0.9968655705451965
113959420733046049,PROPAGANDA,0.9968407154083252
113959378194447457,PROPAGANDA,0.9960915446281433
113959376894602189,PROPAGANDA,0.997614860534668
113959376894602189,PROPAGANDA,0.9983214735984802
113959311791400230,PROPAGANDA,0.9970979690551758
113959311791400230,PROPAGANDA,0.998205304145813
113959311319434685,PROPAGANDA,0.9983434677124023
113958047997367769,PROPAGANDA,0.9977593421936035
113958043346651690,PROPAGANDA,0.9982572197914124
113956778707659340,PROPAGANDA,0.9982859492301941
113956721204228037,PROPAGANDA,0.9968327879905701
113956721204228037,PROPAGANDA,0.9973388314247131
113956631326391344,PROPAGANDA,0.9983171224594116
113956631326391344,PROPAGANDA,0.9983037710189819
113955337256027963,PROPAGANDA,0.9981149435043335
113955137991232105,PROPAGANDA,0.9972506165504456
113954610000174807,PROPAGANDA,0.9966526627540588
113953424718890288,PROPAGANDA,0.9982395172119141
113953380137889976,PROPAGANDA,0.9977321624755859
113953378000128712,PROPAGANDA,0.9978804588317871
113952325584416831,PROPAGANDA,0.9978848099708557
113952321517471694,PROPAGANDA,0.9982668161392212
113950996936674770,PROPAGANDA,0.997829020023346
113950912959049223,PROPAGANDA,0.9983376264572144
113950850150588744,NO_PROPAGANDA,0.9908609390258789
113946642879077926,PROPAGANDA,0.9974949359893799
113946130240319294,PROPAGANDA,0.9960178732872009
113943147684253813,NO_PROPAGANDA,0.9736113548278809
113943087759847311,PROPAGANDA,0.9964144229888916
113942916893223583,PROPAGANDA,0.9977832436561584
113942916893223583,PROPAGANDA,0.9974983334541321
113942595408214881,PROPAGANDA,0.9981234669685364
113942595408214881,PROPAGANDA,0.9982132911682129
113942594933209212,PROPAGANDA,0.9976662397384644
113942594933209212,PROPAGANDA,0.9945948719978333
113942439882594659,PROPAGANDA,0.9976333379745483
113942323439724379,PROPAGANDA,0.998239278793335
113942323439724379,PROPAGANDA,0.9972715973854065
113942323439724379,PROPAGANDA,0.998228132724762
113942189236610107,PROPAGANDA,0.9980700612068176
113942189236610107,PROPAGANDA,0.9963167905807495
113942189236610107,PROPAGANDA,0.9979845285415649
113942189236610107,PROPAGANDA,0.9977571368217468
113940711907400754,PROPAGANDA,0.817498505115509
113940711907400754,NO_PROPAGANDA,0.9954333901405334
113940352024494275,PROPAGANDA,0.9972793459892273
113864483648833997,PROPAGANDA,0.9977387189865112
113936920653240968,PROPAGANDA,0.9980827569961548
113936897719370915,PROPAGANDA,0.9976333379745483
113936851614563699,PROPAGANDA,0.9979202151298523
113936759417845784,PROPAGANDA,0.998313307762146
113936759417845784,PROPAGANDA,0.9979786276817322
113936675328110177,NO_PROPAGANDA,0.9993759989738464
113867733900556569,NO_PROPAGANDA,0.9990794658660889
113866456057970743,PROPAGANDA,0.9975941777229309
113862636980205403,PROPAGANDA,0.9983925223350525
113934520197790682,PROPAGANDA,0.9981443881988525
113934450227067577,PROPAGANDA,0.998132050037384
113934450227067577,PROPAGANDA,0.9980947375297546
113934450227067577,PROPAGANDA,0.9983575940132141
113929767736564719,PROPAGANDA,0.9979554414749146
113929767736564719,PROPAGANDA,0.9981720447540283
113931044424714413,PROPAGANDA,0.9977610111236572
113931044424714413,PROPAGANDA,0.998274564743042
113929394841474581,PROPAGANDA,0.99676513671875
113929394841474581,PROPAGANDA,0.998016357421875
113928759847321475,PROPAGANDA,0.775343656539917
113928743830963167,NO_PROPAGANDA,0.9886037111282349
113926164813266216,PROPAGANDA,0.997044026851654
113925800748181952,NO_PROPAGANDA,0.9825997352600098
113925656710541132,PROPAGANDA,0.9965071082115173
113925656710541132,PROPAGANDA,0.9974754452705383
113925656710541132,PROPAGANDA,0.9979729056358337
113925591427889253,PROPAGANDA,0.9950703382492065
113923147334338299,NO_PROPAGANDA,0.9418275952339172
113923004856753416,PROPAGANDA,0.9983032941818237
113920366067218393,PROPAGANDA,0.9981532692909241
113920366067218393,PROPAGANDA,0.9967600703239441
113918417817363879,PROPAGANDA,0.9924903512001038
113918402678637852,NO_PROPAGANDA,0.9991180300712585
113918387910784054,PROPAGANDA,0.9979165196418762
113917721798012197,PROPAGANDA,0.9948210716247559
113915624224794529,PROPAGANDA,0.9973522424697876
113915617049801010,PROPAGANDA,0.9960229396820068
113914469333231777,PROPAGANDA,0.9978535771369934
113913720574106648,PROPAGANDA,0.998210072517395
113913720574106648,PROPAGANDA,0.9983087778091431
113913032836526850,PROPAGANDA,0.9982954859733582
113913032836526850,PROPAGANDA,0.9983365535736084
113909331257027026,NO_PROPAGANDA,0.9848582744598389
113909188940119917,PROPAGANDA,0.9980857372283936
113908670949354923,PROPAGANDA,0.9849942326545715
113908666572035035,PROPAGANDA,0.9982665777206421
113908666572035035,PROPAGANDA,0.9980149269104004
113907637484810162,PROPAGANDA,0.9980529546737671
113906848441608708,PROPAGANDA,0.9980881810188293
113906705175756002,PROPAGANDA,0.99830162525177
113904028349476462,PROPAGANDA,0.9982067346572876
113903630433895227,PROPAGANDA,0.998059093952179
113898278629423148,PROPAGANDA,0.9953200221061707
113898263726281638,PROPAGANDA,0.988332211971283
113898250054290578,PROPAGANDA,0.9979842901229858
113898174546866337,PROPAGANDA,0.8194521069526672
113897833433874090,PROPAGANDA,0.9962390661239624
113896215318757362,NO_PROPAGANDA,0.9985976815223694
113896658711691006,PROPAGANDA,0.9979211688041687
113896070273857964,PROPAGANDA,0.9952373504638672
113896070273857964,PROPAGANDA,0.9980935454368591
113896070273857964,PROPAGANDA,0.9983515739440918
113892028555891611,PROPAGANDA,0.997880220413208
113891977496753674,NO_PROPAGANDA,0.9994271993637085
113891965069994650,NO_PROPAGANDA,0.9020532369613647
113891965069994650,NO_PROPAGANDA,0.9952144622802734
113891387800300337,NO_PROPAGANDA,0.998995840549469
113891875170815980,PROPAGANDA,0.9982055425643921
113891610231810742,PROPAGANDA,0.9976505637168884
113891610231810742,PROPAGANDA,0.9982547163963318
113891609516360925,PROPAGANDA,0.9980752468109131
113891609516360925,PROPAGANDA,0.9983510971069336
113891423260527462,NO_PROPAGANDA,0.9612816572189331
113890894680713957,NO_PROPAGANDA,0.998188316822052
113889592064713630,PROPAGANDA,0.9978482723236084
113890550355345408,PROPAGANDA,0.995872437953949
113889553768426019,PROPAGANDA,0.9951937794685364
113883310559125722,PROPAGANDA,0.9969102740287781
113883310559125722,NO_PROPAGANDA,0.989370584487915
113887487731381945,PROPAGANDA,0.9982962012290955
113886755513227722,PROPAGANDA,0.9977518916130066
113885585200862094,PROPAGANDA,0.9963994026184082
113885433070959220,PROPAGANDA,0.9971091151237488
113884268951413821,PROPAGANDA,0.9978336691856384
113884264222871038,NO_PROPAGANDA,0.9819431900978088
113883512938932504,NO_PROPAGANDA,0.9969593286514282
113878119879850620,PROPAGANDA,0.9983910918235779
113874843045385307,NO_PROPAGANDA,0.9992432594299316
113874811205486989,PROPAGANDA,0.9977132081985474
113874811205486989,NO_PROPAGANDA,0.9961230158805847
113874811205486989,PROPAGANDA,0.9980689883232117
113874738288379518,NO_PROPAGANDA,0.8758973479270935
113874738288379518,PROPAGANDA,0.9968519806861877
113874737440816090,PROPAGANDA,0.9979256391525269
113874737440816090,PROPAGANDA,0.8674107789993286
113874735766176608,PROPAGANDA,0.9981241822242737
113872782548137314,PROPAGANDA,0.9983400106430054
113872782548137314,PROPAGANDA,0.9963409304618835
113870397327465225,PROPAGANDA,0.998356282711029
113870397327465225,PROPAGANDA,0.9980676770210266
113869112741612092,PROPAGANDA,0.9983990788459778
113869048176700070,PROPAGANDA,0.9983974099159241
113864081449602768,NO_PROPAGANDA,0.9990569949150085
113864085686273472,PROPAGANDA,0.9921485185623169
113864089464580753,NO_PROPAGANDA,0.9973776340484619
113864093035671179,PROPAGANDA,0.9978342652320862
113864094989630069,NO_PROPAGANDA,0.9986334443092346
113864097656984845,NO_PROPAGANDA,0.9992332458496094
113864101869504722,NO_PROPAGANDA,0.7452986836433411
113864112559510448,PROPAGANDA,0.9974794983863831
113864118604083125,NO_PROPAGANDA,0.9639744758605957
113864127240286673,PROPAGANDA,0.9979687333106995
113864692804149616,PROPAGANDA,0.996971607208252
113864692804149616,PROPAGANDA,0.9963319897651672
