id,propaganda,his_propaganda
115924282126782262,No,"""No"""
115924279332406120,No,"""No"""
115924277763800167,No,No
115924046475418008,Call,"""No"""
115924043199702065,Call,"""No"""
115924025571521310,Attack on reputation,"""No"""
115923918404792612,Attack on reputation,"""No"""
115922086257363944,Distraction,No
115919827634401559,Distraction,"""No"""
115919803174585205,Call,No
115919697262007872,Attack on reputation,No
115919466737908324,Call,Geopolitical Framing
115919296178368951,Distraction,No
115919294107001486,Call,No
115919038563850124,Distraction,"""No"""
115916047821747370,Attack on reputation,No
115915958962150760,Call,"""No"""
115915952093312324,Distraction,No
115915881410679214,Call,"""No"""
115911344443637897,"""Call""",Geopolitical Framing
115913968629100828,Attack on reputation,"""No"""
115913724519885202,Call,No
115913809230823901,Call,No
115913629513015604,Call,No
115912250523181458,Attack on reputation,"""No"""
115911321115123547,Attack on reputation,No
115911133899693977,Justification,No
115908316744576000,Distraction,"""No"""
115908065089401787,Attack on reputation,No
115906000981082082,Call,No
115905757161594483,Call,No
115905755470362973,Call,No
115902023696178994,No,"""No"""
115902017280271792,Justification,Geopolitical Framing
115901692370933354,Call,No
115901513827848128,Call,No
115899928012071589,Call,"""No"""
115899252938886431,Call,No
115899010178595252,Call,No
115898867378270216,Call,No
115896547660912892,Attack on reputation,"""No"""
115895806350456434,Call,No
115893658269457561,Distraction,No
115893627273067088,Attack on reputation,"""No"""
115893625622462941,Distraction,No
115862109893187989,Justification,"""No"""
115893309945152200,Attack on reputation,No
115893255826342514,Call,No
115890870756720067,Call,"""No"""
115889956193740965,Call,No
115889954671261109,Attack on reputation,No
115888656099131562,No,"""No"""
115888317758045915,Call,No
115888260399895701,Distraction,"""No"""
115888070937502023,Attack on reputation,No
115888061978141827,Attack on reputation,No
115887347099564233,Attack on reputation,"""No"""
115886085338434959,Call,"""No"""
115884759090137876,No,"""No"""
115884425860726582,Attack on reputation,"""No"""
115884319075881590,Call,"""No"""
115884164936451552,Attack on reputation,"""No"""
115883475463948362,Attack on reputation,No
115882511750475574,No,No
115882232505676630,Call,"""No"""
115879659776888469,No,"""No"""
115879485276291693,No,"""No"""
115877313568182404,Call,"""No"""
115877277396911389,No,"""No"""
115877176968623599,Call,"""No"""
115877170851219343,Distraction,"""No"""
115877168331849670,Call,"""No"""
115877159371615050,Call,"""No"""
115877154046314028,No,"""No"""
115876460615555838,Distraction,No
115876282507423685,No,"""No"""
115873451908160529,Call,"""No"""
115873337954422404,Call,No
115873188207807497,Distraction,"""No"""
115872769704977517,Call,"""No"""
115872684220634537,Call,"""No"""
115872664324587956,Call,"""No"""
115872214156165257,Call,No
115872191697421818,Call,No
115871761540198799,No,"""No"""
115871740731557028,"""Attack on reputation""",No
115871569409937657,Attack on reputation,"""No"""
115871567004197826,Justification,No
115871564802315111,Call,"""No"""
115871553613947408,No,"""No"""
115868224630084983,No,"""No"""
115670577719463498,Call,No
115868163614710077,Call,"""No"""
115868137663758679,Call,No
115868134941083354,Call,No
115868132990949589,Call,No
115867481802224393,Call,No
115867403112667181,Call,No
115867385857410443,Call,No
115866908684935165,Call,No
115866624593954329,Call,No
115866622554668872,Call,No
115864395969123502,Call,No
115863379883214601,Distraction,"""No"""
115862684255980250,Call,No
115862665860473431,Attack on reputation,"""No"""
115862540912655667,Call,"""No"""
115861588073149023,Manipulative wording,No
115861537483492504,Justification,"""No"""
115860738010214901,Attack on reputation,"""No"""
115859532176676320,Call,No
115857498674115807,Justification,No
115856506155736586,No,No
115856078669121098,Call,No
115855894695940909,Justification,No
115855836062461949,No,No
115855701696773990,Call,No
115855387946005468,No,"""No"""
115855059527504524,Call,No
115855025749206304,Call,No
115854352740910460,No,No
115854238467475779,Call,"""No"""
115850817778602689,Call,No
115850518579436668,Call,"""No"""
115850515035074475,Call,"""No"""
115850512257143274,Call,"""No"""
115850509804217257,No,"""No"""
115850448778042500,Call,"""No"""
115850441807763948,Call,"""No"""
115850412075994316,Attack on reputation,No
115850410088588555,Attack on reputation,No
115850286700351188,Call,No
115850261028223020,Call,"""No"""
115848423492044761,Call,No
115848359372759872,Attack on reputation,"""No"""
115848329193521599,Call,"""No"""
115844958852489769,Distraction,"""No"""
115844861259246664,Justification,No
115844814100241306,Distraction,"""No"""
115844769291604784,Attack on reputation,No
115844083693194821,Attack on reputation,No
115842866197248103,"""Call""",No
115840974031136947,No,"""No"""
115833880793462028,No,No
115833689929797630,No,No
115832088990838303,No,"""No"""
115830428767897167,Call,No
115825951172960005,Justification,No
115825939879230793,No,"""No"""
115825927097030404,Distraction,"""No"""
115825922328928515,Call,"""No"""
115825822957307790,Distraction,"""No"""
115825721310088041,"""Attack on reputation""","""No"""
115825378093317232,No,"""No"""
115824439366264186,Call,No
115823137139241980,Distraction,No
115822915162697186,No,"""No"""
115821862193209382,Attack on reputation,No
115816402893182666,Attack on reputation,No
115816171466225987,No,No
115816098525451632,Attack on reputation,"""No"""
115816063544553030,Call,"""No"""
115815971019162695,Justification,No
115815655902009476,Attack on reputation,"""No"""
115815651158028007,Distraction,"""No"""
115815648382815071,No,"""No"""
115815610061050583,Justification,No
115815355325954705,Attack on reputation,No
115814993074933464,Attack on reputation,No
115814835032750025,Attack on reputation,"""No"""
115814640881301083,"""Attack on reputation""","""No"""
115814617728790414,Attack on reputation,No
115814530455966257,Call,No
115814390834030545,Justification,No
115811936714151078,Distraction,"""No"""
115810938895873142,No,"""No"""
115810718304828331,Distraction,No
115810716798307317,Call,"""No"""
115810715225124666,Call,"""No"""
115810713030550767,No,"""No"""
115810711432191643,Call,"""No"""
115810709647434944,No,"""No"""
115810686186203677,No,"""No"""
115810683606018453,Distraction,"""No"""
115810682102252570,No,"""No"""
115810597668691530,No,"""No"""
115798213364038844,Call,No
115797695341052561,Call,No
115791817694825755,Justification,No
115791772938559943,Call,No
115791568431162058,Distraction,"""No"""
115788344840750960,Distraction,No
115782891296626533,Attack on reputation,"""No"""
115787817857959030,No,"""No"""
115787811699981289,Call,"""No"""
115786778118857114,Justification,"""No"""
115786765163808034,Call,"""No"""
115786753989451101,Distraction,No
115786745967133949,No,"""No"""
115785980589547737,Call,"""No"""
115785935602103818,No,No
115785910842203078,No,"""No"""
115785909319650055,Distraction,No
115785906687175720,Justification,"""No"""
115785904480766736,No,"""No"""
115782683955516402,Attack on reputation,Geopolitical Framing
115782187461315486,No,"""No"""
115778615226875407,Call,"""No"""
115778613682738874,"""Attack on reputation""","""No"""
115778611981654615,Call,"""No"""
115771425061663851,Call,"""No"""
115777270368444049,Attack on reputation,No
115777189961532523,Attack on reputation,"""No"""
115777187532951131,No,No
115777185874091441,Distraction,"""No"""
115777183958226675,No,"""No"""
115777182422408467,Distraction,No
115772932017222359,Call,"""No"""
115772922954148853,Distraction,No
115772871198579287,Simplification,"""No"""
115772841536331132,Attack on reputation,"""No"""
115771638702591740,No,"""No"""
115769455906748881,Call,No
115770367420942580,Call,No
115770165868454573,Call,No
115769520157248739,Call,No
115769417518541473,Call,No
115769302680506780,Justification,No
115767241940653010,Attack on reputation,No
115766194471748593,Attack on reputation,No
115760829286615399,Call,No
115753288205584377,No,"""No"""
115753298667628824,Distraction,"""No"""
115754571956299155,Attack on reputation,"""No"""
115754059136466585,Call,No
115750227263339859,Call,No
115748998203463423,Call,"""No"""
115748995021059823,Attack on reputation,No
115748898604800291,Attack on reputation,No
115748870260800797,No,"""No"""
115748701721247530,Call,No
115748555238487311,Attack on reputation,"""No"""
115748466708380170,Distraction,No
115748453260594922,Call,No
115747232618687626,Justification,"""No"""
115746937797990743,Call,"""No"""
115746927359326655,No,"""No"""
115744604019079688,Call,"""No"""
115744349172803672,Call,"""No"""
115744328126422418,Call,"""No"""
115743433358756069,Call,"""No"""
115742838603762912,Call,"""No"""
115742789211395317,Call,No
115742633193769571,Call,"""No"""
115742629595806439,Call,"""No"""
115742571489420298,Call,No
115742569503999806,Call,"""No"""
115736866317724246,Attack on reputation,"""No"""
115733300541760842,Call,No
115732907047025888,No,"""No"""
115732900424005065,Call,"""No"""
115732896552615984,Call,No
115732659042964265,No,No
115732670084362796,No,No
115732274245124697,Call,"""No"""
115732218449256267,Attack on reputation,"""No"""
115732126619539882,Call,No
115731908387416458,Call,No
115731785428395132,Call,No
115730908630818072,Attack on reputation,No
115730859844120569,Attack on reputation,"""No"""
115730644486071082,Call,No
115730057824476022,No,"""No"""
115725803987363092,Call,"""No"""
115567293174185547,Call,No
115724141568860081,Attack on reputation,No
115584069121440868,Attack on reputation,"""No"""
115583967084870267,Call,"""No"""
115584350662002045,Simplification,"""No"""
115585165637422509,Call,"""No"""
115614220577980648,Call,"""No"""
115583956149724264,Justification,No
115720185685535918,Call,"""No"""
115720167024828284,Call,"""No"""
115720154535825762,Distraction,"""No"""
115714751735035903,Justification,No
115714676658999589,"""Distraction""",No
115713851852551574,Distraction,"""No"""
115714068315379947,Call,"""No"""
115713778827349150,Call,No
115713058860389475,Justification,"""No"""
115713044487400578,Justification,No
115710698623079249,Attack on reputation,"""No"""
115707808536071986,Call,Geopolitical Framing
115703610330402175,Attack on reputation,"""No"""
115702734737677434,Attack on reputation,No
115702382320619583,Call,No
115701697468059580,Call,"""No"""
115701239677984151,Attack on reputation,"""No"""
115698333420423237,Attack on reputation,"""No"""
115697029631709665,Call,No
115698147293634454,Call,"""No"""
115696262289771554,Distraction,No
115692843128539904,Call,No
115693285064758445,Call,"""No"""
115688492399516072,Justification,No
115688461364044258,Distraction,No
115686410399815717,Call,No
115686072737425841,Call,No
115685670623938058,"""Attack on reputation""","""No"""
115684406134734247,Attack on reputation,No
115684148454828379,Call,"""No"""
115680021178321608,Justification,No
115679783474101246,Attack on reputation,No
115679765232612242,Attack on reputation,No
115679762314112555,Attack on reputation,No
115678452939414622,Call,No
115678904344018257,Call,"""No"""
115676421048496642,No,"""No"""
115675310112594110,No,No
115674446098726232,"""Attack on reputation""",No
115674376798726553,Attack on reputation,"""No"""
115669815800105560,Call,No
115674349662139906,Distraction,"""No"""
115674102596009965,Call,No
115673738803217830,Distraction,"""No"""
115673713225538385,No,"""No"""
115673706520574050,Attack on reputation,No
115673681347141352,Justification,"""No"""
115673677994343056,Justification,"""No"""
115673676055612429,Call,No
115673648564690818,No,No
115673641220529524,No,No
115673487263910414,Call,"""No"""
115672772354075395,Attack on reputation,"""No"""
115672630683376515,Attack on reputation,No
115670459480108739,No,"""No"""
115669821715563033,Call,No
115667445871563304,Call,No
115667396705453017,Call,"""No"""
115664032674403982,Call,No
115663982335866800,Distraction,"""No"""
115622436610625220,Call,"""No"""
115629765183673638,Justification,No
115625429081411360,Attack on reputation,No
115663961478701629,No,"""No"""
115663957175232306,No,"""No"""
115663952570644904,No,No
115663947824431940,No,"""No"""
115662373086221699,Call,"""No"""
115662369700704369,Call,"""No"""
115662367365090087,Call,No
115662365895882699,Call,"""No"""
115662364552464423,Call,No
115662363349008651,Call,"""No"""
115661283977133711,Distraction,"""No"""
115659423260785023,Call,"""No"""
115659421538834732,Justification,"""No"""
115659207921669230,Attack on reputation,No
115658619396755634,Attack on reputation,"""No"""
115656343773820545,Attack on reputation,No
115656327877659916,Call,No
115653238186658350,No,"""No"""
115653225494931779,Call,"""No"""
115652422974373513,Attack on reputation,"""No"""
115652356733049190,Call,"""No"""
115651209876382028,Call,"""No"""
115650472826053655,Call,No
115650314096956008,Call,"""No"""
115649576495618820,Call,"""No"""
115650062002934091,Call,"""No"""
115649563087207461,Call,No
115649503125687789,Distraction,"""No"""
115648012587209049,Call,"""No"""
115647715850270252,Attack on reputation,No
115647708910290144,Distraction,"""No"""
115647697688351327,Distraction,"""No"""
115647567538614723,Justification,No
115647333846814832,Attack on reputation,No
115647107696867275,Call,No
115647063978030089,Attack on reputation,No
115646159943244507,No,"""No"""
115645716721136333,No,"""No"""
115645706907524793,No,"""No"""
115645123576749080,Call,No
115642722629712717,Call,No
115642689265118703,Call,"""No"""
115642237340050337,Call,No
115639158069045029,Call,"""No"""
115641123675257358,Call,"""No"""
115641100589870564,Attack on reputation,No
115641083942804824,Call,No
115641076038424832,No,"""No"""
115640171509477265,Call,No
115639208611971612,Attack on reputation,No
115639162273110013,Call,"""No"""
115635064661785681,Call,"""No"""
115634967838729337,No,No
115634952920337470,Distraction,"""No"""
115633174669225455,Call,No
115633041089714842,Call,No
115632959311037868,Justification,No
115629406693931908,Justification,No
115629335172411031,Attack on reputation,No
115629105165918036,Call,"""No"""
115629010097815862,Call,No
115619278155546502,Call,"""No"""
115626148731779942,Call,"""No"""
115625427648743414,Call,No
115625421503636680,Attack on reputation,No
115623160236217960,No,"""No"""
115619210705501837,Call,No
115618335917111212,No,"""No"""
115618236412963848,Call,No
115617866419112089,Call,No
115617700844849134,Attack on reputation,"""No"""
115617658912008194,Attack on reputation,No
115617052659110736,Attack on reputation,"""No"""
115616548418162346,No,"""No"""
115616546926814479,Call,No
115616545250020843,Attack on reputation,No
115616248406860153,Call,"""No"""
115616235841996334,Call,"""No"""
115615998120894392,Call,No
115612873614937945,Call,No
115612779496430359,Call,"""No"""
115612027228424815,"""Call""",No
115612007398266637,Call,Geopolitical Framing
115606895115145727,Call,"""No"""
115605992780109632,Attack on reputation,No
115605897178712132,Call,"""No"""
115604689359180322,Attack on reputation,No
115604342260009397,Attack on reputation,"""No"""
115604240580797202,Call,No
115604227117479754,Distraction,No
115604207333809204,Distraction,"""No"""
115602969458348561,Call,No
115601863065566414,No,"""No"""
115601476787319590,Call,No
115601252711182007,Attack on reputation,No
115600167812342707,Call,"""No"""
115589257346768147,Attack on reputation,No
115599455037289127,Attack on reputation,No
115599428464496784,Call,No
115597116924552201,Justification,No
115597077845312894,Attack on reputation,"""No"""
115596544162295527,Call,No
115596533671432236,Call,No
115596415059652997,Distraction,No
115578474822078156,Distraction,No
115595765848682100,Call,"""No"""
115595274389789024,Distraction,No
115593240147764609,Call,No
115593179521083607,Call,"""No"""
115590786862216464,Call,No
115590382865392804,Call,"""No"""
115589197031379339,No,"""No"""
115582703277798715,Call,"""No"""
115582451169685243,"""Call""","""No"""
115579789920906826,Call,No
115580091742881393,Call,No
115579934171571737,Call,"""No"""
115579994518846022,"""Distraction""","""No"""
115580234409714218,Call,"""No"""
115580043764808419,Call,"""No"""
115580255469225519,Call,"""No"""
115580391269655629,No,"""No"""
115579923781748856,Attack on reputation,No
115580356465382356,No,"""No"""
115579841410348342,Call,"""No"""
115579857467915312,Distraction,No
115579968766152949,Attack on reputation,"""No"""
115579817214103772,Attack on reputation,"""No"""
115579833072568656,Call,"""No"""
115579824866571287,Distraction,No
115579816850718152,Distraction,"""No"""
115582417825161974,Call,"""No"""
115580455960616035,Attack on reputation,"""No"""
115580448819564585,Call,"""No"""
115580387278716452,Call,"""No"""
115579432475646132,Call,"""No"""
115579394833948106,Attack on reputation,No
115577964949117047,Call,Geopolitical Framing
115577056018106234,Call,No
115577053608486130,Justification,"""No"""
115577050910593912,Justification,"""No"""
115255512593368090,Call,"""No"""
115577042043264984,Justification,"""No"""
115577040776570054,Distraction,"""No"""
115577039288167821,No,"""No"""
115577037384069112,Call,"""No"""
115577034428518924,No,"""No"""
115577032965627237,Call,"""No"""
115573090200730933,Distraction,"""No"""
115573085494912311,Call,No
115572931492563128,Distraction,No
115570813586755288,Call,No
115570749579575260,Call,No
115567457865630938,Call,No
115567081810209795,Call,No
115567070909453272,Attack on reputation,"""No"""
115565882166681770,Attack on reputation,No
115277495769265825,No,"""No"""
115277428755861763,Call,No
115277471032035697,No,"""No"""
115277207989888806,Attack on reputation,No
115565361275932801,Call,"""No"""
115562700432868071,Call,No
115553996161686638,Distraction,No
115560043250245763,Justification,No
115560203990233492,No,No
115560175157673592,No,"""No"""
115560060266158815,Justification,No
115553981968070207,No,"""No"""
115563298458806964,"""Attack on reputation""","""No"""
115562684567737579,Attack on reputation,"""No"""
115562626931599548,No,"""No"""
115560208774541030,Attack on reputation,No
115556419150424739,Attack on reputation,"""No"""
115554138689247811,Attack on reputation,"""No"""
115551127714537339,Attack on reputation,No
115553994466678093,Attack on reputation,No
115551595974876455,No,"""No"""
115551054294277065,Attack on reputation,"""No"""
115549914983720555,Call,No
115549907135940696,Call,"""No"""
115549898479582155,Call,No
115549764700461483,Call,"""No"""
115549287803709107,No,"""No"""
115548824413984773,"""Attack on reputation""","""No"""
115548785919046772,Distraction,No
115548539359870302,Attack on reputation,No
115548501518888756,Attack on reputation,No
115548119929978278,No,"""No"""
115545559394082144,Call,"""No"""
115205301127455058,Call,No
115545558485420962,Call,"""No"""
115527575773543165,Call,No
115538410938231838,Attack on reputation,"""No"""
115538279653817159,Attack on reputation,No
115538047317239976,Attack on reputation,No
115538010339531154,Call,"""No"""
115538002658085818,Justification,"""No"""
115533678904226335,Justification,No
115533666048445520,Justification,No
115533090607800907,Attack on reputation,No
115532927507491211,Call,No
115529500724371786,Call,No
115529446165908851,Justification,"""No"""
115529141758455385,No,"""No"""
115528250588455261,Call,No
115527262176895128,Distraction,No
115527159095475127,Attack on reputation,No
115526165519672797,Call,"""No"""
115526123205979749,Call,No
115526107177904576,Call,No
115525582895720508,No,"""No"""
115520633257497938,Distraction,"""No"""
115355273080830875,Attack on reputation,No
115521834138408370,No,"""No"""
115521826049485056,Call,"""No"""
115521813139896886,Call,"""No"""
115521797504730572,Call,"""No"""
115521695808009888,Attack on reputation,No
115521239983259817,Attack on reputation,"""No"""
115520462584981053,Distraction,No
115520448197201824,Attack on reputation,"""No"""
115520432241623568,Justification,"""No"""
115520428779875897,No,"""No"""
115520402338272699,Call,"""No"""
115520395997089111,Attack on reputation,No
115520387746375038,Call,"""No"""
115520378078620283,No,"""No"""
115514686647205086,Call,"""No"""
115514453574326959,Call,No
115520282513349957,Call,No
115519951705472870,Distraction,"""No"""
115519814244677655,Call,"""No"""
115519740341195886,No,No
115519726463094783,Call,"""No"""
115519669621468424,Call,"""No"""
115519656372603789,Call,"""No"""
115519648221128582,Call,"""No"""
115516544869113613,Call,"""No"""
115516542005966562,Call,"""No"""
115516539764708833,Call,No
115516453396913877,Call,"""No"""
115515978292380146,Call,No
115515520504887050,Distraction,"""No"""
115514359098158106,Call,"""No"""
115512295613216843,Call,"""No"""
115511452695728702,Call,No
115511357579183415,Attack on reputation,"""No"""
115511412965888296,Call,No
115511314225352462,Call,"""No"""
115511090849508843,Attack on reputation,No
115510780457859130,Attack on reputation,No
115510666739916664,Attack on reputation,No
115510485436664476,Call,"""No"""
115510396474764395,Justification,No
115510343852481018,Call,"""No"""
115509306635941834,Distraction,"""No"""
115508709196254115,Call,"""No"""
115508699750416036,Call,"""No"""
115508680705242553,Attack on reputation,"""No"""
115506045885898474,Call,"""No"""
115505478418176575,Call,"""No"""
115504973020459337,Call,"""No"""
115503780433465879,Call,"""No"""
115503140217634129,Manipulative wording,"""No"""
115499697091735267,No,"""No"""
115497796099239673,Call,No
115499732754537441,Call,"""No"""
115499724149347850,Call,"""No"""
115499715894035999,Call,"""No"""
115499694708692358,Call,"""No"""
115499684929738733,Call,"""No"""
115499661270945292,Call,"""No"""
115499626990484138,Distraction,Geopolitical Framing
115499622304174991,Distraction,No
115499621107006705,Call,No
115499615432000308,Call,No
115499609714844979,Call,No
115499601111135687,Attack on reputation,No
115499595196200926,Call,No
115499540273989970,Call,"""No"""
115499529258415888,Call,"""No"""
115499436761437618,Call,"""No"""
115499397897941707,No,No
115499354921504983,Call,Geopolitical Framing
115499324245510580,Justification,No
115499313489581846,Call,"""No"""
115499233518098762,No,"""No"""
115499222370397593,Call,No
115499196526115634,Justification,No
115499184567907673,No,"""No"""
115499177304548955,Distraction,"""No"""
115499172943770311,Distraction,"""No"""
115499168374068086,Call,"""No"""
115495225031046506,Call,"""No"""
115495081097004172,Call,No
115495015896453646,Call,"""No"""
115494928414626214,Call,"""No"""
115494873923565600,Simplification,"""No"""
115493839582779089,Justification,"""No"""
115493792769655959,Call,"""No"""
115493742592679097,Call,"""No"""
115493671705492320,Call,No
115492840195051630,Call,No
115492832612668287,Call,"""No"""
115492361756063244,Call,"""No"""
115492285081397189,Call,No
115492078911838554,No,No
115492004240702808,Call,"""No"""
115491996994152487,Call,No
115491968446085363,Attack on reputation,"""No"""
115491634358714159,Call,"""No"""
115488077072288045,Attack on reputation,"""No"""
115488449295708606,Call,No
115488448679125333,Distraction,No
115488447988115806,Call,No
115488447377350651,Call,No
115488108743015746,Call,"""No"""
115488069736938548,Call,No
115488065843902022,Distraction,"""No"""
115487673519351557,Call,"""No"""
115487672617211689,Call,"""No"""
115487671846603737,Call,No
115487671165225276,Call,No
115487670248355008,Call,No
115487657312854919,Call,"""No"""
115487637340888017,Call,No
115487542470944967,Call,No
115487538389910575,Attack on reputation,"""No"""
115487534126970172,Call,"""No"""
115487533079747054,Call,"""No"""
115487530794623341,Call,"""No"""
115487529176186545,Call,"""No"""
115487528401379340,Call,"""No"""
115487527449007567,Call,No
115487526694807268,Call,"""No"""
115487525926377512,Call,No
115487525182720756,Call,No
115487524223496553,Call,No
115487523238345065,Call,"""No"""
115487522476295727,Call,No
115487521272358814,Call,No
115487520305552246,Call,No
115487516919335021,Call,"""No"""
115487509118195615,Call,No
115487507787596823,Call,"""No"""
115487459643312527,Call,No
115487458723482669,Call,"""No"""
115487457628694653,Call,No
115487456971332644,Call,No
115487456380926200,Call,No
115487455722792140,Call,No
115487454603803196,Call,"""No"""
115487454024721017,Call,No
115487453441228308,Call,No
115487452865254311,Call,"""No"""
115487452294166543,Call,No
115487451656777132,Call,"""No"""
115487451093103232,Call,"""No"""
115487424416949967,Call,No
115487423618581189,Call,No
115487423040942295,Call,"""No"""
115487422134481211,Call,"""No"""
115487421529452815,Call,"""No"""
115487420927533924,Call,"""No"""
115487420258581068,Call,No
115487419101245893,Call,"""No"""
115487418490322231,Call,No
115487417887119597,Call,"""No"""
115487417269482211,Call,"""No"""
115487416652012147,Call,No
115487416040700648,Call,"""No"""
115487415350975092,Call,No
115487414487226114,Call,"""No"""
115487413806174322,Call,No
115487413163865371,Call,"""No"""
115487409928245363,Call,"""No"""
115487408895007566,Call,"""No"""
115487407766645489,Call,No
115487407342367814,Call,"""No"""
115483612584051928,Call,"""No"""
115483611124274810,No,"""No"""
115483604966976923,Call,"""No"""
115483600717795173,Call,No
115483597298904555,Call,"""No"""
115483588957385542,Call,"""No"""
115483585666476879,Attack on reputation,No
115483583008573608,Call,"""No"""
115483506946659561,Call,"""No"""
115483506187792362,Call,No
115483497131354385,Call,"""No"""
115483496366694822,Call,No
115483495393568211,Call,"""No"""
115483494581672791,Call,No
115483493833786784,Call,"""No"""
115483493122773638,Call,"""No"""
115483492025820257,Call,"""No"""
115483491309251871,Call,No
115483490583943218,Call,No
115483489851598217,Call,No
115483489119629845,Call,No
115483488236956361,Call,No
115483487297164906,Call,"""No"""
115483486488391164,Call,"""No"""
115483485693600679,Call,No
115483484931163272,Call,"""No"""
115483484532414248,Call,"""No"""
115483440357834964,Call,No
115483437897423013,Call,No
115483436982762122,Call,No
115483435191255103,Call,"""No"""
115483434354278744,Call,No
115483401027909719,Call,No
115483400223477879,Call,"""No"""
115483398591251199,Call,No
115483397195615826,Call,No
115483382708030237,Call,"""No"""
115483381794647329,Call,"""No"""
115483376777280289,Call,No
115483375767326344,Call,No
115483347669595966,Call,No
115483346572613945,Call,"""No"""
115483345591728067,Call,"""No"""
115483339842449904,Call,"""No"""
115483337042625634,Call,"""No"""
115483335781073046,Call,No
115483335025617789,Call,"""No"""
115483334603209840,Call,"""No"""
115476772387145483,Justification,No
115476887786298120,Distraction,No
115476385101120405,Call,No
115483019659144300,Call,"""No"""
115483014123680949,Distraction,"""No"""
115482995616124761,Call,No
115482994992396118,Call,"""No"""
115482994183924113,Call,No
115482993389104673,Call,No
115482992338432058,Call,"""No"""
115482990032900099,Attack on reputation,"""No"""
115482954448237364,Attack on reputation,No
115482910469184199,Call,"""No"""
115482823879151068,Call,No
115482817545218922,Call,No
115482797655964985,Call,"""No"""
115482790527492824,Call,No
115481642855833812,Call,"""No"""
115481621608702748,"""Attack on reputation""","""No"""
115481133984555013,No,No
115478361803609448,Call,"""No"""
115476722685054429,Call,No
115476637068029863,Call,"""No"""
115476261248208645,Call,No
115476226653143069,Call,"""No"""
115476218592581611,Attack on reputation,"""No"""
115474943732989523,Call,"""No"""
115474932439744266,No,"""No"""
115471065919157533,Call,No
115470116607441456,Call,Geopolitical Framing
115470031277654302,Call,"""No"""
115469942090837414,Simplification,"""No"""
115469852646643521,Simplification,"""No"""
115469554183399273,No,"""No"""
115466450476422202,Attack on reputation,No
115466449868630054,Attack on reputation,"""No"""
115466017324489749,Call,"""No"""
115464409692406079,Call,No
115464406342534500,Justification,"""No"""
115464125214326353,No,"""No"""
115464111207583333,No,"""No"""
115463473432662826,Attack on reputation,"""No"""
115462098072054944,Call,No
115462006949579771,Distraction,"""No"""
115460439199531354,Call,"""No"""
115460423936412555,Justification,No
115459747028353384,Call,No
115459721816394295,No,"""No"""
115459712836946359,Call,"""No"""
115459650821125830,Call,No
115459641125796285,Call,No
115459612900259962,Call,No
115459554252660428,Call,No
115459538588191547,Call,No
115459449416715730,Call,"""No"""
115459446440286252,Attack on reputation,No
115459433541589439,Attack on reputation,No
115459203578150327,Attack on reputation,"""No"""
115458823430143771,No,"""No"""
115458636243379847,No,"""No"""
115458619294621505,Call,"""No"""
115458478288023570,Justification,"""No"""
115458501745548033,Call,"""No"""
115458493961045086,No,"""No"""
115458483828065961,No,No
115458471324307354,Call,"""No"""
115457748849999413,No,"""No"""
115457600588415376,Attack on reputation,"""No"""
115456708839350276,No,No
115452216206626792,Call,No
115451439348965135,No,"""No"""
115451446582285625,Call,"""No"""
115451450033479493,No,No
115451465173248970,Call,No
115455691749593540,Distraction,No
115447911581618198,Call,"""No"""
115450395356071917,No,"""No"""
115452148487180766,Call,No
115455332224820388,Distraction,"""No"""
115414670134103540,Call,No
115445084269284249,Distraction,"""No"""
115445047857168881,"""Attack on reputation""","""No"""
115444936741535260,Distraction,"""No"""
115444924244999128,No,"""No"""
115444920810335631,Call,"""No"""
115444908825959315,Call,"""No"""
115444894900287475,Call,"""No"""
115444830915442121,Distraction,"""No"""
115444163384468198,Justification,No
115443565409065734,Call,No
115442848945833358,No,No
115442322929776750,No,"""No"""
115442316583935494,Distraction,"""No"""
115441871289276790,Attack on reputation,"""No"""
115437112529618205,Call,No
115436697060819133,Attack on reputation,No
115436558661444946,Distraction,No
115436151669143136,Call,No
115435567269756205,Call,No
115435565975811522,Call,"""No"""
115435565492870939,Call,"""No"""
115435125397678740,Call,No
115434906751111005,Call,No
115434876884564053,Call,No
115434875694997684,Call,No
115434874266267478,Call,No
115434873038322093,Call,"""No"""
115434871867209348,Call,No
115434870750784024,Call,No
115434869707731740,Call,No
115434868395866889,Call,No
115434867478490056,Call,"""No"""
115434866506983325,Call,No
115434864876564194,Call,No
115434864384907731,Call,No
115434862488071211,Call,No
115434861975122052,Call,No
115433013824981623,Call,"""No"""
115433013192840304,Call,"""No"""
115433011980643529,Call,"""No"""
115433011374281959,Call,"""No"""
115433010735171759,Call,"""No"""
115433010108866479,Call,No
115433009519508016,Call,No
115433008735462318,Call,"""No"""
115433008069468996,Call,"""No"""
115433007140347848,Call,No
115433006793180195,Call,"""No"""
115432378654253078,Attack on reputation,No
115432277352547206,Justification,"""No"""
115431695569678615,Call,"""No"""
115428915165145135,No,"""No"""
115428907096790566,Call,No
115428874684902595,Attack on reputation,No
115428798659352209,Call,"""No"""
115426967566430347,Attack on reputation,No
115426826573945929,Call,"""No"""
115426823727952497,Attack on reputation,No
115426103540693339,Call,"""No"""
115425827275887037,Attack on reputation,"""No"""
115424560133045127,Call,No
115421521228626427,Call,No
115420878291596525,Justification,No
115420822058223259,Distraction,No
115420686286814272,Distraction,No
115420559392004198,Distraction,"""No"""
115420439983527137,Call,No
115420436157664232,Call,"""No"""
114661266771433205,Call,No
115420411260976917,No,"""No"""
115419815673188246,No,"""No"""
115419686256202789,Call,No
115419589580674458,Call,"""No"""
115419584805414647,Call,No
115419583758354199,Call,"""No"""
115419580763584285,Call,No
115419577297297862,Call,No
115419510654451460,Call,No
115418866635313882,Justification,No
115418834028774105,Call,"""No"""
115418813519600271,No,"""No"""
115412289768445562,No,No
115408925114284473,Call,"""No"""
115408922697857899,Attack on reputation,No
115408916651989676,No,No
115408594704490513,Call,"""No"""
115408279042674945,No,"""No"""
115408277865887528,Justification,"""No"""
115402354000676703,No,"""No"""
115401193724514444,Call,"""No"""
115401182824973489,Attack on reputation,No
115400895783278217,Attack on reputation,No
115373650611754631,Call,No
115396632441470075,Call,No
115387504970821391,No,No
115391463725537040,Call,No
115391855540856433,Attack on reputation,No
115391842662459841,Attack on reputation,"""No"""
115391767709119144,Attack on reputation,No
115391496046848119,Call,"""No"""
115386869985631344,No,No
115386862652518090,Simplification,"""No"""
115386860322605604,Attack on reputation,"""No"""
115385308751129485,Call,"""No"""
115385030312911724,Distraction,No
115384956858741387,No,No
115384523296720119,No,"""No"""
115376185480428142,No,"""No"""
115374634610067538,Call,"""No"""
115375511151051697,Call,No
115375111830070922,Call,No
115375110884191581,Call,"""No"""
115375110148150196,Call,"""No"""
115375109495548501,Call,No
115375108797044323,Call,"""No"""
115375108572896191,Call,No
115375107555771159,Call,No
115375107170577916,Call,"""No"""
115375106561964982,Call,No
115375105881550079,Call,"""No"""
115374972311663773,Call,No
115374202790006886,Distraction,No
115373751811822463,Call,No
115373569028997850,Call,No
115373521310796812,No,"""No"""
115370899456605514,Distraction,"""No"""
115370891823342027,Call,No
115370756035314921,Call,"""No"""
115370746210555899,Call,No
115367994821475171,No,"""No"""
115367950848477257,Distraction,No
115367893972306613,Call,"""No"""
115367574318732455,No,"""No"""
115366807600343140,No,No
115366805606870680,Call,Geopolitical Framing
115366802439420195,Distraction,Geopolitical Framing
115366790852004595,No,No
115362978954725477,Justification,No
115362973187528235,Call,No
115362196088273474,Distraction,No
115361806192142146,Attack on reputation,"""No"""
115359298785234325,Justification,No
115359345947837427,Call,No
115359097815090250,Attack on reputation,"""No"""
115356736998906023,Call,No
115353404685317152,Call,"""No"""
115351840469973590,Call,No
115350523979849543,Call,"""No"""
115350455734003647,Call,Geopolitical Framing
115347732161219225,No,"""No"""
115347456920917051,Call,"""No"""
115347290009466197,Call,"""No"""
115345041705180674,Justification,No
115255034951633832,No,No
115345035086352570,Justification,No
115344973130792718,Call,No
115344969648448054,Call,"""No"""
115344702341451680,No,"""No"""
115344056627930464,No,No
115344029460933968,Call,No
115344000556414178,Justification,No
115340993884364431,Call,No
115339214405326306,Call,"""No"""
115339130014906858,Call,No
115339108942948542,Call,No
115338509988551290,Distraction,No
115271135823530018,Distraction,No
115336552194960046,Call,"""No"""
115336547657622506,Call,"""No"""
115336083572186272,Distraction,No
115335985411793079,Call,No
115335941705023271,Attack on reputation,No
115332976894666371,Call,No
115332808536869094,Attack on reputation,"""No"""
115332793655857227,No,No
115329671584864920,Distraction,No
115328463321928109,Call,No
115328193599837767,Call,"""No"""
115328023446331082,"""Flag Waving""","""No"""
115327555965429625,Call,No
115327095381864389,Call,"""No"""
115327091437197645,No,"""No"""
115324116995053528,Attack on reputation,"""No"""
115324114715261770,Call,No
115323624233369062,Call,No
115323611813143803,Call,No
115323430925525240,Call,"""No"""
115323790604734426,Call,No
115322333732211990,Distraction,No
115322323424244142,Attack on reputation,"""No"""
115321994845181490,Call,No
115318223084524890,Distraction,No
115317679562891817,Call,No
115317676598981431,Attack on reputation,No
115316576281168745,Call,No
115312821068691123,Call,No
115312550655380642,Call,No
115312298602997974,Call,No
115311560762123348,Call,No
115311360340851958,No,No
115311232842528048,Call,No
115311008657859843,Call,"""No"""
115310630808491399,Call,No
115307871751959358,Call,"""No"""
115304536210429622,Distraction,No
115304455138824245,Attack on reputation,"""No"""
115304401783234720,Distraction,No
115302268694968810,Simplification,"""No"""
115301502762018573,No,"""No"""
115300785090391636,Call,No
115300247218302066,"""Attack on reputation""","""No"""
115300187189696754,Call,No
115300121637799728,Distraction,"""No"""
115300118756896774,Call,No
115299125682668163,"""Attack on reputation""",No
115291063849193343,No,No
115295135491509033,No,"""No"""
115287723938349086,Call,No
115287691323395767,Call,No
115287641147640374,Attack on reputation,No
115285407847623317,"""Call""","""No"""
115285037264191888,No,"""No"""
115284390473558678,Call,"""No"""
115283821263580695,"""No""","""No"""
115283825662825835,No,"""No"""
115283456384015419,No,"""No"""
115283020712432544,Call,No
115282475594529474,Call,"""No"""
115282373388310178,Call,"""No"""
115282009590636281,Call,No
115279734861052153,Call,"""No"""
115277958170081067,Attack on reputation,"""No"""
115277150178333751,Attack on reputation,No
115276694936263266,Call,No
115273002921064922,Attack on reputation,No
115272913573921379,Call,No
115272791741064606,Call,"""No"""
115272758814629814,Attack on reputation,No
115272665190921190,Attack on reputation,No
115272539858157742,Justification,"""No"""
115271189838263038,No,"""No"""
115270250599016202,"""Attack on reputation""","""No"""
115270236987768479,Attack on reputation,No
115268421148098339,"""Attack on reputation""","""No"""
115267566687091858,Justification,No
115267513846352215,Attack on reputation,No
115267512131958759,No,No
115267459188661048,Justification,No
115267382531822964,Justification,No
115265761140050795,No,"""No"""
115265100530813233,No,"""No"""
115265657211315840,No,"""No"""
115265260242945334,No,"""No"""
115265101508136637,No,"""No"""
115264848871452989,Distraction,No
115261466629181518,Distraction,No
115261110149678466,Attack on reputation,No
115261106680507707,Call,No
115260643704742189,Attack on reputation,No
115260622454907511,Attack on reputation,"""No"""
115256938634035559,Attack on reputation,"""No"""
115254123044077073,Distraction,No
115254113238985787,Distraction,No
115254088484141095,Justification,No
115254075786092196,Justification,No
115254036566259781,Distraction,"""No"""
115255130298104593,Call,No
115255115250137156,Call,No
115254544745193117,No,No
115254363337739989,Call,No
115253901757845391,Attack on reputation,No
115250311291343080,Justification,No
115249076293700355,Call,No
115248712390172467,No,"""No"""
115244839192316435,No,No
115244831318960560,Attack on reputation,"""No"""
115243170361759043,Call,"""No"""
115239776714791650,Attack on reputation,"""No"""
115239306164275142,Call,No
115239044548033727,Call,No
115239044263612470,Call,"""No"""
115239012437859070,Justification,No
115238993505561388,Call,No
115238745589536576,Distraction,No
115238732896636210,No,No
115238637490866159,Call,No
115237675581682288,Distraction,No
115234681538876098,Attack on reputation,No
115233858097105046,Call,"""No"""
115233841743981161,Attack on reputation,"""No"""
115233821158063044,Call,"""No"""
115233555445134712,Call,No
115233273741566911,Attack on reputation,"""No"""
115233272162019294,Call,No
115232256964155055,Call,"""No"""
115231649861246548,Call,No
115227872322760999,No,No
115227870570776224,Attack on reputation,"""No"""
115227590551904968,Attack on reputation,"""No"""
115227570336805813,Call,No
115227439432496065,Call,No
115227402361307056,Attack on reputation,No
115227391845966364,Attack on reputation,"""No"""
115227330235996125,Call,No
115222459539841970,Attack on reputation,No
115222372625104790,Attack on reputation,No
115217256645822887,Attack on reputation,"""No"""
115216612718850378,"""Attack on reputation""","""No"""
115216073639611002,No,"""No"""
115215373441679018,No,"""No"""
115216445416479469,"""Call""","""No"""
115216434940272027,Call,"""No"""
115215935113008933,Call,"""No"""
115215588649960500,Attack on reputation,No
115215531079925851,Call,Geopolitical Framing
115215419860494912,Distraction,No
115215278610415981,Call,Geopolitical Framing
115215261916717696,Call,"""No"""
115210251262068973,Call,No
115158844720799812,No,No
115214606264586178,Call,"""No"""
115158330468381986,Attack on reputation,No
115199460946450022,Justification,No
115204049358078594,No,"""No"""
115211918198289404,Attack on reputation,"""No"""
115210542156462323,No,"""No"""
115210521101816652,No,"""No"""
115210075167747572,Call,Geopolitical Framing
115209549037822166,Call,"""No"""
115209308362990527,Call,"""No"""
115102880953568178,Call,"""No"""
115208353139528932,No,"""No"""
115208260926006345,Call,No
115208219886830624,Distraction,"""No"""
115208193218518172,Distraction,"""No"""
115208143657180249,Distraction,"""No"""
115208055477865026,Distraction,"""No"""
115207991871277413,Attack on reputation,No
115206570863756188,Call,No
115206527064725917,Call,No
115205520510774944,Attack on reputation,No
115203976647679985,Call,"""No"""
115203966487358380,Call,No
115198530237918666,No,"""No"""
115196697263809382,No,No
115194602130168891,Distraction,"""No"""
115193110827591178,No,No
115191689087302108,Call,"""No"""
115187206743663378,Call,No
115187206020244589,Call,No
115187205784578767,Call,No
115186969669045268,Call,No
115186868794986559,Call,No
115186503899309206,Call,No
115186230726893391,No,"""No"""
115186228312744900,Call,No
115186203931436783,No,"""No"""
115183827069786801,No,No
115182892535295750,"""Call""","""No"""
115182019266546196,Call,"""No"""
115181934991844419,Attack on reputation,No
115181549363103818,Call,"""No"""
115180631135047280,Distraction,No
115180154793561569,"""Attack on reputation""","""No"""
115180060678818221,Call,No
115177916289896131,Call,"""No"""
115176746512388246,No,"""No"""
115176472700835865,Call,No
115176212194047212,Call,No
115176193823019593,No,No
115175155559334769,Call,"""No"""
115175015858047704,Call,"""No"""
115174504752942494,Attack on reputation,"""No"""
115171801902619547,Call,"""No"""
115171248213293804,Call,No
115170494005487289,Attack on reputation,No
115169843962994945,Call,No
115169727944499112,"""Attack on reputation""",No
115169709094964283,Attack on reputation,"""No"""
115169695509089058,No,"""No"""
115169689479915977,No,"""No"""
115169686997623003,No,"""No"""
115169254084774448,No,"""No"""
115168933967621443,Distraction,No
115168778764944128,Call,No
115168758828419703,Attack on reputation,No
115168717159863645,Distraction,"""No"""
115168503787643723,No,"""No"""
115165715028507857,Call,No
115164422928262033,Call,No
115164113502668318,Distraction,No
115164084768725650,No,"""No"""
115159991746199053,No,"""No"""
115154159518653872,Call,No
115153443118480614,Attack on reputation,"""No"""
115153378284802465,Simplification,"""No"""
115153232183118149,Attack on reputation,No
115152111914572913,"""Attack on reputation""","""No"""
115152031890524220,Attack on reputation,No
115151165397446776,Attack on reputation,No
115151159839778614,Distraction,"""No"""
115148649416502990,No,"""No"""
115144139539095661,Justification,No
115144108080211609,Justification,No
115144078281517668,No,No
115143490689155283,Attack on reputation,"""No"""
115143399928532593,No,"""No"""
115136798909755892,Call,No
115141178950731936,Distraction,No
115141085934172527,No,No
115141027239026556,Distraction,No
115137717177283585,Attack on reputation,No
115136375132635794,Call,No
115134772860379495,Call,"""No"""
115134530741891730,Call,No
115131453547647085,No,"""No"""
115130857021044948,Call,No
115129261076571259,No,"""No"""
115128985245605660,Distraction,No
115128853265372429,Call,No
115126546079910626,No,"""No"""
115126499944858986,Call,No
115126449469247578,Distraction,No
115126426327367030,Distraction,No
115126421567567735,"""Attack on reputation""",No
115126384708348116,Distraction,No
115126310071570564,Attack on reputation,"""No"""
115125782692352784,No,"""No"""
115125330212310166,Call,No
115125318282199234,Call,"""No"""
115124685956430001,Call,No
115124166787814415,Justification,"""No"""
115124163211780188,Attack on reputation,No
115124041395193539,"""Attack on reputation""","""No"""
115124034604820821,No,"""No"""
115124030766596526,Attack on reputation,No
115123713005977554,No,No
115123673064341664,Call,No
115120925187256761,Call,"""No"""
115120906287440313,No,"""No"""
115120881794624188,Call,No
115120863399877029,Call,"""No"""
115120853104354494,Distraction,"""No"""
115120828581193223,No,"""No"""
115120744696536461,No,"""No"""
115120067667186412,Call,No
115120036321239638,Attack on reputation,No
115119936158265299,Distraction,"""No"""
115119151783895076,Call,No
115118817792640786,Justification,"""No"""
115114587950181071,Justification,No
115114339832960282,"""Call""","""No"""
115114270276925608,Call,No
115112927549205725,Call,"""No"""
115109848555666148,Call,No
115109725372043595,No,"""No"""
115108269835339794,Call,No
115106855887002067,Distraction,"""No"""
115106822268468130,Call,"""No"""
115104909648896585,"""Attack on reputation""","""No"""
115103943282239129,Call,"""No"""
115102954264650044,"""Call""","""No"""
115101274999111772,Distraction,"""No"""
115100868745163117,Attack on reputation,"""No"""
115100792784831675,Attack on reputation,No
115099185736327475,Attack on reputation,"""No"""
115098905035838387,No,"""No"""
115098861391135351,Distraction,No
115098852835094028,Call,No
115098837339559726,Call,"""No"""
115098660302858709,Call,No
115098161051613732,Attack on reputation,"""No"""
115097715754727825,Call,"""No"""
115095945859977843,Call,"""No"""
115095712740396417,No,No
115095611962356054,No,"""No"""
115095579197949665,Call,"""No"""
115095254091273904,No,"""No"""
115092243259973570,Call,No
115091405547047211,Call,"""No"""
115090458296153017,Call,"""No"""
115089605510353605,Distraction,No
115089582863713336,Call,"""No"""
115089457027851323,Call,No
115087160158530143,Attack on reputation,No
115086929873163909,Attack on reputation,No
115086877071260300,Call,"""No"""
115086695163847248,Attack on reputation,No
115086673663478175,Attack on reputation,No
115086563627159779,Attack on reputation,No
115085538447688269,Attack on reputation,No
115084666474687343,Attack on reputation,No
115084162750679122,Attack on reputation,"""No"""
115084149454997135,Attack on reputation,No
115081441604745953,Call,"""No"""
115081430531030440,Call,"""No"""
115078969663814221,Call,No
115074855100531685,Justification,"""No"""
115074853922882875,Call,"""No"""
115074852826314245,No,"""No"""
115074851803012151,Attack on reputation,"""No"""
115074849478784264,Call,No
115074444617901812,Call,"""No"""
115074344428193585,Call,"""No"""
115074268844516691,Call,No
115074267817502694,No,No
115074158839984797,Call,"""No"""
115073624732858033,Call,"""No"""
115072579716416093,Call,"""No"""
115072565335011054,Call,"""No"""
115070876988527695,Call,No
115070802633295008,Attack on reputation,"""No"""
115070088108962428,Call,No
115069649774874469,Call,"""No"""
115068985647592045,Call,"""No"""
115068979450739645,Call,No
115068968882877150,Call,No
115068606930305176,Call,No
115068391246280549,No,"""No"""
115067582190707382,Attack on reputation,No
115067581427069480,Attack on reputation,"""No"""
115067573139448361,Call,"""No"""
115067017601499775,Attack on reputation,No
115066670303535454,Call,No
115066339632774609,Call,No
115066304815869662,Call,"""No"""
115064867714909057,Justification,No
115064840755804065,Attack on reputation,"""No"""
115064763272706560,"""Attack on reputation""","""No"""
115064742870542521,No,"""No"""
115064726295507295,Call,"""No"""
115064705209848959,Call,No
115061558603769379,Call,No
115061532152460260,No,"""No"""
115061523871381886,No,"""No"""
115061515379882720,Justification,No
115061417084982814,Call,"""No"""
115061104213677946,Call,"""No"""
115057827631877948,Call,"""No"""
115057235181892448,Call,"""No"""
115057232009491029,No,No
115057229339116421,Call,No
115057228167480219,Call,"""No"""
115057227758129383,Call,No
115057226416192109,Call,No
115057226006495872,Call,"""No"""
115057224848483899,Call,No
115057224448370906,Call,"""No"""
115057223325978530,Call,"""No"""
115057222950737259,Call,"""No"""
115057221778612718,Call,No
115057221353307566,Call,No
115056962817663370,No,"""No"""
115056914674717313,Attack on reputation,No
115056908379843753,Call,"""No"""
115055649201137901,No,"""No"""
115055190585472069,Distraction,No
115055161214269452,Call,"""No"""
115052030103944534,Call,No
115052358324894178,Justification,No
115051906127274792,Call,No
115050161923440039,Attack on reputation,No
115050064654728051,No,No
115049995743385270,Call,"""No"""
115049974697549520,Distraction,No
115049921290485283,No,No
115049902258471066,Call,No
115049485680941254,Call,No
115047211271212413,Call,No
115047544829124027,No,"""No"""
115047539472526860,"""Attack on reputation""","""No"""
115047148158426856,Distraction,No
115047181541136552,Call,No
115047166895807142,Call,No
115047141648054993,Call,No
115047128460078066,Distraction,"""No"""
115047099758548722,Attack on reputation,No
115046837910548412,Attack on reputation,No
115044523086480891,"""Attack on reputation""","""No"""
115044510202150814,No,"""No"""
115044496848994251,Call,"""No"""
115044479755763458,Distraction,No
115044469636182947,Call,"""No"""
115044463870504970,"""Call""","""No"""
115044453395421544,Call,"""No"""
115044351128754901,"""No""","""No"""
115044290751337518,Call,"""No"""
115044273350523209,Call,No
115044243039440041,Distraction,No
115041715493538714,Call,"""No"""
115041695270508991,Justification,"""No"""
115041668780502004,Call,"""No"""
115037569702889410,Justification,No
115033738310216825,Call,"""No"""
115033577620780867,Call,"""No"""
115033574125099183,Attack on reputation,"""No"""
115033133751064517,Call,No
115032607453603307,No,"""No"""
115032429826787232,Call,"""No"""
115029630097967935,Simplification,"""No"""
115029606475866015,Justification,"""No"""
115028539481492668,Call,"""No"""
115028533639212309,Call,"""No"""
115028508095150798,Justification,"""No"""
115027044434535539,No,"""No"""
115026882886904014,No,"""No"""
115026874005799261,No,"""No"""
115026867722383342,Distraction,"""No"""
115026837372200506,Justification,"""No"""
115026776769476976,No,No
115026773200228622,Distraction,"""No"""
115024121222434538,No,"""No"""
115024069066734919,No,No
115022464168438478,No,"""No"""
115022453383517920,Distraction,"""No"""
115022369167178401,No,"""No"""
115022350288548207,No,"""No"""
115022215816175004,No,No
115022199052825878,No,"""No"""
115022151227119695,Distraction,"""No"""
115022012587872496,Call,"""No"""
115021897738089560,Call,"""No"""
115021559223615445,Attack on reputation,"""No"""
115021272837599192,Call,"""No"""
115021166810580379,No,"""No"""
115020938176485683,Attack on reputation,No
115015798555807745,Distraction,No
115017726956136844,Justification,"""No"""
115017725871815255,Justification,"""No"""
115017724759134535,Justification,"""No"""
115017724357338500,Call,No
115017723403358459,Justification,"""No"""
115017465040283855,No,"""No"""
115017453387635948,Call,No
115012797087354875,Call,No
115016246479417087,Attack on reputation,"""No"""
115016216005489412,Attack on reputation,"""No"""
115016089386029482,Attack on reputation,"""No"""
115015483801151739,Attack on reputation,No
115012849265805680,Call,No
115012717750060479,Call,No
115012623456747637,No,No
115012532470689820,Justification,"""No"""
115012131343690532,Justification,"""No"""
115011325631302905,Call,"""No"""
115011030509341542,Simplification,"""No"""
115011042098548305,Justification,"""No"""
115011010669803263,Call,"""No"""
115010061198729847,Call,Geopolitical Framing
115010049469121326,Call,"""No"""
115010039843011888,Call,"""No"""
115009924991505341,Attack on reputation,"""No"""
115008083924128265,Distraction,No
115007977998503665,Call,No
115006296068419815,Call,"""No"""
115005692562794802,Call,No
115005075016157889,Call,No
115001339487533426,Attack on reputation,No
115001174697386967,Attack on reputation,No
115001082084019408,No,"""No"""
115000471177982480,Call,No
114999087271735961,Call,No
114998948130255225,Call,"""No"""
114998940595835853,Distraction,No
114996655816700753,Call,"""No"""
114996638198251019,Manipulative wording,"""No"""
114996095625446183,No,"""No"""
114995786897421241,No,Geopolitical Framing
114995779410398631,Call,No
114995403653615328,Call,No
114994989118495992,No,No
114994974199724855,Distraction,No
114993652992825116,Attack on reputation,No
114993635488352041,Call,No
114991409673956369,Attack on reputation,"""No"""
114990585891728756,Call,"""No"""
114990543084538507,Call,"""No"""
114989897956103830,Call,Geopolitical Framing
114989707720957929,Call,"""No"""
114989706308668257,No,"""No"""
114989699566674317,Call,No
114977985620971126,Call,No
114989652109671625,No,"""No"""
114988051107686593,No,"""No"""
114989601141841568,Simplification,No
114989330714602000,Call,No
114989195031706823,Justification,"""No"""
114988489340134546,Call,"""No"""
114987880403039332,"""Call""","""No"""
114987872108405561,Call,"""No"""
114987869747445205,No,"""No"""
114982518659334871,Call,"""No"""
114987769694082982,"""Call""","""No"""
114987288040725570,Call,No
114987271488966063,Simplification,"""No"""
114987257158661963,Call,No
114987220997209419,Justification,"""No"""
114985474632707201,Distraction,No
114985420201139599,Call,No
114984083092546777,No,"""No"""
114982898525988419,No,No
114982457914490323,Justification,No
114982081738276986,Attack on reputation,No
114982029525531406,Call,"""No"""
114979780193413708,No,"""No"""
114979027654442708,No,"""No"""
114978749252122903,Attack on reputation,"""No"""
114978742843933698,Call,"""No"""
114978217713394397,Call,"""No"""
114978210414172569,No,"""No"""
114978185450691314,No,"""No"""
114974461343997782,Call,No
114974282191317621,Call,No
114973670406612532,Call,"""No"""
114973667966400208,Attack on reputation,"""No"""
114973044056093260,Call,No
114971584293011580,No,"""No"""
114971642899192957,Simplification,"""No"""
114971053091282290,Call,No
114971023059049812,"""Distraction""","""No"""
114970981123138842,Attack on reputation,No
114970970276629752,Call,No
114970952739677687,"""Attack on reputation""","""No"""
114970930963780013,"""Attack on reputation""","""No"""
114970840027774464,Distraction,"""No"""
114970631477859993,Attack on reputation,No
114970416998677033,Call,No
114968330079746127,Attack on reputation,"""No"""
114966707076456802,Call,"""No"""
114966684792614752,Call,"""No"""
114966671063911029,Attack on reputation,"""No"""
114963263700328714,Attack on reputation,No
114961565654617117,Call,No
114961541517491341,Call,No
114961522912167613,Call,"""No"""
114961147474079611,Call,No
114960298523087379,No,"""No"""
114960291067363177,No,"""No"""
114950433397228924,No,"""No"""
114959044159495165,No,No
114955773655328634,Distraction,"""No"""
114955523525768040,Call,"""No"""
114955222046259464,Attack on reputation,"""No"""
114954846612623858,Attack on reputation,No
114954549017557270,Call,No
114954267210702518,Distraction,"""No"""
114953968595024935,Call,No
114953962646647794,Call,No
114953595203270237,"""Attack on reputation""","""No"""
114953451498807072,Distraction,No
114953428953267494,"""Call""","""No"""
114951262882039337,No,"""No"""
114953234645615294,Call,No
114951007246294127,Distraction,No
114953151877294098,Justification,"""No"""
114953114494129479,Call,No
114953049546233760,Attack on reputation,"""No"""
114951578287181512,No,"""No"""
114951234439366866,No,"""No"""
114951224261822778,Distraction,"""No"""
114951217704804168,Attack on reputation,No
114951211669469504,No,"""No"""
114951042178223048,Call,"""No"""
114950348792604159,Justification,No
114950241999184378,Call,"""No"""
114949799547015541,Call,No
114949797263276943,Distraction,No
114949794821514504,Call,"""No"""
114949420607843703,Justification,No
114948452793702817,No,No
114947973077448174,Call,No
114947563324977082,Call,No
114947541528857255,Attack on reputation,"""No"""
114947443411844432,Call,"""No"""
114947427321891876,Justification,No
114947373855664074,Call,No
114947277897378239,Call,"""No"""
114945962278773358,Call,No
114945847973193713,Distraction,"""No"""
114944494894008041,Call,"""No"""
114944074791548865,Attack on reputation,"""No"""
114943927434273211,Call,No
114942699102296981,Attack on reputation,"""No"""
114942479229447490,No,"""No"""
114942222209732295,Call,"""No"""
114942113260599578,Call,"""No"""
114942106248731470,Distraction,No
114942017839445131,Call,"""No"""
114942005076829557,Call,"""No"""
114941846891513964,No,"""No"""
114939759564715119,Distraction,"""No"""
114938996274231550,Call,No
114938820270436889,No,"""No"""
114938657898917536,Attack on reputation,No
114938582774670397,"""Attack on reputation""","""No"""
114936955015376533,No,No
114936573214915016,No,No
114935401735258022,No,"""No"""
114934232969144109,Distraction,"""No"""
114934191239714896,Call,"""No"""
114933422708853578,No,"""No"""
114933034937039075,No,"""No"""
114932385332182862,Call,"""No"""
114931438809653171,Call,No
114931382534694239,Distraction,"""No"""
114920456511077924,Call,No
114926827953437897,No,"""No"""
114922802971032650,Call,"""No"""
114922713750383186,Call,"""No"""
114922310106523572,Distraction,No
114922279888085542,Attack on reputation,No
114922194000687458,Call,No
114921063256769586,No,"""No"""
114920864979561533,Call,"""No"""
114920850396392867,Call,"""No"""
114920321241792451,Call,"""No"""
114920242180121128,Simplification,No
114919812015877196,No,"""No"""
114916575834000041,Call,"""No"""
114916524424194175,No,"""No"""
114914859685995338,No,"""No"""
114914339003272307,Call,"""No"""
114911764279724622,Call,"""No"""
114911132620191745,Attack on reputation,"""No"""
114911072057863888,Call,No
114910985530072276,Call,No
114910920265013722,Call,No
114910911648955433,Call,No
114910907779613104,Call,No
114910307760776254,Call,"""No"""
114909909285967834,No,"""No"""
114909476369684993,No,"""No"""
114909452180378780,Call,No
114909322030343605,No,"""No"""
114909292663708859,Simplification,No
114908467282299011,Call,No
114905910987380649,Call,No
114905849389326140,Call,"""No"""
114905836425012707,Call,No
114902736234529031,Attack on reputation,No
114903002476976412,No,"""No"""
114902814296069974,Call,No
114902777792812157,Call,"""No"""
114902760700024238,Call,"""No"""
114902743574618008,Call,No
114902704048179740,Justification,"""No"""
114897689405330708,Call,"""No"""
114899729133530180,Call,"""No"""
114899417740854572,Call,No
114899014766252904,Call,No
114899014019794877,Justification,No
114899013294297540,Call,No
114899012522491926,Call,"""No"""
114898507608732258,Call,No
114898503111677568,Justification,No
114898229237459086,Call,No
114898069194751986,No,No
114898065961645958,Call,No
114897600777919524,Call,No
114894485362763615,Justification,"""No"""
114894279798283247,Call,No
114894188921935031,Attack on reputation,"""No"""
114893984552850709,Distraction,"""No"""
114893947519507520,Call,No
114893444758138173,No,"""No"""
114892895177732471,Call,No
114892689845138877,Call,"""No"""
114892503981994226,Call,"""No"""
114892486666754017,Attack on reputation,No
114892485746950799,Attack on reputation,No
114892483107767009,No,"""No"""
114892476183296427,No,"""No"""
114892470792068047,No,"""No"""
114892461129725355,Call,"""No"""
114892270098322352,Call,No
114891542921713362,Distraction,No
114888488677783141,Attack on reputation,No
114888305041609390,Call,"""No"""
114888263063561606,Simplification,"""No"""
114888253428431066,Call,"""No"""
114888005422699333,No,"""No"""
114887244433511273,Attack on reputation,No
114887236310446076,Call,No
114885422115933668,Call,No
114887221069099658,Attack on reputation,No
114886877289379131,Attack on reputation,No
114886865806490349,Call,No
114886140818665946,No,"""No"""
114886122800161990,No,"""No"""
114885987478070699,Distraction,"""No"""
114885709058497784,Call,"""No"""
114885474879269820,Call,No
114883115543279223,No,"""No"""
114882476831486897,Attack on reputation,"""No"""
114882442101879216,Distraction,No
114882283904953607,Call,"""No"""
114880074981803996,Distraction,"""No"""
114880031264786538,Distraction,No
114877342999804008,Call,"""No"""
114875121407553446,Call,"""No"""
114876927258467384,Distraction,"""No"""
114876683513144253,Call,"""No"""
114876671293627236,Call,No
114876653599100275,Call,"""No"""
114876640511652135,Call,No
114876638674610838,Call,No
114876637907797002,Call,No
114876636997078377,Call,"""No"""
114876636266908918,Call,"""No"""
114876635509809217,Call,"""No"""
114876634662612316,Call,No
114876633650538046,Call,No
114876632946481372,Call,No
114876632160599681,Attack on reputation,"""No"""
114874476139755852,Attack on reputation,"""No"""
114874426878030436,Attack on reputation,"""No"""
114874422468516376,Attack on reputation,"""No"""
114874392904679623,No,"""No"""
114874138131177867,Distraction,No
114873989056155321,No,"""No"""
114873827864802531,Attack on reputation,"""No"""
114872393229075156,Distraction,"""No"""
114871752316281496,Call,"""No"""
114871557460531003,Attack on reputation,No
114871422727186590,Attack on reputation,"""No"""
114869053826157428,No,"""No"""
114870310221162497,Call,"""No"""
114837554019633896,Call,"""No"""
114868979061610454,Call,"""No"""
114866148855492915,Distraction,No
114865317698739416,No,"""No"""
114865507306954051,Attack on reputation,No
114865506222851432,No,"""No"""
114865352052263270,Justification,"""No"""
114865342296740017,Call,"""No"""
114864763487869986,Call,"""No"""
114863423197999192,Justification,No
114863410012919913,No,"""No"""
114863380166048416,No,"""No"""
114863203348237352,No,No
114863179955821383,Attack on reputation,"""No"""
114860136006223294,Call,"""No"""
114859554812594090,Call,No
114859213229042831,Call,"""No"""
114858915682735686,Call,"""No"""
114858743257523727,No,"""No"""
114858589852139958,Call,No
114858589029028619,Call,No
114858547001755577,No,"""No"""
114857957325423668,Call,"""No"""
114857889773040947,Distraction,No
114857842089554705,No,"""No"""
114857835698390465,Justification,No
114857687712359546,Attack on reputation,No
114857639804190832,Call,"""No"""
114857617089281818,Call,"""No"""
114857569436636352,Call,No
114857384454528789,Attack on reputation,No
114854251111136308,Call,"""No"""
114851420581462592,Call,No
114848608158429419,Call,"""No"""
114842941355477197,Call,No
114842356238631061,Attack on reputation,No
114842026934691545,Call,"""No"""
114841568204031318,No,"""No"""
114841565274628116,No,"""No"""
114840552173805537,Attack on reputation,"""No"""
114837597286883732,Call,"""No"""
114837208737137477,Distraction,No
114837106641185031,Call,"""No"""
114835595028757667,No,"""No"""
114835272416034171,Call,"""No"""
114835146294645750,Call,No
114835102167904861,Call,"""No"""
114832587355133963,Call,No
114832570720111172,No,"""No"""
114831435031070955,Call,No
114831433790826577,Call,"""No"""
114831088465448187,Distraction,No
114829511761589815,Justification,No
114829459123698934,No,No
114829451788147674,No,"""No"""
114829442018326447,Call,"""No"""
114829408208555940,Call,No
114829111657785430,Attack on reputation,"""No"""
114826109463640311,Justification,"""No"""
114826107762484260,Call,No
114826044404420382,Call,"""No"""
114826040324238044,Call,No
114826039777950636,Call,No
114825064535529179,Distraction,"""No"""
114825055413704674,No,"""No"""
114825052103127845,Call,No
114825046600516465,No,"""No"""
114824462737182215,Distraction,No
114824341827892593,No,"""No"""
114824012434844395,Call,"""No"""
114823753748748089,Call,"""No"""
114823751368001174,No,"""No"""
114809574296066307,Call,No
114812490799920916,Attack on reputation,No
114823635614745836,Call,"""No"""
114823519364945627,Call,"""No"""
114820908713657769,Call,"""No"""
114820873191783674,"""Attack on reputation""","""No"""
114820780308440795,Justification,"""No"""
114820563898758883,Call,"""No"""
114820176419744768,No,No
114819199532902807,Call,"""No"""
114819184205071380,Call,No
114818149310161097,No,"""No"""
114813826512783399,Call,No
114809528606729733,Call,No
114808976338304577,Call,"""No"""
114808616176041421,"""Attack on reputation""",No
114806881411557795,Call,"""No"""
114802591195240494,Justification,"""No"""
114801653749329102,Call,No
114801213969191305,Call,No
114798547490380707,Call,"""No"""
114796981884907603,Call,"""No"""
114795512010210371,Call,No
114795430236594813,No,"""No"""
114795415752881784,Call,No
114793322724573514,Distraction,"""No"""
114792982825562101,Call,"""No"""
114792383511698623,No,No
114792258992380345,Call,"""No"""
114792925370595712,Call,No
114792890397428568,No,"""No"""
114791916303307611,Call,"""No"""
114791858483483184,Call,"""No"""
114791836935107927,Attack on reputation,"""No"""
114791750195814667,No,"""No"""
114791663683765056,Call,No
114791607974974301,Call,No
114791415036116897,Call,"""No"""
114789968096151564,Justification,No
114789602482197220,Simplification,"""No"""
114789587389423371,Simplification,"""No"""
114789577865630441,Call,"""No"""
114789565281988967,No,"""No"""
114789557961047863,Call,"""No"""
114787479659702125,Call,"""No"""
114787348610777027,Call,"""No"""
114786727426991370,Call,"""No"""
114786681954008167,Attack on reputation,"""No"""
114786643420185373,Call,No
114786058561428668,Call,No
114785927683921380,"""Call""","""No"""
114785849333345518,Attack on reputation,No
114785848171178962,Call,"""No"""
114784315952739682,Call,"""No"""
114784201810637218,Call,"""No"""
114784170652465525,Justification,No
114784098546698642,Call,"""No"""
114784075251415328,Call,"""No"""
114783756690101088,No,"""No"""
114783742318054096,No,"""No"""
114783684148640192,Justification,"""No"""
114783678604446726,Call,No
114783671713858592,No,"""No"""
114783576451483862,Call,No
114783440783668830,Call,No
114781024549214188,Call,"""No"""
114780855061509303,No,"""No"""
114780321031653396,Call,No
114779538689137058,Call,"""No"""
114779398795489578,Call,No
114779396905472324,No,No
114779394158777330,Call,No
114779101486254797,Distraction,"""No"""
114778184322697237,Call,"""No"""
114777786069997459,No,"""No"""
114777766182702392,No,"""No"""
114777756807071568,Call,"""No"""
114776149269773065,Call,No
114775981239886599,Call,No
114774905224497775,Call,No
114774593071456633,No,"""No"""
114773696636727417,Attack on reputation,"""No"""
114773668772907430,Distraction,"""No"""
114773601644828833,Distraction,No
114773418889111055,Attack on reputation,No
114772638692282162,Attack on reputation,"""No"""
114770956840780267,Attack on reputation,"""No"""
114770877118105998,Call,"""No"""
114770861740243689,Call,"""No"""
114768769011733248,Call,"""No"""
114768737638722781,No,"""No"""
114768617892207090,Attack on reputation,"""No"""
114767872591873497,No,"""No"""
114767860718911509,Attack on reputation,No
114767851616311700,Call,"""No"""
114767834317484874,Simplification,No
114767804738090239,Simplification,"""No"""
114767794156725396,No,No
114767780661985069,Call,No
114767776118163077,Justification,"""No"""
114767768162238035,Justification,"""No"""
114767761295983837,Call,No
114767752223466772,Call,"""No"""
114767092507731112,Attack on reputation,"""No"""
114766537622818019,Call,No
114764965108272159,Call,"""No"""
114764764391545815,Call,"""No"""
114764759831258587,Call,"""No"""
114764751535867998,Call,No
114764629478113280,Attack on reputation,"""No"""
114764221948518343,Attack on reputation,"""No"""
114764184133829613,Call,"""No"""
114764131885531801,Attack on reputation,"""No"""
114763873373477102,Call,No
114763460580044614,Attack on reputation,No
114762472242144135,Simplification,"""No"""
114761144946167016,Call,"""No"""
114761132349818150,Distraction,"""No"""
114760849989232091,Call,No
114760752117553870,Call,"""No"""
114760648289760105,Call,No
114756430889057942,Call,No
114758739525947038,Attack on reputation,"""No"""
114758683463390427,Attack on reputation,"""No"""
114756933255040997,Call,"""No"""
114756915403448417,Call,"""No"""
114756665667022418,Call,"""No"""
114756635237936002,Call,No
114756567645919781,Call,No
114756160140843373,Justification,"""No"""
114756147615303122,No,"""No"""
114755893176827573,Call,No
114752331258575317,Call,"""No"""
114751880827969695,Call,No
114751873580495326,Call,"""No"""
114751867931146571,Call,"""No"""
114751173173020083,Attack on reputation,"""No"""
114751024493648544,Distraction,"""No"""
114750055630968441,Call,"""No"""
114749872416313793,Call,"""No"""
114749839848044904,Simplification,No
114749815668266552,Call,No
114749586892496748,Call,"""No"""
114749580476669594,Distraction,"""No"""
114747234182168375,Attack on reputation,"""No"""
114746355912265245,Attack on reputation,Geopolitical Framing
114746066225069169,Attack on reputation,No
114745592965123786,Attack on reputation,No
114745583467776157,Attack on reputation,No
114745462399538854,Attack on reputation,No
114745403809459125,Attack on reputation,No
114745136248099636,Distraction,No
114745046560931403,Justification,"""No"""
114744949125614209,Attack on reputation,No
114744772916804667,Call,No
114744747346646288,Simplification,No
114744712068575344,No,"""No"""
114741178126658442,Justification,No
114744029649091554,Distraction,No
114744008368646986,No,No
114743994574895472,Call,"""No"""
114742858969719244,No,"""No"""
114741478150368433,No,No
114741415042752014,No,"""No"""
114741169404332184,Simplification,No
114739855566419753,No,"""No"""
114739141404923452,Call,"""No"""
114739128116733021,Attack on reputation,"""No"""
114739026668148625,Call,"""No"""
114739003459183372,Call,"""No"""
114738848114096807,Call,No
114738729363742349,Call,No
114738685142153877,Attack on reputation,No
114738530800440064,Attack on reputation,"""No"""
114738521695017472,Call,No
114738519652958827,No,Geopolitical Framing
114738128058193093,Call,No
114738104789842114,Call,No
114737953503348541,Call,No
114736702510423652,Call,"""No"""
114736609585800487,Call,"""No"""
114736289471368584,Justification,No
114736040152592105,Call,"""No"""
114736023113491933,Attack on reputation,No
114735940283355339,Call,No
114735824993417950,Call,"""No"""
114735727520741150,Call,"""No"""
114734934153569653,Call,"""No"""
114734462054466468,Call,"""No"""
114734431573760700,Justification,No
114734424268466099,Call,No
114734021412822365,Attack on reputation,No
114733380709403439,Distraction,No
114732962923492888,Call,"""No"""
114728311939211877,Attack on reputation,No
114732948019406900,Call,"""No"""
114732938285152785,Distraction,No
114732926352136813,No,"""No"""
114730186433008075,Simplification,"""No"""
114729094923481176,Call,"""No"""
114729086320228278,Call,No
114729050882763672,Call,"""No"""
114729009239087163,Distraction,"""No"""
114728970221252806,No,No
114727722676535055,Call,"""No"""
114724683855260695,Call,"""No"""
114724124909451419,Call,"""No"""
114724122562432505,Call,"""No"""
114724035571020048,Call,No
114724016661152553,Call,No
114723536228494118,No,"""No"""
114723475582004402,No,"""No"""
114723363133178364,Call,"""No"""
114722976310902061,Attack on reputation,No
114719075688538552,Call,No
114718089639649418,Call,"""No"""
114718072561660622,Attack on reputation,No
114717932061341718,Call,No
114717929371967424,Attack on reputation,No
114717616770198206,Justification,No
114717387393069944,Call,No
114716806959439316,Call,"""No"""
114715950565535905,Attack on reputation,"""No"""
114715729826234266,No,"""No"""
114715718665126727,Distraction,"""No"""
114713649415085279,Call,No
114713532776899739,Call,"""No"""
114712969949709404,Attack on reputation,No
114712741765922456,No,"""No"""
114712684243270785,Simplification,"""No"""
114712560416441760,No,"""No"""
114712540442241175,Call,"""No"""
114712523496772999,Distraction,"""No"""
114712424314242751,Call,"""No"""
114712258815748546,No,"""No"""
114711949674671760,No,"""No"""
114711899645287088,No,"""No"""
114711860495264455,Call,"""No"""
114711841928660368,Justification,No
114711204952191010,Call,"""No"""
114710716146853661,Call,"""No"""
114710405985383754,Attack on reputation,"""No"""
114710171329291791,Attack on reputation,"""No"""
114710162640808420,Attack on reputation,"""No"""
114708015987777473,Attack on reputation,"""No"""
114707471801579663,Call,"""No"""
114707090627277644,Call,"""No"""
114706526713002613,Call,No
114706499373310642,Call,"""No"""
114706490879434850,Call,"""No"""
114706478430915163,Justification,"""No"""
114706428825072905,No,"""No"""
114702742182835045,Call,"""No"""
114702166209750030,No,"""No"""
114701503810958743,Call,"""No"""
114700676310138971,No,No
114699621000737127,Call,"""No"""
114699610769479275,Call,No
114699514822488706,Justification,Geopolitical Framing
114699093232790756,Call,No
114699091687288311,No,No
114698784693311065,Call,"""No"""
114697964891587065,Call,"""No"""
114696999897040583,Attack on reputation,No
114696663907260212,Attack on reputation,No
114695621681197460,No,No
114695595047194931,Distraction,No
114694914840652756,Call,"""No"""
114695407357588413,Distraction,"""No"""
114691752952220639,Call,No
114690267066155731,Call,No
114687664442020232,Call,No
114685507052179501,Distraction,Geopolitical Framing
114685424737399826,Call,"""No"""
114683261634430212,No,Geopolitical Framing
114682713948931541,Call,No
114682186196359798,Call,"""No"""
114682045152197224,Call,"""No"""
114682034463994099,Call,"""No"""
114682031038787625,Call,"""No"""
114675841423085927,Justification,No
114675518227311570,Call,No
114675456780398208,Distraction,"""No"""
114672890392575865,Attack on reputation,"""No"""
114672816056718064,Call,No
114672684243705829,Call,"""No"""
114672438335170335,Justification,No
114671982391481893,Call,No
114671706526373660,Attack on reputation,"""No"""
114671658277148795,Call,No
114670684664650262,Call,No
114670526015735789,Call,"""No"""
114670486632619754,Call,"""No"""
114670313786923341,Call,"""No"""
114670309710000195,Call,"""No"""
114670283406267552,No,"""No"""
114670272796747506,Call,No
114670179740742664,Call,"""No"""
114670085083632579,Attack on reputation,No
114666915445156763,Call,No
114665579368712289,Distraction,No
114665433616155445,Call,"""No"""
114665067086649498,Call,"""No"""
114664867178522750,Call,No
114664649560601881,Distraction,No
114664632971715644,No,No
114664350602686558,Attack on reputation,"""No"""
114664317659540633,No,No
114661881306639433,No,"""No"""
114661875773869479,No,No
114661616289278861,Call,No
114661611675544476,Call,No
114661602710951888,Call,No
114661594047511147,Justification,No
114660202617448574,Call,"""No"""
114660196568628575,Distraction,No
114660052924717461,Distraction,No
114659367372751138,Call,"""No"""
114659078711716972,Call,"""No"""
114659061147166064,Call,No
114656580327959703,Call,"""No"""
114422458760069491,Call,"""No"""
114654893116531233,Distraction,No
114654569890888217,Call,"""No"""
114654277401980803,Attack on reputation,No
114651482271002772,Distraction,No
114651470100085455,Distraction,"""No"""
114651462358753429,Call,No
114650961444622516,Call,No
114650947329138948,"""Attack on reputation""","""No"""
114649780431129598,Attack on reputation,No
114646378582957392,Attack on reputation,No
114644899133296098,Distraction,No
114643566832017351,Call,"""No"""
114643062948888802,Attack on reputation,"""No"""
114638898863359142,Call,No
114638762489499883,No,"""No"""
114615789779283288,Justification,"""No"""
114588676677846192,Call,No
114637838750311907,Justification,No
114637837347707659,Justification,No
114637373477221541,Call,No
114636826069773755,Call,"""No"""
114636734825372318,Distraction,"""No"""
114636703372425608,Distraction,No
114636535351943737,Distraction,No
114636249329541108,Call,No
114636194279936863,No,"""No"""
114636148473122568,Attack on reputation,No
114634223801183343,No,No
114634135422714697,No,"""No"""
114632555927229642,Call,"""No"""
114632206992330264,Call,"""No"""
114632205177163456,Distraction,"""No"""
114631720913326891,Call,"""No"""
114631700173877454,No,"""No"""
114631660775512688,No,"""No"""
114631479329996984,Distraction,"""No"""
114631295762726849,Call,"""No"""
114627858736860268,Justification,"""No"""
114626401432609274,No,"""No"""
114626392475682581,Call,"""No"""
114626383407680212,No,No
114626260163622304,Call,No
114626083142393611,No,No
114625064616541014,Call,"""No"""
114623678380515184,Distraction,"""No"""
114623644825050017,Call,"""No"""
114623632387180206,Call,No
114619648032728687,Attack on reputation,"""No"""
114619628833129608,Distraction,"""No"""
114617666432673584,No,"""No"""
114617654959425582,"""Attack on reputation""",No
114617605450196006,Distraction,No
114616421679095002,Distraction,No
114616351910119498,Distraction,No
114616348045430286,Attack on reputation,"""No"""
114616207227510153,No,No
114616192602509494,Call,No
114616063852488330,Justification,No
114616038217949758,Call,No
114614695646992423,No,No
114609401400916551,Distraction,No
114609088288599288,Call,No
114608902357322907,No,"""No"""
114608606195747467,Call,"""No"""
114606254307800195,Call,"""No"""
114605559474286180,Call,"""No"""
114605138646113482,Distraction,"""No"""
114604843743831040,Call,No
114604190866906781,Attack on reputation,"""No"""
114600725746969368,"""Attack on reputation""","""No"""
114602636801002520,Simplification,"""No"""
114602629020606637,Justification,No
114599862399252900,Call,No
114599860448694296,No,"""No"""
114599557006933759,No,No
114599330494282325,Call,No
114599434397215985,Call,"""No"""
114599417835206103,Call,No
114599331546886838,Call,No
114598871073067083,Call,"""No"""
114598642369146101,Call,"""No"""
114598281297498204,No,"""No"""
114598269085729861,No,"""No"""
114598088958949368,Call,"""No"""
114597966895334541,Attack on reputation,"""No"""
114597874618991073,Call,"""No"""
114597085726163793,Justification,No
114597726905289988,No,"""No"""
114596705340367716,Distraction,No
114594463510818001,Attack on reputation,"""No"""
114593895018014960,Call,No
114593880455063168,Attack on reputation,No
114593467159196179,Justification,"""No"""
114588947311720532,No,"""No"""
114588267526398401,Call,No
114587834569910458,Call,No
114587450000198620,No,No
114587449190015002,Justification,"""No"""
114587448932259485,Call,"""No"""
114587447392412802,No,"""No"""
114587447106051612,No,"""No"""
114587010981213926,Call,"""No"""
114586960080176462,Call,No
114586226007898415,No,"""No"""
114582141732207441,Call,No
114582052493616430,Call,No
114582051233743955,Justification,No
114582050209637823,Call,No
114581970051938528,Call,"""No"""
114581050750543458,Call,"""No"""
114580564427808609,Manipulative wording,No
114580018376822663,Call,No
114579949187402607,Attack on reputation,"""No"""
114575749717831050,Call,No
114574280556211991,Call,"""No"""
114574185207174304,Call,No
114574126417705588,Call,No
114574090132139073,Call,"""No"""
114574087342675789,Call,No
114573960971600808,Call,"""No"""
114573871728757682,"""Attack on reputation""",No
114573811251951785,Attack on reputation,No
114573660942392905,Call,"""No"""
114571369956761390,Distraction,No
114571149026549724,Call,No
114571147521146559,Call,No
114570969019320314,Call,No
114570968024837869,Call,No
114570967137329867,Call,No
114570966776768541,Call,No
114570775887793036,Call,"""No"""
114569972014269696,Distraction,No
114569053524453729,Distraction,"""No"""
114566671392866950,Distraction,No
114563539540146112,"[""Justification""]",No
114563536387902596,Call,No
114559436943598657,No,"""No"""
114558786117625961,Call,"""No"""
114558783827880495,Call,No
114556968834547173,Call,"""No"""
114556874484491575,No,No
114556558074574515,Distraction,No
114556494480941887,No,No
114553874373379109,No,"""No"""
114553573338999017,No,No
114552899639158114,No,No
114552682280589564,Attack on reputation,No
114551462787614405,Call,No
114549529250052858,Distraction,No
114548257487682819,No,"""No"""
114548173601756486,Call,"""No"""
114548118858217926,No,"""No"""
114542709133462503,No,"""No"""
114541917095503331,Call,"""No"""
114541915757167539,Attack on reputation,"""No"""
114540150008777841,Call,No
114536543500030486,Call,"""No"""
114536534087665403,No,"""No"""
114536528043211432,No,"""No"""
114535693441367601,Call,No
114534665591178846,Attack on reputation,"""No"""
114532867603994760,Attack on reputation,No
114532661695212310,Call,"""No"""
114530973523345791,No,"""No"""
114529184615531808,"""Attack on reputation""","""No"""
114524826400186777,Simplification,No
114526479593964662,Attack on reputation,No
114524060091132104,Call,"""No"""
114523473765901913,Distraction,No
114518493026564814,Distraction,No
114523811882470999,Attack on reputation,"""No"""
114523762104941397,Call,No
114523638623110397,Call,"""No"""
114523195208653918,Call,No
114519975763098371,Simplification,"""No"""
114519965289784767,No,"""No"""
114519952063614449,No,"""No"""
114519940139500510,No,"""No"""
114519933006186542,No,"""No"""
114519753109701350,Attack on reputation,No
114519567610751944,Call,"""No"""
114519155449905842,Call,No
114518115625400272,Call,"""No"""
114517897638237566,Call,No
114517896576879203,Attack on reputation,No
114517773720445162,Distraction,"""No"""
114517718765768352,Attack on reputation,"""No"""
114516603030095775,No,"""No"""
114515613065520300,Attack on reputation,"""No"""
114511762010659631,Distraction,No
114511710554568353,Attack on reputation,No
114511127013656727,Call,"""No"""
114507081704840744,No,No
114505713846110268,Call,"""No"""
114503502008248477,Distraction,No
114503271564721427,Distraction,No
114503286961115745,Call,"""No"""
114503273823248249,Call,"""No"""
114503289790683514,Call,"""No"""
114503276771775504,Call,"""No"""
114504157743692924,Call,"""No"""
114503282584841270,Call,"""No"""
114503203859060399,Call,No
114502326794265193,No,"""No"""
114502263160167723,Call,"""No"""
114501781259201749,Call,No
114501759958997511,Call,"""No"""
114499337476531986,Call,"""No"""
114496851630865496,Call,"""No"""
114498083205032077,Call,No
114497679502484164,No,"""No"""
114497218878772156,Call,No
114496961305632019,Call,No
114495946485549840,Call,No
114495828046526222,Call,"""No"""
114495819579444373,Call,No
114495805003498315,Justification,No
114495789264464415,No,"""No"""
114495777170382544,Call,No
114494372667836601,Call,"""No"""
114494359849751984,Call,No
114492082555622686,Call,No
114491949696762931,Distraction,No
114491594957458207,Call,"""No"""
114491534347862682,Call,No
114490623566091525,Call,"""No"""
114490604608562822,Call,No
114490277514269016,Attack on reputation,No
114490093180275292,Call,Geopolitical Framing
114486249003156970,Call,"""No"""
114487222858029279,Call,"""No"""
114487210304050642,Distraction,No
114487190752990599,Call,No
114487151591253235,Call,No
114486066663976973,Call,"""No"""
114484272669802796,Attack on reputation,No
114484269924159482,No,"""No"""
114484265663388527,Call,"""No"""
114483405683675564,Distraction,No
114480839195032975,Call,No
114480087342467417,Call,"""No"""
114480048504802354,Call,No
114480048117794658,Call,"""No"""
114480047403137321,Call,"""No"""
114480045872688080,Call,No
114480037543029538,Call,"""No"""
114478780390671313,Attack on reputation,No
114478777761818193,"""Attack on reputation""","""No"""
114478160839858570,Attack on reputation,"""No"""
114478129470076553,Distraction,"""No"""
114477930037382424,Call,"""No"""
114477701321152097,Distraction,"""No"""
114477628854583525,Justification,"""No"""
114477610338144415,Call,"""No"""
114474760680232575,Call,No
114474584669905764,Call,"""No"""
114474472707126728,Call,"""No"""
114474472453521323,Call,No
114474471365155157,Call,"""No"""
114474470666888173,Call,No
114474470016240455,Call,No
114474469364898946,Call,No
114474468725706522,Call,"""No"""
114474468098464790,Call,"""No"""
114474467319531911,Call,No
114474466584246331,Call,No
114474465286880800,Call,"""No"""
114474464809294039,Call,"""No"""
114474417554010988,Call,"""No"""
114474136794655068,Call,No
114474136573150113,Attack on reputation,"""No"""
114473380014194441,No,No
114472802068018414,Call,No
114471776222344399,Call,"""No"""
114471750357100883,Attack on reputation,"""No"""
114471687266303772,Call,"""No"""
114471661029075259,Call,"""No"""
114471558043712137,Call,No
114463470842131184,No,"""No"""
114469488580251681,Call,No
114468755257430424,Call,"""No"""
114468502752133916,Justification,"""No"""
114468288296746153,No,"""No"""
114468257803426979,No,"""No"""
114468174830884590,Call,"""No"""
114466868060900843,Call,"""No"""
114466820318104255,Attack on reputation,"""No"""
114466802601303034,Call,"""No"""
114464206114299371,Call,"""No"""
114463623151906341,Call,No
114463589898854957,Call,No
114463344803228045,No,"""No"""
114463309556144556,Call,"""No"""
114462869802626948,Attack on reputation,No
114462869560496665,Justification,"""No"""
114462868808829711,Justification,"""No"""
114462868084205660,Justification,"""No"""
114462867354665095,Call,"""No"""
114462557388994627,No,No
114462513304037389,No,No
114462406492811838,Simplification,"""No"""
114462392807560620,No,No
114462333132374383,No,No
114461575736468146,Distraction,No
114458094742048024,Call,No
114461333871544277,No,"""No"""
114461327233567337,No,"""No"""
114458145511409310,Distraction,No
114458100604424846,Justification,"""No"""
114458023850536968,Call,"""No"""
114457993936599790,Call,No
114457992767716636,Attack on reputation,No
114457666559426766,Attack on reputation,No
114456568203695294,Call,"""No"""
114456528966782457,No,"""No"""
114456520145752092,Call,"""No"""
114456026572229510,Call,"""No"""
114455976603502389,No,"""No"""
114455860282159313,Justification,No
114455776425590388,No,"""No"""
114455616542958903,No,"""No"""
114455608513522948,Justification,No
114452877224020351,Attack on reputation,"""No"""
114452117143235155,Call,No
114452025916969327,Justification,No
114451972448301240,Call,"""No"""
114451970991645838,Call,No
114451070372643732,Justification,"""No"""
114450740029144099,No,"""No"""
114450726968071164,Call,"""No"""
114450707221467337,"""Attack on reputation""","""No"""
114450692045400819,No,No
114450683496592465,No,"""No"""
114442321106427795,Distraction,No
114438330555648164,Call,"""No"""
114439107916833647,Manipulative wording,"""No"""
114439099692439204,No,"""No"""
114438304481024140,Call,No
114437989795464761,Attack on reputation,"""No"""
114436168298983317,Call,"""No"""
114436165701323476,Call,"""No"""
114436142904738936,Attack on reputation,No
114435902192931017,Call,No
114435073705713456,Call,"""No"""
114433959082847679,Call,No
114433942825461076,Call,No
114432976140064253,Call,"""No"""
114432954072144063,Justification,"""No"""
114429927898017911,Justification,"""No"""
114427400349569499,No,"""No"""
114427214911868233,Attack on reputation,No
114427137926930516,No,No
114427089568235019,Call,"""No"""
114423346072431156,Call,No
114422079545251980,No,"""No"""
114422033648855386,Call,No
114421994793893090,Justification,"""No"""
114421964827021828,Call,"""No"""
114421957758661888,Call,"""No"""
114421954020400846,Distraction,No
114421928785432623,Call,"""No"""
114421922580096394,Simplification,No
114421921447347549,Justification,"""No"""
114421883134626921,No,"""No"""
114421868853801846,Call,No
114421856443198074,No,"""No"""
114421826540167059,Justification,"""No"""
114421805011603196,Justification,"""No"""
114421780282411315,Call,"""No"""
114421764021968021,No,"""No"""
114421737602815558,Justification,"""No"""
114421724824943399,Justification,"""No"""
114421712482899408,Distraction,No
114421694015203048,Call,"""No"""
114421671249396448,Call,"""No"""
114421633366824263,Distraction,No
114421606759697277,Justification,"""No"""
114421082367450202,Call,"""No"""
114419185611217033,Call,"""No"""
114419175691843654,Call,"""No"""
114418229780158440,No,"""No"""
114415903776055788,Call,"""No"""
114417662551888762,Call,No
114417662061589259,Call,"""No"""
114417364027219606,Call,"""No"""
114417332210818903,Call,"""No"""
114377783798888758,Attack on reputation,No
114417114971503482,Call,No
114417102068372350,Call,"""No"""
114417101345799325,Call,No
114417100472347708,Call,No
114416887168755037,Call,No
114415618596069518,Call,No
114414928875781139,Call,"""No"""
114414895289941753,Attack on reputation,"""No"""
114414863742664682,Attack on reputation,No
114412405334656020,Call,No
114412380099590919,No,No
114411308844416576,Attack on reputation,"""No"""
114411159111822314,Call,"""No"""
114411157925493893,Call,No
114410073592204291,Call,No
114410037014364322,Distraction,No
114406186212473866,Attack on reputation,No
114406185820566958,Justification,No
114404524335638236,Attack on reputation,No
114400805703099287,Call,No
114400768937823340,No,"""No"""
114400583767375750,Attack on reputation,No
114400448382660700,Call,No
114400040845423536,Call,"""No"""
114400030944429028,Call,"""No"""
114399870830051429,Call,No
114398053438634680,No,"""No"""
114398045845237473,Call,"""No"""
114393736523039807,No,"""No"""
114393469355437462,Attack on reputation,"""No"""
114393275364471638,Attack on reputation,"""No"""
114393194962253226,Attack on reputation,No
114392937947872770,Call,No
114392923237368367,Distraction,No
114392734082544469,Manipulative wording,"""No"""
114392724515353626,Attack on reputation,No
114388111141848447,Distraction,No
114387538306195784,Attack on reputation,"""No"""
114382687269815844,No,No
114382248962521077,Call,No
114381682443037273,Call,"""No"""
114379314291410399,Call,No
114378371957337028,Attack on reputation,Victim Blaming
114378317437182332,Distraction,No
114378287917044509,Call,"""No"""
114378035138845295,Justification,"""No"""
114377993807616549,Call,No
114377993063822566,"""Attack on reputation""","""No"""
114377719179993844,Call,"""No"""
114376655236734018,No,"""No"""
114376239725335883,Distraction,"""No"""
114375838396081159,No,"""No"""
114372351596556599,Distraction,"""No"""
114372350378942829,Call,No
114372349322321344,Attack on reputation,"""No"""
114372346621591852,Call,"""No"""
114372341048664554,No,"""No"""
114226364881308099,Justification,No
114372165978000486,Call,No
114372126396548824,Call,"""No"""
114372102982066647,Call,"""No"""
114372085732582216,Call,"""No"""
114372052807631514,Call,"""No"""
114372038178954425,No,"""No"""
114370637123886922,Call,No
114370361342759621,Attack on reputation,No
114370333902322250,Call,"""No"""
114367378741589101,Call,"""No"""
114367252307184336,No,"""No"""
114366947795800699,Call,"""No"""
114361211919694573,Attack on reputation,"""No"""
114360632714487285,Call,No
114359040827344338,Call,No
114359025219551578,Attack on reputation,"""No"""
114357043475202498,Distraction,"""No"""
114355616823261590,Call,No
114354225021338752,Call,"""No"""
114353534045469485,Call,"""No"""
114353467767721095,Call,No
114353201227355474,Distraction,"""No"""
114353130958010667,No,No
114352766082542122,Attack on reputation,"""No"""
114351199803141298,Attack on reputation,"""No"""
114349929882626042,No,"""No"""
114349871024459620,Distraction,No
114349841902096375,Call,"""No"""
114348450615002470,Attack on reputation,"""No"""
114348224335547565,Justification,"""No"""
114347490565859534,Call,"""No"""
114347397237866545,Attack on reputation,"""No"""
114347318770577330,Call,"""No"""
114347313852363347,Attack on reputation,No
114347128422370864,Call,"""No"""
114345526663892197,No,"""No"""
114345470440861946,Attack on reputation,No
114342518862792060,Call,"""No"""
114342374504628520,Call,"""No"""
114341848091430549,Distraction,"""No"""
114341773968885783,Call,"""No"""
114339966797907461,Call,"""No"""
114338831106475110,Attack on reputation,No
114338375079660274,No,"""No"""
114338200372474561,Call,"""No"""
114333875444620545,Call,"""No"""
114336879485867419,No,"""No"""
114336740381919950,No,"""No"""
114336723764365914,Attack on reputation,"""No"""
114336642481948430,Call,No
114336566283341937,Call,"""No"""
114334087867258791,Attack on reputation,No
114333660655935996,"""Attack on reputation""","""No"""
114333659248371323,Attack on reputation,"""No"""
114333344307437413,Call,No
114327412368866177,Call,No
114333582402241548,Call,No
114332342610034728,Call,No
114332337028519855,Call,No
114327375256344311,Attack on reputation,No
114319263138009661,No,"""No"""
114321989500112442,Distraction,"""Genocide Denial"""
114321895832364816,Call,No
114320325008375266,No,"""No"""
114320315581878640,No,No
114320258692162203,Justification,"""No"""
114320245355397433,Call,No
114320244770957852,No,No
114320237164839938,Call,No
114320236639062571,No,"""No"""
114319659315817918,Call,"""No"""
114319592702753512,Distraction,No
114319533589155171,Call,No
114316199673595819,No,No
114316141098255318,Call,No
114316139821071778,Call,"""No"""
114316044643910190,Justification,"""No"""
114316044192204977,Call,No
114315902995818386,Call,"""No"""
114315881639906095,Call,No
114315219437063160,Attack on reputation,"""No"""
114314374220244880,Call,"""No"""
114313939062499622,No,"""No"""
114313927527638500,Call,No
114313667304867320,Call,"""No"""
114311845711297973,No,"""No"""
114311731810349533,No,"""No"""
114311567036095643,No,"""No"""
114310370550367017,Call,"""No"""
114310188132445566,Justification,No
114309662351113873,Call,"""No"""
114309144289505174,Call,"""No"""
114308898654506738,Call,No
114308272725981913,Call,"""No"""
114308258545250117,Call,"""No"""
114308228615083777,Call,"""No"""
114308121820846336,Call,"""No"""
114307883361614427,Call,"""No"""
114307836775073198,Call,"""No"""
114307832213562859,Call,No
114305454562761253,Call,"""No"""
114305448331638991,Call,No
114305433728064974,No,"""No"""
114304634655292901,Call,No
114304476490205414,Justification,No
114302876029283093,No,"""No"""
114302499965852704,Call,No
114302486798524913,Distraction,"""No"""
114299368234840539,Call,No
114299054674051787,Justification,"""No"""
114299013914300863,No,"""No"""
114298964268045690,Call,No
114298249002673077,Simplification,"""No"""
114297331052690348,Call,No
114297166113853713,Distraction,"""No"""
114297149364879462,Distraction,No
114297114613050884,Distraction,No
114297105906469195,Call,"""No"""
114297103010119126,No,"""No"""
114297095185812879,Call,"""No"""
114297089462047332,No,No
114297073854983088,No,"""No"""
114297065230841780,No,"""No"""
114297055955956469,Call,"""No"""
114296933498836216,No,"""No"""
114296909356614075,Justification,No
114296801411259400,Call,"""No"""
114296287858068040,Attack on reputation,"""No"""
114293581018893404,Call,No
114287485415940651,Call,"""No"""
114287474604619244,Call,"""No"""
114285375813275308,Call,"""No"""
114282305980898453,Call,"""No"""
114281864005346951,Distraction,No
114281370220943461,Call,"""No"""
114280893859636366,Call,No
114280322706682564,Call,"""No"""
114280292618523684,Justification,"""No"""
114279915827492021,Distraction,"""No"""
114279844695644343,Call,No
114279804302912092,Call,"""No"""
114279756371714617,Call,"""No"""
114277584789134714,Call,"""No"""
114277430639309106,Attack on reputation,No
114275996140818073,No,"""No"""
114275636283855793,No,"""No"""
114275127994954369,No,"""No"""
114275114958079107,No,"""No"""
114274050526883988,Call,No
114270538820142872,Call,No
114269214484216882,No,No
114268044617916583,Call,"""No"""
114268708154085693,Call,No
114268668984265677,Justification,"""No"""
114266599439835683,Call,No
114265988202750791,Call,"""No"""
114265493906125093,Distraction,"""No"""
114265460175109325,Call,"""No"""
114265353051503359,Call,"""No"""
114265284182327245,Call,"""No"""
114265268833712885,Distraction,No
114264713687236941,No,"""No"""
114264667777137553,No,"""No"""
114264549657133828,Attack on reputation,"""No"""
114263461013940328,Attack on reputation,No
114263386262728170,No,No
114263052221266871,Attack on reputation,"""No"""
114263050632843712,Call,"""No"""
114263048748701626,Call,No
114263022222641123,No,"""No"""
114259778682053280,No,"""No"""
114259775317961958,No,No
114259773249991583,No,"""No"""
114259546197388041,No,"""No"""
114259540217373057,No,"""No"""
114259534733735170,No,"""No"""
114259522932730072,No,No
114258406263396157,No,No
114258384664012595,Distraction,No
114258064484137647,Attack on reputation,No
114258062336428979,Call,"""No"""
114258061899987431,Call,No
114246747590580179,Call,"""No"""
114246745942405963,Call,"""No"""
114254057682596962,Call,No
114254009723637368,Justification,No
114254008984567465,Attack on reputation,"""No"""
114253819551160329,Attack on reputation,No
114253297744744441,No,No
114253205784550890,Distraction,No
114251978476715796,Call,"""No"""
114218289740828060,Attack on reputation,"""No"""
114218246134659755,Attack on reputation,No
114251714651932084,Attack on reputation,No
114247551865595874,Call,No
114247113203989919,No,"""No"""
114242038889809702,Call,"""No"""
114241663757084870,No,"""No"""
114241662387997605,No,No
114241348699704594,Call,No
114241290783152484,No,"""No"""
114240691141784921,Call,No
114240434953893474,Call,No
114240331718900060,"""Attack on reputation""","""No"""
114235745233828789,Call,"""No"""
114235616565301548,Call,No
114235110191857080,Justification,No
114235104036085271,Justification,No
114235097919072113,Call,No
114235092758869964,Distraction,No
114231822509743693,No,"""No"""
114235085105377425,Simplification,No
114234742770558412,Attack on reputation,No
114234717792857736,Attack on reputation,"""No"""
114234393336690404,Distraction,No
114234217151169492,Call,"""No"""
114232829948632918,Call,"""No"""
114232783362562355,Call,No
114232752130631453,Call,"""No"""
114232682702493359,Attack on reputation,No
114232557831108561,Attack on reputation,No
114231606967578813,Call,No
114231537224620218,Call,"""No"""
114231437487201538,Call,No
114231406967175939,Call,"""No"""
114231406031813856,Call,No
114231401205332854,Call,"""No"""
114231372872784481,Justification,No
114231344319625636,Call,"""No"""
114229523619700148,No,"""No"""
114229504694054019,No,"""No"""
114229498690890665,Call,No
114229482069423709,No,"""No"""
114229474924378451,No,"""No"""
114224889588578190,Justification,No
114224857723072168,Call,No
114224841459970407,Justification,"""No"""
114224828669645176,Justification,No
114224810565767895,No,"""No"""
114223777905731606,Call,No
114223545860504889,No,"""No"""
114223538174281137,Justification,"""No"""
114220551919023201,Call,"""No"""
114220275060496331,No,"""No"""
114220273052874483,No,"""No"""
114219993599274000,Call,"""No"""
114219231809224627,Call,No
114217959835325082,Call,"""No"""
114217914259825110,Attack on reputation,No
114217913229258108,Justification,No
114217184366735434,Call,No
114217181247493951,Call,No
114216908831612177,Justification,"""No"""
114216818341119193,Simplification,"""No"""
114215732492267429,No,"""No"""
114215433044457113,Attack on reputation,No
114214801561710989,Attack on reputation,"""No"""
114214658359777536,Attack on reputation,"""No"""
114214565824374410,Attack on reputation,No
114212946787400937,Attack on reputation,"""No"""
114212560131813236,Attack on reputation,"""No"""
114212473050636851,Call,"""No"""
114212465033291057,Call,No
114212444347354110,Call,No
114212436865389622,Call,"""No"""
114212434987437462,Call,No
114208486518221446,"""Attack on reputation""","""No"""
114205890583765400,Call,No
114205681569837036,No,No
114203564650249629,Attack on reputation,No
114202472547749311,No,"""No"""
114202797666318443,No,No
114200922863784784,No,"""No"""
114200803076709113,Call,"""No"""
114200783339413306,No,"""No"""
114194879718374915,No,"""No"""
114200313009802638,Call,No
114200269495299138,Distraction,"""No"""
114200244380161257,Attack on reputation,No
114200175082806882,Attack on reputation,"""No"""
114198370343993836,Distraction,"""No"""
114198218638202475,Call,No
114198186465713235,Attack on reputation,No
114197257776642416,Attack on reputation,"""No"""
114197120302143482,Call,"""No"""
114197092205719557,Attack on reputation,No
114197044617921519,Justification,No
114196857285570492,No,"""No"""
114196247731494277,Call,"""No"""
114195442142009895,No,"""No"""
114195410721793973,Call,"""No"""
114192326899482441,Call,No
114191995411774907,No,"""No"""
114191290196334140,Call,No
114190974188613740,Justification,No
114190903570658626,Distraction,No
114190845050387383,No,"""No"""
114190686109079519,Attack on reputation,"""No"""
114190677393220882,Call,"""No"""
114190461039179793,No,"""No"""
114190418201271249,Justification,"""No"""
114190404566893251,No,"""No"""
114190382041616797,Call,"""No"""
114190373080951632,Call,"""No"""
114190340053945046,No,"""No"""
114190034933659125,Distraction,"""No"""
114189841352600682,No,No
114187132592852427,Call,"""No"""
114187128423651010,Distraction,No
114186752614351182,No,"""No"""
114186711043337111,No,No
114186559522815802,Call,"""No"""
114186524474998333,No,"""No"""
114186510410903319,No,No
114186496532193203,No,"""No"""
114186492445515371,No,"""No"""
114186013670599563,Distraction,"""No"""
114184931453780675,Call,No
114183576937425149,Attack on reputation,"""No"""
114180199351008084,Distraction,No
114180129350673750,Distraction,No
114180060627046678,Attack on reputation,No
114180054723679623,Attack on reputation,"""No"""
114179895802766275,Call,"""No"""
114179869587194428,Call,No
114179860762359782,Call,No
114179858983072823,Justification,"""No"""
114179857581963138,Call,No
114179738803054417,No,"""No"""
114179081339591399,Call,No
114178483249053992,Attack on reputation,Geopolitical Framing
114178204850237517,Justification,No
114178193987078011,No,"""No"""
114178181337460841,Distraction,No
114176199348948643,No,"""No"""
114175908922736427,Attack on reputation,No
114175905527380199,No,"""No"""
114175855340997773,Call,"""No"""
114174243289152293,Call,No
114173862724361939,Attack on reputation,No
114173619031149739,No,"""No"""
114167886343462616,Justification,"""No"""
114167864888304754,Call,Geopolitical Framing
114167524244753377,Attack on reputation,No
114164024901387974,Call,No
114163546048177560,No,"""No"""
114162763549195233,Call,"""No"""
114162747519761407,Call,No
114162742656201560,Call,"""No"""
114162735584978065,Attack on reputation,No
114162728799436840,Attack on reputation,No
114162725547256622,No,No
114162722006073409,Call,No
114162711308747922,Justification,"""No"""
114162707211212885,Call,"""No"""
114161039436456514,Distraction,No
114161025000723427,No,No
114160764726726796,Call,"""No"""
114160550238908846,Attack on reputation,No
114156036814880330,Call,"""No"""
114155442275720067,No,"""No"""
114155282989654298,Call,"""No"""
114155230513269064,Attack on reputation,"""No"""
114155003492555395,Justification,No
114154923764886136,Attack on reputation,"""No"""
114151434816736382,Justification,"""No"""
114151328220491045,No,"""No"""
114151300866147161,No,"""No"""
114151280603984689,No,"""No"""
114151269304041473,Call,"""No"""
114151257383811463,Justification,No
114151244153727055,Justification,No
114151034882857858,Call,"""No"""
114151015090831669,Justification,No
114150971128693981,Call,"""No"""
114150779950233754,Justification,No
114150679862041475,Justification,No
114150178416032160,No,"""No"""
114149845661093099,Call,"""No"""
114147788974149994,Distraction,"""No"""
114146381629892800,Call,"""No"""
114145975409380484,No,"""No"""
114145974744723188,No,"""No"""
114145974393951612,No,"""No"""
114145653738723042,Justification,"""No"""
114145621000876629,Call,"""No"""
114145611018414576,Justification,"""No"""
114145604547078768,Call,"""No"""
114145595237667373,Justification,No
114144896693695214,Attack on reputation,"""No"""
114144501101999196,Distraction,No
114144217763824399,Call,No
114144180393726960,Call,No
114141854575248527,Call,"""No"""
114141631976318293,Attack on reputation,No
114141541711427635,No,"""No"""
114141533823019998,Attack on reputation,"""No"""
114140437287253298,Call,"""No"""
114140426339072409,No,"""No"""
114140402532391912,No,"""No"""
114140367932686103,No,"""No"""
114139222625284782,Call,No
114135887529701366,Attack on reputation,"""No"""
114135672415463032,Call,"""No"""
114135406628804244,Call,"""No"""
114135400416790297,Attack on reputation,"""No"""
114135394676135924,Call,"""No"""
114135388919019484,Attack on reputation,"""No"""
114135383571986279,Simplification,"""No"""
114135377964485025,Distraction,"""No"""
114135068157531979,Call,No
114132050804394743,Call,No
114129217070412961,Call,"""No"""
114128213945115106,Call,"""No"""
114124513631913892,Distraction,No
114124499360504090,Call,No
114124071552960368,Attack on reputation,No
114124070435213204,Call,No
114124069701923303,Justification,"""No"""
114124068976645988,No,"""No"""
114124064191342023,No,"""No"""
114124063031303446,No,"""No"""
114123139960689685,No,"""No"""
114112430549537723,Call,No
114122976607379542,No,"""No"""
114121736384220932,Justification,No
114121576367163341,Call,No
114121529754059509,Call,No
114117008305421663,Call,No
114116432894994278,No,"""No"""
114116271026986660,Attack on reputation,"""No"""
114116116851075814,Call,"""No"""
114113510529624746,Attack on reputation,No
114112621570651215,Call,"""No"""
114112412110386906,Distraction,No
114112015891353323,Call,No
114111166145299229,Justification,No
114111155189097825,Attack on reputation,No
114105388432604284,Distraction,No
114104810698249053,Call,"""No"""
114104687765298529,Distraction,"""No"""
114104167452161158,Call,No
114100137738780445,No,"""No"""
114099930171583950,Call,No
114099924838350231,Simplification,No
114099480566604857,Attack on reputation,No
114099009721475492,Distraction,"""No"""
114098542644386176,Call,"""No"""
114098529870362771,Attack on reputation,No
114096106742782827,No,"""No"""
114096104536926329,Distraction,No
114096103832487629,Attack on reputation,"""No"""
114094872007717497,Call,"""No"""
114093946326587357,No,"""No"""
114093526901586124,Call,"""No"""
114093819842100196,No,"""No"""
114093323833055090,Call,"""No"""
114088564162922800,Attack on reputation,"""No"""
114088245950849883,No,"""No"""
114087978846952770,No,"""No"""
114087957034260563,Distraction,"""No"""
114087937627204152,Simplification,"""No"""
113900991727592285,Distraction,"""No"""
113873210284816215,Call,"""No"""
114085325641437111,No,No
114084241095787137,No,No
114082877976878390,Attack on reputation,No
114079208701433194,Attack on reputation,"""No"""
114079187160409658,Justification,No
114079183960044080,Justification,No
114079183066806657,Justification,"""No"""
114078375125204326,Attack on reputation,"""No"""
114077558611438250,Call,"""No"""
114076153524132682,Call,No
114072703621092444,Attack on reputation,No
114072306556819108,No,"""No"""
114071896747776859,No,No
114071893306050761,Attack on reputation,No
114071877790872450,Call,"""No"""
114071862189521640,Distraction,"""No"""
114071853044146528,Justification,"""No"""
114071839130050988,Simplification,"""No"""
114071774104516883,Call,No
114070882108433827,Call,"""No"""
114070612892953565,Distraction,"""No"""
114070572392915582,Call,No
114070560562637397,Call,"""No"""
114070458705554001,Call,"""No"""
114070390620884698,Call,No
114070315739588346,Attack on reputation,"""No"""
114070198401820729,Call,"""No"""
114070190082477156,No,No
114070166370664178,Call,"""No"""
114070115148185478,Call,"""No"""
114070038526458197,No,No
114069904344598839,Call,"""No"""
114068081809400335,Call,No
114068079034540790,No,"""No"""
114067643034401716,No,"""No"""
114067029529937308,No,No
114067028336826956,Call,No
114066731592358108,Call,"""No"""
114066002055877279,No,"""No"""
114065168236809535,Call,"""No"""
114062254652077484,Call,No
114061455929909984,No,"""No"""
114061816777959152,Call,No
114060909744642044,Justification,No
114060903128542394,Call,No
114060603767862225,Call,"""No"""
114059930426328863,Justification,"""No"""
114059888811732826,No,"""No"""
114059004456970017,Justification,"""No"""
114058814859681967,Call,"""No"""
114057798709965917,Call,No
114047677181856301,Call,No
114047709471578461,Attack on reputation,No
114054706390970120,Call,No
114055226421032415,Attack on reputation,No
114056351439814038,Call,"""No"""
114056317037035302,Call,No
114056934528746786,Attack on reputation,No
114054922887831676,Call,"""No"""
114056119584695591,Call,"""No"""
114055478149078818,No,"""No"""
114055134407375955,Call,"""No"""
114050109943745892,Call,No
114050070794885064,Call,No
114047738854261552,Call,"""No"""
114047718263615731,Distraction,"""No"""
114047636346854246,Call,"""No"""
114047631828196314,Call,"""No"""
114044712489265353,Justification,"""No"""
114043050123491219,Simplification,"""No"""
114042789770444354,No,"""No"""
114042361686358877,Call,"""No"""
114039851969084184,No,"""No"""
114039609968152672,No,"""No"""
114036421460956478,Call,No
114038780132459435,Call,No
114038745707654586,Call,No
114038732409625780,Justification,No
114037064920225344,No,"""No"""
114037059111172681,No,"""No"""
114037057115534717,No,"""No"""
114036638899167319,Call,"""No"""
114036341536036183,No,"""No"""
114033884590103594,Simplification,"""No"""
114033795602933835,No,"""No"""
114033793193279235,No,"""No"""
114033791415966702,Manipulative wording,"""No"""
114033787788514942,No,No
114033427089061668,Justification,No
114031332924234939,Attack on reputation,No
114033082612679343,Call,"""No"""
114033020482640722,No,"""No"""
114032992368318528,Call,No
114032908590425164,Call,"""No"""
114032082899254855,Call,"""No"""
114031015354735395,Call,No
114030926604297056,No,No
114030920799468684,No,"""No"""
114027770237892482,Call,"""No"""
114027416979768016,Call,"""No"""
114027416242272061,Distraction,"""No"""
114025028025455053,Call,No
114022760519424165,No,No
114020008419550279,Distraction,"""No"""
114019501223546266,Call,No
114015585700941084,Call,"""No"""
114015582241142234,Call,No
114015581630558522,Call,"""No"""
114015170610585841,No,"""No"""
114015154260594234,Call,"""No"""
114015151894861058,Call,"""No"""
114015151574566832,No,"""No"""
114014567906020636,No,No
114009179225169296,Justification,"""No"""
114009175266247925,Call,No
114009160733381255,No,"""No"""
114009150374933861,No,"""No"""
114009148192546807,No,"""No"""
114009143193104317,Call,"""No"""
114007874648160437,No,No
114007859463769499,Distraction,No
114004160299941382,No,No
114004158227642314,No,No
114004152174148558,No,"""No"""
114004145997692054,No,No
114003528364588018,Justification,"""No"""
114000082796162721,No,"""No"""
114000079822145063,No,"""No"""
113998953188726976,Call,"""No"""
113998503090044390,Distraction,"""No"""
113998250121701192,Call,No
113996895642654410,Call,No
113996433848678436,Call,No
113996410955252842,Call,"""No"""
113996386971796071,Call,"""No"""
113996222032466903,Attack on reputation,"""No"""
113992617804848860,No,"""No"""
113992264519415084,Call,"""No"""
113991956474899296,Call,No
113991292104953657,No,"""No"""
113991088208672350,Call,"""No"""
113991086021543780,Distraction,No
113991030846598649,Call,"""No"""
113988982619953735,No,No
113986682230247774,"""Attack on reputation""","""No"""
113986673152923628,Call,No
113986285138546896,Justification,"""No"""
113986279826269375,Call,No
113985962341531654,Call,"""No"""
113985896471994837,Call,"""No"""
113985863713180341,No,"""No"""
113985514628145258,Call,"""No"""
113985325416343873,Distraction,"""No"""
113985130949178184,Call,"""No"""
113984933641128955,Justification,No
113984838325525572,Attack on reputation,No
113977800577837538,Call,No
113982212590048164,Call,"""No"""
113982206998719178,No,"""No"""
113982202515178648,Call,"""No"""
113981872435350592,Call,"""No"""
113981387327065544,Call,No
113980530501984308,Call,"""No"""
113980323612614595,No,"""No"""
113980014678337654,No,"""No"""
113980013020158273,Attack on reputation,"""No"""
113977651409141894,Distraction,"""No"""
113977646169606601,Distraction,"""No"""
113977224933701762,Call,"""No"""
113975698199969182,Call,No
113975695512840158,Call,"""No"""
113974252831717932,Call,"""No"""
113974251046470821,Call,"""No"""
113969768086301747,Call,No
113968248204804564,Call,No
113968217842034212,Distraction,"""No"""
113966421487800920,No,"""No"""
113965169045323865,Attack on reputation,"""No"""
113964964253376658,Call,No
113964959500715895,Call,No
113964402116790805,Call,"""No"""
113963246096886557,Call,"""No"""
113963121926787410,Attack on reputation,"""No"""
113963085497636545,Attack on reputation,No
113963076107713671,Call,"""No"""
113962763765213252,Call,"""No"""
113962698098343227,Call,"""No"""
113959430611091391,No,"""No"""
113959429103008524,No,"""No"""
113959420733046049,No,"""No"""
113959378194447457,Justification,"""No"""
113959376894602189,No,"""No"""
113959311791400230,No,No
113959311319434685,Call,No
113958047997367769,Justification,"""No"""
113958043346651690,Justification,"""No"""
113956778707659340,Call,No
113956721204228037,Call,No
113956631326391344,Attack on reputation,No
113955337256027963,No,"""No"""
113955137991232105,Distraction,"""No"""
113954610000174807,Justification,No
113953424718890288,Call,"""No"""
113953380137889976,Call,No
113953378000128712,Distraction,No
113952325584416831,Justification,"""No"""
113952321517471694,Call,"""No"""
113950996936674770,Call,No
113950912959049223,Call,No
113950850150588744,Call,"""No"""
113946642879077926,No,No
113946130240319294,Simplification,No
113943147684253813,Call,"""No"""
113943087759847311,Call,"""No"""
113942916893223583,Call,"""No"""
113942595408214881,Attack on reputation,No
113942594933209212,Justification,No
113942439882594659,Call,No
113942323439724379,Attack on reputation,No
113942189236610107,Call,No
113940711907400754,Justification,No
113940352024494275,Distraction,"""No"""
113864483648833997,Call,No
113936920653240968,Attack on reputation,No
113936897719370915,Call,No
113936851614563699,Call,No
113936759417845784,Call,"""No"""
113936675328110177,Call,"""No"""
113867733900556569,Call,"""No"""
113866456057970743,Distraction,"""No"""
113862636980205403,Call,No
113934520197790682,Distraction,No
113934450227067577,Call,No
113929767736564719,Call,No
113931196721633756,Call,"""No"""
113931044424714413,Justification,Geopolitical Framing
113929394841474581,Call,No
113928759847321475,Call,No
113928743830963167,Distraction,"""No"""
113926164813266216,No,No
113925824938962217,Call,"""No"""
113925800748181952,Call,No
113925656710541132,Justification,"""No"""
113925591427889253,Distraction,No
113923147334338299,Simplification,"""No"""
113923125872343340,Call,"""No"""
113923092165404082,No,"""No"""
113923004856753416,Distraction,"""No"""
113920366067218393,Call,No
113918417817363879,Justification,No
113918402678637852,Justification,"""No"""
113918387910784054,Call,No
113917721798012197,Call,No
113915624224794529,Call,"""No"""
113915617049801010,Distraction,No
113914469333231777,Call,"""No"""
113913720574106648,Distraction,No
113913032836526850,Call,"""No"""
113909331257027026,Call,"""No"""
113909188940119917,Call,No
113908670949354923,Distraction,No
113908666572035035,Call,No
113907637484810162,Call,"""No"""
113906848441608708,Call,"""No"""
113906705175756002,Attack on reputation,"""No"""
113904028349476462,Distraction,No
113903630433895227,Call,"""No"""
113898278629423148,No,"""No"""
113898263726281638,Call,"""No"""
113898250054290578,Call,"""No"""
113898174546866337,Call,"""No"""
113897833433874090,Call,No
113897618055963806,Call,"""No"""
113896215318757362,Call,"""No"""
113896658711691006,Call,"""No"""
113896070273857964,Attack on reputation,"""No"""
113892028555891611,Call,"""No"""
113891977496753674,No,No
113891965069994650,No,"""No"""
113891387800300337,Call,No
113891875170815980,Call,No
113891610231810742,Call,No
113891609516360925,Call,"""No"""
113891479358660000,Call,"""No"""
113891423260527462,Distraction,No
113890894680713957,Call,"""No"""
113889592064713630,Call,"""No"""
113890550355345408,Call,"""No"""
113889553768426019,No,"""No"""
113883310559125722,Call,No
113887487731381945,Attack on reputation,No
113886755513227722,Call,"""No"""
113885585200862094,Call,"""No"""
113885433070959220,Justification,"""No"""
113884268951413821,Call,"""No"""
113884264222871038,No,"""No"""
113883512938932504,Call,"""No"""
113878119879850620,Attack on reputation,"""No"""
113874843045385307,Call,"""No"""
113874811205486989,Justification,"""No"""
113874738288379518,No,"""No"""
113874737440816090,No,"""No"""
113874735766176608,Distraction,"""No"""
113873487944418855,No,"""No"""
113872782548137314,Call,No
113872615551477730,No,"""No"""
113870397327465225,Attack on reputation,No
113869112741612092,Call,No
113869048176700070,No,No
113864081449602768,No,No
113864085686273472,No,"""No"""
113864089464580753,No,"""No"""
113864093035671179,No,"""No"""
113864094989630069,No,"""No"""
113864097656984845,No,"""No"""
113864101869504722,No,"""No"""
113864112559510448,No,"""No"""
113864118604083125,No,"""No"""
113864127240286673,Call,No
113864692804149616,Call,No
