id,label,score
115924282126782262,NO_PROPAGANDA,0.9995988011360168
115924279332406120,NO_PROPAGANDA,0.9995831847190857
115924277763800167,NO_PROPAGANDA,0.9995301961898804
115924043199702065,NO_PROPAGANDA,0.9988222718238831
115924025571521310,PROPAGANDA,0.9983868598937988
115923918404792612,PROPAGANDA,0.9484246373176575
115922086257363944,PROPAGANDA,0.9974026083946228
115919827634401559,PROPAGANDA,0.9983097314834595
115919803174585205,NO_PROPAGANDA,0.9974249601364136
115919697262007872,PROPAGANDA,0.9983396530151367
115919466737908324,PROPAGANDA,0.9964842796325684
115919296178368951,NO_PROPAGANDA,0.8737266659736633
115919294107001486,NO_PROPAGANDA,0.9995107650756836
115919038563850124,PROPAGANDA,0.9957614541053772
115916047821747370,PROPAGANDA,0.9980236291885376
115916047821747370,PROPAGANDA,0.9953120946884155
115915958962150760,NO_PROPAGANDA,0.9995313882827759
115915952093312324,PROPAGANDA,0.9982871413230896
115915881410679214,NO_PROPAGANDA,0.8934382796287537
115911344443637897,NO_PROPAGANDA,0.8941869139671326
115911344443637897,PROPAGANDA,0.9962718486785889
115911344443637897,PROPAGANDA,0.995607316493988
115911344443637897,NO_PROPAGANDA,0.9995377063751221
115911344443637897,NO_PROPAGANDA,0.9956831932067871
115911344443637897,PROPAGANDA,0.99052494764328
115911344443637897,NO_PROPAGANDA,0.9993622899055481
115913968629100828,PROPAGANDA,0.9983540773391724
115913724519885202,PROPAGANDA,0.9977232813835144
115913724519885202,PROPAGANDA,0.9975698590278625
115913724519885202,PROPAGANDA,0.9982956051826477
115913809230823901,PROPAGANDA,0.9892738461494446
115913809230823901,PROPAGANDA,0.9980757236480713
115913809230823901,PROPAGANDA,0.957490861415863
115913629513015604,PROPAGANDA,0.9979673027992249
115913629513015604,PROPAGANDA,0.9984362721443176
115912250523181458,PROPAGANDA,0.9982315897941589
115912250523181458,PROPAGANDA,0.9971677660942078
115911321115123547,PROPAGANDA,0.9980912804603577
115911321115123547,PROPAGANDA,0.9981456995010376
115911321115123547,PROPAGANDA,0.9827784895896912
115911133899693977,NO_PROPAGANDA,0.9995288848876953
115908316744576000,NO_PROPAGANDA,0.9961376786231995
115908065089401787,PROPAGANDA,0.9983226656913757
115906000981082082,NO_PROPAGANDA,0.9995142221450806
115905757161594483,PROPAGANDA,0.9971261620521545
115905755470362973,NO_PROPAGANDA,0.9994687438011169
115902023696178994,NO_PROPAGANDA,0.9392557740211487
115902017280271792,PROPAGANDA,0.9930154085159302
115902017280271792,PROPAGANDA,0.9964710474014282
115902017280271792,NO_PROPAGANDA,0.9984379410743713
115901692370933354,PROPAGANDA,0.9669062495231628
115901513827848128,PROPAGANDA,0.9977878332138062
115899928012071589,PROPAGANDA,0.9969338178634644
115899252938886431,PROPAGANDA,0.9964215755462646
115899010178595252,PROPAGANDA,0.9983769655227661
115898867378270216,NO_PROPAGANDA,0.9995055198669434
115896547660912892,PROPAGANDA,0.9980435371398926
115896547660912892,PROPAGANDA,0.9983997941017151
115895806350456434,PROPAGANDA,0.9912909269332886
115893658269457561,PROPAGANDA,0.989847719669342
115893627273067088,NO_PROPAGANDA,0.9995704293251038
115893625622462941,PROPAGANDA,0.9967384934425354
115862109893187989,PROPAGANDA,0.9974285960197449
115862109893187989,PROPAGANDA,0.9779897332191467
115893309945152200,PROPAGANDA,0.9983918070793152
115893255826342514,NO_PROPAGANDA,0.9978224039077759
115893255826342514,PROPAGANDA,0.9947315454483032
115889956193740965,PROPAGANDA,0.9319507479667664
115889954671261109,PROPAGANDA,0.9984026551246643
115889954671261109,NO_PROPAGANDA,0.9988090991973877
115888656099131562,PROPAGANDA,0.9953976273536682
115888317758045915,PROPAGANDA,0.9978669285774231
115888260399895701,PROPAGANDA,0.986884593963623
115888070937502023,PROPAGANDA,0.9980377554893494
115888070937502023,PROPAGANDA,0.9983834028244019
115888070937502023,PROPAGANDA,0.9981672763824463
115888061978141827,PROPAGANDA,0.9980779886245728
115888061978141827,PROPAGANDA,0.9983834028244019
115888061978141827,PROPAGANDA,0.9981505274772644
115887347099564233,PROPAGANDA,0.9853744506835938
115886085338434959,PROPAGANDA,0.9984032511711121
115884759090137876,PROPAGANDA,0.9975183010101318
115884759090137876,PROPAGANDA,0.997687578201294
115884759090137876,NO_PROPAGANDA,0.9995493292808533
115884425860726582,PROPAGANDA,0.9982287287712097
115884319075881590,NO_PROPAGANDA,0.9995927214622498
115884164936451552,PROPAGANDA,0.9983577132225037
115883475463948362,NO_PROPAGANDA,0.9990290403366089
115883475463948362,PROPAGANDA,0.998228132724762
115883475463948362,PROPAGANDA,0.998223602771759
115882511750475574,PROPAGANDA,0.9983017444610596
115882232505676630,NO_PROPAGANDA,0.9978618025779724
115879659776888469,NO_PROPAGANDA,0.9943464398384094
115879485276291693,NO_PROPAGANDA,0.9996315240859985
115877277396911389,NO_PROPAGANDA,0.9995991587638855
115877176968623599,NO_PROPAGANDA,0.999589741230011
115877168331849670,NO_PROPAGANDA,0.9995239973068237
115877159371615050,NO_PROPAGANDA,0.9994082450866699
115877159371615050,NO_PROPAGANDA,0.999566376209259
115877159371615050,PROPAGANDA,0.9971649050712585
115877159371615050,PROPAGANDA,0.9967407584190369
115876460615555838,PROPAGANDA,0.9966758489608765
115876460615555838,NO_PROPAGANDA,0.9884725213050842
115873451908160529,PROPAGANDA,0.553614616394043
115873337954422404,PROPAGANDA,0.9964890480041504
115873337954422404,PROPAGANDA,0.9982606768608093
115873188207807497,NO_PROPAGANDA,0.9995065927505493
115872769704977517,PROPAGANDA,0.7464397549629211
115872684220634537,PROPAGANDA,0.9978916049003601
115872664324587956,PROPAGANDA,0.9728230237960815
115872214156165257,PROPAGANDA,0.9944242835044861
115872191697421818,PROPAGANDA,0.9913302659988403
115871761540198799,NO_PROPAGANDA,0.9992222785949707
115871740731557028,PROPAGANDA,0.9984127283096313
115871569409937657,PROPAGANDA,0.9983048439025879
115871567004197826,NO_PROPAGANDA,0.9981142282485962
115871564802315111,PROPAGANDA,0.9539191126823425
115871553613947408,NO_PROPAGANDA,0.999626636505127
115868224630084983,NO_PROPAGANDA,0.9912621974945068
115670577719463498,PROPAGANDA,0.9974656105041504
115868163614710077,NO_PROPAGANDA,0.9996383190155029
115868137663758679,PROPAGANDA,0.9982091188430786
115868137663758679,PROPAGANDA,0.9963827133178711
115868134941083354,PROPAGANDA,0.9969958066940308
115868132990949589,PROPAGANDA,0.9982091188430786
115868132990949589,PROPAGANDA,0.9963827133178711
115867481802224393,PROPAGANDA,0.9978693723678589
115867481802224393,PROPAGANDA,0.998214840888977
115867481802224393,NO_PROPAGANDA,0.9993415474891663
115867403112667181,PROPAGANDA,0.9431411027908325
115867385857410443,PROPAGANDA,0.9980747699737549
115867385857410443,PROPAGANDA,0.9976806640625
115866908684935165,NO_PROPAGANDA,0.9994885921478271
115866624593954329,PROPAGANDA,0.789874792098999
115866624593954329,PROPAGANDA,0.9978204965591431
115866622554668872,NO_PROPAGANDA,0.9995399713516235
115864395969123502,NO_PROPAGANDA,0.9978280663490295
115864395969123502,NO_PROPAGANDA,0.9994521737098694
115863379883214601,NO_PROPAGANDA,0.9992721676826477
115862684255980250,NO_PROPAGANDA,0.999619722366333
115862665860473431,PROPAGANDA,0.997539758682251
115861588073149023,PROPAGANDA,0.9977452158927917
115861588073149023,NO_PROPAGANDA,0.890110969543457
115861588073149023,PROPAGANDA,0.9983111619949341
115861537483492504,PROPAGANDA,0.9951905012130737
115861537483492504,PROPAGANDA,0.9972745776176453
115860738010214901,PROPAGANDA,0.9982435703277588
115860738010214901,PROPAGANDA,0.9978525638580322
115859532176676320,PROPAGANDA,0.9914844632148743
115857498674115807,PROPAGANDA,0.9802867770195007
115856506155736586,NO_PROPAGANDA,0.9991315007209778
115856078669121098,NO_PROPAGANDA,0.9994346499443054
115856078669121098,NO_PROPAGANDA,0.9957056641578674
115855894695940909,PROPAGANDA,0.9639106392860413
115855894695940909,PROPAGANDA,0.9982290863990784
115855894695940909,PROPAGANDA,0.9980427026748657
115855836062461949,PROPAGANDA,0.9388589262962341
115855836062461949,PROPAGANDA,0.9950993657112122
115855836062461949,NO_PROPAGANDA,0.9995922446250916
115855701696773990,PROPAGANDA,0.9978051781654358
115855701696773990,PROPAGANDA,0.9980353713035583
115855387946005468,PROPAGANDA,0.9982150793075562
115855387946005468,NO_PROPAGANDA,0.9781177639961243
115855387946005468,NO_PROPAGANDA,0.9973171353340149
115855387946005468,NO_PROPAGANDA,0.9988112449645996
115855387946005468,PROPAGANDA,0.9976239800453186
115855059527504524,PROPAGANDA,0.9967652559280396
115855059527504524,NO_PROPAGANDA,0.99880051612854
115855025749206304,PROPAGANDA,0.9984207153320312
115854352740910460,NO_PROPAGANDA,0.7558422684669495
115854352740910460,PROPAGANDA,0.9974289536476135
115854352740910460,PROPAGANDA,0.9979662895202637
115854238467475779,NO_PROPAGANDA,0.9852741360664368
115850817778602689,NO_PROPAGANDA,0.999160885810852
115850817778602689,NO_PROPAGANDA,0.9995280504226685
115850518579436668,PROPAGANDA,0.9966666102409363
115850518579436668,PROPAGANDA,0.998292863368988
115850515035074475,PROPAGANDA,0.9974308609962463
115850515035074475,PROPAGANDA,0.9981263279914856
115850512257143274,PROPAGANDA,0.9980608820915222
115850509804217257,PROPAGANDA,0.9941547513008118
115850509804217257,PROPAGANDA,0.9833521246910095
115850448778042500,PROPAGANDA,0.9964890480041504
115850448778042500,PROPAGANDA,0.9982606768608093
115850441807763948,PROPAGANDA,0.9982138872146606
115850441807763948,PROPAGANDA,0.7466930150985718
115850412075994316,PROPAGANDA,0.9970974922180176
115850412075994316,PROPAGANDA,0.9979767203330994
115850412075994316,PROPAGANDA,0.9982953667640686
115850412075994316,PROPAGANDA,0.9980462789535522
115850412075994316,NO_PROPAGANDA,0.9932749271392822
115850410088588555,PROPAGANDA,0.9963992834091187
115850410088588555,PROPAGANDA,0.9978540539741516
115850410088588555,PROPAGANDA,0.9943289160728455
115850410088588555,PROPAGANDA,0.9505307674407959
115850410088588555,PROPAGANDA,0.9983718991279602
115850286700351188,PROPAGANDA,0.9953800439834595
115850286700351188,PROPAGANDA,0.9982128143310547
115850286700351188,NO_PROPAGANDA,0.9893795847892761
115850261028223020,PROPAGANDA,0.9981472492218018
115850261028223020,PROPAGANDA,0.9981741905212402
115848423492044761,PROPAGANDA,0.9942823648452759
115848359372759872,NO_PROPAGANDA,0.9993844032287598
115848329193521599,PROPAGANDA,0.9977588653564453
115844958852489769,NO_PROPAGANDA,0.9989062547683716
115844861259246664,PROPAGANDA,0.9982794523239136
115844861259246664,NO_PROPAGANDA,0.9989460110664368
115844861259246664,PROPAGANDA,0.996116042137146
115844814100241306,NO_PROPAGANDA,0.9943771958351135
115844769291604784,PROPAGANDA,0.9983179569244385
115844769291604784,PROPAGANDA,0.9984163045883179
115844769291604784,PROPAGANDA,0.9969537258148193
115844769291604784,PROPAGANDA,0.9982267022132874
115844769291604784,PROPAGANDA,0.9983201622962952
115844083693194821,PROPAGANDA,0.998066246509552
115844083693194821,PROPAGANDA,0.9976058006286621
115842866197248103,PROPAGANDA,0.9977553486824036
115840974031136947,NO_PROPAGANDA,0.9923965334892273
115833880793462028,NO_PROPAGANDA,0.9996100068092346
115833689929797630,PROPAGANDA,0.9773311018943787
115832088990838303,NO_PROPAGANDA,0.9994964599609375
115830428767897167,NO_PROPAGANDA,0.999552309513092
115825951172960005,PROPAGANDA,0.998218834400177
115825939879230793,PROPAGANDA,0.9824774861335754
115825822957307790,NO_PROPAGANDA,0.9580106139183044
115825721310088041,NO_PROPAGANDA,0.9989020824432373
115825378093317232,PROPAGANDA,0.6579176783561707
115825378093317232,PROPAGANDA,0.998386025428772
115824439366264186,PROPAGANDA,0.9980182647705078
115823137139241980,PROPAGANDA,0.9983945488929749
115821862193209382,PROPAGANDA,0.9983903169631958
115816402893182666,PROPAGANDA,0.9983364939689636
115816402893182666,PROPAGANDA,0.9980106949806213
115816171466225987,PROPAGANDA,0.9980306029319763
115816171466225987,PROPAGANDA,0.9922025203704834
115816098525451632,PROPAGANDA,0.9983832836151123
115816063544553030,NO_PROPAGANDA,0.9985609650611877
115815971019162695,PROPAGANDA,0.9967735409736633
115815655902009476,PROPAGANDA,0.9980760812759399
115815651158028007,NO_PROPAGANDA,0.9986509680747986
115815648382815071,PROPAGANDA,0.9942871928215027
115815610061050583,NO_PROPAGANDA,0.9707350730895996
115815355325954705,PROPAGANDA,0.9984672665596008
115815355325954705,PROPAGANDA,0.9984733462333679
115814993074933464,PROPAGANDA,0.9984142780303955
115814835032750025,PROPAGANDA,0.9979308843612671
115814640881301083,PROPAGANDA,0.9983664155006409
115814617728790414,PROPAGANDA,0.9984672665596008
115814617728790414,PROPAGANDA,0.9984647035598755
115814530455966257,PROPAGANDA,0.9814139008522034
115814390834030545,PROPAGANDA,0.9982962012290955
115814390834030545,PROPAGANDA,0.9983713030815125
115811936714151078,PROPAGANDA,0.9982366561889648
115810938895873142,PROPAGANDA,0.998329222202301
115810718304828331,NO_PROPAGANDA,0.9979612827301025
115810716798307317,PROPAGANDA,0.9935537576675415
115810715225124666,PROPAGANDA,0.9978590607643127
115810713030550767,NO_PROPAGANDA,0.9511565566062927
115810711432191643,PROPAGANDA,0.9885990619659424
115810709647434944,PROPAGANDA,0.8446032404899597
115810686186203677,NO_PROPAGANDA,0.9995518326759338
115810683606018453,NO_PROPAGANDA,0.9996137022972107
115810682102252570,NO_PROPAGANDA,0.9996371269226074
115810597668691530,NO_PROPAGANDA,0.9995589852333069
115798213364038844,NO_PROPAGANDA,0.9989702701568604
115797695341052561,PROPAGANDA,0.9907389879226685
115797695341052561,PROPAGANDA,0.8616250157356262
115791817694825755,PROPAGANDA,0.9980446100234985
115791772938559943,NO_PROPAGANDA,0.998892605304718
115791568431162058,NO_PROPAGANDA,0.9995492100715637
115788344840750960,PROPAGANDA,0.9984856247901917
115782891296626533,PROPAGANDA,0.9983912110328674
115782891296626533,PROPAGANDA,0.9983213543891907
115782891296626533,PROPAGANDA,0.9983751773834229
115787817857959030,NO_PROPAGANDA,0.9088130593299866
115786778118857114,PROPAGANDA,0.9984360337257385
115786765163808034,NO_PROPAGANDA,0.9995986819267273
115786753989451101,PROPAGANDA,0.9969902038574219
115786745967133949,NO_PROPAGANDA,0.9683662056922913
115785980589547737,PROPAGANDA,0.9968376159667969
115785935602103818,NO_PROPAGANDA,0.9995719790458679
115785910842203078,NO_PROPAGANDA,0.9995347261428833
115785909319650055,NO_PROPAGANDA,0.9762885570526123
115785906687175720,NO_PROPAGANDA,0.9978048205375671
115785904480766736,NO_PROPAGANDA,0.8364260196685791
115782683955516402,PROPAGANDA,0.9982409477233887
115782683955516402,PROPAGANDA,0.9983423948287964
115782187461315486,NO_PROPAGANDA,0.9995137453079224
115778615226875407,PROPAGANDA,0.9974598288536072
115778611981654615,NO_PROPAGANDA,0.9993606209754944
115777270368444049,PROPAGANDA,0.9982600808143616
115777270368444049,PROPAGANDA,0.894826352596283
115777189961532523,NO_PROPAGANDA,0.9991846680641174
115777187532951131,NO_PROPAGANDA,0.9995567202568054
115777185874091441,PROPAGANDA,0.9936529397964478
115777183958226675,NO_PROPAGANDA,0.9995347261428833
115777182422408467,NO_PROPAGANDA,0.9762885570526123
115772922954148853,NO_PROPAGANDA,0.9989632368087769
115772871198579287,NO_PROPAGANDA,0.7359195351600647
115772841536331132,PROPAGANDA,0.9984580278396606
115771638702591740,NO_PROPAGANDA,0.999616265296936
115769455906748881,NO_PROPAGANDA,0.9993222951889038
115770367420942580,PROPAGANDA,0.997557520866394
115770367420942580,PROPAGANDA,0.998387336730957
115770165868454573,NO_PROPAGANDA,0.8989364504814148
115770165868454573,PROPAGANDA,0.9978526830673218
115770165868454573,PROPAGANDA,0.9983246922492981
115770165868454573,PROPAGANDA,0.9980450868606567
115770165868454573,PROPAGANDA,0.9977624416351318
115769520157248739,PROPAGANDA,0.9978978633880615
115769520157248739,NO_PROPAGANDA,0.6401185393333435
115769417518541473,PROPAGANDA,0.9963783621788025
115769417518541473,NO_PROPAGANDA,0.9994584918022156
115769302680506780,NO_PROPAGANDA,0.9966418743133545
115767241940653010,PROPAGANDA,0.9984525442123413
115766194471748593,NO_PROPAGANDA,0.9871958494186401
115760829286615399,PROPAGANDA,0.9955821633338928
115753288205584377,NO_PROPAGANDA,0.9994899034500122
115753298667628824,NO_PROPAGANDA,0.9993976354598999
115754571956299155,NO_PROPAGANDA,0.9994729161262512
115754059136466585,PROPAGANDA,0.9978296160697937
115754059136466585,PROPAGANDA,0.9984205961227417
115754059136466585,PROPAGANDA,0.9773719906806946
115750227263339859,PROPAGANDA,0.9984214305877686
115750227263339859,PROPAGANDA,0.9966405630111694
115748998203463423,NO_PROPAGANDA,0.9990532994270325
115748995021059823,PROPAGANDA,0.9977476000785828
115748995021059823,PROPAGANDA,0.9982814788818359
115748898604800291,PROPAGANDA,0.9754423499107361
115748870260800797,PROPAGANDA,0.9978530406951904
115748701721247530,PROPAGANDA,0.9983804225921631
115748701721247530,PROPAGANDA,0.9972948431968689
115748555238487311,PROPAGANDA,0.9979185461997986
115748466708380170,PROPAGANDA,0.9980363249778748
115748453260594922,NO_PROPAGANDA,0.9987263083457947
115747232618687626,PROPAGANDA,0.9972997307777405
115746937797990743,PROPAGANDA,0.9978229999542236
115746927359326655,PROPAGANDA,0.9905776977539062
115744604019079688,PROPAGANDA,0.9978883862495422
115743433358756069,NO_PROPAGANDA,0.9993144273757935
115742838603762912,PROPAGANDA,0.9979382157325745
115742838603762912,PROPAGANDA,0.9984123706817627
115742789211395317,PROPAGANDA,0.9976625442504883
115742789211395317,PROPAGANDA,0.9982303977012634
115742633193769571,PROPAGANDA,0.9970045685768127
115742633193769571,PROPAGANDA,0.99826580286026
115742629595806439,PROPAGANDA,0.9968776702880859
115742629595806439,PROPAGANDA,0.9982871413230896
115742571489420298,PROPAGANDA,0.9981061220169067
115742571489420298,PROPAGANDA,0.9983313679695129
115742569503999806,PROPAGANDA,0.9981243014335632
115742569503999806,PROPAGANDA,0.998230516910553
115742569503999806,PROPAGANDA,0.9981498718261719
115736866317724246,PROPAGANDA,0.9957350492477417
115736866317724246,PROPAGANDA,0.9982742071151733
115736866317724246,NO_PROPAGANDA,0.9992918968200684
115733300541760842,PROPAGANDA,0.9982491731643677
115732900424005065,NO_PROPAGANDA,0.9996034502983093
115732896552615984,PROPAGANDA,0.9980254173278809
115732659042964265,NO_PROPAGANDA,0.9995624423027039
115732670084362796,NO_PROPAGANDA,0.9995154142379761
115732274245124697,PROPAGANDA,0.9392790198326111
115732218449256267,PROPAGANDA,0.9969647526741028
115732126619539882,NO_PROPAGANDA,0.9675324559211731
115732126619539882,PROPAGANDA,0.994768500328064
115731908387416458,PROPAGANDA,0.9951533079147339
115731908387416458,PROPAGANDA,0.9937713742256165
115731908387416458,PROPAGANDA,0.9981753826141357
115731785428395132,PROPAGANDA,0.9982503056526184
115731785428395132,PROPAGANDA,0.9974355101585388
115730908630818072,PROPAGANDA,0.9841583967208862
115730859844120569,PROPAGANDA,0.9982805252075195
115730644486071082,PROPAGANDA,0.9908760786056519
115730057824476022,PROPAGANDA,0.998227059841156
115725803987363092,NO_PROPAGANDA,0.9996262788772583
115567293174185547,NO_PROPAGANDA,0.8325333595275879
115724141568860081,PROPAGANDA,0.9984752535820007
115724141568860081,PROPAGANDA,0.9979070425033569
115584069121440868,PROPAGANDA,0.9982951283454895
115583967084870267,NO_PROPAGANDA,0.9993250370025635
115584350662002045,NO_PROPAGANDA,0.9989739656448364
115585165637422509,PROPAGANDA,0.998275637626648
115614220577980648,PROPAGANDA,0.9984295964241028
115583956149724264,PROPAGANDA,0.9973266124725342
115583956149724264,PROPAGANDA,0.9918506741523743
115720167024828284,NO_PROPAGANDA,0.999251663684845
115720154535825762,PROPAGANDA,0.9978485107421875
115714751735035903,NO_PROPAGANDA,0.9995614886283875
115714676658999589,NO_PROPAGANDA,0.999545156955719
115713851852551574,NO_PROPAGANDA,0.9973509311676025
115714068315379947,NO_PROPAGANDA,0.9994953870773315
115713778827349150,PROPAGANDA,0.9958438277244568
115713778827349150,NO_PROPAGANDA,0.999627947807312
115713058860389475,PROPAGANDA,0.997766375541687
115713044487400578,PROPAGANDA,0.9976909160614014
115710698623079249,PROPAGANDA,0.9980319142341614
115707808536071986,PROPAGANDA,0.9977385997772217
115707808536071986,PROPAGANDA,0.9965027570724487
115707808536071986,NO_PROPAGANDA,0.9994367957115173
115703610330402175,PROPAGANDA,0.9984049201011658
115703610330402175,PROPAGANDA,0.9983202815055847
115702734737677434,PROPAGANDA,0.9979263544082642
115702734737677434,NO_PROPAGANDA,0.9948457479476929
115702382320619583,PROPAGANDA,0.9982099533081055
115702382320619583,NO_PROPAGANDA,0.9972732663154602
115701697468059580,PROPAGANDA,0.7209686040878296
115701239677984151,PROPAGANDA,0.9983689188957214
115701239677984151,PROPAGANDA,0.9984098672866821
115698333420423237,NO_PROPAGANDA,0.9268330335617065
115698333420423237,PROPAGANDA,0.7611550688743591
115698333420423237,PROPAGANDA,0.9979938268661499
115698333420423237,PROPAGANDA,0.9982951283454895
115698333420423237,PROPAGANDA,0.9943112134933472
115698333420423237,NO_PROPAGANDA,0.9917603731155396
115697029631709665,PROPAGANDA,0.9920868277549744
115698147293634454,PROPAGANDA,0.9981762170791626
115698147293634454,PROPAGANDA,0.9982317090034485
115698147293634454,PROPAGANDA,0.9816432595252991
115696262289771554,PROPAGANDA,0.9938265681266785
115692843128539904,NO_PROPAGANDA,0.9964280724525452
115692843128539904,PROPAGANDA,0.8375582098960876
115692843128539904,PROPAGANDA,0.99730384349823
115692843128539904,NO_PROPAGANDA,0.9969064593315125
115692843128539904,NO_PROPAGANDA,0.9966908693313599
115692843128539904,PROPAGANDA,0.9974271655082703
115692843128539904,PROPAGANDA,0.9984297156333923
115693285064758445,PROPAGANDA,0.998180627822876
115693285064758445,NO_PROPAGANDA,0.9995162487030029
115688492399516072,PROPAGANDA,0.9982241988182068
115688461364044258,PROPAGANDA,0.9968588352203369
115686410399815717,PROPAGANDA,0.9906129837036133
115686410399815717,NO_PROPAGANDA,0.5610312819480896
115686072737425841,NO_PROPAGANDA,0.9982426166534424
115686072737425841,PROPAGANDA,0.9982231259346008
115686072737425841,PROPAGANDA,0.9977465271949768
115685670623938058,PROPAGANDA,0.9982324242591858
115684406134734247,PROPAGANDA,0.9984789490699768
115684406134734247,PROPAGANDA,0.9983709454536438
115684406134734247,PROPAGANDA,0.9982283711433411
115684406134734247,PROPAGANDA,0.9976900815963745
115684148454828379,PROPAGANDA,0.9978364109992981
115680021178321608,PROPAGANDA,0.9977658987045288
115680021178321608,PROPAGANDA,0.9956598877906799
115679783474101246,PROPAGANDA,0.998399555683136
115679765232612242,PROPAGANDA,0.998360812664032
115679762314112555,PROPAGANDA,0.9983556866645813
115678452939414622,PROPAGANDA,0.9984592199325562
115678452939414622,PROPAGANDA,0.9984545707702637
115678452939414622,PROPAGANDA,0.998349666595459
115678452939414622,PROPAGANDA,0.9983781576156616
115678452939414622,PROPAGANDA,0.9979984164237976
115678452939414622,PROPAGANDA,0.9944426417350769
115678904344018257,PROPAGANDA,0.9981459379196167
115676421048496642,NO_PROPAGANDA,0.9996269941329956
115675310112594110,NO_PROPAGANDA,0.9990324974060059
115674446098726232,PROPAGANDA,0.9984410405158997
115674376798726553,PROPAGANDA,0.9978699684143066
115669815800105560,PROPAGANDA,0.9975455403327942
115669815800105560,PROPAGANDA,0.9980329871177673
115669815800105560,NO_PROPAGANDA,0.9993078708648682
115674349662139906,PROPAGANDA,0.997735857963562
115674102596009965,PROPAGANDA,0.9968411922454834
115674102596009965,PROPAGANDA,0.9983353018760681
115674102596009965,PROPAGANDA,0.9981116056442261
115674102596009965,NO_PROPAGANDA,0.947973370552063
115673738803217830,PROPAGANDA,0.9972851276397705
115673713225538385,NO_PROPAGANDA,0.9995552897453308
115673706520574050,PROPAGANDA,0.9972661733627319
115673681347141352,NO_PROPAGANDA,0.9995744824409485
115673677994343056,NO_PROPAGANDA,0.7327831387519836
115673676055612429,NO_PROPAGANDA,0.9993621706962585
115673648564690818,NO_PROPAGANDA,0.9996482133865356
115673641220529524,NO_PROPAGANDA,0.999476969242096
115673487263910414,NO_PROPAGANDA,0.9666605591773987
115672772354075395,PROPAGANDA,0.9850770831108093
115672772354075395,PROPAGANDA,0.9965792298316956
115672630683376515,PROPAGANDA,0.9982983469963074
115672630683376515,PROPAGANDA,0.9296720027923584
115670459480108739,NO_PROPAGANDA,0.9995880722999573
115669821715563033,PROPAGANDA,0.9983370304107666
115669821715563033,NO_PROPAGANDA,0.9987448453903198
115669821715563033,PROPAGANDA,0.9978602528572083
115667445871563304,PROPAGANDA,0.9798198342323303
115667396705453017,PROPAGANDA,0.9984678626060486
115667396705453017,PROPAGANDA,0.9971994161605835
115664032674403982,PROPAGANDA,0.998309850692749
115663982335866800,PROPAGANDA,0.997650682926178
115622436610625220,NO_PROPAGANDA,0.9988216757774353
115629765183673638,PROPAGANDA,0.9983927607536316
115625429081411360,PROPAGANDA,0.9984930753707886
115625429081411360,PROPAGANDA,0.9981377124786377
115625429081411360,PROPAGANDA,0.9824708104133606
115625429081411360,PROPAGANDA,0.9981926083564758
115625429081411360,PROPAGANDA,0.9983385801315308
115663961478701629,PROPAGANDA,0.6318341493606567
115663957175232306,PROPAGANDA,0.9983474016189575
115663952570644904,PROPAGANDA,0.9879636764526367
115663947824431940,NO_PROPAGANDA,0.9996315240859985
115662373086221699,PROPAGANDA,0.998364269733429
115662373086221699,PROPAGANDA,0.9983353018760681
115662373086221699,PROPAGANDA,0.998205304145813
115662369700704369,PROPAGANDA,0.9982534050941467
115662369700704369,PROPAGANDA,0.9983657002449036
115662367365090087,PROPAGANDA,0.9980654120445251
115662367365090087,PROPAGANDA,0.9984063506126404
115662365895882699,PROPAGANDA,0.9974880218505859
115662365895882699,NO_PROPAGANDA,0.9985930323600769
115662364552464423,PROPAGANDA,0.9974175691604614
115662364552464423,PROPAGANDA,0.9983553290367126
115662363349008651,PROPAGANDA,0.9981091022491455
115662363349008651,PROPAGANDA,0.9982524514198303
115661283977133711,PROPAGANDA,0.9982343912124634
115659423260785023,NO_PROPAGANDA,0.999455988407135
115659421538834732,PROPAGANDA,0.9982628226280212
115659207921669230,PROPAGANDA,0.9970302581787109
115658619396755634,PROPAGANDA,0.9983028173446655
115658619396755634,PROPAGANDA,0.9984404444694519
115656343773820545,PROPAGANDA,0.9983859062194824
115656343773820545,PROPAGANDA,0.9985028505325317
115656343773820545,NO_PROPAGANDA,0.9977002739906311
115656327877659916,PROPAGANDA,0.997858464717865
115653238186658350,PROPAGANDA,0.7377082109451294
115653225494931779,NO_PROPAGANDA,0.9995101690292358
115652422974373513,PROPAGANDA,0.9977679252624512
115652356733049190,NO_PROPAGANDA,0.9972842931747437
115652356733049190,NO_PROPAGANDA,0.9995470643043518
115651209876382028,NO_PROPAGANDA,0.9995447993278503
115650472826053655,PROPAGANDA,0.9983552098274231
115650472826053655,NO_PROPAGANDA,0.9994843006134033
115650314096956008,NO_PROPAGANDA,0.9281973838806152
115649576495618820,PROPAGANDA,0.9958146214485168
115650062002934091,PROPAGANDA,0.9979550838470459
115649563087207461,PROPAGANDA,0.9980713725090027
115649503125687789,PROPAGANDA,0.997109591960907
115647715850270252,PROPAGANDA,0.9982311129570007
115647708910290144,PROPAGANDA,0.9980373978614807
115647697688351327,PROPAGANDA,0.9982598423957825
115647697688351327,PROPAGANDA,0.9961793422698975
115647567538614723,NO_PROPAGANDA,0.64970862865448
115647333846814832,PROPAGANDA,0.9978201389312744
115647107696867275,PROPAGANDA,0.9983514547348022
115647107696867275,NO_PROPAGANDA,0.999596893787384
115647063978030089,PROPAGANDA,0.998322069644928
115647063978030089,PROPAGANDA,0.9981005787849426
115647063978030089,PROPAGANDA,0.9982441663742065
115646159943244507,NO_PROPAGANDA,0.9996013045310974
115645716721136333,NO_PROPAGANDA,0.9971967935562134
115645706907524793,NO_PROPAGANDA,0.9971967935562134
115645123576749080,PROPAGANDA,0.9957910776138306
115645123576749080,PROPAGANDA,0.755389392375946
115642722629712717,PROPAGANDA,0.9948988556861877
115642689265118703,PROPAGANDA,0.9908690452575684
115642237340050337,PROPAGANDA,0.996574878692627
115639158069045029,NO_PROPAGANDA,0.9995902180671692
115641123675257358,PROPAGANDA,0.9977976083755493
115641123675257358,NO_PROPAGANDA,0.667214035987854
115641100589870564,PROPAGANDA,0.9976949095726013
115641083942804824,PROPAGANDA,0.998289167881012
115641076038424832,PROPAGANDA,0.9978631138801575
115640171509477265,PROPAGANDA,0.9981520771980286
115640171509477265,PROPAGANDA,0.9829992651939392
115639208611971612,PROPAGANDA,0.9984092116355896
115639162273110013,PROPAGANDA,0.9669113755226135
115634967838729337,PROPAGANDA,0.9937253594398499
115634952920337470,NO_PROPAGANDA,0.76784747838974
115633174669225455,PROPAGANDA,0.9949008226394653
115633174669225455,PROPAGANDA,0.993299126625061
115633041089714842,NO_PROPAGANDA,0.9987115859985352
115632959311037868,PROPAGANDA,0.9967159032821655
115632959311037868,PROPAGANDA,0.9984403252601624
115632959311037868,PROPAGANDA,0.9953357577323914
115629406693931908,PROPAGANDA,0.9982233643531799
115629406693931908,PROPAGANDA,0.8538002371788025
115629406693931908,NO_PROPAGANDA,0.9974461793899536
115629335172411031,PROPAGANDA,0.99491947889328
115629335172411031,PROPAGANDA,0.9959728121757507
115629335172411031,NO_PROPAGANDA,0.9557945132255554
115629010097815862,PROPAGANDA,0.9984631538391113
115629010097815862,NO_PROPAGANDA,0.9974492192268372
115626148731779942,NO_PROPAGANDA,0.6999583840370178
115625427648743414,PROPAGANDA,0.9934593439102173
115625427648743414,PROPAGANDA,0.9976034760475159
115625427648743414,PROPAGANDA,0.9984143972396851
115625421503636680,PROPAGANDA,0.9984263181686401
115623160236217960,PROPAGANDA,0.9954493641853333
115619210705501837,PROPAGANDA,0.9954504370689392
115618335917111212,NO_PROPAGANDA,0.9996434450149536
115618236412963848,PROPAGANDA,0.99491947889328
115618236412963848,PROPAGANDA,0.9959728121757507
115618236412963848,NO_PROPAGANDA,0.9557945132255554
115617866419112089,PROPAGANDA,0.9967641830444336
115617700844849134,PROPAGANDA,0.9983730316162109
115617700844849134,PROPAGANDA,0.9972981810569763
115617700844849134,PROPAGANDA,0.9410905241966248
115617658912008194,PROPAGANDA,0.9984639883041382
115617658912008194,PROPAGANDA,0.9983826875686646
115617658912008194,PROPAGANDA,0.9984737038612366
115617658912008194,PROPAGANDA,0.9984807372093201
115617052659110736,PROPAGANDA,0.9969713687896729
115616548418162346,PROPAGANDA,0.995412290096283
115616546926814479,PROPAGANDA,0.9024824500083923
115616545250020843,PROPAGANDA,0.9983828067779541
115616545250020843,PROPAGANDA,0.9983822107315063
115616545250020843,PROPAGANDA,0.9984387755393982
115616545250020843,PROPAGANDA,0.9950537085533142
115616248406860153,PROPAGANDA,0.995412290096283
115616235841996334,PROPAGANDA,0.9024824500083923
115615998120894392,PROPAGANDA,0.9983763694763184
115615998120894392,PROPAGANDA,0.9983822107315063
115615998120894392,PROPAGANDA,0.9984387755393982
115615998120894392,PROPAGANDA,0.9950537085533142
115612873614937945,PROPAGANDA,0.9692812561988831
115612873614937945,NO_PROPAGANDA,0.9996209144592285
115612779496430359,PROPAGANDA,0.9972342848777771
115612779496430359,PROPAGANDA,0.9981096982955933
115612779496430359,PROPAGANDA,0.9702868461608887
115612027228424815,PROPAGANDA,0.9983490705490112
115612027228424815,PROPAGANDA,0.996601939201355
115612027228424815,PROPAGANDA,0.9984167814254761
115612027228424815,PROPAGANDA,0.9983065128326416
115612027228424815,PROPAGANDA,0.9978201389312744
115612007398266637,NO_PROPAGANDA,0.9982927441596985
115612007398266637,NO_PROPAGANDA,0.9992727637290955
115612007398266637,NO_PROPAGANDA,0.9987426400184631
115606895115145727,NO_PROPAGANDA,0.5101097226142883
115605992780109632,PROPAGANDA,0.9984018206596375
115605897178712132,NO_PROPAGANDA,0.9972485899925232
115605897178712132,NO_PROPAGANDA,0.9990757703781128
115605897178712132,NO_PROPAGANDA,0.9996110796928406
115604689359180322,PROPAGANDA,0.9951297044754028
115604342260009397,PROPAGANDA,0.917488157749176
115604240580797202,NO_PROPAGANDA,0.9912541508674622
115604240580797202,PROPAGANDA,0.9982296824455261
115604240580797202,PROPAGANDA,0.9956796765327454
115604240580797202,PROPAGANDA,0.9969112277030945
115604227117479754,NO_PROPAGANDA,0.9984623193740845
115604207333809204,PROPAGANDA,0.9964724779129028
115602969458348561,NO_PROPAGANDA,0.9614095687866211
115602969458348561,PROPAGANDA,0.9982296824455261
115602969458348561,PROPAGANDA,0.9956796765327454
115602969458348561,PROPAGANDA,0.9974161386489868
115601863065566414,NO_PROPAGANDA,0.9984097480773926
115601476787319590,PROPAGANDA,0.9984056353569031
115601476787319590,PROPAGANDA,0.9949557185173035
115601252711182007,PROPAGANDA,0.9980489015579224
115600167812342707,PROPAGANDA,0.9915340542793274
115589257346768147,PROPAGANDA,0.9982070922851562
115589257346768147,NO_PROPAGANDA,0.9994068145751953
115589257346768147,PROPAGANDA,0.9982838034629822
115589257346768147,NO_PROPAGANDA,0.9935610294342041
115589257346768147,NO_PROPAGANDA,0.9995098114013672
115599455037289127,PROPAGANDA,0.9957793951034546
115599428464496784,PROPAGANDA,0.9981085062026978
115599428464496784,PROPAGANDA,0.9980579018592834
115599428464496784,PROPAGANDA,0.9980389475822449
115597116924552201,PROPAGANDA,0.9983192086219788
115597077845312894,PROPAGANDA,0.997621476650238
115596544162295527,PROPAGANDA,0.9936046004295349
115596544162295527,PROPAGANDA,0.9983847141265869
115596533671432236,PROPAGANDA,0.9936364889144897
115596533671432236,PROPAGANDA,0.9983847141265869
115596415059652997,NO_PROPAGANDA,0.9994693398475647
115578474822078156,PROPAGANDA,0.9950693845748901
115595765848682100,PROPAGANDA,0.9876512289047241
115595274389789024,PROPAGANDA,0.9980321526527405
115593240147764609,PROPAGANDA,0.9981532692909241
115593179521083607,PROPAGANDA,0.9974985718727112
115593179521083607,PROPAGANDA,0.9981301426887512
115590786862216464,NO_PROPAGANDA,0.5067280530929565
115590382865392804,NO_PROPAGANDA,0.9994183778762817
115582451169685243,PROPAGANDA,0.9981811046600342
115579789920906826,NO_PROPAGANDA,0.9994838237762451
115580091742881393,PROPAGANDA,0.9966638684272766
115580043764808419,PROPAGANDA,0.9979027509689331
115580255469225519,NO_PROPAGANDA,0.9816272854804993
115579923781748856,PROPAGANDA,0.9982826709747314
115579923781748856,PROPAGANDA,0.9981527924537659
115580356465382356,NO_PROPAGANDA,0.9563996195793152
115579841410348342,NO_PROPAGANDA,0.9993778467178345
115579857467915312,PROPAGANDA,0.995005190372467
115579968766152949,PROPAGANDA,0.9979988932609558
115579817214103772,PROPAGANDA,0.9970682263374329
115579833072568656,PROPAGANDA,0.8509342670440674
115579824866571287,PROPAGANDA,0.998323380947113
115579816850718152,NO_PROPAGANDA,0.8678603768348694
115582417825161974,PROPAGANDA,0.9982597231864929
115580455960616035,PROPAGANDA,0.9898486733436584
115580448819564585,PROPAGANDA,0.6834925413131714
115580387278716452,PROPAGANDA,0.874078094959259
115579432475646132,NO_PROPAGANDA,0.9996044039726257
115579394833948106,NO_PROPAGANDA,0.999470055103302
115579394833948106,PROPAGANDA,0.9978931546211243
115579394833948106,NO_PROPAGANDA,0.9994489550590515
115579394833948106,PROPAGANDA,0.9943558573722839
115579394833948106,PROPAGANDA,0.9982993006706238
115579394833948106,PROPAGANDA,0.9972932934761047
115579394833948106,PROPAGANDA,0.998455286026001
115579394833948106,PROPAGANDA,0.9974355101585388
115577964949117047,PROPAGANDA,0.9982131719589233
115577964949117047,PROPAGANDA,0.9981173276901245
115577056018106234,NO_PROPAGANDA,0.9985365867614746
115577053608486130,NO_PROPAGANDA,0.9992679953575134
115577050910593912,NO_PROPAGANDA,0.9992620348930359
115255512593368090,NO_PROPAGANDA,0.5945327281951904
115577042043264984,NO_PROPAGANDA,0.9994489550590515
115577040776570054,NO_PROPAGANDA,0.9989649057388306
115577039288167821,PROPAGANDA,0.9960758090019226
115577037384069112,NO_PROPAGANDA,0.9994856119155884
115577034428518924,NO_PROPAGANDA,0.9994122982025146
115577032965627237,NO_PROPAGANDA,0.6756583452224731
115573090200730933,PROPAGANDA,0.9967395663261414
115573090200730933,PROPAGANDA,0.9844362735748291
115573085494912311,PROPAGANDA,0.9976847171783447
115573085494912311,PROPAGANDA,0.9799930453300476
115573085494912311,PROPAGANDA,0.9976626634597778
115572931492563128,PROPAGANDA,0.997632622718811
115570813586755288,PROPAGANDA,0.9983662962913513
115570749579575260,NO_PROPAGANDA,0.7176218628883362
115570749579575260,PROPAGANDA,0.9978125095367432
115567457865630938,PROPAGANDA,0.997919499874115
115567457865630938,NO_PROPAGANDA,0.9937437176704407
115567081810209795,NO_PROPAGANDA,0.9992091059684753
115567070909453272,PROPAGANDA,0.9983882904052734
115567070909453272,PROPAGANDA,0.9983737468719482
115565882166681770,PROPAGANDA,0.998035728931427
115565882166681770,PROPAGANDA,0.9885455965995789
115277428755861763,PROPAGANDA,0.998380184173584
115277207989888806,PROPAGANDA,0.9978552460670471
115277207989888806,PROPAGANDA,0.9982873797416687
115565361275932801,PROPAGANDA,0.991692304611206
115562700432868071,PROPAGANDA,0.9974324107170105
115562700432868071,PROPAGANDA,0.9982485771179199
115562700432868071,NO_PROPAGANDA,0.9993106126785278
115553996161686638,NO_PROPAGANDA,0.9994737505912781
115560043250245763,NO_PROPAGANDA,0.9876870512962341
115560203990233492,NO_PROPAGANDA,0.9994632601737976
115560175157673592,PROPAGANDA,0.9265429973602295
115560060266158815,NO_PROPAGANDA,0.9992840886116028
115553981968070207,NO_PROPAGANDA,0.9996020197868347
115563298458806964,PROPAGANDA,0.9983803033828735
115562684567737579,PROPAGANDA,0.9983886480331421
115562626931599548,PROPAGANDA,0.9984009861946106
115562626931599548,NO_PROPAGANDA,0.986815869808197
115562626931599548,PROPAGANDA,0.9976760745048523
115562626931599548,PROPAGANDA,0.998375415802002
115560208774541030,PROPAGANDA,0.9597756266593933
115560208774541030,PROPAGANDA,0.9982829093933105
115560208774541030,PROPAGANDA,0.9975805282592773
115556419150424739,PROPAGANDA,0.9984377026557922
115554138689247811,PROPAGANDA,0.9984130859375
115551127714537339,NO_PROPAGANDA,0.9983476400375366
115551127714537339,PROPAGANDA,0.9982625842094421
115551127714537339,PROPAGANDA,0.9983755350112915
115551127714537339,PROPAGANDA,0.9984056353569031
115551127714537339,PROPAGANDA,0.9983219504356384
115553994466678093,PROPAGANDA,0.9984631538391113
115551054294277065,PROPAGANDA,0.9978698492050171
115549914983720555,PROPAGANDA,0.9966375827789307
115549907135940696,PROPAGANDA,0.9858314990997314
115549907135940696,PROPAGANDA,0.9975946545600891
115549898479582155,PROPAGANDA,0.950033962726593
115549898479582155,PROPAGANDA,0.9932844638824463
115549764700461483,NO_PROPAGANDA,0.9996091723442078
115548824413984773,PROPAGANDA,0.9981923699378967
115548785919046772,PROPAGANDA,0.9984756112098694
115548785919046772,PROPAGANDA,0.9318781495094299
115548539359870302,PROPAGANDA,0.9984134435653687
115548539359870302,NO_PROPAGANDA,0.9986880421638489
115548501518888756,PROPAGANDA,0.9984134435653687
115548501518888756,NO_PROPAGANDA,0.9987863898277283
115545559394082144,NO_PROPAGANDA,0.9992445707321167
115205301127455058,PROPAGANDA,0.9797334671020508
115205301127455058,PROPAGANDA,0.95979243516922
115205301127455058,PROPAGANDA,0.9981734752655029
115205301127455058,PROPAGANDA,0.9928218722343445
115545558485420962,NO_PROPAGANDA,0.999506950378418
115527575773543165,PROPAGANDA,0.9966021776199341
115538410938231838,PROPAGANDA,0.9984094500541687
115538279653817159,PROPAGANDA,0.9984293580055237
115538279653817159,PROPAGANDA,0.9980524778366089
115538047317239976,PROPAGANDA,0.9979057312011719
115538047317239976,PROPAGANDA,0.9982646107673645
115538010339531154,PROPAGANDA,0.9982216954231262
115538010339531154,PROPAGANDA,0.9953409433364868
115538002658085818,NO_PROPAGANDA,0.9992930889129639
115538002658085818,PROPAGANDA,0.9979918003082275
115533678904226335,PROPAGANDA,0.9975956082344055
115533678904226335,PROPAGANDA,0.998145580291748
115533678904226335,PROPAGANDA,0.997956395149231
115533666048445520,PROPAGANDA,0.996928870677948
115533666048445520,PROPAGANDA,0.997951090335846
115533090607800907,PROPAGANDA,0.9977612495422363
115532927507491211,PROPAGANDA,0.9974066615104675
115532927507491211,PROPAGANDA,0.9951370358467102
115532927507491211,PROPAGANDA,0.9980108141899109
115532927507491211,PROPAGANDA,0.9950259327888489
115529500724371786,PROPAGANDA,0.9978273510932922
115529446165908851,PROPAGANDA,0.9984332919120789
115529141758455385,PROPAGANDA,0.9912829399108887
115528250588455261,PROPAGANDA,0.990013837814331
115527262176895128,PROPAGANDA,0.993241548538208
115527159095475127,PROPAGANDA,0.9983084201812744
115527159095475127,PROPAGANDA,0.9982910752296448
115526165519672797,NO_PROPAGANDA,0.9976162910461426
115526123205979749,PROPAGANDA,0.9983575940132141
115526123205979749,PROPAGANDA,0.998353123664856
115526123205979749,PROPAGANDA,0.998279333114624
115526107177904576,PROPAGANDA,0.998346209526062
115526107177904576,PROPAGANDA,0.998353123664856
115526107177904576,PROPAGANDA,0.998279333114624
115525582895720508,NO_PROPAGANDA,0.9959195852279663
115520633257497938,PROPAGANDA,0.9982444047927856
115355273080830875,PROPAGANDA,0.9979608058929443
115355273080830875,PROPAGANDA,0.9683061838150024
115521834138408370,NO_PROPAGANDA,0.9995146989822388
115521826049485056,NO_PROPAGANDA,0.998508870601654
115521797504730572,NO_PROPAGANDA,0.9994168281555176
115521695808009888,PROPAGANDA,0.998441755771637
115521239983259817,PROPAGANDA,0.9984216690063477
115520462584981053,PROPAGANDA,0.998335063457489
115520448197201824,PROPAGANDA,0.9984868764877319
115520448197201824,PROPAGANDA,0.9983708262443542
115520448197201824,PROPAGANDA,0.9983431100845337
115520448197201824,PROPAGANDA,0.9978693723678589
115520432241623568,PROPAGANDA,0.9961982369422913
115520428779875897,PROPAGANDA,0.998285710811615
115520402338272699,NO_PROPAGANDA,0.9995321035385132
115520395997089111,PROPAGANDA,0.9983097314834595
115520395997089111,NO_PROPAGANDA,0.9994487166404724
115520387746375038,PROPAGANDA,0.9983861446380615
115520387746375038,PROPAGANDA,0.9980838298797607
115514686647205086,NO_PROPAGANDA,0.9986441731452942
115514453574326959,PROPAGANDA,0.9983603358268738
115514453574326959,PROPAGANDA,0.9958245754241943
115520282513349957,PROPAGANDA,0.9934036135673523
115520282513349957,NO_PROPAGANDA,0.9994487166404724
115519951705472870,PROPAGANDA,0.9972027540206909
115519951705472870,PROPAGANDA,0.9968225955963135
115519740341195886,NO_PROPAGANDA,0.9993959665298462
115519726463094783,PROPAGANDA,0.9930269122123718
115519669621468424,PROPAGANDA,0.9980502128601074
115519656372603789,PROPAGANDA,0.9823198914527893
115519648221128582,PROPAGANDA,0.9981878399848938
115516539764708833,NO_PROPAGANDA,0.999534010887146
115516453396913877,PROPAGANDA,0.9982965588569641
115515978292380146,NO_PROPAGANDA,0.9995964169502258
115515520504887050,PROPAGANDA,0.9984267950057983
115514359098158106,PROPAGANDA,0.998404324054718
115511452695728702,PROPAGANDA,0.99472576379776
115511452695728702,PROPAGANDA,0.9983718991279602
115511357579183415,NO_PROPAGANDA,0.9922695159912109
115511412965888296,PROPAGANDA,0.9972744584083557
115511412965888296,NO_PROPAGANDA,0.991675853729248
115511412965888296,PROPAGANDA,0.9934478402137756
115511314225352462,PROPAGANDA,0.9982172846794128
115511090849508843,PROPAGANDA,0.9982489347457886
115511090849508843,PROPAGANDA,0.9965497255325317
115511090849508843,PROPAGANDA,0.9976341724395752
115510780457859130,PROPAGANDA,0.7051560282707214
115510666739916664,PROPAGANDA,0.9983571171760559
115510485436664476,PROPAGANDA,0.9981948733329773
115510396474764395,PROPAGANDA,0.9978246688842773
115510343852481018,PROPAGANDA,0.9983307719230652
115510343852481018,PROPAGANDA,0.9982435703277588
115509306635941834,PROPAGANDA,0.9972307085990906
115508709196254115,NO_PROPAGANDA,0.7116174697875977
115508699750416036,PROPAGANDA,0.9983170032501221
115508680705242553,PROPAGANDA,0.9984691739082336
115506045885898474,PROPAGANDA,0.9959425330162048
115506045885898474,NO_PROPAGANDA,0.9989688396453857
115505478418176575,NO_PROPAGANDA,0.9987162351608276
115505478418176575,NO_PROPAGANDA,0.8563958406448364
115504973020459337,PROPAGANDA,0.9978494644165039
115504973020459337,PROPAGANDA,0.9982635378837585
115503780433465879,NO_PROPAGANDA,0.9860585331916809
115503140217634129,NO_PROPAGANDA,0.9969468712806702
115497796099239673,PROPAGANDA,0.9975153207778931
115499724149347850,PROPAGANDA,0.9980018734931946
115499715894035999,PROPAGANDA,0.9975906610488892
115499694708692358,NO_PROPAGANDA,0.9930980801582336
115499626990484138,NO_PROPAGANDA,0.8548350930213928
115499622304174991,PROPAGANDA,0.9968428611755371
115499621107006705,PROPAGANDA,0.9966021776199341
115499615432000308,PROPAGANDA,0.9982261061668396
115499609714844979,PROPAGANDA,0.9968155026435852
115499601111135687,PROPAGANDA,0.9984481334686279
115499601111135687,PROPAGANDA,0.9975825548171997
115499595196200926,PROPAGANDA,0.9984221458435059
115499595196200926,PROPAGANDA,0.9983158111572266
115499540273989970,NO_PROPAGANDA,0.9986017346382141
115499529258415888,PROPAGANDA,0.9952555298805237
115499436761437618,NO_PROPAGANDA,0.966292142868042
115499397897941707,NO_PROPAGANDA,0.9970899820327759
115499354921504983,PROPAGANDA,0.9981086254119873
115499324245510580,NO_PROPAGANDA,0.9988715052604675
115499313489581846,NO_PROPAGANDA,0.9992862343788147
115499233518098762,NO_PROPAGANDA,0.9996329545974731
115499222370397593,PROPAGANDA,0.9979931116104126
115499196526115634,PROPAGANDA,0.9957547187805176
115499184567907673,NO_PROPAGANDA,0.9976279139518738
115499177304548955,PROPAGANDA,0.9983872175216675
115499172943770311,PROPAGANDA,0.9963158965110779
115499168374068086,PROPAGANDA,0.9945300221443176
115495081097004172,PROPAGANDA,0.9968936443328857
115495015896453646,NO_PROPAGANDA,0.9992547631263733
115494928414626214,NO_PROPAGANDA,0.9976542592048645
115494873923565600,NO_PROPAGANDA,0.9991207718849182
115493839582779089,PROPAGANDA,0.9979311227798462
115493839582779089,PROPAGANDA,0.6332745552062988
115493792769655959,PROPAGANDA,0.9954407215118408
115493792769655959,NO_PROPAGANDA,0.9995878338813782
115493742592679097,NO_PROPAGANDA,0.9987472295761108
115493671705492320,PROPAGANDA,0.9981119632720947
115493671705492320,NO_PROPAGANDA,0.9992483258247375
115492840195051630,PROPAGANDA,0.9982391595840454
115492840195051630,PROPAGANDA,0.9984006285667419
115492832612668287,PROPAGANDA,0.9982814788818359
115492832612668287,PROPAGANDA,0.9984667897224426
115492361756063244,PROPAGANDA,0.9982902407646179
115492285081397189,PROPAGANDA,0.9983034133911133
115492078911838554,PROPAGANDA,0.9544379115104675
115491996994152487,NO_PROPAGANDA,0.9154267311096191
115491968446085363,PROPAGANDA,0.9983274340629578
115491634358714159,PROPAGANDA,0.9984960556030273
115491634358714159,PROPAGANDA,0.9968746900558472
115491634358714159,NO_PROPAGANDA,0.9983041286468506
115491634358714159,PROPAGANDA,0.9983949065208435
115488077072288045,PROPAGANDA,0.9976193308830261
115488077072288045,PROPAGANDA,0.998418927192688
115488077072288045,PROPAGANDA,0.9976221919059753
115488449295708606,PROPAGANDA,0.9983338713645935
115488448679125333,PROPAGANDA,0.9971157312393188
115488448679125333,PROPAGANDA,0.9982731342315674
115488447988115806,PROPAGANDA,0.9982141256332397
115488447988115806,NO_PROPAGANDA,0.9368157386779785
115488447377350651,PROPAGANDA,0.9979833364486694
115488447377350651,PROPAGANDA,0.9981808662414551
115488108743015746,PROPAGANDA,0.9959218502044678
115488069736938548,PROPAGANDA,0.9888573884963989
115488069736938548,PROPAGANDA,0.9980871677398682
115488065843902022,PROPAGANDA,0.9980512857437134
115488065843902022,PROPAGANDA,0.9982413053512573
115487673519351557,PROPAGANDA,0.9982269406318665
115487673519351557,PROPAGANDA,0.9984667897224426
115487672617211689,PROPAGANDA,0.998420000076294
115487672617211689,PROPAGANDA,0.9983205199241638
115487671846603737,PROPAGANDA,0.998134970664978
115487671846603737,PROPAGANDA,0.5725562572479248
115487671165225276,PROPAGANDA,0.9977624416351318
115487671165225276,PROPAGANDA,0.9983417987823486
115487670248355008,PROPAGANDA,0.997725784778595
115487670248355008,PROPAGANDA,0.9983260035514832
115487657312854919,PROPAGANDA,0.9980219602584839
115487657312854919,PROPAGANDA,0.9980698227882385
115487657312854919,PROPAGANDA,0.8650854229927063
115487637340888017,PROPAGANDA,0.9983577132225037
115487637340888017,PROPAGANDA,0.9982638955116272
115487542470944967,PROPAGANDA,0.9982724189758301
115487542470944967,PROPAGANDA,0.9983183145523071
115487542470944967,PROPAGANDA,0.997365415096283
115487538389910575,PROPAGANDA,0.9984536170959473
115487538389910575,PROPAGANDA,0.996775209903717
115487538389910575,PROPAGANDA,0.998252809047699
115487538389910575,PROPAGANDA,0.9982265830039978
115487534126970172,PROPAGANDA,0.9967594742774963
115487534126970172,PROPAGANDA,0.9984238147735596
115487533079747054,PROPAGANDA,0.9982776641845703
115487533079747054,PROPAGANDA,0.8202300667762756
115487530794623341,PROPAGANDA,0.9982926249504089
115487530794623341,PROPAGANDA,0.9983585476875305
115487529176186545,PROPAGANDA,0.9976153373718262
115487529176186545,PROPAGANDA,0.9983672499656677
115487528401379340,PROPAGANDA,0.9960590600967407
115487528401379340,PROPAGANDA,0.9982396364212036
115487527449007567,PROPAGANDA,0.9981378316879272
115487527449007567,PROPAGANDA,0.9962934851646423
115487526694807268,PROPAGANDA,0.9977260231971741
115487526694807268,NO_PROPAGANDA,0.9974977374076843
115487525926377512,PROPAGANDA,0.9979884624481201
115487525926377512,PROPAGANDA,0.998129665851593
115487525182720756,PROPAGANDA,0.997738242149353
115487525182720756,PROPAGANDA,0.9983166456222534
115487524223496553,PROPAGANDA,0.9982331991195679
115487524223496553,PROPAGANDA,0.9983875751495361
115487523238345065,PROPAGANDA,0.9980663657188416
115487523238345065,PROPAGANDA,0.99835604429245
115487522476295727,PROPAGANDA,0.9980497360229492
115487522476295727,PROPAGANDA,0.9982643723487854
115487521272358814,PROPAGANDA,0.9981550574302673
115487521272358814,PROPAGANDA,0.9948199391365051
115487520305552246,PROPAGANDA,0.998188316822052
115487520305552246,PROPAGANDA,0.9984252452850342
115487516919335021,PROPAGANDA,0.9981433153152466
115487516919335021,PROPAGANDA,0.9983868598937988
115487509118195615,PROPAGANDA,0.998248815536499
115487509118195615,PROPAGANDA,0.9983982443809509
115487507787596823,PROPAGANDA,0.9979178309440613
115487507787596823,PROPAGANDA,0.998478353023529
115487459643312527,PROPAGANDA,0.9983577132225037
115487459643312527,PROPAGANDA,0.9982540011405945
115487458723482669,PROPAGANDA,0.9979689717292786
115487458723482669,PROPAGANDA,0.998478353023529
115487457628694653,PROPAGANDA,0.9983153343200684
115487457628694653,PROPAGANDA,0.9983982443809509
115487456971332644,PROPAGANDA,0.9981153011322021
115487456971332644,PROPAGANDA,0.9984317421913147
115487456380926200,PROPAGANDA,0.9981551766395569
115487456380926200,PROPAGANDA,0.9983994364738464
115487455722792140,PROPAGANDA,0.9980371594429016
115487455722792140,PROPAGANDA,0.9983585476875305
115487454603803196,PROPAGANDA,0.9974429607391357
115487454603803196,PROPAGANDA,0.9780243635177612
115487454024721017,PROPAGANDA,0.9975057244300842
115487453441228308,PROPAGANDA,0.9982115030288696
115487453441228308,PROPAGANDA,0.9984360337257385
115487452865254311,PROPAGANDA,0.9961389899253845
115487452865254311,PROPAGANDA,0.9984399676322937
115487452294166543,PROPAGANDA,0.9982243180274963
115487452294166543,PROPAGANDA,0.9984180927276611
115487451656777132,PROPAGANDA,0.9978233575820923
115487451656777132,PROPAGANDA,0.998310923576355
115487451093103232,PROPAGANDA,0.9974269270896912
115487451093103232,PROPAGANDA,0.9984203577041626
115487424416949967,PROPAGANDA,0.9980908036231995
115487424416949967,PROPAGANDA,0.9984309077262878
115487423618581189,PROPAGANDA,0.9981309771537781
115487423618581189,PROPAGANDA,0.9983188509941101
115487423040942295,PROPAGANDA,0.9982230067253113
115487423040942295,PROPAGANDA,0.9984000325202942
115487422134481211,PROPAGANDA,0.9981999397277832
115487422134481211,PROPAGANDA,0.9983868598937988
115487421529452815,PROPAGANDA,0.9983674883842468
115487421529452815,PROPAGANDA,0.9981599450111389
115487420927533924,PROPAGANDA,0.998396098613739
115487420927533924,PROPAGANDA,0.9982606768608093
115487420258581068,PROPAGANDA,0.9981402158737183
115487420258581068,PROPAGANDA,0.9979910850524902
115487419101245893,PROPAGANDA,0.9981971383094788
115487419101245893,PROPAGANDA,0.9982770681381226
115487418490322231,PROPAGANDA,0.9983046054840088
115487418490322231,PROPAGANDA,0.9982409477233887
115487417887119597,PROPAGANDA,0.9983188509941101
115487417887119597,PROPAGANDA,0.9938247203826904
115487417269482211,PROPAGANDA,0.9977760910987854
115487417269482211,PROPAGANDA,0.9983426332473755
115487416652012147,PROPAGANDA,0.9973287582397461
115487416652012147,PROPAGANDA,0.9983394145965576
115487416040700648,PROPAGANDA,0.9980394244194031
115487416040700648,PROPAGANDA,0.9872511625289917
115487415350975092,PROPAGANDA,0.9982337951660156
115487415350975092,PROPAGANDA,0.9983276724815369
115487414487226114,PROPAGANDA,0.9979482293128967
115487414487226114,PROPAGANDA,0.9983227849006653
115487413806174322,PROPAGANDA,0.9980039000511169
115487413806174322,PROPAGANDA,0.9984671473503113
115487413163865371,PROPAGANDA,0.9977193474769592
115487413163865371,PROPAGANDA,0.9981860518455505
115487409928245363,PROPAGANDA,0.9970767498016357
115487409928245363,PROPAGANDA,0.9982459545135498
115487408895007566,PROPAGANDA,0.9981179237365723
115487408895007566,PROPAGANDA,0.9984617233276367
115487407766645489,PROPAGANDA,0.9978995323181152
115487407766645489,PROPAGANDA,0.9981260895729065
115487407342367814,PROPAGANDA,0.9976164102554321
115487407342367814,PROPAGANDA,0.9983550906181335
115483612584051928,PROPAGANDA,0.9978917241096497
115483612584051928,PROPAGANDA,0.9983538389205933
115483611124274810,PROPAGANDA,0.9981751441955566
115483611124274810,PROPAGANDA,0.998428463935852
115483604966976923,PROPAGANDA,0.9978499412536621
115483604966976923,PROPAGANDA,0.9983583092689514
115483600717795173,PROPAGANDA,0.9981439113616943
115483600717795173,PROPAGANDA,0.9984458088874817
115483597298904555,PROPAGANDA,0.9981447458267212
115483597298904555,PROPAGANDA,0.9984717965126038
115483588957385542,PROPAGANDA,0.9980840682983398
115483588957385542,PROPAGANDA,0.9983032941818237
115483585666476879,PROPAGANDA,0.9983435869216919
115483585666476879,PROPAGANDA,0.9983922839164734
115483583008573608,PROPAGANDA,0.9964085221290588
115483583008573608,PROPAGANDA,0.9983327984809875
115483506946659561,PROPAGANDA,0.9978567957878113
115483506946659561,PROPAGANDA,0.9983457326889038
115483506187792362,PROPAGANDA,0.9976800084114075
115483506187792362,PROPAGANDA,0.9983454942703247
115483497131354385,PROPAGANDA,0.9971248507499695
115483497131354385,PROPAGANDA,0.9983261227607727
115483496366694822,PROPAGANDA,0.9971044659614563
115483496366694822,PROPAGANDA,0.9983402490615845
115483495393568211,PROPAGANDA,0.9971094727516174
115483495393568211,PROPAGANDA,0.9983583092689514
115483494581672791,PROPAGANDA,0.9981327652931213
115483494581672791,PROPAGANDA,0.9982401132583618
115483493833786784,PROPAGANDA,0.9980475902557373
115483493122773638,PROPAGANDA,0.9982561469078064
115483493122773638,NO_PROPAGANDA,0.9982048273086548
115483492025820257,PROPAGANDA,0.9982622265815735
115483491309251871,PROPAGANDA,0.9983012080192566
115483490583943218,PROPAGANDA,0.9982298016548157
115483490583943218,PROPAGANDA,0.9796707630157471
115483489851598217,PROPAGANDA,0.9982932209968567
115483489851598217,PROPAGANDA,0.9983634352684021
115483489119629845,PROPAGANDA,0.9983349442481995
115483489119629845,PROPAGANDA,0.9983534812927246
115483488236956361,PROPAGANDA,0.9977953433990479
115483488236956361,PROPAGANDA,0.9981921315193176
115483487297164906,PROPAGANDA,0.997632622718811
115483487297164906,PROPAGANDA,0.998392641544342
115483486488391164,PROPAGANDA,0.9974501729011536
115483486488391164,PROPAGANDA,0.9982802867889404
115483485693600679,PROPAGANDA,0.9980629086494446
115483485693600679,PROPAGANDA,0.9984502792358398
115483484931163272,PROPAGANDA,0.9983788728713989
115483484931163272,PROPAGANDA,0.9928290247917175
115483484532414248,PROPAGANDA,0.9978466033935547
115483484532414248,PROPAGANDA,0.9983717799186707
115483440357834964,PROPAGANDA,0.9984764456748962
115483437897423013,PROPAGANDA,0.9979440569877625
115483437897423013,PROPAGANDA,0.9983512163162231
115483436982762122,PROPAGANDA,0.998379111289978
115483436982762122,PROPAGANDA,0.9983483552932739
115483435191255103,PROPAGANDA,0.9974798560142517
115483435191255103,PROPAGANDA,0.9982064962387085
115483434354278744,PROPAGANDA,0.9981510043144226
115483434354278744,PROPAGANDA,0.9979925155639648
115483401027909719,PROPAGANDA,0.9984061121940613
115483401027909719,PROPAGANDA,0.9984277486801147
115483400223477879,PROPAGANDA,0.9976849555969238
115483400223477879,PROPAGANDA,0.99843829870224
115483398591251199,PROPAGANDA,0.9981129169464111
115483398591251199,PROPAGANDA,0.9983426332473755
115483397195615826,PROPAGANDA,0.9982110261917114
115483397195615826,PROPAGANDA,0.9983845949172974
115483382708030237,PROPAGANDA,0.9983343482017517
115483382708030237,PROPAGANDA,0.9982119798660278
115483381794647329,PROPAGANDA,0.9975178241729736
115483381794647329,PROPAGANDA,0.9982269406318665
115483376777280289,PROPAGANDA,0.9980927109718323
115483376777280289,PROPAGANDA,0.9982399940490723
115483375767326344,PROPAGANDA,0.9982391595840454
115483375767326344,PROPAGANDA,0.9984196424484253
115483347669595966,PROPAGANDA,0.99847811460495
115483347669595966,PROPAGANDA,0.9984190464019775
115483346572613945,PROPAGANDA,0.9962558746337891
115483346572613945,PROPAGANDA,0.9982258677482605
115483345591728067,PROPAGANDA,0.997873067855835
115483345591728067,PROPAGANDA,0.9982001781463623
115483339842449904,PROPAGANDA,0.9983568787574768
115483339842449904,PROPAGANDA,0.7666247487068176
115483337042625634,PROPAGANDA,0.9975278973579407
115483337042625634,PROPAGANDA,0.9984320998191833
115483335781073046,PROPAGANDA,0.9981995820999146
115483335781073046,PROPAGANDA,0.9947060942649841
115483335025617789,PROPAGANDA,0.9977292418479919
115483335025617789,NO_PROPAGANDA,0.7829398512840271
115483334603209840,PROPAGANDA,0.9982407093048096
115483334603209840,PROPAGANDA,0.9983493089675903
115476772387145483,PROPAGANDA,0.5234031677246094
115476772387145483,NO_PROPAGANDA,0.992259681224823
115476887786298120,PROPAGANDA,0.9982247948646545
115476385101120405,PROPAGANDA,0.9984431862831116
115476385101120405,NO_PROPAGANDA,0.9993451237678528
115483019659144300,PROPAGANDA,0.9982141256332397
115483019659144300,NO_PROPAGANDA,0.9368157386779785
115483014123680949,PROPAGANDA,0.9971157312393188
115483014123680949,PROPAGANDA,0.9982731342315674
115482995616124761,PROPAGANDA,0.9983338713645935
115482994992396118,PROPAGANDA,0.9979760050773621
115482994992396118,PROPAGANDA,0.9982435703277588
115482994183924113,PROPAGANDA,0.9970280528068542
115482994183924113,PROPAGANDA,0.998426079750061
115482993389104673,PROPAGANDA,0.998108983039856
115482993389104673,PROPAGANDA,0.998313307762146
115482992338432058,PROPAGANDA,0.9969043135643005
115482992338432058,PROPAGANDA,0.9981231093406677
115482990032900099,PROPAGANDA,0.9979131817817688
115482990032900099,PROPAGANDA,0.9983785152435303
115482954448237364,PROPAGANDA,0.9979585409164429
115482954448237364,PROPAGANDA,0.9979355335235596
115482910469184199,PROPAGANDA,0.9975928664207458
115482823879151068,NO_PROPAGANDA,0.9992973804473877
115482817545218922,NO_PROPAGANDA,0.7887255549430847
115482817545218922,PROPAGANDA,0.9982165694236755
115482817545218922,NO_PROPAGANDA,0.9995837807655334
115482797655964985,PROPAGANDA,0.9977091550827026
115482797655964985,PROPAGANDA,0.998193085193634
115482797655964985,PROPAGANDA,0.9981352090835571
115482797655964985,PROPAGANDA,0.9983818531036377
115482790527492824,PROPAGANDA,0.9983760118484497
115482790527492824,PROPAGANDA,0.9981169700622559
115481621608702748,NO_PROPAGANDA,0.996911883354187
115481133984555013,PROPAGANDA,0.9980872273445129
115478361803609448,PROPAGANDA,0.9674839377403259
115476722685054429,PROPAGANDA,0.9897345304489136
115476637068029863,PROPAGANDA,0.9974378347396851
115476637068029863,PROPAGANDA,0.9985041618347168
115476261248208645,PROPAGANDA,0.9117478132247925
115476226653143069,NO_PROPAGANDA,0.9996034502983093
115476218592581611,PROPAGANDA,0.9984083771705627
115476218592581611,PROPAGANDA,0.9947618842124939
115471065919157533,PROPAGANDA,0.997424840927124
115471065919157533,PROPAGANDA,0.9976796507835388
115471065919157533,NO_PROPAGANDA,0.9995561242103577
115470116607441456,PROPAGANDA,0.9983736276626587
115470116607441456,PROPAGANDA,0.9980546236038208
115470031277654302,PROPAGANDA,0.9726079106330872
115470031277654302,PROPAGANDA,0.9803763628005981
115469942090837414,NO_PROPAGANDA,0.959954023361206
115469852646643521,NO_PROPAGANDA,0.569378137588501
115469554183399273,NO_PROPAGANDA,0.9995012283325195
115466450476422202,PROPAGANDA,0.9943574070930481
115466450476422202,PROPAGANDA,0.9882668852806091
115466450476422202,PROPAGANDA,0.9985032081604004
115466450476422202,PROPAGANDA,0.997527539730072
115466450476422202,PROPAGANDA,0.998349666595459
115466450476422202,PROPAGANDA,0.9984700083732605
115466450476422202,PROPAGANDA,0.9970231652259827
115466449868630054,PROPAGANDA,0.9982409477233887
115466017324489749,PROPAGANDA,0.9982376098632812
115464409692406079,PROPAGANDA,0.9982434511184692
115464406342534500,PROPAGANDA,0.9964673519134521
115464125214326353,NO_PROPAGANDA,0.8738940954208374
115464111207583333,NO_PROPAGANDA,0.9992594122886658
115463473432662826,PROPAGANDA,0.9983602166175842
115462098072054944,NO_PROPAGANDA,0.9985792636871338
115462098072054944,NO_PROPAGANDA,0.9851764440536499
115462098072054944,NO_PROPAGANDA,0.8535928130149841
115462098072054944,PROPAGANDA,0.9958303570747375
115462006949579771,PROPAGANDA,0.9982767105102539
115460439199531354,NO_PROPAGANDA,0.9995235204696655
115460423936412555,PROPAGANDA,0.9981256127357483
115460423936412555,NO_PROPAGANDA,0.9994901418685913
115459747028353384,PROPAGANDA,0.5675901770591736
115459712836946359,NO_PROPAGANDA,0.9454777836799622
115459650821125830,NO_PROPAGANDA,0.9959295392036438
115459650821125830,PROPAGANDA,0.996553897857666
115459641125796285,PROPAGANDA,0.9983869791030884
115459612900259962,PROPAGANDA,0.9983338713645935
115459554252660428,NO_PROPAGANDA,0.9996196031570435
115459538588191547,NO_PROPAGANDA,0.9959295392036438
115459538588191547,PROPAGANDA,0.9936457872390747
115459449416715730,NO_PROPAGANDA,0.9759851694107056
115459446440286252,PROPAGANDA,0.998414158821106
115459433541589439,PROPAGANDA,0.9984219074249268
115459203578150327,NO_PROPAGANDA,0.9991016387939453
115458823430143771,NO_PROPAGANDA,0.9987363219261169
115458636243379847,NO_PROPAGANDA,0.9995012283325195
115458478288023570,PROPAGANDA,0.9978808760643005
115458483828065961,PROPAGANDA,0.9938642978668213
115458471324307354,NO_PROPAGANDA,0.9902517795562744
115457600588415376,PROPAGANDA,0.99831223487854
115456708839350276,PROPAGANDA,0.9898075461387634
115452216206626792,NO_PROPAGANDA,0.9986929297447205
115452216206626792,NO_PROPAGANDA,0.9989217519760132
115452216206626792,PROPAGANDA,0.995689332485199
115451439348965135,NO_PROPAGANDA,0.9991625547409058
115451446582285625,PROPAGANDA,0.9932057857513428
115451450033479493,PROPAGANDA,0.9977509379386902
115451465173248970,PROPAGANDA,0.9934691190719604
115455691749593540,PROPAGANDA,0.9984945058822632
115447911581618198,PROPAGANDA,0.9979169964790344
115450395356071917,NO_PROPAGANDA,0.9992371797561646
115452148487180766,PROPAGANDA,0.9980655312538147
115455332224820388,NO_PROPAGANDA,0.9989925026893616
115414670134103540,PROPAGANDA,0.9983192086219788
115414670134103540,PROPAGANDA,0.9912065863609314
115445084269284249,PROPAGANDA,0.9983986020088196
115445084269284249,NO_PROPAGANDA,0.9936385750770569
115445047857168881,PROPAGANDA,0.987626850605011
115444936741535260,PROPAGANDA,0.9867458939552307
115444924244999128,NO_PROPAGANDA,0.9938130378723145
115444920810335631,PROPAGANDA,0.9972196817398071
115444908825959315,PROPAGANDA,0.9937412142753601
115444894900287475,NO_PROPAGANDA,0.6057180762290955
115444894900287475,NO_PROPAGANDA,0.9979318380355835
115444830915442121,PROPAGANDA,0.9971157312393188
115444830915442121,PROPAGANDA,0.9982731342315674
115444163384468198,NO_PROPAGANDA,0.9722549319267273
115443565409065734,PROPAGANDA,0.9961836934089661
115442848945833358,NO_PROPAGANDA,0.9996122717857361
115442322929776750,NO_PROPAGANDA,0.9644637703895569
115442316583935494,NO_PROPAGANDA,0.9943771958351135
115441871289276790,PROPAGANDA,0.9983559250831604
115441871289276790,PROPAGANDA,0.9972954392433167
115437112529618205,PROPAGANDA,0.9304449558258057
115436697060819133,PROPAGANDA,0.9978559613227844
115436697060819133,PROPAGANDA,0.9954896569252014
115436697060819133,PROPAGANDA,0.9976893663406372
115436558661444946,NO_PROPAGANDA,0.808646559715271
115436558661444946,NO_PROPAGANDA,0.9994494318962097
115436151669143136,PROPAGANDA,0.9984163045883179
115436151669143136,PROPAGANDA,0.9984544515609741
115435567269756205,PROPAGANDA,0.9980887770652771
115435567269756205,PROPAGANDA,0.9982094764709473
115435565975811522,PROPAGANDA,0.9975506663322449
115435565975811522,PROPAGANDA,0.9983199238777161
115435565492870939,PROPAGANDA,0.9983991980552673
115435565492870939,PROPAGANDA,0.9979326725006104
115435125397678740,PROPAGANDA,0.9977624416351318
115435125397678740,PROPAGANDA,0.9983417987823486
115434906751111005,PROPAGANDA,0.9969279170036316
115434906751111005,PROPAGANDA,0.998204231262207
115434876884564053,PROPAGANDA,0.9982514977455139
115434876884564053,PROPAGANDA,0.998433530330658
115434875694997684,PROPAGANDA,0.996934175491333
115434875694997684,PROPAGANDA,0.9983709454536438
115434874266267478,PROPAGANDA,0.997614860534668
115434874266267478,PROPAGANDA,0.9983044862747192
115434873038322093,PROPAGANDA,0.9982807636260986
115434873038322093,PROPAGANDA,0.9982337951660156
115434871867209348,PROPAGANDA,0.9982807636260986
115434871867209348,PROPAGANDA,0.9982337951660156
115434870750784024,PROPAGANDA,0.9969279170036316
115434870750784024,PROPAGANDA,0.998204231262207
115434869707731740,PROPAGANDA,0.9975976347923279
115434869707731740,PROPAGANDA,0.997850775718689
115434868395866889,PROPAGANDA,0.9983577132225037
115434868395866889,PROPAGANDA,0.9982540011405945
115434867478490056,PROPAGANDA,0.9978964328765869
115434867478490056,PROPAGANDA,0.9982826709747314
115434866506983325,PROPAGANDA,0.9978838562965393
115434866506983325,PROPAGANDA,0.998380184173584
115434864876564194,PROPAGANDA,0.9983186721801758
115434864876564194,PROPAGANDA,0.9983831644058228
115434864384907731,PROPAGANDA,0.9983289837837219
115434864384907731,PROPAGANDA,0.9983896017074585
115434862488071211,PROPAGANDA,0.9983383417129517
115434862488071211,PROPAGANDA,0.9983162879943848
115434861975122052,PROPAGANDA,0.9977450370788574
115434861975122052,PROPAGANDA,0.9983916878700256
115433013824981623,PROPAGANDA,0.9982298016548157
115433013824981623,PROPAGANDA,0.9796707630157471
115433013192840304,PROPAGANDA,0.997632622718811
115433013192840304,PROPAGANDA,0.998392641544342
115433011980643529,PROPAGANDA,0.9974501729011536
115433011980643529,PROPAGANDA,0.9982802867889404
115433011374281959,PROPAGANDA,0.9980629086494446
115433011374281959,PROPAGANDA,0.9984502792358398
115433010735171759,PROPAGANDA,0.9983788728713989
115433010735171759,PROPAGANDA,0.9928290247917175
115433010108866479,PROPAGANDA,0.9983349442481995
115433010108866479,PROPAGANDA,0.9983534812927246
115433009519508016,PROPAGANDA,0.9978466033935547
115433009519508016,PROPAGANDA,0.9983717799186707
115433008735462318,PROPAGANDA,0.9982269406318665
115433008735462318,PROPAGANDA,0.9984667897224426
115433008069468996,PROPAGANDA,0.998420000076294
115433008069468996,PROPAGANDA,0.9983205199241638
115433007140347848,PROPAGANDA,0.9978604912757874
115433007140347848,PROPAGANDA,0.9983417987823486
115433006793180195,PROPAGANDA,0.998129665851593
115433006793180195,PROPAGANDA,0.9984076619148254
115432378654253078,PROPAGANDA,0.9983617663383484
115432277352547206,NO_PROPAGANDA,0.9995988011360168
115431695569678615,PROPAGANDA,0.9977465271949768
115431695569678615,PROPAGANDA,0.9983707070350647
115428915165145135,NO_PROPAGANDA,0.9989504218101501
115428907096790566,PROPAGANDA,0.9970861077308655
115428874684902595,PROPAGANDA,0.9974499344825745
115428874684902595,PROPAGANDA,0.9974683523178101
115428798659352209,NO_PROPAGANDA,0.9994877576828003
115426967566430347,PROPAGANDA,0.9968023300170898
115426967566430347,NO_PROPAGANDA,0.9994990825653076
115426823727952497,PROPAGANDA,0.9967653751373291
115426823727952497,NO_PROPAGANDA,0.9994990825653076
115426103540693339,PROPAGANDA,0.9939514398574829
115425827275887037,PROPAGANDA,0.9981813430786133
115424560133045127,NO_PROPAGANDA,0.9992499947547913
115424560133045127,PROPAGANDA,0.9969252943992615
115424560133045127,NO_PROPAGANDA,0.9972004890441895
115421521228626427,PROPAGANDA,0.9778712391853333
115420878291596525,NO_PROPAGANDA,0.9994149208068848
115420822058223259,PROPAGANDA,0.9972870349884033
115420822058223259,NO_PROPAGANDA,0.9297208189964294
115420686286814272,PROPAGANDA,0.9983640313148499
115420559392004198,PROPAGANDA,0.9984418749809265
115420439983527137,PROPAGANDA,0.9962638020515442
115420436157664232,PROPAGANDA,0.9980113506317139
114661266771433205,PROPAGANDA,0.9977598190307617
114661266771433205,NO_PROPAGANDA,0.966828465461731
115420411260976917,PROPAGANDA,0.7361458539962769
115419815673188246,NO_PROPAGANDA,0.99958735704422
115419686256202789,NO_PROPAGANDA,0.9994266033172607
115419589580674458,PROPAGANDA,0.9978471994400024
115419589580674458,PROPAGANDA,0.9979959726333618
115419589580674458,PROPAGANDA,0.9561583995819092
115419584805414647,NO_PROPAGANDA,0.9990121126174927
115419583758354199,PROPAGANDA,0.9973195195198059
115419580763584285,PROPAGANDA,0.9925784468650818
115419577297297862,PROPAGANDA,0.9967664480209351
115419510654451460,PROPAGANDA,0.9982141256332397
115419510654451460,NO_PROPAGANDA,0.9368157386779785
115418866635313882,PROPAGANDA,0.9969874024391174
115418834028774105,PROPAGANDA,0.6739480495452881
115418813519600271,PROPAGANDA,0.997822642326355
115412289768445562,PROPAGANDA,0.668765664100647
115412289768445562,PROPAGANDA,0.9983602166175842
115408925114284473,PROPAGANDA,0.9983168840408325
115408925114284473,PROPAGANDA,0.9956969022750854
115408922697857899,PROPAGANDA,0.9983530044555664
115408922697857899,NO_PROPAGANDA,0.7245294451713562
115408916651989676,PROPAGANDA,0.998427152633667
115408916651989676,NO_PROPAGANDA,0.9976122379302979
115408916651989676,PROPAGANDA,0.9975271821022034
115408916651989676,PROPAGANDA,0.9979439377784729
115408594704490513,PROPAGANDA,0.9551392793655396
115408594704490513,PROPAGANDA,0.9981043338775635
115408279042674945,NO_PROPAGANDA,0.996658205986023
115408279042674945,PROPAGANDA,0.9984654188156128
115408277865887528,PROPAGANDA,0.9778028726577759
115408277865887528,PROPAGANDA,0.9983899593353271
115402354000676703,PROPAGANDA,0.9959098100662231
115401193724514444,NO_PROPAGANDA,0.9994713664054871
115401182824973489,PROPAGANDA,0.9969712495803833
115401182824973489,PROPAGANDA,0.9984051585197449
115400895783278217,PROPAGANDA,0.9978495836257935
115400895783278217,PROPAGANDA,0.9984051585197449
115373650611754631,PROPAGANDA,0.9976181387901306
115396632441470075,NO_PROPAGANDA,0.9991412162780762
115396632441470075,NO_PROPAGANDA,0.9842968583106995
115387504970821391,PROPAGANDA,0.9983280301094055
115387504970821391,NO_PROPAGANDA,0.9115249514579773
115391463725537040,PROPAGANDA,0.9971864819526672
115391463725537040,PROPAGANDA,0.9982838034629822
115391855540856433,PROPAGANDA,0.9984536170959473
115391855540856433,PROPAGANDA,0.996775209903717
115391855540856433,PROPAGANDA,0.9984412789344788
115391855540856433,NO_PROPAGANDA,0.947222888469696
115391842662459841,PROPAGANDA,0.9984018206596375
115391767709119144,PROPAGANDA,0.9973949193954468
115391767709119144,PROPAGANDA,0.9983375072479248
115391767709119144,PROPAGANDA,0.9979767203330994
115391496046848119,PROPAGANDA,0.9356805086135864
115391496046848119,PROPAGANDA,0.9981826543807983
115391496046848119,PROPAGANDA,0.9982377290725708
115391496046848119,NO_PROPAGANDA,0.9996235370635986
115386869985631344,NO_PROPAGANDA,0.9582105278968811
115386862652518090,NO_PROPAGANDA,0.999180018901825
115386862652518090,PROPAGANDA,0.9982287287712097
115386860322605604,PROPAGANDA,0.9981817007064819
115386860322605604,PROPAGANDA,0.9983289837837219
115385308751129485,PROPAGANDA,0.9978073239326477
115385030312911724,PROPAGANDA,0.9967993497848511
115384956858741387,NO_PROPAGANDA,0.9950094223022461
115384956858741387,NO_PROPAGANDA,0.9993218183517456
115384956858741387,PROPAGANDA,0.9977260231971741
115384956858741387,NO_PROPAGANDA,0.9996134638786316
115384523296720119,NO_PROPAGANDA,0.9995701909065247
115374634610067538,PROPAGANDA,0.9933995008468628
115375511151051697,NO_PROPAGANDA,0.9987483024597168
115375111830070922,PROPAGANDA,0.9983175992965698
115375111830070922,NO_PROPAGANDA,0.5713170766830444
115375110884191581,PROPAGANDA,0.9977260231971741
115375110884191581,NO_PROPAGANDA,0.9974977374076843
115375110148150196,PROPAGANDA,0.9982776641845703
115375110148150196,PROPAGANDA,0.8202300667762756
115375109495548501,PROPAGANDA,0.9982926249504089
115375109495548501,PROPAGANDA,0.9983585476875305
115375108797044323,PROPAGANDA,0.9977878332138062
115375108797044323,PROPAGANDA,0.9711557030677795
115375108572896191,PROPAGANDA,0.9969964027404785
115375108572896191,PROPAGANDA,0.9983709454536438
115375107555771159,PROPAGANDA,0.9983678460121155
115375107555771159,PROPAGANDA,0.9981179237365723
115375107170577916,PROPAGANDA,0.9980291724205017
115375107170577916,NO_PROPAGANDA,0.9971837401390076
115375106561964982,PROPAGANDA,0.995564877986908
115375106561964982,NO_PROPAGANDA,0.7078888416290283
115375105881550079,PROPAGANDA,0.998396098613739
115375105881550079,PROPAGANDA,0.9982606768608093
115374972311663773,PROPAGANDA,0.8478860259056091
115374202790006886,PROPAGANDA,0.9942941069602966
115373751811822463,NO_PROPAGANDA,0.7518946528434753
115373751811822463,NO_PROPAGANDA,0.9993834495544434
115373569028997850,NO_PROPAGANDA,0.9970610737800598
115373521310796812,NO_PROPAGANDA,0.9994614720344543
115370899456605514,PROPAGANDA,0.8918595314025879
115370891823342027,NO_PROPAGANDA,0.9533724784851074
115370756035314921,PROPAGANDA,0.9974936246871948
115370746210555899,PROPAGANDA,0.9961842894554138
115367994821475171,PROPAGANDA,0.8948022127151489
115367950848477257,NO_PROPAGANDA,0.9982036352157593
115367893972306613,PROPAGANDA,0.7369728088378906
115367574318732455,NO_PROPAGANDA,0.9995113611221313
115366807600343140,NO_PROPAGANDA,0.9895083904266357
115366805606870680,PROPAGANDA,0.9747655391693115
115366802439420195,PROPAGANDA,0.9974865913391113
115366790852004595,PROPAGANDA,0.9807292819023132
115362978954725477,PROPAGANDA,0.9969744682312012
115362973187528235,PROPAGANDA,0.9973161816596985
115362973187528235,PROPAGANDA,0.9979039430618286
115362973187528235,PROPAGANDA,0.9975157976150513
115362973187528235,PROPAGANDA,0.9982364177703857
115362973187528235,PROPAGANDA,0.9977116584777832
115362196088273474,PROPAGANDA,0.9969929456710815
115361806192142146,PROPAGANDA,0.9982337951660156
115359298785234325,PROPAGANDA,0.9974034428596497
115359345947837427,PROPAGANDA,0.9958867430686951
115359097815090250,PROPAGANDA,0.9982732534408569
115356736998906023,PROPAGANDA,0.9983301758766174
115356736998906023,PROPAGANDA,0.9981321692466736
115353404685317152,PROPAGANDA,0.9980018734931946
115351840469973590,PROPAGANDA,0.9965997338294983
115351840469973590,PROPAGANDA,0.9983354210853577
115351840469973590,NO_PROPAGANDA,0.9991171956062317
115350455734003647,NO_PROPAGANDA,0.9654408097267151
115350455734003647,PROPAGANDA,0.9917565584182739
115350455734003647,PROPAGANDA,0.9930490255355835
115350455734003647,NO_PROPAGANDA,0.9955841898918152
115350455734003647,PROPAGANDA,0.9926899075508118
115350455734003647,NO_PROPAGANDA,0.8528958559036255
115350455734003647,NO_PROPAGANDA,0.9992557168006897
115345041705180674,PROPAGANDA,0.9981404542922974
115255034951633832,NO_PROPAGANDA,0.9995580315589905
115345035086352570,PROPAGANDA,0.9966861605644226
115344973130792718,PROPAGANDA,0.9950801134109497
115344973130792718,NO_PROPAGANDA,0.9943605065345764
115344969648448054,PROPAGANDA,0.9981434345245361
115344056627930464,NO_PROPAGANDA,0.9976435303688049
115344029460933968,PROPAGANDA,0.9973063468933105
115344000556414178,NO_PROPAGANDA,0.9191983938217163
115340993884364431,PROPAGANDA,0.9943081736564636
115340993884364431,PROPAGANDA,0.6685777902603149
115339214405326306,PROPAGANDA,0.9984647035598755
115339214405326306,PROPAGANDA,0.9983041286468506
115339130014906858,PROPAGANDA,0.998044490814209
115339130014906858,PROPAGANDA,0.9981184005737305
115339108942948542,PROPAGANDA,0.9983980059623718
115339108942948542,PROPAGANDA,0.9976782202720642
115339108942948542,PROPAGANDA,0.9954450130462646
115338509988551290,NO_PROPAGANDA,0.6846427917480469
115271135823530018,NO_PROPAGANDA,0.9943771958351135
115336547657622506,PROPAGANDA,0.9979913234710693
115336083572186272,PROPAGANDA,0.997613787651062
115335985411793079,NO_PROPAGANDA,0.9978364109992981
115335941705023271,PROPAGANDA,0.9984608888626099
115335941705023271,PROPAGANDA,0.9978440999984741
115335941705023271,PROPAGANDA,0.9982752799987793
115332976894666371,PROPAGANDA,0.9951236844062805
115332976894666371,PROPAGANDA,0.9981234669685364
115332976894666371,NO_PROPAGANDA,0.9859858751296997
115332808536869094,PROPAGANDA,0.9981932044029236
115332793655857227,PROPAGANDA,0.9976992011070251
115329671584864920,PROPAGANDA,0.9975087642669678
115328463321928109,NO_PROPAGANDA,0.9995461106300354
115328193599837767,NO_PROPAGANDA,0.998491644859314
115328023446331082,NO_PROPAGANDA,0.9987861514091492
115327555965429625,PROPAGANDA,0.9977940320968628
115327091437197645,PROPAGANDA,0.99581378698349
115324116995053528,PROPAGANDA,0.9983501434326172
115324116995053528,NO_PROPAGANDA,0.9972418546676636
115324114715261770,PROPAGANDA,0.9929484128952026
115323624233369062,PROPAGANDA,0.9978907704353333
115323611813143803,PROPAGANDA,0.997462272644043
115323790604734426,NO_PROPAGANDA,0.9987722039222717
115323790604734426,PROPAGANDA,0.9977561831474304
115322333732211990,PROPAGANDA,0.9983705878257751
115322333732211990,PROPAGANDA,0.997901439666748
115322323424244142,PROPAGANDA,0.9984691739082336
115322323424244142,PROPAGANDA,0.9981905817985535
115321994845181490,PROPAGANDA,0.5044335722923279
115318223084524890,PROPAGANDA,0.9975466132164001
115317679562891817,NO_PROPAGANDA,0.999110996723175
115317676598981431,PROPAGANDA,0.9984436631202698
115317676598981431,PROPAGANDA,0.9979662895202637
115316576281168745,NO_PROPAGANDA,0.6563905477523804
115312821068691123,NO_PROPAGANDA,0.9994799494743347
115312550655380642,PROPAGANDA,0.9924814701080322
115312550655380642,PROPAGANDA,0.9982597231864929
115312550655380642,PROPAGANDA,0.6254240870475769
115312298602997974,NO_PROPAGANDA,0.9981949925422668
115311560762123348,PROPAGANDA,0.9966208934783936
115311560762123348,PROPAGANDA,0.9981234669685364
115311560762123348,NO_PROPAGANDA,0.9859858751296997
115311360340851958,NO_PROPAGANDA,0.9956122636795044
115311232842528048,NO_PROPAGANDA,0.9993680119514465
115311008657859843,PROPAGANDA,0.8614871501922607
115310630808491399,PROPAGANDA,0.9981901049613953
115310630808491399,PROPAGANDA,0.9977879524230957
115310630808491399,PROPAGANDA,0.995283305644989
115310630808491399,PROPAGANDA,0.9981073141098022
115307871751959358,PROPAGANDA,0.9939565658569336
115304536210429622,PROPAGANDA,0.9983515739440918
115304455138824245,PROPAGANDA,0.9983288645744324
115304401783234720,PROPAGANDA,0.998299777507782
115302268694968810,PROPAGANDA,0.998252809047699
115301502762018573,NO_PROPAGANDA,0.9996283054351807
115300785090391636,PROPAGANDA,0.9983857870101929
115300247218302066,NO_PROPAGANDA,0.9950756430625916
115300187189696754,PROPAGANDA,0.9952496290206909
115300187189696754,PROPAGANDA,0.875800371170044
115300121637799728,PROPAGANDA,0.9983322024345398
115300118756896774,PROPAGANDA,0.9983799457550049
115300118756896774,PROPAGANDA,0.9983338713645935
115299125682668163,PROPAGANDA,0.9982346296310425
115291063849193343,NO_PROPAGANDA,0.9984799027442932
115295135491509033,PROPAGANDA,0.6203626990318298
115287723938349086,NO_PROPAGANDA,0.999545156955719
115287691323395767,PROPAGANDA,0.9978341460227966
115287641147640374,PROPAGANDA,0.9933059811592102
115287641147640374,NO_PROPAGANDA,0.5041579008102417
115285407847623317,PROPAGANDA,0.9976715445518494
115284390473558678,PROPAGANDA,0.9961302280426025
115283825662825835,PROPAGANDA,0.9974347949028015
115283456384015419,PROPAGANDA,0.9981270432472229
115283456384015419,NO_PROPAGANDA,0.8721098303794861
115283020712432544,PROPAGANDA,0.9915418028831482
115283020712432544,PROPAGANDA,0.9982113838195801
115282475594529474,NO_PROPAGANDA,0.9985777139663696
115282009590636281,NO_PROPAGANDA,0.9980575442314148
115279734861052153,PROPAGANDA,0.8812062740325928
115277958170081067,NO_PROPAGANDA,0.9703248739242554
115277150178333751,PROPAGANDA,0.9978552460670471
115277150178333751,PROPAGANDA,0.9983344674110413
115276694936263266,NO_PROPAGANDA,0.9990956783294678
115273002921064922,PROPAGANDA,0.9983999133110046
115273002921064922,PROPAGANDA,0.9680182337760925
115272913573921379,NO_PROPAGANDA,0.9993460774421692
115272913573921379,PROPAGANDA,0.9967896342277527
115272791741064606,PROPAGANDA,0.9974889755249023
115272758814629814,PROPAGANDA,0.9984036087989807
115272758814629814,PROPAGANDA,0.9981901049613953
115272758814629814,PROPAGANDA,0.9982865452766418
115272758814629814,PROPAGANDA,0.9980273842811584
115272665190921190,PROPAGANDA,0.9984134435653687
115272665190921190,PROPAGANDA,0.9981901049613953
115272665190921190,PROPAGANDA,0.9982865452766418
115272665190921190,PROPAGANDA,0.9980273842811584
115272539858157742,NO_PROPAGANDA,0.9993151426315308
115272539858157742,PROPAGANDA,0.9966551065444946
115271189838263038,NO_PROPAGANDA,0.9894764423370361
115270250599016202,PROPAGANDA,0.9982612729072571
115270236987768479,PROPAGANDA,0.9980511665344238
115270236987768479,PROPAGANDA,0.9983813762664795
115268421148098339,PROPAGANDA,0.7756211757659912
115267566687091858,PROPAGANDA,0.9968628883361816
115267513846352215,PROPAGANDA,0.998417854309082
115267512131958759,NO_PROPAGANDA,0.9994567036628723
115267459188661048,PROPAGANDA,0.9966206550598145
115267382531822964,NO_PROPAGANDA,0.9704848527908325
115267382531822964,PROPAGANDA,0.993033766746521
115265761140050795,NO_PROPAGANDA,0.9993959665298462
115265100530813233,PROPAGANDA,0.9969466328620911
115265657211315840,NO_PROPAGANDA,0.9993972778320312
115265260242945334,PROPAGANDA,0.9956977367401123
115265101508136637,NO_PROPAGANDA,0.9995306730270386
115264848871452989,PROPAGANDA,0.9974560141563416
115264848871452989,NO_PROPAGANDA,0.9995493292808533
115261466629181518,PROPAGANDA,0.9983150959014893
115261466629181518,PROPAGANDA,0.9977439641952515
115261466629181518,PROPAGANDA,0.9972025156021118
115261466629181518,PROPAGANDA,0.9982624650001526
115261466629181518,NO_PROPAGANDA,0.9995255470275879
115261110149678466,PROPAGANDA,0.9983600974082947
115261110149678466,PROPAGANDA,0.9984221458435059
115261106680507707,PROPAGANDA,0.9983664155006409
115261106680507707,PROPAGANDA,0.9982876181602478
115261106680507707,PROPAGANDA,0.998124897480011
115261106680507707,NO_PROPAGANDA,0.9994487166404724
115260643704742189,PROPAGANDA,0.9983524084091187
115260643704742189,PROPAGANDA,0.9983097314834595
115260622454907511,PROPAGANDA,0.9984449744224548
115260622454907511,PROPAGANDA,0.99822598695755
115260622454907511,PROPAGANDA,0.993351399898529
115260622454907511,PROPAGANDA,0.9984149932861328
115260622454907511,PROPAGANDA,0.9980560541152954
115260622454907511,PROPAGANDA,0.9984477758407593
115256938634035559,PROPAGANDA,0.9982661604881287
115256938634035559,PROPAGANDA,0.9972104430198669
115254123044077073,PROPAGANDA,0.8545212745666504
115254113238985787,NO_PROPAGANDA,0.9994588494300842
115254088484141095,PROPAGANDA,0.9976909160614014
115254075786092196,PROPAGANDA,0.9982307553291321
115254036566259781,PROPAGANDA,0.998134970664978
115255130298104593,NO_PROPAGANDA,0.9985544085502625
115255130298104593,PROPAGANDA,0.9869962930679321
115255130298104593,NO_PROPAGANDA,0.9980000853538513
115255130298104593,NO_PROPAGANDA,0.9730769991874695
115255115250137156,PROPAGANDA,0.9941129088401794
115255115250137156,PROPAGANDA,0.9980632662773132
115254544745193117,PROPAGANDA,0.9984166622161865
115254544745193117,PROPAGANDA,0.9964421391487122
115254363337739989,NO_PROPAGANDA,0.9991520643234253
115254363337739989,PROPAGANDA,0.9932498931884766
115253901757845391,PROPAGANDA,0.9984449744224548
115253901757845391,PROPAGANDA,0.99822598695755
115253901757845391,PROPAGANDA,0.993351399898529
115253901757845391,PROPAGANDA,0.9984149932861328
115253901757845391,PROPAGANDA,0.9980560541152954
115253901757845391,PROPAGANDA,0.9984477758407593
115250311291343080,NO_PROPAGANDA,0.9987210631370544
115249076293700355,PROPAGANDA,0.9958745837211609
115249076293700355,PROPAGANDA,0.9689791202545166
115248712390172467,PROPAGANDA,0.9262885451316833
115244839192316435,PROPAGANDA,0.8292202949523926
115244831318960560,NO_PROPAGANDA,0.9957343935966492
115243170361759043,PROPAGANDA,0.9921004176139832
115239776714791650,NO_PROPAGANDA,0.9992857575416565
115239776714791650,PROPAGANDA,0.9975323677062988
115239776714791650,PROPAGANDA,0.9982524514198303
115239776714791650,PROPAGANDA,0.9962781071662903
115239306164275142,PROPAGANDA,0.9969004392623901
115239044548033727,PROPAGANDA,0.9982748031616211
115239044548033727,PROPAGANDA,0.9907254576683044
115239012437859070,PROPAGANDA,0.9981176853179932
115238993505561388,PROPAGANDA,0.9982748031616211
115238993505561388,PROPAGANDA,0.9964435696601868
115238745589536576,PROPAGANDA,0.9942635893821716
115238732896636210,PROPAGANDA,0.9981364011764526
115238637490866159,NO_PROPAGANDA,0.9993454813957214
115237675581682288,PROPAGANDA,0.9984017014503479
115234681538876098,PROPAGANDA,0.9984279870986938
115233841743981161,PROPAGANDA,0.9982112646102905
115233821158063044,PROPAGANDA,0.9971144199371338
115233555445134712,PROPAGANDA,0.9437928199768066
115233555445134712,PROPAGANDA,0.9981355667114258
115233273741566911,PROPAGANDA,0.9956102967262268
115233273741566911,PROPAGANDA,0.9828338623046875
115233272162019294,PROPAGANDA,0.9983707070350647
115233272162019294,NO_PROPAGANDA,0.9993659853935242
115232256964155055,NO_PROPAGANDA,0.9994587302207947
115231649861246548,NO_PROPAGANDA,0.9988477230072021
115231649861246548,NO_PROPAGANDA,0.9994142055511475
115227872322760999,NO_PROPAGANDA,0.9995317459106445
115227870570776224,PROPAGANDA,0.9981836676597595
115227870570776224,PROPAGANDA,0.9983249306678772
115227590551904968,NO_PROPAGANDA,0.9986322522163391
115227570336805813,PROPAGANDA,0.975957989692688
115227439432496065,NO_PROPAGANDA,0.9863141775131226
115227402361307056,NO_PROPAGANDA,0.9886186122894287
115227391845966364,PROPAGANDA,0.9979704022407532
115227330235996125,PROPAGANDA,0.9974285960197449
115222459539841970,PROPAGANDA,0.9983637928962708
115222372625104790,PROPAGANDA,0.9982668161392212
115217256645822887,PROPAGANDA,0.9982948899269104
115217256645822887,PROPAGANDA,0.9980810880661011
115217256645822887,PROPAGANDA,0.9955654740333557
115216612718850378,NO_PROPAGANDA,0.9995941519737244
115216073639611002,NO_PROPAGANDA,0.9996083378791809
115215373441679018,NO_PROPAGANDA,0.9994611144065857
115216434940272027,NO_PROPAGANDA,0.9000513553619385
115215935113008933,NO_PROPAGANDA,0.9941390752792358
115215588649960500,PROPAGANDA,0.9984217882156372
115215588649960500,PROPAGANDA,0.9984086155891418
115215588649960500,PROPAGANDA,0.9984112977981567
115215588649960500,PROPAGANDA,0.9983859062194824
115215531079925851,NO_PROPAGANDA,0.9934473633766174
115215419860494912,PROPAGANDA,0.9974594712257385
115215419860494912,PROPAGANDA,0.6563010811805725
115215278610415981,NO_PROPAGANDA,0.5841773152351379
115215261916717696,NO_PROPAGANDA,0.9983121156692505
115210251262068973,PROPAGANDA,0.9978547692298889
115158844720799812,PROPAGANDA,0.9983667731285095
115158844720799812,PROPAGANDA,0.9979475140571594
115158844720799812,PROPAGANDA,0.9979351758956909
115158844720799812,PROPAGANDA,0.9984108209609985
115158844720799812,PROPAGANDA,0.9972752928733826
115158844720799812,PROPAGANDA,0.9980471134185791
115214606264586178,NO_PROPAGANDA,0.9943792223930359
115158330468381986,PROPAGANDA,0.9879916310310364
115199460946450022,PROPAGANDA,0.998245120048523
115199460946450022,NO_PROPAGANDA,0.9995996356010437
115204049358078594,NO_PROPAGANDA,0.581592857837677
115204049358078594,NO_PROPAGANDA,0.9258400201797485
115204049358078594,PROPAGANDA,0.9724273085594177
115211918198289404,PROPAGANDA,0.9984073042869568
115211918198289404,PROPAGANDA,0.9949389696121216
115211918198289404,PROPAGANDA,0.9983294606208801
115211918198289404,PROPAGANDA,0.9983910322189331
115210542156462323,NO_PROPAGANDA,0.9996013045310974
115210521101816652,NO_PROPAGANDA,0.9996013045310974
115210075167747572,PROPAGANDA,0.9977443218231201
115210075167747572,PROPAGANDA,0.9982629418373108
115209549037822166,PROPAGANDA,0.9979616403579712
115209549037822166,PROPAGANDA,0.9984241724014282
115209308362990527,PROPAGANDA,0.8602158427238464
115102880953568178,PROPAGANDA,0.9979890584945679
115102880953568178,PROPAGANDA,0.9964912533760071
115208353139528932,NO_PROPAGANDA,0.9905567169189453
115208260926006345,NO_PROPAGANDA,0.9992179870605469
115208219886830624,NO_PROPAGANDA,0.9992334842681885
115208193218518172,NO_PROPAGANDA,0.9992334842681885
115208143657180249,PROPAGANDA,0.9983906745910645
115208143657180249,PROPAGANDA,0.9658515453338623
115208055477865026,PROPAGANDA,0.9983906745910645
115208055477865026,PROPAGANDA,0.9658515453338623
115207991871277413,PROPAGANDA,0.9983116388320923
115206570863756188,PROPAGANDA,0.9982298016548157
115206570863756188,PROPAGANDA,0.9981274008750916
115206570863756188,PROPAGANDA,0.9938433170318604
115206527064725917,PROPAGANDA,0.9982298016548157
115206527064725917,PROPAGANDA,0.9980668425559998
115206527064725917,PROPAGANDA,0.9938433170318604
115205520510774944,PROPAGANDA,0.9979367256164551
115205520510774944,PROPAGANDA,0.998191773891449
115205520510774944,PROPAGANDA,0.9982376098632812
115203976647679985,PROPAGANDA,0.512029767036438
115203966487358380,PROPAGANDA,0.9961166381835938
115198530237918666,PROPAGANDA,0.9933943152427673
115196697263809382,PROPAGANDA,0.9980179071426392
115196697263809382,PROPAGANDA,0.9974086880683899
115196697263809382,PROPAGANDA,0.9982346296310425
115194602130168891,NO_PROPAGANDA,0.999413013458252
115193110827591178,NO_PROPAGANDA,0.9991299510002136
115193110827591178,PROPAGANDA,0.9983088970184326
115193110827591178,NO_PROPAGANDA,0.9995662569999695
115187206743663378,PROPAGANDA,0.9976947903633118
115187206020244589,PROPAGANDA,0.9975031018257141
115187205784578767,NO_PROPAGANDA,0.9989110231399536
115186969669045268,PROPAGANDA,0.9979732632637024
115186969669045268,PROPAGANDA,0.9956543445587158
115186868794986559,PROPAGANDA,0.996505856513977
115186868794986559,PROPAGANDA,0.9980668425559998
115186503899309206,PROPAGANDA,0.9794883131980896
115186230726893391,NO_PROPAGANDA,0.9995338916778564
115186228312744900,PROPAGANDA,0.9984573125839233
115186203931436783,PROPAGANDA,0.9534521102905273
115183827069786801,NO_PROPAGANDA,0.999589741230011
115182019266546196,NO_PROPAGANDA,0.9989120960235596
115181934991844419,PROPAGANDA,0.99753737449646
115181549363103818,NO_PROPAGANDA,0.9690936207771301
115180631135047280,NO_PROPAGANDA,0.9993009567260742
115180154793561569,PROPAGANDA,0.9982407093048096
115180060678818221,PROPAGANDA,0.9984639883041382
115177916289896131,PROPAGANDA,0.9971418976783752
115176746512388246,PROPAGANDA,0.99759441614151
115176746512388246,PROPAGANDA,0.9983105659484863
115176472700835865,NO_PROPAGANDA,0.9987926483154297
115176212194047212,PROPAGANDA,0.9960506558418274
115176193823019593,NO_PROPAGANDA,0.9973983764648438
115176193823019593,NO_PROPAGANDA,0.8338754177093506
115176193823019593,NO_PROPAGANDA,0.9993946552276611
115176193823019593,NO_PROPAGANDA,0.9994487166404724
115175155559334769,PROPAGANDA,0.9984381794929504
115174504752942494,PROPAGANDA,0.9942933320999146
115174504752942494,PROPAGANDA,0.676837146282196
115171801902619547,PROPAGANDA,0.9968602657318115
115171248213293804,PROPAGANDA,0.9977251887321472
115170494005487289,PROPAGANDA,0.9982663989067078
115170494005487289,PROPAGANDA,0.9984114170074463
115170494005487289,NO_PROPAGANDA,0.9917687177658081
115169843962994945,PROPAGANDA,0.99810791015625
115169727944499112,NO_PROPAGANDA,0.9480460286140442
115169709094964283,NO_PROPAGANDA,0.9995974898338318
115169695509089058,PROPAGANDA,0.9963154196739197
115169689479915977,NO_PROPAGANDA,0.9994262456893921
115169686997623003,NO_PROPAGANDA,0.999390721321106
115169254084774448,NO_PROPAGANDA,0.9653470516204834
115168933967621443,PROPAGANDA,0.9976612329483032
115168933967621443,PROPAGANDA,0.9980725049972534
115168778764944128,NO_PROPAGANDA,0.9965984225273132
115168758828419703,PROPAGANDA,0.9983454942703247
115168717159863645,PROPAGANDA,0.9981065988540649
115168503787643723,NO_PROPAGANDA,0.9791282415390015
115165715028507857,PROPAGANDA,0.6074795126914978
115165715028507857,PROPAGANDA,0.8697014451026917
115164422928262033,PROPAGANDA,0.6487970948219299
115164113502668318,PROPAGANDA,0.998314619064331
115164084768725650,NO_PROPAGANDA,0.9994088411331177
115154159518653872,PROPAGANDA,0.9961909055709839
115154159518653872,PROPAGANDA,0.9981212019920349
115154159518653872,PROPAGANDA,0.8190619349479675
115153378284802465,PROPAGANDA,0.9981607794761658
115153232183118149,PROPAGANDA,0.9981980919837952
115153232183118149,PROPAGANDA,0.9982744455337524
115152111914572913,PROPAGANDA,0.971872091293335
115152031890524220,PROPAGANDA,0.9981744289398193
115152031890524220,NO_PROPAGANDA,0.9543362259864807
115152031890524220,PROPAGANDA,0.9984734654426575
115152031890524220,PROPAGANDA,0.9984574317932129
115151165397446776,PROPAGANDA,0.9984593391418457
115151165397446776,PROPAGANDA,0.9984444975852966
115151159839778614,PROPAGANDA,0.9842818379402161
115148649416502990,PROPAGANDA,0.997794508934021
115144139539095661,NO_PROPAGANDA,0.9956800937652588
115144108080211609,PROPAGANDA,0.9976546168327332
115144078281517668,PROPAGANDA,0.9982047080993652
115143490689155283,PROPAGANDA,0.9978893399238586
115136798909755892,NO_PROPAGANDA,0.9978141784667969
115136798909755892,NO_PROPAGANDA,0.9875261187553406
115141178950731936,NO_PROPAGANDA,0.9957603812217712
115141085934172527,NO_PROPAGANDA,0.9995980858802795
115141027239026556,NO_PROPAGANDA,0.9796192646026611
115137717177283585,PROPAGANDA,0.9982333183288574
115137717177283585,NO_PROPAGANDA,0.9994423985481262
115136375132635794,PROPAGANDA,0.9898199439048767
115134772860379495,PROPAGANDA,0.9977231621742249
115134530741891730,PROPAGANDA,0.9971079230308533
115131453547647085,NO_PROPAGANDA,0.9952607750892639
115130857021044948,PROPAGANDA,0.9971893429756165
115129261076571259,PROPAGANDA,0.9979479908943176
115129261076571259,NO_PROPAGANDA,0.998377799987793
115128985245605660,PROPAGANDA,0.9982829093933105
115128985245605660,PROPAGANDA,0.826097846031189
115128853265372429,PROPAGANDA,0.9975976347923279
115128853265372429,PROPAGANDA,0.9980833530426025
115128853265372429,PROPAGANDA,0.9964590668678284
115126499944858986,PROPAGANDA,0.9982709884643555
115126449469247578,PROPAGANDA,0.9976363182067871
115126426327367030,PROPAGANDA,0.9977801442146301
115126421567567735,PROPAGANDA,0.9982813596725464
115126384708348116,PROPAGANDA,0.9982561469078064
115126310071570564,PROPAGANDA,0.9984506368637085
115126310071570564,PROPAGANDA,0.9981507658958435
115125782692352784,NO_PROPAGANDA,0.9995883107185364
115125782692352784,NO_PROPAGANDA,0.9995531439781189
115125330212310166,NO_PROPAGANDA,0.9991716146469116
115125318282199234,PROPAGANDA,0.9969244599342346
115124685956430001,PROPAGANDA,0.9983457326889038
115124166787814415,NO_PROPAGANDA,0.9111126661300659
115124163211780188,PROPAGANDA,0.998026430606842
115124163211780188,PROPAGANDA,0.9870762228965759
115124041395193539,PROPAGANDA,0.9967290163040161
115124034604820821,NO_PROPAGANDA,0.9995431900024414
115124030766596526,PROPAGANDA,0.9977961778640747
115123713005977554,NO_PROPAGANDA,0.9200292825698853
115123673064341664,PROPAGANDA,0.9960587024688721
115120906287440313,NO_PROPAGANDA,0.9995341300964355
115120881794624188,NO_PROPAGANDA,0.9881872534751892
115120863399877029,PROPAGANDA,0.899758517742157
115120828581193223,PROPAGANDA,0.998363196849823
115120067667186412,PROPAGANDA,0.9972335696220398
115120036321239638,PROPAGANDA,0.9981850981712341
115119936158265299,PROPAGANDA,0.9977466464042664
115119151783895076,NO_PROPAGANDA,0.9988055229187012
115119151783895076,PROPAGANDA,0.9969269633293152
115119151783895076,PROPAGANDA,0.994691789150238
115118817792640786,NO_PROPAGANDA,0.999575674533844
115114587950181071,PROPAGANDA,0.8023117184638977
115114587950181071,PROPAGANDA,0.997907280921936
115114587950181071,PROPAGANDA,0.9981348514556885
115114587950181071,NO_PROPAGANDA,0.999142050743103
115114339832960282,PROPAGANDA,0.9982278943061829
115114339832960282,PROPAGANDA,0.9970614314079285
115114339832960282,PROPAGANDA,0.9983538389205933
115114270276925608,PROPAGANDA,0.9969637989997864
115114270276925608,PROPAGANDA,0.9983664155006409
115114270276925608,PROPAGANDA,0.9948087930679321
115114270276925608,PROPAGANDA,0.9971056580543518
115112927549205725,NO_PROPAGANDA,0.9990328550338745
115109848555666148,PROPAGANDA,0.9967953562736511
115109725372043595,NO_PROPAGANDA,0.9996161460876465
115108269835339794,PROPAGANDA,0.9983364939689636
115106855887002067,PROPAGANDA,0.9349302053451538
115106822268468130,PROPAGANDA,0.9982585310935974
115106822268468130,NO_PROPAGANDA,0.9992959499359131
115104909648896585,PROPAGANDA,0.9899408221244812
115103943282239129,PROPAGANDA,0.960695743560791
115102954264650044,PROPAGANDA,0.9984201192855835
115102954264650044,PROPAGANDA,0.9972991347312927
115101274999111772,NO_PROPAGANDA,0.9993876218795776
115100868745163117,PROPAGANDA,0.9933399558067322
115100792784831675,PROPAGANDA,0.9984403252601624
115100792784831675,NO_PROPAGANDA,0.9994487166404724
115099185736327475,PROPAGANDA,0.9982848763465881
115098905035838387,NO_PROPAGANDA,0.9995245933532715
115098861391135351,NO_PROPAGANDA,0.999359667301178
115098852835094028,PROPAGANDA,0.9976999163627625
115098837339559726,NO_PROPAGANDA,0.6701683402061462
115098660302858709,PROPAGANDA,0.9903171062469482
115098161051613732,PROPAGANDA,0.9979629516601562
115097715754727825,PROPAGANDA,0.6459394097328186
115095945859977843,NO_PROPAGANDA,0.9996390342712402
115095712740396417,NO_PROPAGANDA,0.9996402263641357
115095611962356054,PROPAGANDA,0.5607520341873169
115095579197949665,PROPAGANDA,0.9966216087341309
115095579197949665,NO_PROPAGANDA,0.7894265651702881
115095254091273904,PROPAGANDA,0.8732197284698486
115092243259973570,PROPAGANDA,0.9983446598052979
115092243259973570,PROPAGANDA,0.9983162879943848
115092243259973570,NO_PROPAGANDA,0.9932476282119751
115091405547047211,NO_PROPAGANDA,0.9995574355125427
115089605510353605,PROPAGANDA,0.9585669040679932
115089582863713336,PROPAGANDA,0.9980192184448242
115089457027851323,PROPAGANDA,0.9980574250221252
115087160158530143,PROPAGANDA,0.9983154535293579
115086929873163909,PROPAGANDA,0.9981769323348999
115086877071260300,NO_PROPAGANDA,0.5876426100730896
115086695163847248,PROPAGANDA,0.9969137907028198
115086695163847248,PROPAGANDA,0.9983428716659546
115086673663478175,PROPAGANDA,0.9972195625305176
115086673663478175,PROPAGANDA,0.9983428716659546
115086563627159779,PROPAGANDA,0.9981749057769775
115086563627159779,PROPAGANDA,0.9983072280883789
115086563627159779,NO_PROPAGANDA,0.9995493292808533
115085538447688269,PROPAGANDA,0.9979838132858276
115084666474687343,PROPAGANDA,0.976360023021698
115084666474687343,PROPAGANDA,0.997867226600647
115084666474687343,PROPAGANDA,0.9963123202323914
115084162750679122,PROPAGANDA,0.9969593286514282
115084149454997135,PROPAGANDA,0.9984159469604492
115084149454997135,PROPAGANDA,0.9980984330177307
115084149454997135,PROPAGANDA,0.99639892578125
115081441604745953,PROPAGANDA,0.9979525804519653
115081430531030440,PROPAGANDA,0.9877057671546936
115078969663814221,PROPAGANDA,0.9974066615104675
115078969663814221,PROPAGANDA,0.9951370358467102
115078969663814221,PROPAGANDA,0.9980108141899109
115078969663814221,PROPAGANDA,0.9950259327888489
115074855100531685,PROPAGANDA,0.9975702166557312
115074853922882875,PROPAGANDA,0.9976581335067749
115074853922882875,PROPAGANDA,0.9961624145507812
115074852826314245,PROPAGANDA,0.9896289706230164
115074852826314245,PROPAGANDA,0.9936808347702026
115074851803012151,PROPAGANDA,0.997994065284729
115074849478784264,NO_PROPAGANDA,0.9724622368812561
115074849478784264,PROPAGANDA,0.9961792230606079
115074444617901812,PROPAGANDA,0.9982158541679382
115074444617901812,PROPAGANDA,0.9972339272499084
115074344428193585,PROPAGANDA,0.9786590337753296
115074344428193585,PROPAGANDA,0.9974995255470276
115074344428193585,PROPAGANDA,0.9977073669433594
115074268844516691,PROPAGANDA,0.9967193007469177
115074268844516691,PROPAGANDA,0.9976689219474792
115074267817502694,NO_PROPAGANDA,0.9995062351226807
115074158839984797,PROPAGANDA,0.9983843564987183
115074158839984797,PROPAGANDA,0.9982666969299316
115072565335011054,PROPAGANDA,0.9980747699737549
115070876988527695,PROPAGANDA,0.998313307762146
115070802633295008,PROPAGANDA,0.9983699917793274
115070088108962428,PROPAGANDA,0.9965702295303345
115068985647592045,NO_PROPAGANDA,0.9970460534095764
115068979450739645,PROPAGANDA,0.9959248304367065
115068968882877150,NO_PROPAGANDA,0.9990987777709961
115068606930305176,PROPAGANDA,0.9983404874801636
115068606930305176,PROPAGANDA,0.9967717528343201
115068606930305176,PROPAGANDA,0.9819619059562683
115068391246280549,NO_PROPAGANDA,0.9995538592338562
115067582190707382,PROPAGANDA,0.9984185695648193
115067582190707382,PROPAGANDA,0.9977647066116333
115067582190707382,PROPAGANDA,0.9983970522880554
115067582190707382,PROPAGANDA,0.9976798892021179
115067582190707382,PROPAGANDA,0.9983500242233276
115067582190707382,PROPAGANDA,0.9981570839881897
115067582190707382,PROPAGANDA,0.998284637928009
115067581427069480,PROPAGANDA,0.9982300400733948
115067581427069480,PROPAGANDA,0.9984356760978699
115067581427069480,NO_PROPAGANDA,0.9981714487075806
115067017601499775,PROPAGANDA,0.9982964396476746
115066670303535454,PROPAGANDA,0.9983476400375366
115066339632774609,NO_PROPAGANDA,0.9993614554405212
115066304815869662,PROPAGANDA,0.9981374740600586
115064867714909057,PROPAGANDA,0.9730974435806274
115064840755804065,PROPAGANDA,0.9984377026557922
115064763272706560,PROPAGANDA,0.9982262253761292
115064742870542521,NO_PROPAGANDA,0.9993127584457397
115064726295507295,NO_PROPAGANDA,0.9995660185813904
115064705209848959,PROPAGANDA,0.998372495174408
115064705209848959,PROPAGANDA,0.9982057809829712
115061558603769379,PROPAGANDA,0.9900660514831543
115061532152460260,PROPAGANDA,0.9964359998703003
115061523871381886,PROPAGANDA,0.9982243180274963
115061515379882720,PROPAGANDA,0.9983775615692139
115061417084982814,PROPAGANDA,0.9984012246131897
115057827631877948,PROPAGANDA,0.9896948337554932
115057235181892448,PROPAGANDA,0.997990608215332
115057232009491029,PROPAGANDA,0.9980436563491821
115057232009491029,NO_PROPAGANDA,0.99940025806427
115057229339116421,PROPAGANDA,0.9983674883842468
115057229339116421,PROPAGANDA,0.9981599450111389
115057228167480219,PROPAGANDA,0.9971734285354614
115057228167480219,PROPAGANDA,0.9983296990394592
115057227758129383,PROPAGANDA,0.99822598695755
115057227758129383,PROPAGANDA,0.9983068704605103
115057226416192109,PROPAGANDA,0.9979884624481201
115057226416192109,PROPAGANDA,0.998129665851593
115057226006495872,PROPAGANDA,0.9976153373718262
115057226006495872,PROPAGANDA,0.9983672499656677
115057224848483899,PROPAGANDA,0.9977654218673706
115057224848483899,PROPAGANDA,0.9981983304023743
115057224448370906,PROPAGANDA,0.9978567957878113
115057224448370906,PROPAGANDA,0.9983457326889038
115057223325978530,PROPAGANDA,0.9982337951660156
115057223325978530,PROPAGANDA,0.6052115559577942
115057222950737259,PROPAGANDA,0.997005045413971
115057222950737259,PROPAGANDA,0.9983652234077454
115057221778612718,PROPAGANDA,0.9984517097473145
115057221778612718,PROPAGANDA,0.9931437969207764
115057221353307566,PROPAGANDA,0.9980418682098389
115057221353307566,PROPAGANDA,0.9932370781898499
115056962817663370,PROPAGANDA,0.9976903200149536
115056962817663370,NO_PROPAGANDA,0.999526858329773
115056914674717313,PROPAGANDA,0.9982852339744568
115056914674717313,PROPAGANDA,0.9982349872589111
115056908379843753,NO_PROPAGANDA,0.9995737671852112
115055649201137901,NO_PROPAGANDA,0.999531626701355
115055190585472069,PROPAGANDA,0.998314380645752
115055161214269452,NO_PROPAGANDA,0.9995834231376648
115052030103944534,NO_PROPAGANDA,0.9993871450424194
115052030103944534,NO_PROPAGANDA,0.999213695526123
115052030103944534,NO_PROPAGANDA,0.9298083186149597
115052358324894178,PROPAGANDA,0.9975188970565796
115051906127274792,PROPAGANDA,0.9977124929428101
115051906127274792,NO_PROPAGANDA,0.5993798971176147
115050161923440039,PROPAGANDA,0.997972309589386
115050161923440039,PROPAGANDA,0.99825519323349
115050064654728051,PROPAGANDA,0.9983483552932739
115050064654728051,PROPAGANDA,0.9976822137832642
115049974697549520,PROPAGANDA,0.9979610443115234
115049921290485283,PROPAGANDA,0.9832755923271179
115049902258471066,PROPAGANDA,0.9911941885948181
115049485680941254,PROPAGANDA,0.9981181621551514
115049485680941254,PROPAGANDA,0.9981697797775269
115049485680941254,PROPAGANDA,0.9984018206596375
115049485680941254,PROPAGANDA,0.9984973669052124
115047211271212413,PROPAGANDA,0.9963521957397461
115047148158426856,PROPAGANDA,0.9982770681381226
115047181541136552,PROPAGANDA,0.998357355594635
115047166895807142,PROPAGANDA,0.9896315932273865
115047141648054993,NO_PROPAGANDA,0.9989120960235596
115047128460078066,PROPAGANDA,0.6743842959403992
115047099758548722,PROPAGANDA,0.9983532428741455
115046837910548412,PROPAGANDA,0.99834144115448
115046837910548412,PROPAGANDA,0.5233860611915588
115044523086480891,PROPAGANDA,0.7071726322174072
115044479755763458,NO_PROPAGANDA,0.9993096590042114
115044463870504970,NO_PROPAGANDA,0.9989045858383179
115044290751337518,NO_PROPAGANDA,0.9996286630630493
115044273350523209,PROPAGANDA,0.9970268607139587
115044243039440041,PROPAGANDA,0.9984090924263
115041715493538714,PROPAGANDA,0.9969262480735779
115041695270508991,NO_PROPAGANDA,0.9996347427368164
115041668780502004,PROPAGANDA,0.9969262480735779
115037569702889410,PROPAGANDA,0.9978825449943542
115037569702889410,PROPAGANDA,0.9877786040306091
115033577620780867,NO_PROPAGANDA,0.9993832111358643
115033574125099183,PROPAGANDA,0.9980396628379822
115033133751064517,NO_PROPAGANDA,0.9993267059326172
115032607453603307,NO_PROPAGANDA,0.9996329545974731
115029630097967935,NO_PROPAGANDA,0.9915208220481873
115029606475866015,NO_PROPAGANDA,0.9963801503181458
115029606475866015,PROPAGANDA,0.9982636570930481
115028539481492668,PROPAGANDA,0.9982649683952332
115028533639212309,PROPAGANDA,0.9960220456123352
115028508095150798,PROPAGANDA,0.9978591799736023
115027044434535539,NO_PROPAGANDA,0.9994615912437439
115026882886904014,NO_PROPAGANDA,0.9996601343154907
115026874005799261,NO_PROPAGANDA,0.9996215105056763
115026867722383342,PROPAGANDA,0.9979422688484192
115026837372200506,PROPAGANDA,0.9978985786437988
115026776769476976,NO_PROPAGANDA,0.9933163523674011
115026773200228622,PROPAGANDA,0.978571355342865
115024069066734919,PROPAGANDA,0.9974134564399719
115024069066734919,PROPAGANDA,0.9975659847259521
115024069066734919,PROPAGANDA,0.9949946403503418
115024069066734919,PROPAGANDA,0.9979777932167053
115024069066734919,PROPAGANDA,0.998356282711029
115022464168438478,NO_PROPAGANDA,0.9994810223579407
115022453383517920,NO_PROPAGANDA,0.9996500015258789
115022215816175004,PROPAGANDA,0.997393012046814
115022199052825878,PROPAGANDA,0.7489457726478577
115022151227119695,PROPAGANDA,0.9973391890525818
115022012587872496,NO_PROPAGANDA,0.9991486072540283
115021897738089560,PROPAGANDA,0.997805655002594
115021272837599192,PROPAGANDA,0.9983073472976685
115021272837599192,PROPAGANDA,0.9982941746711731
115021166810580379,NO_PROPAGANDA,0.998843789100647
115020938176485683,PROPAGANDA,0.9980302453041077
115015798555807745,NO_PROPAGANDA,0.7334471344947815
115017726956136844,PROPAGANDA,0.992952287197113
115017725871815255,PROPAGANDA,0.9957165122032166
115017724759134535,PROPAGANDA,0.9973092079162598
115017724357338500,PROPAGANDA,0.9977422952651978
115017723403358459,PROPAGANDA,0.9982289671897888
115017465040283855,NO_PROPAGANDA,0.9979666471481323
115017453387635948,NO_PROPAGANDA,0.9994114637374878
115012797087354875,NO_PROPAGANDA,0.9966140389442444
115016246479417087,PROPAGANDA,0.9978832602500916
115016246479417087,NO_PROPAGANDA,0.9988183379173279
115016246479417087,NO_PROPAGANDA,0.9971373081207275
115016216005489412,PROPAGANDA,0.9977737069129944
115016216005489412,NO_PROPAGANDA,0.9988183379173279
115016216005489412,NO_PROPAGANDA,0.9971373081207275
115016089386029482,PROPAGANDA,0.9984303116798401
115016089386029482,PROPAGANDA,0.9978113770484924
115015483801151739,PROPAGANDA,0.9981538653373718
115012849265805680,NO_PROPAGANDA,0.9994454979896545
115012717750060479,PROPAGANDA,0.9968589544296265
115012717750060479,PROPAGANDA,0.9978544116020203
115012717750060479,PROPAGANDA,0.9981873631477356
115012623456747637,PROPAGANDA,0.9921519756317139
115012532470689820,PROPAGANDA,0.9969900846481323
115012131343690532,PROPAGANDA,0.9622405171394348
115011325631302905,NO_PROPAGANDA,0.9995342493057251
115011030509341542,NO_PROPAGANDA,0.9994809031486511
115011042098548305,PROPAGANDA,0.9983047246932983
115011010669803263,NO_PROPAGANDA,0.9994877576828003
115010061198729847,PROPAGANDA,0.9984506368637085
115010049469121326,PROPAGANDA,0.9975720047950745
115010039843011888,NO_PROPAGANDA,0.9989204406738281
115009924991505341,PROPAGANDA,0.9984654188156128
115009924991505341,PROPAGANDA,0.9983977675437927
115008083924128265,PROPAGANDA,0.998460054397583
115007977998503665,NO_PROPAGANDA,0.9984973669052124
115006296068419815,NO_PROPAGANDA,0.9994693398475647
115005692562794802,PROPAGANDA,0.9981990456581116
115005692562794802,PROPAGANDA,0.9964613318443298
115005692562794802,PROPAGANDA,0.9984428286552429
115005075016157889,PROPAGANDA,0.9980630278587341
115005075016157889,PROPAGANDA,0.9898272752761841
115001339487533426,PROPAGANDA,0.9984419941902161
115001174697386967,PROPAGANDA,0.998435914516449
115000471177982480,PROPAGANDA,0.9969293475151062
114999087271735961,PROPAGANDA,0.9961799383163452
114998948130255225,NO_PROPAGANDA,0.9899197816848755
114998940595835853,NO_PROPAGANDA,0.9879435300827026
114996095625446183,PROPAGANDA,0.9957578778266907
114995786897421241,PROPAGANDA,0.8669369220733643
114995779410398631,NO_PROPAGANDA,0.9996455907821655
114995403653615328,NO_PROPAGANDA,0.9995991587638855
114994989118495992,NO_PROPAGANDA,0.9989425539970398
114994974199724855,NO_PROPAGANDA,0.9989563226699829
114993652992825116,NO_PROPAGANDA,0.7344071269035339
114993652992825116,PROPAGANDA,0.9975850582122803
114993652992825116,PROPAGANDA,0.9980619549751282
114993635488352041,NO_PROPAGANDA,0.7344071269035339
114993635488352041,PROPAGANDA,0.9975850582122803
114993635488352041,PROPAGANDA,0.9980571866035461
114991409673956369,PROPAGANDA,0.9983236193656921
114989897956103830,NO_PROPAGANDA,0.9993423819541931
114989897956103830,PROPAGANDA,0.958266019821167
114989897956103830,NO_PROPAGANDA,0.9992374181747437
114989707720957929,PROPAGANDA,0.9956042766571045
114989706308668257,PROPAGANDA,0.8683547377586365
114989699566674317,NO_PROPAGANDA,0.8458991050720215
114977985620971126,PROPAGANDA,0.9979473948478699
114977985620971126,PROPAGANDA,0.9981065988540649
114977985620971126,PROPAGANDA,0.9981787204742432
114988051107686593,NO_PROPAGANDA,0.9996256828308105
114989601141841568,NO_PROPAGANDA,0.9992604851722717
114989330714602000,PROPAGANDA,0.9922749400138855
114989330714602000,PROPAGANDA,0.9982853531837463
114989195031706823,NO_PROPAGANDA,0.9993093013763428
114989195031706823,PROPAGANDA,0.9448539614677429
114988489340134546,NO_PROPAGANDA,0.9995566010475159
114982518659334871,PROPAGANDA,0.9950095415115356
114987769694082982,PROPAGANDA,0.9977280497550964
114987288040725570,PROPAGANDA,0.997849702835083
114987271488966063,NO_PROPAGANDA,0.9995977282524109
114987257158661963,PROPAGANDA,0.9976593255996704
114987220997209419,NO_PROPAGANDA,0.9992781281471252
114985474632707201,NO_PROPAGANDA,0.9990742206573486
114985420201139599,PROPAGANDA,0.9980847835540771
114984083092546777,NO_PROPAGANDA,0.9995757937431335
114982898525988419,NO_PROPAGANDA,0.9992415904998779
114982457914490323,NO_PROPAGANDA,0.9971355199813843
114982081738276986,PROPAGANDA,0.9984191656112671
114979027654442708,NO_PROPAGANDA,0.9995156526565552
114978749252122903,PROPAGANDA,0.9983785152435303
114978742843933698,PROPAGANDA,0.9983775615692139
114978217713394397,NO_PROPAGANDA,0.9996403455734253
114978210414172569,NO_PROPAGANDA,0.9992713332176208
114978185450691314,PROPAGANDA,0.9980047345161438
114974461343997782,NO_PROPAGANDA,0.999519944190979
114974282191317621,PROPAGANDA,0.9975253939628601
114973670406612532,NO_PROPAGANDA,0.968271791934967
114973667966400208,PROPAGANDA,0.9512461423873901
114973044056093260,PROPAGANDA,0.9971088767051697
114971584293011580,NO_PROPAGANDA,0.9992893934249878
114971642899192957,PROPAGANDA,0.997553288936615
114971053091282290,NO_PROPAGANDA,0.9984995126724243
114971023059049812,NO_PROPAGANDA,0.9991949200630188
114970981123138842,PROPAGANDA,0.9981608986854553
114970970276629752,PROPAGANDA,0.99815434217453
114970952739677687,PROPAGANDA,0.9984390139579773
114970952739677687,PROPAGANDA,0.9984291195869446
114970952739677687,PROPAGANDA,0.9984897375106812
114970930963780013,PROPAGANDA,0.9984435439109802
114970930963780013,PROPAGANDA,0.9984291195869446
114970930963780013,PROPAGANDA,0.9984897375106812
114970840027774464,PROPAGANDA,0.998318076133728
114970840027774464,PROPAGANDA,0.9983558058738708
114970631477859993,PROPAGANDA,0.9983179569244385
114970416998677033,PROPAGANDA,0.9452936053276062
114968330079746127,PROPAGANDA,0.9984726309776306
114966707076456802,PROPAGANDA,0.997817873954773
114966684792614752,NO_PROPAGANDA,0.9994366765022278
114966671063911029,PROPAGANDA,0.9982329607009888
114963263700328714,PROPAGANDA,0.9984325766563416
114963263700328714,PROPAGANDA,0.9981101751327515
114963263700328714,PROPAGANDA,0.9983704686164856
114961565654617117,PROPAGANDA,0.991592288017273
114961541517491341,PROPAGANDA,0.9984427094459534
114961522912167613,PROPAGANDA,0.9984671473503113
114961522912167613,PROPAGANDA,0.9979173541069031
114961147474079611,PROPAGANDA,0.9981741905212402
114961147474079611,PROPAGANDA,0.9983162879943848
114960298523087379,PROPAGANDA,0.9961250424385071
114960291067363177,NO_PROPAGANDA,0.9991536140441895
114950433397228924,NO_PROPAGANDA,0.999362051486969
114959044159495165,PROPAGANDA,0.9975436329841614
114955773655328634,NO_PROPAGANDA,0.9978603720664978
114955523525768040,NO_PROPAGANDA,0.9908356666564941
114955222046259464,PROPAGANDA,0.9978669881820679
114954846612623858,NO_PROPAGANDA,0.9995278120040894
114954846612623858,PROPAGANDA,0.9284279346466064
114954846612623858,NO_PROPAGANDA,0.9161317348480225
114954549017557270,PROPAGANDA,0.9980985522270203
114954267210702518,PROPAGANDA,0.9982975125312805
114954267210702518,PROPAGANDA,0.9795593023300171
114953968595024935,PROPAGANDA,0.9980552196502686
114953968595024935,PROPAGANDA,0.9979960918426514
114953968595024935,PROPAGANDA,0.9983286261558533
114953962646647794,PROPAGANDA,0.9971131086349487
114953962646647794,PROPAGANDA,0.9949105381965637
114953962646647794,PROPAGANDA,0.9983866214752197
114953595203270237,PROPAGANDA,0.9969017505645752
114953451498807072,PROPAGANDA,0.9983407258987427
114953428953267494,NO_PROPAGANDA,0.9037857055664062
114951262882039337,NO_PROPAGANDA,0.9996358156204224
114953234645615294,PROPAGANDA,0.9982295632362366
114951007246294127,PROPAGANDA,0.9984357953071594
114953151877294098,NO_PROPAGANDA,0.9996153116226196
114953114494129479,PROPAGANDA,0.9983945488929749
114953049546233760,PROPAGANDA,0.9979099631309509
114951234439366866,NO_PROPAGANDA,0.5330190658569336
114951224261822778,NO_PROPAGANDA,0.9800590872764587
114951217704804168,PROPAGANDA,0.9977144002914429
114951042178223048,PROPAGANDA,0.983075737953186
114950348792604159,PROPAGANDA,0.9982582926750183
114950241999184378,PROPAGANDA,0.997140645980835
114949799547015541,PROPAGANDA,0.5459494590759277
114949797263276943,NO_PROPAGANDA,0.9977396726608276
114949794821514504,NO_PROPAGANDA,0.9987492561340332
114949420607843703,PROPAGANDA,0.9982788562774658
114948452793702817,NO_PROPAGANDA,0.998434841632843
114948452793702817,NO_PROPAGANDA,0.9994121789932251
114948452793702817,NO_PROPAGANDA,0.9989544153213501
114948452793702817,NO_PROPAGANDA,0.999519944190979
114947973077448174,PROPAGANDA,0.9980127811431885
114947563324977082,NO_PROPAGANDA,0.9952000379562378
114947541528857255,PROPAGANDA,0.9983869791030884
114947427321891876,PROPAGANDA,0.9945068955421448
114947373855664074,PROPAGANDA,0.9984509944915771
114947277897378239,NO_PROPAGANDA,0.9986816048622131
114945962278773358,NO_PROPAGANDA,0.9994458556175232
114945847973193713,PROPAGANDA,0.996336817741394
114944494894008041,NO_PROPAGANDA,0.999489426612854
114944494894008041,NO_PROPAGANDA,0.999312162399292
114944494894008041,PROPAGANDA,0.9437630772590637
114944074791548865,PROPAGANDA,0.9976643323898315
114944074791548865,PROPAGANDA,0.9983932375907898
114944074791548865,PROPAGANDA,0.9975538849830627
114943927434273211,NO_PROPAGANDA,0.9993683695793152
114943927434273211,NO_PROPAGANDA,0.9993335604667664
114943927434273211,PROPAGANDA,0.994920551776886
114942699102296981,PROPAGANDA,0.9982069730758667
114942222209732295,NO_PROPAGANDA,0.9979594945907593
114942113260599578,NO_PROPAGANDA,0.9991065859794617
114942106248731470,PROPAGANDA,0.9978533387184143
114942106248731470,NO_PROPAGANDA,0.9995457530021667
114942017839445131,NO_PROPAGANDA,0.9982126951217651
114942005076829557,NO_PROPAGANDA,0.9834838509559631
114939759564715119,NO_PROPAGANDA,0.9994621872901917
114938996274231550,PROPAGANDA,0.99836665391922
114938820270436889,PROPAGANDA,0.997794508934021
114938820270436889,PROPAGANDA,0.9982964396476746
114938820270436889,PROPAGANDA,0.9983065128326416
114938820270436889,PROPAGANDA,0.9980936646461487
114938657898917536,PROPAGANDA,0.9982505440711975
114938657898917536,NO_PROPAGANDA,0.9986540079116821
114938582774670397,PROPAGANDA,0.5347129702568054
114936955015376533,NO_PROPAGANDA,0.9993975162506104
114936573214915016,PROPAGANDA,0.9981988072395325
114935401735258022,NO_PROPAGANDA,0.9599844217300415
114934232969144109,NO_PROPAGANDA,0.9994165897369385
114934191239714896,PROPAGANDA,0.9940692186355591
114933034937039075,NO_PROPAGANDA,0.9927054047584534
114932385332182862,PROPAGANDA,0.9960283041000366
114931438809653171,NO_PROPAGANDA,0.9989966750144958
114931382534694239,PROPAGANDA,0.5510009527206421
114920456511077924,NO_PROPAGANDA,0.9980533123016357
114920456511077924,NO_PROPAGANDA,0.9937649965286255
114926827953437897,NO_PROPAGANDA,0.9995914101600647
114922802971032650,NO_PROPAGANDA,0.9351259469985962
114922713750383186,NO_PROPAGANDA,0.9995781779289246
114922310106523572,PROPAGANDA,0.9936947226524353
114922279888085542,PROPAGANDA,0.9967696666717529
114922194000687458,PROPAGANDA,0.9979829788208008
114922194000687458,PROPAGANDA,0.9981347322463989
114921063256769586,PROPAGANDA,0.7262524962425232
114920864979561533,PROPAGANDA,0.9887903928756714
114920850396392867,PROPAGANDA,0.9887903928756714
114920321241792451,NO_PROPAGANDA,0.9973370432853699
114920242180121128,NO_PROPAGANDA,0.9989721775054932
114920242180121128,NO_PROPAGANDA,0.9990515112876892
114919812015877196,PROPAGANDA,0.8530846238136292
114916575834000041,NO_PROPAGANDA,0.9995250701904297
114916524424194175,PROPAGANDA,0.998244047164917
114916524424194175,NO_PROPAGANDA,0.9805529713630676
114914339003272307,PROPAGANDA,0.9166731238365173
114911132620191745,PROPAGANDA,0.9983313679695129
114911132620191745,PROPAGANDA,0.9981067180633545
114911072057863888,PROPAGANDA,0.9972598552703857
114911072057863888,PROPAGANDA,0.9981529116630554
114911072057863888,PROPAGANDA,0.9982224106788635
114911072057863888,PROPAGANDA,0.9982269406318665
114911072057863888,PROPAGANDA,0.99592125415802
114910985530072276,PROPAGANDA,0.9980712532997131
114910985530072276,PROPAGANDA,0.9983718991279602
114910920265013722,PROPAGANDA,0.9983392953872681
114910920265013722,PROPAGANDA,0.9955729246139526
114910911648955433,PROPAGANDA,0.9968365430831909
114910911648955433,PROPAGANDA,0.9982226490974426
114910907779613104,PROPAGANDA,0.9982993006706238
114910907779613104,PROPAGANDA,0.998320996761322
114910307760776254,PROPAGANDA,0.9938264489173889
114910307760776254,NO_PROPAGANDA,0.6946831345558167
114909909285967834,NO_PROPAGANDA,0.9988202452659607
114909476369684993,PROPAGANDA,0.9981006979942322
114909452180378780,NO_PROPAGANDA,0.999384880065918
114909322030343605,PROPAGANDA,0.998170018196106
114909292663708859,PROPAGANDA,0.9977753758430481
114908467282299011,PROPAGANDA,0.9941177368164062
114905910987380649,PROPAGANDA,0.9580832123756409
114905849389326140,PROPAGANDA,0.9964497089385986
114905836425012707,PROPAGANDA,0.9957349300384521
114905836425012707,PROPAGANDA,0.9978979825973511
114905836425012707,PROPAGANDA,0.9885253310203552
114902736234529031,PROPAGANDA,0.9982740879058838
114902736234529031,PROPAGANDA,0.9983090162277222
114903002476976412,NO_PROPAGANDA,0.999267041683197
114902814296069974,NO_PROPAGANDA,0.9990204572677612
114902777792812157,PROPAGANDA,0.9039792418479919
114902760700024238,NO_PROPAGANDA,0.9777512550354004
114902743574618008,NO_PROPAGANDA,0.9975714087486267
114902704048179740,PROPAGANDA,0.9980854988098145
114897689405330708,NO_PROPAGANDA,0.9991318583488464
114899729133530180,NO_PROPAGANDA,0.9989901185035706
114899417740854572,NO_PROPAGANDA,0.9973059892654419
114899417740854572,NO_PROPAGANDA,0.9880490899085999
114899014766252904,PROPAGANDA,0.953455924987793
114899014019794877,NO_PROPAGANDA,0.9326300621032715
114899013294297540,PROPAGANDA,0.9965372085571289
114899012522491926,NO_PROPAGANDA,0.9988012313842773
114898507608732258,NO_PROPAGANDA,0.998601496219635
114898507608732258,PROPAGANDA,0.9924722909927368
114898503111677568,PROPAGANDA,0.9983250498771667
114898229237459086,PROPAGANDA,0.9961212277412415
114898229237459086,PROPAGANDA,0.9983798265457153
114898069194751986,PROPAGANDA,0.9382323622703552
114898069194751986,NO_PROPAGANDA,0.9985290765762329
114898065961645958,PROPAGANDA,0.998465895652771
114897600777919524,PROPAGANDA,0.9983470439910889
114894485362763615,NO_PROPAGANDA,0.9994581341743469
114894279798283247,PROPAGANDA,0.9981899857521057
114894188921935031,PROPAGANDA,0.9981573224067688
114893984552850709,PROPAGANDA,0.9984048008918762
114893947519507520,PROPAGANDA,0.9976977705955505
114893444758138173,NO_PROPAGANDA,0.999505877494812
114892895177732471,PROPAGANDA,0.9972121119499207
114892689845138877,PROPAGANDA,0.997425377368927
114892689845138877,PROPAGANDA,0.9983056783676147
114892503981994226,NO_PROPAGANDA,0.7299513220787048
114892486666754017,PROPAGANDA,0.9984456896781921
114892486666754017,PROPAGANDA,0.998242974281311
114892486666754017,NO_PROPAGANDA,0.9985517859458923
114892485746950799,PROPAGANDA,0.9982635378837585
114892485746950799,NO_PROPAGANDA,0.9993816614151001
114892483107767009,NO_PROPAGANDA,0.9990569949150085
114892476183296427,NO_PROPAGANDA,0.9996281862258911
114892470792068047,NO_PROPAGANDA,0.9991706609725952
114892270098322352,PROPAGANDA,0.9974986910820007
114892270098322352,PROPAGANDA,0.9983035326004028
114891542921713362,PROPAGANDA,0.9983518123626709
114888488677783141,PROPAGANDA,0.9982892870903015
114888305041609390,PROPAGANDA,0.9960283041000366
114888263063561606,PROPAGANDA,0.9464845061302185
114888253428431066,NO_PROPAGANDA,0.999593198299408
114887244433511273,PROPAGANDA,0.9982454776763916
114887244433511273,NO_PROPAGANDA,0.9977516531944275
114887236310446076,PROPAGANDA,0.998268723487854
114887236310446076,PROPAGANDA,0.9982855916023254
114885422115933668,PROPAGANDA,0.9976568222045898
114885422115933668,PROPAGANDA,0.9976696372032166
114887221069099658,PROPAGANDA,0.9982787370681763
114887221069099658,PROPAGANDA,0.9984637498855591
114886877289379131,PROPAGANDA,0.9982159733772278
114886865806490349,NO_PROPAGANDA,0.9925664663314819
114886140818665946,PROPAGANDA,0.9978969097137451
114886122800161990,PROPAGANDA,0.9982143640518188
114885987478070699,PROPAGANDA,0.996959924697876
114885709058497784,NO_PROPAGANDA,0.9800934195518494
114885474879269820,PROPAGANDA,0.9982398748397827
114882476831486897,PROPAGANDA,0.9982074499130249
114882442101879216,PROPAGANDA,0.9976823329925537
114882283904953607,PROPAGANDA,0.9977680444717407
114880074981803996,PROPAGANDA,0.9983887672424316
114880031264786538,NO_PROPAGANDA,0.9797144532203674
114877342999804008,PROPAGANDA,0.9975304007530212
114875121407553446,NO_PROPAGANDA,0.9992528557777405
114876927258467384,PROPAGANDA,0.9982288479804993
114876683513144253,PROPAGANDA,0.9984813332557678
114876683513144253,PROPAGANDA,0.998376727104187
114876683513144253,PROPAGANDA,0.9953837990760803
114876671293627236,PROPAGANDA,0.9977953433990479
114876671293627236,PROPAGANDA,0.9981921315193176
114876653599100275,PROPAGANDA,0.9976857900619507
114876653599100275,PROPAGANDA,0.9974700212478638
114876640511652135,PROPAGANDA,0.9978681802749634
114876640511652135,PROPAGANDA,0.9978637099266052
114876638674610838,PROPAGANDA,0.9970290064811707
114876638674610838,PROPAGANDA,0.9983616471290588
114876637907797002,PROPAGANDA,0.9980244636535645
114876637907797002,PROPAGANDA,0.9980975985527039
114876636997078377,PROPAGANDA,0.9977620840072632
114876636997078377,PROPAGANDA,0.9981042146682739
114876636266908918,PROPAGANDA,0.997738242149353
114876636266908918,PROPAGANDA,0.9983166456222534
114876635509809217,PROPAGANDA,0.9981402158737183
114876635509809217,PROPAGANDA,0.9979910850524902
114876634662612316,PROPAGANDA,0.9981378316879272
114876634662612316,PROPAGANDA,0.9962934851646423
114876633650538046,PROPAGANDA,0.9982877373695374
114876633650538046,PROPAGANDA,0.9970508813858032
114876632946481372,PROPAGANDA,0.9976800084114075
114876632946481372,PROPAGANDA,0.9983454942703247
114876632160599681,PROPAGANDA,0.9982932209968567
114876632160599681,PROPAGANDA,0.9983634352684021
114874476139755852,PROPAGANDA,0.9970732927322388
114874426878030436,PROPAGANDA,0.9974660873413086
114874422468516376,PROPAGANDA,0.9974018335342407
114874392904679623,PROPAGANDA,0.9974018335342407
114874138131177867,PROPAGANDA,0.9979050159454346
114873827864802531,PROPAGANDA,0.9982983469963074
114873827864802531,PROPAGANDA,0.9983464479446411
114872393229075156,PROPAGANDA,0.9981581568717957
114871752316281496,NO_PROPAGANDA,0.8315854072570801
114871557460531003,PROPAGANDA,0.9981603026390076
114871422727186590,NO_PROPAGANDA,0.9617944955825806
114871422727186590,PROPAGANDA,0.9984038472175598
114871422727186590,PROPAGANDA,0.9984614849090576
114869053826157428,NO_PROPAGANDA,0.9992307424545288
114870310221162497,NO_PROPAGANDA,0.9994309544563293
114837554019633896,PROPAGANDA,0.9945072531700134
114868979061610454,NO_PROPAGANDA,0.827207088470459
114866148855492915,PROPAGANDA,0.9960691928863525
114865317698739416,NO_PROPAGANDA,0.9992333650588989
114865507306954051,PROPAGANDA,0.9976686835289001
114865506222851432,PROPAGANDA,0.9984286427497864
114865506222851432,PROPAGANDA,0.9982898831367493
114865352052263270,PROPAGANDA,0.9862895011901855
114865352052263270,PROPAGANDA,0.9979687333106995
114865342296740017,PROPAGANDA,0.9979725480079651
114864763487869986,NO_PROPAGANDA,0.9994186162948608
114863423197999192,PROPAGANDA,0.9973764419555664
114863410012919913,NO_PROPAGANDA,0.9993757605552673
114863380166048416,NO_PROPAGANDA,0.9995089769363403
114863203348237352,PROPAGANDA,0.9982789754867554
114863203348237352,PROPAGANDA,0.9982288479804993
114863203348237352,PROPAGANDA,0.9984645843505859
114863203348237352,PROPAGANDA,0.9980971217155457
114863179955821383,PROPAGANDA,0.9982649683952332
114863179955821383,PROPAGANDA,0.9982288479804993
114863179955821383,PROPAGANDA,0.9984645843505859
114863179955821383,PROPAGANDA,0.9980971217155457
114860136006223294,PROPAGANDA,0.9979785084724426
114859554812594090,PROPAGANDA,0.998146653175354
114859213229042831,NO_PROPAGANDA,0.9994309544563293
114858915682735686,NO_PROPAGANDA,0.9994762539863586
114858743257523727,NO_PROPAGANDA,0.9952554106712341
114858589852139958,PROPAGANDA,0.9937179088592529
114858589852139958,NO_PROPAGANDA,0.9878054857254028
114858589029028619,NO_PROPAGANDA,0.9991593360900879
114858589029028619,NO_PROPAGANDA,0.999171257019043
114858589029028619,PROPAGANDA,0.9976429343223572
114858547001755577,NO_PROPAGANDA,0.9995236396789551
114857957325423668,PROPAGANDA,0.9983440637588501
114857957325423668,PROPAGANDA,0.99769127368927
114857889773040947,PROPAGANDA,0.9976800084114075
114857842089554705,NO_PROPAGANDA,0.78880375623703
114857835698390465,NO_PROPAGANDA,0.9993392825126648
114857687712359546,PROPAGANDA,0.9968204498291016
114857687712359546,NO_PROPAGANDA,0.999346911907196
114857639804190832,NO_PROPAGANDA,0.9991236329078674
114857617089281818,PROPAGANDA,0.7166932225227356
114857569436636352,NO_PROPAGANDA,0.996411144733429
114857384454528789,PROPAGANDA,0.9967553019523621
114857384454528789,NO_PROPAGANDA,0.999346911907196
114854251111136308,NO_PROPAGANDA,0.9991868138313293
114854251111136308,PROPAGANDA,0.9973267316818237
114851420581462592,PROPAGANDA,0.9982277750968933
114848608158429419,NO_PROPAGANDA,0.9181699156761169
114842941355477197,NO_PROPAGANDA,0.9995018243789673
114842356238631061,PROPAGANDA,0.9983404874801636
114842356238631061,PROPAGANDA,0.9982837438583374
114842356238631061,PROPAGANDA,0.9982485771179199
114842356238631061,PROPAGANDA,0.9980477094650269
114842356238631061,PROPAGANDA,0.9980611205101013
114842356238631061,PROPAGANDA,0.9981354475021362
114842026934691545,NO_PROPAGANDA,0.993881106376648
114841568204031318,NO_PROPAGANDA,0.9996227025985718
114841565274628116,NO_PROPAGANDA,0.9996193647384644
114840552173805537,PROPAGANDA,0.9980701804161072
114837597286883732,PROPAGANDA,0.9958845973014832
114837208737137477,PROPAGANDA,0.9945679903030396
114837208737137477,PROPAGANDA,0.9974033236503601
114837208737137477,NO_PROPAGANDA,0.9993778467178345
114837106641185031,PROPAGANDA,0.9980970025062561
114835595028757667,NO_PROPAGANDA,0.9992951154708862
114835272416034171,PROPAGANDA,0.9970647692680359
114835146294645750,PROPAGANDA,0.9833443760871887
114835102167904861,NO_PROPAGANDA,0.9991118311882019
114832587355133963,NO_PROPAGANDA,0.9228169322013855
114832570720111172,PROPAGANDA,0.9954385161399841
114831435031070955,PROPAGANDA,0.997232973575592
114831433790826577,PROPAGANDA,0.991730272769928
114831088465448187,PROPAGANDA,0.9971446394920349
114829511761589815,PROPAGANDA,0.9976601600646973
114829451788147674,NO_PROPAGANDA,0.9831889867782593
114829442018326447,PROPAGANDA,0.9983641505241394
114829408208555940,PROPAGANDA,0.9103782773017883
114829111657785430,PROPAGANDA,0.9981657862663269
114829111657785430,PROPAGANDA,0.9982945322990417
114829111657785430,PROPAGANDA,0.9983763694763184
114829111657785430,PROPAGANDA,0.9959424138069153
114826109463640311,PROPAGANDA,0.9979966282844543
114826109463640311,NO_PROPAGANDA,0.9983798265457153
114826107762484260,PROPAGANDA,0.9981920123100281
114826107762484260,PROPAGANDA,0.9984413981437683
114826044404420382,PROPAGANDA,0.9972930550575256
114826040324238044,PROPAGANDA,0.9965315461158752
114826040324238044,PROPAGANDA,0.9982836246490479
114826039777950636,PROPAGANDA,0.996505856513977
114826039777950636,PROPAGANDA,0.9980668425559998
114825064535529179,PROPAGANDA,0.9923230409622192
114825055413704674,PROPAGANDA,0.9981880784034729
114825052103127845,PROPAGANDA,0.9971652626991272
114825046600516465,NO_PROPAGANDA,0.9995630383491516
114824462737182215,PROPAGANDA,0.951103925704956
114824341827892593,NO_PROPAGANDA,0.9995052814483643
114824012434844395,PROPAGANDA,0.9983252882957458
114823753748748089,PROPAGANDA,0.9973650574684143
114823751368001174,NO_PROPAGANDA,0.9991703033447266
114809574296066307,NO_PROPAGANDA,0.9995654225349426
114812490799920916,PROPAGANDA,0.9982088804244995
114812490799920916,PROPAGANDA,0.9983510971069336
114823635614745836,PROPAGANDA,0.9977079629898071
114820908713657769,PROPAGANDA,0.9983230233192444
114820873191783674,PROPAGANDA,0.9984036087989807
114820780308440795,PROPAGANDA,0.995238184928894
114820563898758883,NO_PROPAGANDA,0.7015746831893921
114820176419744768,NO_PROPAGANDA,0.9995871186256409
114819199532902807,PROPAGANDA,0.9981861710548401
114819184205071380,PROPAGANDA,0.9941493272781372
114819184205071380,PROPAGANDA,0.9977733492851257
114818149310161097,NO_PROPAGANDA,0.9993884563446045
114813826512783399,PROPAGANDA,0.9982263445854187
114809528606729733,NO_PROPAGANDA,0.9996228218078613
114808976338304577,NO_PROPAGANDA,0.9877233505249023
114808616176041421,PROPAGANDA,0.9982920289039612
114808616176041421,PROPAGANDA,0.9978432655334473
114808616176041421,PROPAGANDA,0.9983550906181335
114808616176041421,PROPAGANDA,0.9983283877372742
114806881411557795,PROPAGANDA,0.9982717037200928
114806881411557795,NO_PROPAGANDA,0.997677743434906
114802591195240494,PROPAGANDA,0.9977754950523376
114801653749329102,PROPAGANDA,0.9982819557189941
114801653749329102,PROPAGANDA,0.9984087347984314
114801213969191305,PROPAGANDA,0.9971697926521301
114796981884907603,NO_PROPAGANDA,0.999239444732666
114795512010210371,NO_PROPAGANDA,0.9870681762695312
114795430236594813,PROPAGANDA,0.9943152070045471
114795415752881784,PROPAGANDA,0.9976638555526733
114793322724573514,NO_PROPAGANDA,0.9980033040046692
114792383511698623,PROPAGANDA,0.9894395470619202
114792258992380345,PROPAGANDA,0.9973526000976562
114792925370595712,PROPAGANDA,0.9976485371589661
114792925370595712,PROPAGANDA,0.9945418238639832
114792890397428568,NO_PROPAGANDA,0.999642014503479
114791916303307611,PROPAGANDA,0.9978942275047302
114791858483483184,PROPAGANDA,0.9982028007507324
114791836935107927,PROPAGANDA,0.9977476000785828
114791750195814667,PROPAGANDA,0.9983116388320923
114791663683765056,PROPAGANDA,0.9981871247291565
114791607974974301,PROPAGANDA,0.9983291029930115
114791607974974301,PROPAGANDA,0.9965285658836365
114791415036116897,NO_PROPAGANDA,0.9994871616363525
114789968096151564,PROPAGANDA,0.9982176423072815
114789602482197220,NO_PROPAGANDA,0.9991484880447388
114789587389423371,PROPAGANDA,0.9983847141265869
114789577865630441,NO_PROPAGANDA,0.9996259212493896
114789565281988967,NO_PROPAGANDA,0.9989318251609802
114789557961047863,PROPAGANDA,0.9980791807174683
114787479659702125,PROPAGANDA,0.9982296824455261
114787348610777027,PROPAGANDA,0.9612762331962585
114786727426991370,PROPAGANDA,0.997810423374176
114786681954008167,PROPAGANDA,0.9984725117683411
114786643420185373,PROPAGANDA,0.9978261590003967
114786058561428668,PROPAGANDA,0.9973879456520081
114786058561428668,PROPAGANDA,0.9983248114585876
114786058561428668,PROPAGANDA,0.9957647323608398
114785927683921380,NO_PROPAGANDA,0.999403715133667
114785849333345518,PROPAGANDA,0.998039186000824
114785849333345518,NO_PROPAGANDA,0.9747698307037354
114785848171178962,NO_PROPAGANDA,0.998814582824707
114785848171178962,PROPAGANDA,0.9888519644737244
114784315952739682,PROPAGANDA,0.9977667331695557
114784315952739682,PROPAGANDA,0.9984230995178223
114784201810637218,PROPAGANDA,0.9976853132247925
114784170652465525,NO_PROPAGANDA,0.963018536567688
114784170652465525,PROPAGANDA,0.9934375882148743
114784170652465525,NO_PROPAGANDA,0.8174026012420654
114784098546698642,NO_PROPAGANDA,0.9995518326759338
114784075251415328,PROPAGANDA,0.998091995716095
114783756690101088,PROPAGANDA,0.9977982044219971
114783742318054096,NO_PROPAGANDA,0.9995032548904419
114783684148640192,NO_PROPAGANDA,0.9994412064552307
114783678604446726,PROPAGANDA,0.998353123664856
114783671713858592,NO_PROPAGANDA,0.9995781779289246
114783576451483862,PROPAGANDA,0.9982964396476746
114783440783668830,PROPAGANDA,0.9978873133659363
114783440783668830,PROPAGANDA,0.9984214305877686
114783440783668830,PROPAGANDA,0.9984194040298462
114781024549214188,PROPAGANDA,0.9965943694114685
114780855061509303,PROPAGANDA,0.9972203969955444
114780321031653396,NO_PROPAGANDA,0.9977044463157654
114779538689137058,PROPAGANDA,0.9957914352416992
114779398795489578,PROPAGANDA,0.9899730682373047
114779398795489578,NO_PROPAGANDA,0.9992076754570007
114779396905472324,PROPAGANDA,0.9918811917304993
114779396905472324,NO_PROPAGANDA,0.9989672899246216
114779394158777330,PROPAGANDA,0.9983605742454529
114779394158777330,PROPAGANDA,0.998379111289978
114779394158777330,PROPAGANDA,0.9983993172645569
114779394158777330,PROPAGANDA,0.9981445074081421
114779101486254797,NO_PROPAGANDA,0.7955265045166016
114778184322697237,PROPAGANDA,0.9963257908821106
114777786069997459,PROPAGANDA,0.9983245730400085
114777766182702392,PROPAGANDA,0.9973453879356384
114777756807071568,NO_PROPAGANDA,0.988311231136322
114776149269773065,PROPAGANDA,0.99808669090271
114776149269773065,PROPAGANDA,0.9902082681655884
114775981239886599,PROPAGANDA,0.9982598423957825
114774905224497775,NO_PROPAGANDA,0.9960786700248718
114773696636727417,NO_PROPAGANDA,0.9992210865020752
114773668772907430,PROPAGANDA,0.9954631924629211
114773601644828833,PROPAGANDA,0.9576187133789062
114773418889111055,PROPAGANDA,0.9980054497718811
114772638692282162,PROPAGANDA,0.9982249140739441
114772638692282162,PROPAGANDA,0.9981809854507446
114770956840780267,PROPAGANDA,0.9983358979225159
114770877118105998,PROPAGANDA,0.9978495836257935
114770861740243689,PROPAGANDA,0.994276225566864
114768769011733248,PROPAGANDA,0.9963313937187195
114768737638722781,NO_PROPAGANDA,0.9991872906684875
114768617892207090,PROPAGANDA,0.9982197880744934
114767872591873497,PROPAGANDA,0.998278021812439
114767860718911509,PROPAGANDA,0.99839848279953
114767860718911509,PROPAGANDA,0.6948791742324829
114767851616311700,PROPAGANDA,0.9933765530586243
114767834317484874,NO_PROPAGANDA,0.9993805885314941
114767804738090239,PROPAGANDA,0.9913749098777771
114767794156725396,NO_PROPAGANDA,0.9923309087753296
114767780661985069,PROPAGANDA,0.879567563533783
114767776118163077,PROPAGANDA,0.9981768131256104
114767768162238035,PROPAGANDA,0.9981399774551392
114767761295983837,PROPAGANDA,0.9968464970588684
114767092507731112,NO_PROPAGANDA,0.5425235629081726
114766537622818019,NO_PROPAGANDA,0.9995823502540588
114764965108272159,NO_PROPAGANDA,0.9085819125175476
114764759831258587,PROPAGANDA,0.9630891680717468
114764751535867998,PROPAGANDA,0.9983696341514587
114764751535867998,PROPAGANDA,0.9975538849830627
114764629478113280,NO_PROPAGANDA,0.9993676543235779
114764221948518343,PROPAGANDA,0.9982763528823853
114764221948518343,PROPAGANDA,0.990105926990509
114764184133829613,NO_PROPAGANDA,0.994590163230896
114764131885531801,NO_PROPAGANDA,0.9903010129928589
114764131885531801,PROPAGANDA,0.9983471632003784
114764131885531801,PROPAGANDA,0.9981676340103149
114764131885531801,PROPAGANDA,0.997769832611084
114763873373477102,PROPAGANDA,0.9980636239051819
114763460580044614,PROPAGANDA,0.9978829026222229
114763460580044614,PROPAGANDA,0.9983680844306946
114763460580044614,PROPAGANDA,0.9945927262306213
114762472242144135,NO_PROPAGANDA,0.9984044432640076
114761144946167016,PROPAGANDA,0.9978505373001099
114761132349818150,PROPAGANDA,0.8266815543174744
114760849989232091,PROPAGANDA,0.9983493089675903
114760752117553870,PROPAGANDA,0.9978604912757874
114760648289760105,PROPAGANDA,0.9933217167854309
114756430889057942,PROPAGANDA,0.9981878399848938
114756430889057942,PROPAGANDA,0.998244047164917
114756430889057942,PROPAGANDA,0.9981110095977783
114756430889057942,PROPAGANDA,0.9984256029129028
114758739525947038,PROPAGANDA,0.998380184173584
114758683463390427,PROPAGANDA,0.9982959628105164
114756933255040997,PROPAGANDA,0.9981948733329773
114756915403448417,PROPAGANDA,0.9976990818977356
114756665667022418,PROPAGANDA,0.9984052777290344
114756635237936002,PROPAGANDA,0.9981715679168701
114756635237936002,PROPAGANDA,0.9983445405960083
114756567645919781,PROPAGANDA,0.998339056968689
114756567645919781,NO_PROPAGANDA,0.9992714524269104
114756160140843373,NO_PROPAGANDA,0.999409556388855
114756147615303122,PROPAGANDA,0.9980928301811218
114755893176827573,PROPAGANDA,0.998450517654419
114752331258575317,PROPAGANDA,0.9983645081520081
114751880827969695,PROPAGANDA,0.9971849322319031
114751873580495326,PROPAGANDA,0.9973701238632202
114751867931146571,PROPAGANDA,0.9979647397994995
114751173173020083,PROPAGANDA,0.998315691947937
114751024493648544,NO_PROPAGANDA,0.9994586110115051
114750055630968441,PROPAGANDA,0.9968084692955017
114749872416313793,PROPAGANDA,0.9974094033241272
114749839848044904,NO_PROPAGANDA,0.9987004995346069
114749815668266552,PROPAGANDA,0.9982404708862305
114749586892496748,NO_PROPAGANDA,0.9995760321617126
114749580476669594,NO_PROPAGANDA,0.996973991394043
114747234182168375,PROPAGANDA,0.9979680180549622
114746355912265245,PROPAGANDA,0.9982631802558899
114746355912265245,PROPAGANDA,0.9921616911888123
114746355912265245,PROPAGANDA,0.9981696605682373
114746355912265245,PROPAGANDA,0.9982886910438538
114746355912265245,PROPAGANDA,0.9973045587539673
114746066225069169,PROPAGANDA,0.9973668456077576
114746066225069169,PROPAGANDA,0.9978598952293396
114745592965123786,PROPAGANDA,0.9984434247016907
114745583467776157,PROPAGANDA,0.9984319806098938
114745462399538854,PROPAGANDA,0.9984897375106812
114745403809459125,PROPAGANDA,0.9983920454978943
114745403809459125,NO_PROPAGANDA,0.9985659718513489
114745136248099636,NO_PROPAGANDA,0.9972026348114014
114745046560931403,PROPAGANDA,0.9939992427825928
114744949125614209,PROPAGANDA,0.9984593391418457
114744772916804667,PROPAGANDA,0.9977586269378662
114744747346646288,PROPAGANDA,0.9787594676017761
114744712068575344,PROPAGANDA,0.9958423972129822
114741178126658442,PROPAGANDA,0.9982700347900391
114744029649091554,PROPAGANDA,0.9977214932441711
114744008368646986,PROPAGANDA,0.9961110949516296
114742858969719244,PROPAGANDA,0.9478070735931396
114741478150368433,PROPAGANDA,0.9968475699424744
114741415042752014,PROPAGANDA,0.9964097142219543
114741169404332184,PROPAGANDA,0.9980852603912354
114739855566419753,NO_PROPAGANDA,0.9995700716972351
114739141404923452,NO_PROPAGANDA,0.9974602460861206
114739128116733021,PROPAGANDA,0.9981722831726074
114739026668148625,PROPAGANDA,0.9980911612510681
114739003459183372,PROPAGANDA,0.8626075387001038
114738848114096807,NO_PROPAGANDA,0.9948723912239075
114738729363742349,PROPAGANDA,0.9979829788208008
114738729363742349,PROPAGANDA,0.9981605410575867
114738685142153877,PROPAGANDA,0.9984230995178223
114738685142153877,PROPAGANDA,0.9983816146850586
114738685142153877,PROPAGANDA,0.9980706572532654
114738685142153877,PROPAGANDA,0.9984721541404724
114738685142153877,PROPAGANDA,0.9974835515022278
114738530800440064,PROPAGANDA,0.9981138706207275
114738530800440064,PROPAGANDA,0.9982182383537292
114738530800440064,PROPAGANDA,0.998383641242981
114738521695017472,NO_PROPAGANDA,0.9985790252685547
114738519652958827,NO_PROPAGANDA,0.9985785484313965
114738128058193093,NO_PROPAGANDA,0.8459299206733704
114738104789842114,NO_PROPAGANDA,0.9994814991950989
114737953503348541,NO_PROPAGANDA,0.996437668800354
114736702510423652,PROPAGANDA,0.9983645081520081
114736702510423652,PROPAGANDA,0.9843631386756897
114736609585800487,NO_PROPAGANDA,0.9989846348762512
114736289471368584,PROPAGANDA,0.9842016100883484
114736040152592105,NO_PROPAGANDA,0.9994057416915894
114736023113491933,PROPAGANDA,0.9980196952819824
114735940283355339,NO_PROPAGANDA,0.6753702759742737
114735824993417950,PROPAGANDA,0.998274564743042
114735727520741150,NO_PROPAGANDA,0.9995629191398621
114734934153569653,NO_PROPAGANDA,0.9985164999961853
114734934153569653,NO_PROPAGANDA,0.9925450682640076
114734934153569653,NO_PROPAGANDA,0.9871382713317871
114734462054466468,PROPAGANDA,0.9773719906806946
114734431573760700,NO_PROPAGANDA,0.9992672801017761
114734424268466099,PROPAGANDA,0.9965152740478516
114734424268466099,NO_PROPAGANDA,0.9961193799972534
114734021412822365,PROPAGANDA,0.9981004595756531
114734021412822365,PROPAGANDA,0.9984240531921387
114733380709403439,PROPAGANDA,0.9965803027153015
114733380709403439,PROPAGANDA,0.9972578883171082
114732962923492888,PROPAGANDA,0.9974086880683899
114728311939211877,PROPAGANDA,0.9982783794403076
114728311939211877,PROPAGANDA,0.9978524446487427
114728311939211877,PROPAGANDA,0.997902512550354
114728311939211877,PROPAGANDA,0.9984517097473145
114728311939211877,PROPAGANDA,0.9972991347312927
114732948019406900,NO_PROPAGANDA,0.9993027448654175
114732938285152785,NO_PROPAGANDA,0.7484155893325806
114732926352136813,NO_PROPAGANDA,0.9954774975776672
114730186433008075,PROPAGANDA,0.5889757871627808
114729086320228278,NO_PROPAGANDA,0.9945148229598999
114729050882763672,NO_PROPAGANDA,0.9953705668449402
114729009239087163,NO_PROPAGANDA,0.9211045503616333
114728970221252806,NO_PROPAGANDA,0.9942833781242371
114727722676535055,PROPAGANDA,0.9980190992355347
114724683855260695,NO_PROPAGANDA,0.999552309513092
114724124909451419,NO_PROPAGANDA,0.9982274174690247
114724122562432505,NO_PROPAGANDA,0.9982274174690247
114724035571020048,NO_PROPAGANDA,0.9848403334617615
114724016661152553,NO_PROPAGANDA,0.9848403334617615
114723536228494118,NO_PROPAGANDA,0.9814386963844299
114723363133178364,NO_PROPAGANDA,0.9995355606079102
114722976310902061,PROPAGANDA,0.9980712532997131
114722976310902061,PROPAGANDA,0.9974838495254517
114719075688538552,PROPAGANDA,0.9969649910926819
114718089639649418,PROPAGANDA,0.9945072531700134
114718072561660622,PROPAGANDA,0.9983034133911133
114718072561660622,PROPAGANDA,0.9961665272712708
114718072561660622,PROPAGANDA,0.9981992840766907
114717932061341718,PROPAGANDA,0.998134434223175
114717932061341718,NO_PROPAGANDA,0.9976663589477539
114717932061341718,NO_PROPAGANDA,0.9964020252227783
114717929371967424,PROPAGANDA,0.9976589679718018
114717929371967424,PROPAGANDA,0.9979280233383179
114717929371967424,PROPAGANDA,0.8442686200141907
114717929371967424,PROPAGANDA,0.9983612895011902
114717616770198206,NO_PROPAGANDA,0.7481157183647156
114717387393069944,NO_PROPAGANDA,0.9987332224845886
114717387393069944,PROPAGANDA,0.9984210729598999
114716806959439316,PROPAGANDA,0.9974982142448425
114715950565535905,PROPAGANDA,0.998387336730957
114715950565535905,PROPAGANDA,0.9974355101585388
114715729826234266,NO_PROPAGANDA,0.9830337166786194
114715718665126727,NO_PROPAGANDA,0.9750702381134033
114713649415085279,PROPAGANDA,0.9044808745384216
114713649415085279,PROPAGANDA,0.9984133243560791
114712969949709404,PROPAGANDA,0.9975536465644836
114712741765922456,NO_PROPAGANDA,0.9995841383934021
114712684243270785,NO_PROPAGANDA,0.9991486072540283
114712540442241175,PROPAGANDA,0.9938697814941406
114712523496772999,PROPAGANDA,0.9969621300697327
114712424314242751,NO_PROPAGANDA,0.9993904829025269
114712258815748546,NO_PROPAGANDA,0.7049733996391296
114711949674671760,NO_PROPAGANDA,0.9996059536933899
114711899645287088,NO_PROPAGANDA,0.8138136267662048
114711860495264455,NO_PROPAGANDA,0.8801785111427307
114711841928660368,PROPAGANDA,0.9978200197219849
114711204952191010,NO_PROPAGANDA,0.9848223924636841
114710716146853661,NO_PROPAGANDA,0.9996009469032288
114710405985383754,PROPAGANDA,0.9984691739082336
114710171329291791,NO_PROPAGANDA,0.999570906162262
114710162640808420,PROPAGANDA,0.9954831600189209
114710162640808420,PROPAGANDA,0.9979516863822937
114708015987777473,PROPAGANDA,0.9980372786521912
114707471801579663,PROPAGANDA,0.9966879487037659
114707090627277644,PROPAGANDA,0.9983370304107666
114707090627277644,PROPAGANDA,0.9979193806648254
114706526713002613,PROPAGANDA,0.9486368894577026
114706499373310642,PROPAGANDA,0.9979362487792969
114706490879434850,PROPAGANDA,0.9981478452682495
114706478430915163,PROPAGANDA,0.9982956051826477
114706428825072905,NO_PROPAGANDA,0.9995847344398499
114702166209750030,NO_PROPAGANDA,0.9994261264801025
114701503810958743,NO_PROPAGANDA,0.9942601919174194
114701503810958743,PROPAGANDA,0.9901402592658997
114700676310138971,NO_PROPAGANDA,0.9995172023773193
114699610769479275,PROPAGANDA,0.9899560213088989
114699514822488706,PROPAGANDA,0.9440532326698303
114699093232790756,PROPAGANDA,0.9983289837837219
114699091687288311,PROPAGANDA,0.9973228573799133
114698784693311065,PROPAGANDA,0.5175508856773376
114697964891587065,PROPAGANDA,0.9981185793876648
114696999897040583,PROPAGANDA,0.9891870617866516
114696663907260212,PROPAGANDA,0.9981487989425659
114695621681197460,PROPAGANDA,0.9977902173995972
114695595047194931,NO_PROPAGANDA,0.6292428970336914
114694914840652756,PROPAGANDA,0.9956448078155518
114695407357588413,PROPAGANDA,0.9983693957328796
114691752952220639,PROPAGANDA,0.9982607960700989
114691752952220639,PROPAGANDA,0.9908047914505005
114690267066155731,PROPAGANDA,0.9982103109359741
114690267066155731,PROPAGANDA,0.9883282780647278
114690267066155731,PROPAGANDA,0.9982293248176575
114690267066155731,PROPAGANDA,0.9982935786247253
114690267066155731,PROPAGANDA,0.9980916380882263
114690267066155731,PROPAGANDA,0.9980031847953796
114687664442020232,PROPAGANDA,0.8820382356643677
114687664442020232,PROPAGANDA,0.9907131791114807
114687664442020232,NO_PROPAGANDA,0.9275664687156677
114685507052179501,NO_PROPAGANDA,0.9974096417427063
114685424737399826,NO_PROPAGANDA,0.9969696402549744
114683261634430212,NO_PROPAGANDA,0.9993709921836853
114683261634430212,PROPAGANDA,0.9894263744354248
114682713948931541,PROPAGANDA,0.9981643557548523
114682186196359798,NO_PROPAGANDA,0.9979537725448608
114682045152197224,NO_PROPAGANDA,0.998055100440979
114682031038787625,NO_PROPAGANDA,0.9988897442817688
114675841423085927,NO_PROPAGANDA,0.9990448355674744
114675518227311570,NO_PROPAGANDA,0.9098622798919678
114675456780398208,PROPAGANDA,0.9892711639404297
114675456780398208,PROPAGANDA,0.9982921481132507
114672890392575865,PROPAGANDA,0.8983466029167175
114672816056718064,PROPAGANDA,0.9984486103057861
114672816056718064,PROPAGANDA,0.9983406066894531
114672684243705829,PROPAGANDA,0.9903250932693481
114672438335170335,NO_PROPAGANDA,0.9533416032791138
114671982391481893,PROPAGANDA,0.998417854309082
114671982391481893,PROPAGANDA,0.9984001517295837
114671706526373660,PROPAGANDA,0.9985015392303467
114671706526373660,PROPAGANDA,0.9958082437515259
114671706526373660,NO_PROPAGANDA,0.9991739392280579
114671658277148795,PROPAGANDA,0.9818882346153259
114670684664650262,PROPAGANDA,0.9982643723487854
114670486632619754,PROPAGANDA,0.9980244636535645
114670309710000195,PROPAGANDA,0.9981188178062439
114670272796747506,PROPAGANDA,0.9969513416290283
114670179740742664,PROPAGANDA,0.9974510073661804
114670085083632579,PROPAGANDA,0.99732506275177
114666915445156763,PROPAGANDA,0.9975551962852478
114665579368712289,PROPAGANDA,0.9940926432609558
114665433616155445,PROPAGANDA,0.978188157081604
114665067086649498,NO_PROPAGANDA,0.9990134239196777
114664867178522750,NO_PROPAGANDA,0.9988337159156799
114664649560601881,PROPAGANDA,0.9854524731636047
114664632971715644,NO_PROPAGANDA,0.99813312292099
114664350602686558,PROPAGANDA,0.9978106617927551
114664317659540633,PROPAGANDA,0.9908331036567688
114661881306639433,NO_PROPAGANDA,0.9988939166069031
114661875773869479,PROPAGANDA,0.9982983469963074
114661616289278861,PROPAGANDA,0.9978710412979126
114661611675544476,PROPAGANDA,0.9962847232818604
114661602710951888,PROPAGANDA,0.9984514713287354
114661594047511147,PROPAGANDA,0.9983627200126648
114661594047511147,NO_PROPAGANDA,0.9991726279258728
114660202617448574,PROPAGANDA,0.9983013868331909
114660196568628575,NO_PROPAGANDA,0.9961899518966675
114660052924717461,NO_PROPAGANDA,0.9845742583274841
114659367372751138,PROPAGANDA,0.9977896213531494
114659367372751138,PROPAGANDA,0.9967922568321228
114659078711716972,NO_PROPAGANDA,0.9978729486465454
114659061147166064,PROPAGANDA,0.9977796673774719
114659061147166064,PROPAGANDA,0.9967922568321228
114656580327959703,PROPAGANDA,0.9945072531700134
114422458760069491,NO_PROPAGANDA,0.993519127368927
114654893116531233,PROPAGANDA,0.9982512593269348
114654893116531233,NO_PROPAGANDA,0.9799322485923767
114654569890888217,PROPAGANDA,0.9894730448722839
114654277401980803,PROPAGANDA,0.9982730150222778
114654277401980803,PROPAGANDA,0.997236967086792
114651482271002772,PROPAGANDA,0.7071149945259094
114651470100085455,PROPAGANDA,0.6591199636459351
114651462358753429,PROPAGANDA,0.9973472356796265
114650947329138948,PROPAGANDA,0.998071014881134
114649780431129598,PROPAGANDA,0.9980097413063049
114649780431129598,NO_PROPAGANDA,0.9468413591384888
114646378582957392,PROPAGANDA,0.9959789514541626
114646378582957392,NO_PROPAGANDA,0.9922829270362854
114644899133296098,PROPAGANDA,0.9912182688713074
114643566832017351,PROPAGANDA,0.9980667233467102
114643062948888802,NO_PROPAGANDA,0.9993329644203186
114638898863359142,NO_PROPAGANDA,0.9986554384231567
114638762489499883,NO_PROPAGANDA,0.999605119228363
114615789779283288,PROPAGANDA,0.9976080656051636
114588676677846192,NO_PROPAGANDA,0.9991974234580994
114637838750311907,NO_PROPAGANDA,0.9995278120040894
114637837347707659,NO_PROPAGANDA,0.9993007183074951
114637837347707659,NO_PROPAGANDA,0.9986502528190613
114637373477221541,PROPAGANDA,0.9982262253761292
114637373477221541,PROPAGANDA,0.9944075345993042
114636826069773755,PROPAGANDA,0.9697763323783875
114636734825372318,PROPAGANDA,0.9896767735481262
114636703372425608,PROPAGANDA,0.9982091188430786
114636535351943737,NO_PROPAGANDA,0.9969823956489563
114636249329541108,PROPAGANDA,0.9981404542922974
114636148473122568,PROPAGANDA,0.9984191656112671
114636148473122568,PROPAGANDA,0.998324453830719
114632555927229642,PROPAGANDA,0.9981922507286072
114632206992330264,NO_PROPAGANDA,0.9728621244430542
114632205177163456,PROPAGANDA,0.9971956014633179
114631720913326891,NO_PROPAGANDA,0.9995158910751343
114631700173877454,NO_PROPAGANDA,0.9995765089988708
114631660775512688,NO_PROPAGANDA,0.9995765089988708
114631479329996984,NO_PROPAGANDA,0.5974496006965637
114631295762726849,NO_PROPAGANDA,0.9825183153152466
114631295762726849,NO_PROPAGANDA,0.998301088809967
114631295762726849,NO_PROPAGANDA,0.999583899974823
114627858736860268,NO_PROPAGANDA,0.9829761981964111
114626401432609274,NO_PROPAGANDA,0.6695600152015686
114626392475682581,PROPAGANDA,0.9483174085617065
114626383407680212,NO_PROPAGANDA,0.9993558526039124
114626383407680212,NO_PROPAGANDA,0.9992637038230896
114626383407680212,NO_PROPAGANDA,0.9992793202400208
114626260163622304,PROPAGANDA,0.9984003901481628
114626260163622304,NO_PROPAGANDA,0.9992178678512573
114626083142393611,NO_PROPAGANDA,0.9993558526039124
114626083142393611,NO_PROPAGANDA,0.9992637038230896
114626083142393611,NO_PROPAGANDA,0.9992793202400208
114625064616541014,PROPAGANDA,0.9976281523704529
114623678380515184,PROPAGANDA,0.9664243459701538
114623644825050017,PROPAGANDA,0.8680294752120972
114623632387180206,NO_PROPAGANDA,0.9902721047401428
114619648032728687,PROPAGANDA,0.9983524084091187
114619628833129608,NO_PROPAGANDA,0.9987722039222717
114617666432673584,PROPAGANDA,0.8422930836677551
114617654959425582,NO_PROPAGANDA,0.9983121156692505
114617605450196006,PROPAGANDA,0.9904766082763672
114616421679095002,NO_PROPAGANDA,0.9920356869697571
114616351910119498,PROPAGANDA,0.9961754083633423
114616348045430286,PROPAGANDA,0.9982978701591492
114616207227510153,PROPAGANDA,0.9982607960700989
114616207227510153,PROPAGANDA,0.9981908202171326
114616192602509494,PROPAGANDA,0.9984403252601624
114616192602509494,PROPAGANDA,0.9983478784561157
114616192602509494,PROPAGANDA,0.9983466863632202
114616192602509494,NO_PROPAGANDA,0.9995428323745728
114616063852488330,NO_PROPAGANDA,0.9884648323059082
114616038217949758,NO_PROPAGANDA,0.9989290833473206
114614695646992423,PROPAGANDA,0.9984164237976074
114614695646992423,NO_PROPAGANDA,0.6224257946014404
114609401400916551,PROPAGANDA,0.9982781410217285
114609088288599288,PROPAGANDA,0.9973130822181702
114608902357322907,NO_PROPAGANDA,0.9995802044868469
114608606195747467,PROPAGANDA,0.9945072531700134
114606254307800195,PROPAGANDA,0.9010282158851624
114605559474286180,NO_PROPAGANDA,0.9984601736068726
114605138646113482,NO_PROPAGANDA,0.9986819624900818
114604843743831040,PROPAGANDA,0.9818281531333923
114604190866906781,PROPAGANDA,0.9978328347206116
114604190866906781,PROPAGANDA,0.9969428181648254
114600725746969368,PROPAGANDA,0.5023623704910278
114602636801002520,PROPAGANDA,0.9982278943061829
114602629020606637,PROPAGANDA,0.9972769618034363
114599862399252900,NO_PROPAGANDA,0.9212881922721863
114599860448694296,NO_PROPAGANDA,0.9317503571510315
114599557006933759,PROPAGANDA,0.997797966003418
114599330494282325,PROPAGANDA,0.9970513582229614
114599417835206103,PROPAGANDA,0.9960744380950928
114599331546886838,PROPAGANDA,0.9961044788360596
114598871073067083,NO_PROPAGANDA,0.9993329644203186
114598642369146101,PROPAGANDA,0.9945072531700134
114598281297498204,PROPAGANDA,0.9981070756912231
114598269085729861,PROPAGANDA,0.9981243014335632
114598088958949368,NO_PROPAGANDA,0.9993184804916382
114597966895334541,PROPAGANDA,0.9980713725090027
114597874618991073,PROPAGANDA,0.9879902005195618
114597085726163793,PROPAGANDA,0.9980823993682861
114597726905289988,PROPAGANDA,0.9982478618621826
114597726905289988,NO_PROPAGANDA,0.9772493839263916
114596705340367716,PROPAGANDA,0.9975844621658325
114596705340367716,PROPAGANDA,0.9959924817085266
114594463510818001,NO_PROPAGANDA,0.9995538592338562
114593895018014960,PROPAGANDA,0.9788590669631958
114593880455063168,PROPAGANDA,0.9983705878257751
114593880455063168,PROPAGANDA,0.9982874989509583
114593880455063168,PROPAGANDA,0.9976832866668701
114593880455063168,PROPAGANDA,0.9969770908355713
114593880455063168,PROPAGANDA,0.9984586238861084
114593880455063168,PROPAGANDA,0.9984601736068726
114593880455063168,PROPAGANDA,0.997271716594696
114593467159196179,PROPAGANDA,0.9835367798805237
114588947311720532,NO_PROPAGANDA,0.9996100068092346
114588267526398401,PROPAGANDA,0.9983870983123779
114588267526398401,PROPAGANDA,0.9982659220695496
114587834569910458,NO_PROPAGANDA,0.9994213581085205
114587450000198620,PROPAGANDA,0.9893144369125366
114587450000198620,PROPAGANDA,0.894096851348877
114587449190015002,PROPAGANDA,0.9953966736793518
114587449190015002,PROPAGANDA,0.9982713460922241
114587448932259485,PROPAGANDA,0.9926567673683167
114587448932259485,PROPAGANDA,0.9970747232437134
114587447392412802,PROPAGANDA,0.9979915618896484
114587447106051612,PROPAGANDA,0.9973101615905762
114587447106051612,NO_PROPAGANDA,0.997665286064148
114587010981213926,PROPAGANDA,0.9690173864364624
114587010981213926,PROPAGANDA,0.9983217120170593
114586960080176462,PROPAGANDA,0.9949963092803955
114586226007898415,NO_PROPAGANDA,0.9986476302146912
114582141732207441,PROPAGANDA,0.9976847171783447
114582052493616430,PROPAGANDA,0.9982190728187561
114582051233743955,PROPAGANDA,0.9980040192604065
114582050209637823,PROPAGANDA,0.9982436895370483
114582050209637823,PROPAGANDA,0.9976175427436829
114582050209637823,PROPAGANDA,0.9972104430198669
114581970051938528,PROPAGANDA,0.9983769655227661
114581050750543458,PROPAGANDA,0.996535062789917
114580564427808609,PROPAGANDA,0.9956508278846741
114580018376822663,PROPAGANDA,0.9682676196098328
114580018376822663,NO_PROPAGANDA,0.998063862323761
114579949187402607,PROPAGANDA,0.9964187145233154
114579949187402607,PROPAGANDA,0.9981206059455872
114575749717831050,PROPAGANDA,0.9982631802558899
114575749717831050,PROPAGANDA,0.9982569813728333
114575749717831050,PROPAGANDA,0.9982333183288574
114574280556211991,NO_PROPAGANDA,0.9995390176773071
114574185207174304,PROPAGANDA,0.9984057545661926
114574126417705588,PROPAGANDA,0.9956964254379272
114574087342675789,PROPAGANDA,0.9976533055305481
114573960971600808,PROPAGANDA,0.9962297081947327
114573871728757682,PROPAGANDA,0.9984295964241028
114573871728757682,PROPAGANDA,0.9982407093048096
114573871728757682,PROPAGANDA,0.9983868598937988
114573871728757682,PROPAGANDA,0.7271720170974731
114573811251951785,PROPAGANDA,0.9984295964241028
114573811251951785,PROPAGANDA,0.99828040599823
114573811251951785,PROPAGANDA,0.9984021782875061
114573811251951785,PROPAGANDA,0.7271720170974731
114571369956761390,PROPAGANDA,0.9981354475021362
114571369956761390,PROPAGANDA,0.9983643889427185
114571149026549724,PROPAGANDA,0.9950820207595825
114571147521146559,PROPAGANDA,0.798295259475708
114570969019320314,PROPAGANDA,0.997725784778595
114570969019320314,PROPAGANDA,0.9983260035514832
114570968024837869,PROPAGANDA,0.9981550574302673
114570968024837869,PROPAGANDA,0.9948199391365051
114570967137329867,PROPAGANDA,0.9981327652931213
114570967137329867,PROPAGANDA,0.9982401132583618
114570966776768541,PROPAGANDA,0.9982337951660156
114570966776768541,PROPAGANDA,0.9983276724815369
114570775887793036,NO_PROPAGANDA,0.9995859265327454
114569972014269696,NO_PROPAGANDA,0.9986904263496399
114569053524453729,PROPAGANDA,0.9980827569961548
114566671392866950,NO_PROPAGANDA,0.9779713749885559
114566671392866950,NO_PROPAGANDA,0.9987444877624512
114563539540146112,NO_PROPAGANDA,0.997969925403595
114563536387902596,PROPAGANDA,0.9930775165557861
114559436943598657,NO_PROPAGANDA,0.9995537400245667
114558786117625961,PROPAGANDA,0.9963245987892151
114558783827880495,NO_PROPAGANDA,0.9974271655082703
114558783827880495,PROPAGANDA,0.996638298034668
114556968834547173,PROPAGANDA,0.9979953765869141
114556968834547173,NO_PROPAGANDA,0.999617338180542
114556874484491575,NO_PROPAGANDA,0.9995348453521729
114556558074574515,NO_PROPAGANDA,0.9978673458099365
114556494480941887,NO_PROPAGANDA,0.9995629191398621
114553874373379109,NO_PROPAGANDA,0.591340959072113
114553874373379109,NO_PROPAGANDA,0.9981579184532166
114553573338999017,NO_PROPAGANDA,0.9927431344985962
114552899639158114,PROPAGANDA,0.996192216873169
114552899639158114,PROPAGANDA,0.9839988350868225
114552682280589564,PROPAGANDA,0.9982376098632812
114552682280589564,PROPAGANDA,0.9984134435653687
114552682280589564,PROPAGANDA,0.9970044493675232
114551462787614405,PROPAGANDA,0.9983786344528198
114551462787614405,PROPAGANDA,0.9976353645324707
114551462787614405,PROPAGANDA,0.9983944296836853
114549529250052858,PROPAGANDA,0.9979503750801086
114548257487682819,NO_PROPAGANDA,0.9991586208343506
114548173601756486,NO_PROPAGANDA,0.9987657070159912
114548118858217926,NO_PROPAGANDA,0.9995750784873962
114542709133462503,PROPAGANDA,0.9983676075935364
114542709133462503,PROPAGANDA,0.9794369339942932
114541917095503331,PROPAGANDA,0.9980937838554382
114541915757167539,PROPAGANDA,0.9982166886329651
114541915757167539,PROPAGANDA,0.9983770847320557
114541915757167539,PROPAGANDA,0.9974355101585388
114540150008777841,PROPAGANDA,0.996258020401001
114536543500030486,PROPAGANDA,0.9975394010543823
114536534087665403,NO_PROPAGANDA,0.9965208768844604
114536528043211432,PROPAGANDA,0.9972411394119263
114535693441367601,NO_PROPAGANDA,0.998969316482544
114535693441367601,PROPAGANDA,0.9977596998214722
114535693441367601,NO_PROPAGANDA,0.9994588494300842
114534665591178846,PROPAGANDA,0.9983842372894287
114532867603994760,PROPAGANDA,0.997965931892395
114532867603994760,PROPAGANDA,0.9984425902366638
114532661695212310,PROPAGANDA,0.9933698177337646
114530973523345791,NO_PROPAGANDA,0.998749852180481
114529184615531808,PROPAGANDA,0.9981945157051086
114524826400186777,NO_PROPAGANDA,0.9993401169776917
114526479593964662,PROPAGANDA,0.9982896447181702
114526479593964662,PROPAGANDA,0.9982411861419678
114524060091132104,PROPAGANDA,0.9980102181434631
114523473765901913,PROPAGANDA,0.9983118772506714
114518493026564814,NO_PROPAGANDA,0.9988914132118225
114523811882470999,PROPAGANDA,0.9972867965698242
114523762104941397,NO_PROPAGANDA,0.9802129864692688
114523762104941397,NO_PROPAGANDA,0.9111360311508179
114523638623110397,NO_PROPAGANDA,0.9988490343093872
114523195208653918,PROPAGANDA,0.9977836012840271
114523195208653918,PROPAGANDA,0.9983508586883545
114523195208653918,PROPAGANDA,0.998474657535553
114519975763098371,PROPAGANDA,0.9980335831642151
114519965289784767,NO_PROPAGANDA,0.9994534850120544
114519940139500510,NO_PROPAGANDA,0.9989029169082642
114519933006186542,NO_PROPAGANDA,0.9993492960929871
114519753109701350,PROPAGANDA,0.9982086420059204
114519753109701350,PROPAGANDA,0.9983808994293213
114519753109701350,PROPAGANDA,0.9982617497444153
114519567610751944,PROPAGANDA,0.9981828331947327
114519155449905842,PROPAGANDA,0.9977301955223083
114519155449905842,PROPAGANDA,0.9984422326087952
114519155449905842,PROPAGANDA,0.998178243637085
114519155449905842,PROPAGANDA,0.9659132361412048
114518115625400272,PROPAGANDA,0.9977582693099976
114518115625400272,PROPAGANDA,0.9983322024345398
114517897638237566,PROPAGANDA,0.998426079750061
114517897638237566,PROPAGANDA,0.9922769069671631
114517896576879203,PROPAGANDA,0.9984343647956848
114517896576879203,PROPAGANDA,0.9982808828353882
114517773720445162,PROPAGANDA,0.9983367919921875
114517718765768352,PROPAGANDA,0.9545639753341675
114516603030095775,NO_PROPAGANDA,0.9994946718215942
114515613065520300,PROPAGANDA,0.9984190464019775
114511762010659631,NO_PROPAGANDA,0.9989569187164307
114511710554568353,PROPAGANDA,0.9983426332473755
114511710554568353,PROPAGANDA,0.9983043670654297
114511710554568353,PROPAGANDA,0.9969978332519531
114511710554568353,PROPAGANDA,0.9124040603637695
114511127013656727,NO_PROPAGANDA,0.9990808963775635
114507081704840744,PROPAGANDA,0.9678766131401062
114503502008248477,PROPAGANDA,0.9981125593185425
114503271564721427,PROPAGANDA,0.9981574416160583
114503286961115745,PROPAGANDA,0.9976407289505005
114503273823248249,NO_PROPAGANDA,0.9983671307563782
114503289790683514,NO_PROPAGANDA,0.9967854022979736
114503276771775504,NO_PROPAGANDA,0.9803690314292908
114503282584841270,PROPAGANDA,0.9961158037185669
114503203859060399,NO_PROPAGANDA,0.9980332255363464
114503203859060399,PROPAGANDA,0.9982503056526184
114502263160167723,NO_PROPAGANDA,0.9994813799858093
114501781259201749,NO_PROPAGANDA,0.9996017813682556
114501759958997511,PROPAGANDA,0.9977717995643616
114496851630865496,PROPAGANDA,0.9982724189758301
114498083205032077,PROPAGANDA,0.9950820207595825
114497679502484164,PROPAGANDA,0.9973329305648804
114497218878772156,PROPAGANDA,0.9977381229400635
114497218878772156,PROPAGANDA,0.9979828596115112
114497218878772156,PROPAGANDA,0.998306393623352
114497218878772156,PROPAGANDA,0.9962816834449768
114496961305632019,PROPAGANDA,0.998400866985321
114495946485549840,PROPAGANDA,0.9983534812927246
114495946485549840,PROPAGANDA,0.9851041436195374
114495946485549840,PROPAGANDA,0.9979115128517151
114495828046526222,PROPAGANDA,0.9982247948646545
114495819579444373,PROPAGANDA,0.9559374451637268
114495805003498315,NO_PROPAGANDA,0.998557984828949
114495789264464415,PROPAGANDA,0.9981264472007751
114495777170382544,PROPAGANDA,0.9977789521217346
114494372667836601,NO_PROPAGANDA,0.9988850951194763
114494359849751984,NO_PROPAGANDA,0.6567438244819641
114492082555622686,PROPAGANDA,0.9981978535652161
114491949696762931,PROPAGANDA,0.9983787536621094
114491594957458207,PROPAGANDA,0.9980543851852417
114491594957458207,PROPAGANDA,0.9969673752784729
114491534347862682,PROPAGANDA,0.9978585839271545
114491534347862682,PROPAGANDA,0.9983628392219543
114491534347862682,PROPAGANDA,0.9973704814910889
114491534347862682,PROPAGANDA,0.9981124401092529
114490623566091525,PROPAGANDA,0.9914417862892151
114490604608562822,PROPAGANDA,0.9983555674552917
114490277514269016,PROPAGANDA,0.9984758496284485
114490277514269016,PROPAGANDA,0.9982306361198425
114490093180275292,NO_PROPAGANDA,0.9980286955833435
114490093180275292,PROPAGANDA,0.9195923805236816
114486249003156970,PROPAGANDA,0.9970025420188904
114487222858029279,PROPAGANDA,0.7145336866378784
114487210304050642,PROPAGANDA,0.9968738555908203
114487190752990599,PROPAGANDA,0.9982000589370728
114487190752990599,NO_PROPAGANDA,0.9979559183120728
114487151591253235,PROPAGANDA,0.9982041120529175
114487151591253235,NO_PROPAGANDA,0.9979559183120728
114486066663976973,NO_PROPAGANDA,0.9985802173614502
114484272669802796,NO_PROPAGANDA,0.9976477026939392
114484269924159482,NO_PROPAGANDA,0.999454915523529
114484265663388527,PROPAGANDA,0.9983490705490112
114484265663388527,PROPAGANDA,0.9391468167304993
114483405683675564,NO_PROPAGANDA,0.9995361566543579
114480839195032975,PROPAGANDA,0.9984350800514221
114480087342467417,PROPAGANDA,0.9982624650001526
114480087342467417,NO_PROPAGANDA,0.523369550704956
114480048504802354,PROPAGANDA,0.9983600974082947
114480048117794658,PROPAGANDA,0.998053789138794
114480047403137321,PROPAGANDA,0.9983848333358765
114480047403137321,PROPAGANDA,0.994692862033844
114480045872688080,PROPAGANDA,0.9980475902557373
114480037543029538,PROPAGANDA,0.9983491897583008
114478780390671313,PROPAGANDA,0.9980317950248718
114478780390671313,PROPAGANDA,0.9976518750190735
114478777761818193,PROPAGANDA,0.9981936812400818
114478160839858570,PROPAGANDA,0.9984083771705627
114478129470076553,NO_PROPAGANDA,0.9959611296653748
114477930037382424,NO_PROPAGANDA,0.9498506784439087
114477701321152097,PROPAGANDA,0.9984835982322693
114477628854583525,NO_PROPAGANDA,0.9996386766433716
114477610338144415,NO_PROPAGANDA,0.9994089603424072
114474760680232575,PROPAGANDA,0.9975059628486633
114474584669905764,NO_PROPAGANDA,0.9982717037200928
114474584669905764,NO_PROPAGANDA,0.6010810732841492
114474584669905764,NO_PROPAGANDA,0.9993444085121155
114474472707126728,PROPAGANDA,0.9436850547790527
114474472453521323,PROPAGANDA,0.9982335567474365
114474471365155157,PROPAGANDA,0.9973358511924744
114474470666888173,PROPAGANDA,0.998362123966217
114474470016240455,PROPAGANDA,0.9983012080192566
114474469364898946,PROPAGANDA,0.9980777502059937
114474468725706522,PROPAGANDA,0.998185932636261
114474468098464790,PROPAGANDA,0.9982622265815735
114474467319531911,PROPAGANDA,0.9976511597633362
114474467319531911,PROPAGANDA,0.9982538819313049
114474466584246331,PROPAGANDA,0.9975057244300842
114474465286880800,PROPAGANDA,0.9975578784942627
114474464809294039,PROPAGANDA,0.9977474808692932
114474464809294039,PROPAGANDA,0.9490267634391785
114474417554010988,PROPAGANDA,0.9793709516525269
114474136794655068,NO_PROPAGANDA,0.9968217611312866
114474136794655068,NO_PROPAGANDA,0.9987267851829529
114474136573150113,PROPAGANDA,0.998492956161499
114473380014194441,PROPAGANDA,0.9928151369094849
114472802068018414,PROPAGANDA,0.9977120161056519
114472802068018414,NO_PROPAGANDA,0.9946621060371399
114471776222344399,PROPAGANDA,0.9979777932167053
114471750357100883,PROPAGANDA,0.9959359169006348
114471687266303772,NO_PROPAGANDA,0.8606279492378235
114471661029075259,NO_PROPAGANDA,0.9991864562034607
114471558043712137,PROPAGANDA,0.7364351153373718
114469488580251681,PROPAGANDA,0.9981983304023743
114468755257430424,PROPAGANDA,0.9980463981628418
114468502752133916,PROPAGANDA,0.9982531666755676
114468502752133916,PROPAGANDA,0.991156816482544
114468288296746153,PROPAGANDA,0.9950742125511169
114468257803426979,NO_PROPAGANDA,0.999500036239624
114468174830884590,NO_PROPAGANDA,0.9996317625045776
114466868060900843,PROPAGANDA,0.9980719089508057
114466820318104255,PROPAGANDA,0.9976152181625366
114466820318104255,PROPAGANDA,0.998451828956604
114466820318104255,PROPAGANDA,0.9983188509941101
114466802601303034,NO_PROPAGANDA,0.999229907989502
114464206114299371,NO_PROPAGANDA,0.9993995428085327
114463623151906341,PROPAGANDA,0.998134970664978
114463623151906341,PROPAGANDA,0.5725562572479248
114463589898854957,PROPAGANDA,0.9965599179267883
114463344803228045,NO_PROPAGANDA,0.9991219639778137
114463309556144556,PROPAGANDA,0.9983117580413818
114462869802626948,PROPAGANDA,0.9873510003089905
114462869802626948,PROPAGANDA,0.9980320334434509
114462869560496665,PROPAGANDA,0.9930399656295776
114462869560496665,PROPAGANDA,0.8778387904167175
114462868808829711,PROPAGANDA,0.9975829124450684
114462868808829711,NO_PROPAGANDA,0.938200056552887
114462868084205660,PROPAGANDA,0.9984205961227417
114462868084205660,PROPAGANDA,0.9978572726249695
114462867354665095,PROPAGANDA,0.9973216652870178
114462867354665095,NO_PROPAGANDA,0.956202507019043
114462557388994627,NO_PROPAGANDA,0.9995326995849609
114462513304037389,NO_PROPAGANDA,0.9989307522773743
114462513304037389,NO_PROPAGANDA,0.8165547251701355
114462406492811838,NO_PROPAGANDA,0.999504566192627
114462333132374383,PROPAGANDA,0.9891453981399536
114461575736468146,NO_PROPAGANDA,0.9988968372344971
114461575736468146,PROPAGANDA,0.9911138415336609
114458094742048024,NO_PROPAGANDA,0.9993902444839478
114461333871544277,NO_PROPAGANDA,0.987121045589447
114461327233567337,NO_PROPAGANDA,0.9995056390762329
114458145511409310,PROPAGANDA,0.9982176423072815
114458100604424846,PROPAGANDA,0.9966496825218201
114458023850536968,NO_PROPAGANDA,0.999618649482727
114457993936599790,PROPAGANDA,0.9962835907936096
114457993936599790,PROPAGANDA,0.9982830286026001
114457993936599790,PROPAGANDA,0.9910145401954651
114457992767716636,PROPAGANDA,0.998120129108429
114457992767716636,PROPAGANDA,0.9983507394790649
114457666559426766,PROPAGANDA,0.9925296902656555
114457666559426766,NO_PROPAGANDA,0.9981122016906738
114457666559426766,PROPAGANDA,0.9974355101585388
114456528966782457,NO_PROPAGANDA,0.9996324777603149
114456520145752092,NO_PROPAGANDA,0.999589741230011
114456026572229510,PROPAGANDA,0.9121840596199036
114455976603502389,PROPAGANDA,0.9896305203437805
114455860282159313,NO_PROPAGANDA,0.9986245632171631
114455860282159313,PROPAGANDA,0.997512698173523
114455776425590388,NO_PROPAGANDA,0.9995324611663818
114455616542958903,NO_PROPAGANDA,0.9768964648246765
114455608513522948,NO_PROPAGANDA,0.9511451125144958
114452877224020351,PROPAGANDA,0.9983640313148499
114452117143235155,PROPAGANDA,0.9982553124427795
114452117143235155,NO_PROPAGANDA,0.9981772899627686
114452025916969327,PROPAGANDA,0.9984844326972961
114452025916969327,PROPAGANDA,0.9984506368637085
114452025916969327,PROPAGANDA,0.9981924891471863
114451972448301240,PROPAGANDA,0.9973899722099304
114451970991645838,PROPAGANDA,0.9950820207595825
114451070372643732,PROPAGANDA,0.9984160661697388
114450740029144099,NO_PROPAGANDA,0.9995765089988708
114450726968071164,NO_PROPAGANDA,0.9995689988136292
114450707221467337,PROPAGANDA,0.9982631802558899
114450692045400819,NO_PROPAGANDA,0.994839608669281
114450683496592465,NO_PROPAGANDA,0.9993643164634705
114442321106427795,PROPAGANDA,0.9984138011932373
114438330555648164,NO_PROPAGANDA,0.9957565665245056
114439107916833647,PROPAGANDA,0.9970486760139465
114439099692439204,NO_PROPAGANDA,0.9942249655723572
114438304481024140,NO_PROPAGANDA,0.9931424856185913
114437989795464761,PROPAGANDA,0.9981147050857544
114436168298983317,PROPAGANDA,0.9903321862220764
114436168298983317,PROPAGANDA,0.9863400459289551
114436165701323476,PROPAGANDA,0.8086155652999878
114436142904738936,PROPAGANDA,0.9984215497970581
114436142904738936,PROPAGANDA,0.99504554271698
114436142904738936,PROPAGANDA,0.9983658194541931
114436142904738936,PROPAGANDA,0.9984336495399475
114436142904738936,PROPAGANDA,0.9980838298797607
114435902192931017,NO_PROPAGANDA,0.998783528804779
114435902192931017,NO_PROPAGANDA,0.9981716871261597
114435073705713456,NO_PROPAGANDA,0.9693421125411987
114433959082847679,NO_PROPAGANDA,0.9995383024215698
114433942825461076,NO_PROPAGANDA,0.9610381722450256
114433942825461076,PROPAGANDA,0.997724711894989
114432976140064253,NO_PROPAGANDA,0.9993389248847961
114432954072144063,NO_PROPAGANDA,0.9901148080825806
114429927898017911,PROPAGANDA,0.9979555606842041
114427400349569499,NO_PROPAGANDA,0.9993919134140015
114427214911868233,PROPAGANDA,0.9983683228492737
114427214911868233,PROPAGANDA,0.9983131885528564
114427214911868233,PROPAGANDA,0.9983834028244019
114427214911868233,PROPAGANDA,0.998235821723938
114427137926930516,PROPAGANDA,0.9983683228492737
114427137926930516,PROPAGANDA,0.9983131885528564
114427137926930516,PROPAGANDA,0.9983834028244019
114427137926930516,PROPAGANDA,0.998235821723938
114427089568235019,PROPAGANDA,0.9965699911117554
114423346072431156,PROPAGANDA,0.9962695837020874
114422079545251980,PROPAGANDA,0.9393962025642395
114422033648855386,PROPAGANDA,0.9962612986564636
114421994793893090,PROPAGANDA,0.9974306225776672
114421964827021828,PROPAGANDA,0.9979619979858398
114421957758661888,PROPAGANDA,0.9952524900436401
114421954020400846,PROPAGANDA,0.997463583946228
114421954020400846,PROPAGANDA,0.9978829026222229
114421928785432623,PROPAGANDA,0.9981374740600586
114421922580096394,PROPAGANDA,0.9978679418563843
114421921447347549,NO_PROPAGANDA,0.9640198945999146
114421883134626921,NO_PROPAGANDA,0.999612033367157
114421868853801846,PROPAGANDA,0.9974812865257263
114421856443198074,NO_PROPAGANDA,0.9991253018379211
114421826540167059,PROPAGANDA,0.9977351427078247
114421805011603196,NO_PROPAGANDA,0.6658661961555481
114421780282411315,NO_PROPAGANDA,0.9991017580032349
114421764021968021,PROPAGANDA,0.9981188178062439
114421737602815558,NO_PROPAGANDA,0.8955432176589966
114421724824943399,PROPAGANDA,0.9962061643600464
114421712482899408,NO_PROPAGANDA,0.9987587928771973
114421694015203048,NO_PROPAGANDA,0.9995112419128418
114421671249396448,NO_PROPAGANDA,0.9996129870414734
114421633366824263,NO_PROPAGANDA,0.9994615912437439
114421606759697277,NO_PROPAGANDA,0.9991627931594849
114421082367450202,NO_PROPAGANDA,0.8335220217704773
114419185611217033,PROPAGANDA,0.9324312210083008
114419175691843654,PROPAGANDA,0.9967875480651855
114418229780158440,PROPAGANDA,0.9982098340988159
114415903776055788,NO_PROPAGANDA,0.9996216297149658
114417662551888762,PROPAGANDA,0.9982566237449646
114417662061589259,PROPAGANDA,0.9982566237449646
114417364027219606,PROPAGANDA,0.9974429607391357
114417364027219606,PROPAGANDA,0.9780243635177612
114417332210818903,NO_PROPAGANDA,0.9971643090248108
114417332210818903,PROPAGANDA,0.9974695444107056
114377783798888758,PROPAGANDA,0.9982580542564392
114377783798888758,PROPAGANDA,0.9972171783447266
114417114971503482,PROPAGANDA,0.9982561469078064
114417114971503482,NO_PROPAGANDA,0.9982048273086548
114417102068372350,PROPAGANDA,0.9981178045272827
114417101345799325,PROPAGANDA,0.9974217414855957
114417100472347708,PROPAGANDA,0.9980394244194031
114417100472347708,PROPAGANDA,0.9872511625289917
114416887168755037,PROPAGANDA,0.9894512295722961
114415618596069518,PROPAGANDA,0.9977867603302002
114415618596069518,PROPAGANDA,0.9526230692863464
114414928875781139,PROPAGANDA,0.9975282549858093
114414895289941753,PROPAGANDA,0.998157799243927
114414863742664682,PROPAGANDA,0.9975866079330444
114414863742664682,PROPAGANDA,0.99830162525177
114414863742664682,PROPAGANDA,0.9983579516410828
114412405334656020,PROPAGANDA,0.9982886910438538
114412380099590919,PROPAGANDA,0.9968861937522888
114412380099590919,PROPAGANDA,0.9969215989112854
114411308844416576,PROPAGANDA,0.9981904625892639
114411308844416576,PROPAGANDA,0.9983300566673279
114411159111822314,PROPAGANDA,0.9979006052017212
114411159111822314,PROPAGANDA,0.9953872561454773
114411157925493893,PROPAGANDA,0.9968224763870239
114410073592204291,NO_PROPAGANDA,0.9967442750930786
114410037014364322,NO_PROPAGANDA,0.9841729402542114
114406186212473866,PROPAGANDA,0.9984197616577148
114406186212473866,PROPAGANDA,0.9737594723701477
114406185820566958,NO_PROPAGANDA,0.9985285997390747
114404524335638236,PROPAGANDA,0.9983657002449036
114404524335638236,PROPAGANDA,0.9983004927635193
114404524335638236,PROPAGANDA,0.9980631470680237
114404524335638236,PROPAGANDA,0.9973660111427307
114400805703099287,PROPAGANDA,0.9979639053344727
114400583767375750,PROPAGANDA,0.9981932044029236
114400448382660700,PROPAGANDA,0.9925387501716614
114400030944429028,NO_PROPAGANDA,0.9957371950149536
114399870830051429,PROPAGANDA,0.9967058300971985
114398053438634680,NO_PROPAGANDA,0.9989287257194519
114398045845237473,NO_PROPAGANDA,0.9985724687576294
114393736523039807,PROPAGANDA,0.8853647708892822
114393736523039807,NO_PROPAGANDA,0.8064499497413635
114393469355437462,PROPAGANDA,0.9951818585395813
114393275364471638,PROPAGANDA,0.9983367919921875
114393194962253226,PROPAGANDA,0.9984814524650574
114393194962253226,PROPAGANDA,0.9984311461448669
114392937947872770,NO_PROPAGANDA,0.9891090393066406
114392923237368367,NO_PROPAGANDA,0.996422290802002
114392734082544469,PROPAGANDA,0.9926493763923645
114392724515353626,PROPAGANDA,0.9983305335044861
114388111141848447,NO_PROPAGANDA,0.9988418221473694
114388111141848447,PROPAGANDA,0.9974422454833984
114388111141848447,PROPAGANDA,0.98586106300354
114388111141848447,PROPAGANDA,0.9979857206344604
114387538306195784,PROPAGANDA,0.9984024167060852
114387538306195784,PROPAGANDA,0.9984714388847351
114382687269815844,PROPAGANDA,0.9975456595420837
114382248962521077,NO_PROPAGANDA,0.9995742440223694
114381682443037273,NO_PROPAGANDA,0.9987164735794067
114379314291410399,NO_PROPAGANDA,0.9993031024932861
114378371957337028,PROPAGANDA,0.9982921481132507
114378317437182332,PROPAGANDA,0.9984499216079712
114378287917044509,PROPAGANDA,0.998005211353302
114378035138845295,PROPAGANDA,0.9984160661697388
114378035138845295,PROPAGANDA,0.998191773891449
114377993807616549,PROPAGANDA,0.9981302618980408
114377993807616549,PROPAGANDA,0.9981493949890137
114377993807616549,PROPAGANDA,0.9982118606567383
114377993063822566,PROPAGANDA,0.9950746893882751
114377719179993844,NO_PROPAGANDA,0.9990215301513672
114376655236734018,NO_PROPAGANDA,0.9995555281639099
114376655236734018,NO_PROPAGANDA,0.9993293285369873
114376655236734018,NO_PROPAGANDA,0.9993733763694763
114376239725335883,PROPAGANDA,0.9983118772506714
114376239725335883,NO_PROPAGANDA,0.9984606504440308
114375838396081159,NO_PROPAGANDA,0.9987057447433472
114372351596556599,NO_PROPAGANDA,0.9957031607627869
114372350378942829,PROPAGANDA,0.9965322017669678
114372349322321344,PROPAGANDA,0.9982889294624329
114372349322321344,PROPAGANDA,0.9983577132225037
114372346621591852,NO_PROPAGANDA,0.9993005990982056
114372341048664554,NO_PROPAGANDA,0.998776376247406
114226364881308099,PROPAGANDA,0.9965652823448181
114226364881308099,PROPAGANDA,0.9722723960876465
114372165978000486,NO_PROPAGANDA,0.9988607168197632
114372126396548824,NO_PROPAGANDA,0.9812647700309753
114372102982066647,NO_PROPAGANDA,0.8293855786323547
114372085732582216,PROPAGANDA,0.9928829669952393
114372052807631514,PROPAGANDA,0.9953407049179077
114372038178954425,PROPAGANDA,0.9897215962409973
114370637123886922,PROPAGANDA,0.9977172613143921
114370361342759621,PROPAGANDA,0.9984055161476135
114370361342759621,PROPAGANDA,0.9984436631202698
114370361342759621,PROPAGANDA,0.9983056783676147
114370333902322250,NO_PROPAGANDA,0.9893084764480591
114367378741589101,PROPAGANDA,0.9911442399024963
114367252307184336,PROPAGANDA,0.9984475374221802
114366947795800699,NO_PROPAGANDA,0.9996086955070496
114361211919694573,PROPAGANDA,0.9981960654258728
114360632714487285,NO_PROPAGANDA,0.9994564652442932
114360632714487285,NO_PROPAGANDA,0.9781811833381653
114359040827344338,PROPAGANDA,0.9946611523628235
114359025219551578,PROPAGANDA,0.9976921081542969
114357043475202498,NO_PROPAGANDA,0.9980542659759521
114355616823261590,PROPAGANDA,0.9925177097320557
114355616823261590,PROPAGANDA,0.9976809024810791
114354225021338752,NO_PROPAGANDA,0.9994437098503113
114353534045469485,PROPAGANDA,0.9977376461029053
114353467767721095,PROPAGANDA,0.998234748840332
114353201227355474,NO_PROPAGANDA,0.9988206028938293
114353130958010667,PROPAGANDA,0.9788097739219666
114353130958010667,PROPAGANDA,0.9982200264930725
114352766082542122,PROPAGANDA,0.9977384805679321
114351199803141298,PROPAGANDA,0.9981141090393066
114349929882626042,NO_PROPAGANDA,0.9993923902511597
114349929882626042,NO_PROPAGANDA,0.9904407262802124
114349929882626042,NO_PROPAGANDA,0.999030351638794
114349871024459620,PROPAGANDA,0.9981973767280579
114349871024459620,PROPAGANDA,0.9984147548675537
114349841902096375,NO_PROPAGANDA,0.998816728591919
114348450615002470,PROPAGANDA,0.99826979637146
114348224335547565,NO_PROPAGANDA,0.855561375617981
114347397237866545,PROPAGANDA,0.9983704686164856
114347313852363347,PROPAGANDA,0.9984285235404968
114347313852363347,PROPAGANDA,0.9985089898109436
114347313852363347,PROPAGANDA,0.9981653094291687
114347128422370864,NO_PROPAGANDA,0.9983890056610107
114345526663892197,NO_PROPAGANDA,0.6244506239891052
114345470440861946,PROPAGANDA,0.9981650710105896
114342518862792060,PROPAGANDA,0.9984086155891418
114342518862792060,PROPAGANDA,0.9942387342453003
114342374504628520,PROPAGANDA,0.998306393623352
114341848091430549,NO_PROPAGANDA,0.9986705780029297
114341773968885783,PROPAGANDA,0.9829494953155518
114339966797907461,NO_PROPAGANDA,0.9991175532341003
114338831106475110,PROPAGANDA,0.9983651041984558
114338831106475110,PROPAGANDA,0.9983031749725342
114338375079660274,PROPAGANDA,0.625444769859314
114333875444620545,NO_PROPAGANDA,0.9994695782661438
114336879485867419,NO_PROPAGANDA,0.9993926286697388
114336740381919950,NO_PROPAGANDA,0.8531663417816162
114336723764365914,PROPAGANDA,0.9982619881629944
114336723764365914,PROPAGANDA,0.9983127117156982
114336642481948430,NO_PROPAGANDA,0.9965161085128784
114336566283341937,NO_PROPAGANDA,0.9987276196479797
114334087867258791,PROPAGANDA,0.9982364177703857
114333660655935996,NO_PROPAGANDA,0.9979864358901978
114333660655935996,PROPAGANDA,0.9982195496559143
114333660655935996,PROPAGANDA,0.9948362112045288
114333660655935996,PROPAGANDA,0.9981474876403809
114333659248371323,PROPAGANDA,0.998245120048523
114333659248371323,NO_PROPAGANDA,0.9037502408027649
114333344307437413,PROPAGANDA,0.9981167316436768
114327412368866177,NO_PROPAGANDA,0.9982465505599976
114333582402241548,PROPAGANDA,0.998252809047699
114333582402241548,PROPAGANDA,0.996875524520874
114332342610034728,PROPAGANDA,0.9981648325920105
114332342610034728,PROPAGANDA,0.6826620101928711
114332337028519855,PROPAGANDA,0.9898967742919922
114332337028519855,PROPAGANDA,0.9977365732192993
114332337028519855,PROPAGANDA,0.9975392818450928
114327375256344311,PROPAGANDA,0.9984042048454285
114327375256344311,PROPAGANDA,0.9981433153152466
114319263138009661,NO_PROPAGANDA,0.9932025074958801
114321989500112442,PROPAGANDA,0.9573236703872681
114321895832364816,PROPAGANDA,0.9978474378585815
114320325008375266,NO_PROPAGANDA,0.999437153339386
114320315581878640,PROPAGANDA,0.9972937703132629
114320258692162203,NO_PROPAGANDA,0.9972537159919739
114320245355397433,NO_PROPAGANDA,0.9996224641799927
114320245355397433,NO_PROPAGANDA,0.9988948702812195
114320245355397433,NO_PROPAGANDA,0.9982143640518188
114320245355397433,NO_PROPAGANDA,0.999336302280426
114320245355397433,NO_PROPAGANDA,0.998627781867981
114320245355397433,NO_PROPAGANDA,0.9993999004364014
114320244770957852,PROPAGANDA,0.9984246492385864
114320244770957852,NO_PROPAGANDA,0.9556239247322083
114320244770957852,NO_PROPAGANDA,0.9991039633750916
114320237164839938,NO_PROPAGANDA,0.9996304512023926
114320237164839938,NO_PROPAGANDA,0.981465220451355
114320237164839938,NO_PROPAGANDA,0.9945354461669922
114320237164839938,NO_PROPAGANDA,0.9991351962089539
114320237164839938,NO_PROPAGANDA,0.9978724718093872
114320236639062571,PROPAGANDA,0.9982830286026001
114320236639062571,NO_PROPAGANDA,0.9996377229690552
114320236639062571,NO_PROPAGANDA,0.9979671835899353
114320236639062571,NO_PROPAGANDA,0.9895884990692139
114319659315817918,PROPAGANDA,0.9964317083358765
114319592702753512,PROPAGANDA,0.9982518553733826
114319533589155171,PROPAGANDA,0.5267207026481628
114316199673595819,PROPAGANDA,0.9979865550994873
114316141098255318,PROPAGANDA,0.992216944694519
114316141098255318,PROPAGANDA,0.9941955208778381
114316139821071778,PROPAGANDA,0.9468109011650085
114316139821071778,NO_PROPAGANDA,0.7443361878395081
114316044643910190,PROPAGANDA,0.9739609956741333
114316044643910190,PROPAGANDA,0.9969507455825806
114316044192204977,PROPAGANDA,0.9980254173278809
114315902995818386,PROPAGANDA,0.9980712532997131
114315902995818386,PROPAGANDA,0.9984459280967712
114315881639906095,PROPAGANDA,0.9968254566192627
114315881639906095,PROPAGANDA,0.9983274340629578
114315219437063160,PROPAGANDA,0.9983830451965332
114315219437063160,PROPAGANDA,0.9850620031356812
114314374220244880,PROPAGANDA,0.997897744178772
114313927527638500,PROPAGANDA,0.9983599781990051
114313667304867320,PROPAGANDA,0.9968295693397522
114311845711297973,NO_PROPAGANDA,0.9971326589584351
114311731810349533,NO_PROPAGANDA,0.9996217489242554
114311567036095643,NO_PROPAGANDA,0.9989675283432007
114310370550367017,NO_PROPAGANDA,0.9991698265075684
114310188132445566,PROPAGANDA,0.9967488050460815
114309144289505174,PROPAGANDA,0.9979636669158936
114309144289505174,NO_PROPAGANDA,0.9965599179267883
114309144289505174,NO_PROPAGANDA,0.9994487166404724
114308898654506738,PROPAGANDA,0.9979028701782227
114308898654506738,PROPAGANDA,0.9980966448783875
114308898654506738,PROPAGANDA,0.9307025074958801
114308272725981913,NO_PROPAGANDA,0.999514102935791
114308258545250117,PROPAGANDA,0.9960678815841675
114308228615083777,NO_PROPAGANDA,0.9802179336547852
114308121820846336,PROPAGANDA,0.9980438947677612
114307883361614427,PROPAGANDA,0.9982874989509583
114307832213562859,NO_PROPAGANDA,0.9971113204956055
114305454562761253,PROPAGANDA,0.9970721006393433
114305448331638991,PROPAGANDA,0.9901277422904968
114305433728064974,PROPAGANDA,0.9843713641166687
114304634655292901,PROPAGANDA,0.998016357421875
114304476490205414,PROPAGANDA,0.9958042502403259
114302876029283093,NO_PROPAGANDA,0.9995154142379761
114302499965852704,PROPAGANDA,0.969181478023529
114302499965852704,PROPAGANDA,0.9781870245933533
114302499965852704,NO_PROPAGANDA,0.9971932768821716
114302486798524913,NO_PROPAGANDA,0.9982479810714722
114299368234840539,PROPAGANDA,0.9977108240127563
114299054674051787,NO_PROPAGANDA,0.9995676875114441
114299013914300863,NO_PROPAGANDA,0.9986761212348938
114298964268045690,NO_PROPAGANDA,0.9786074161529541
114298964268045690,PROPAGANDA,0.9982109069824219
114298249002673077,NO_PROPAGANDA,0.9990781545639038
114297331052690348,PROPAGANDA,0.9969589710235596
114297331052690348,NO_PROPAGANDA,0.9995861649513245
114297166113853713,PROPAGANDA,0.9890596866607666
114297149364879462,NO_PROPAGANDA,0.9985384941101074
114297114613050884,NO_PROPAGANDA,0.9979779124259949
114297103010119126,NO_PROPAGANDA,0.9992061257362366
114297095185812879,NO_PROPAGANDA,0.999480664730072
114297089462047332,NO_PROPAGANDA,0.9469926953315735
114297073854983088,NO_PROPAGANDA,0.9996129870414734
114297065230841780,NO_PROPAGANDA,0.9988234639167786
114297055955956469,PROPAGANDA,0.9905515909194946
114296933498836216,NO_PROPAGANDA,0.8235421180725098
114296909356614075,NO_PROPAGANDA,0.9986321330070496
114296801411259400,PROPAGANDA,0.998091995716095
114296287858068040,PROPAGANDA,0.998236894607544
114296287858068040,PROPAGANDA,0.9982981085777283
114293581018893404,PROPAGANDA,0.9966116547584534
114287485415940651,NO_PROPAGANDA,0.9996160268783569
114287474604619244,NO_PROPAGANDA,0.9995918869972229
114285375813275308,PROPAGANDA,0.9983000159263611
114282305980898453,PROPAGANDA,0.9978272318840027
114281864005346951,NO_PROPAGANDA,0.9984059929847717
114280893859636366,NO_PROPAGANDA,0.9969266057014465
114280893859636366,NO_PROPAGANDA,0.9982346296310425
114280322706682564,PROPAGANDA,0.9977045655250549
114280292618523684,NO_PROPAGANDA,0.9929628968238831
114279915827492021,PROPAGANDA,0.9974047541618347
114279844695644343,NO_PROPAGANDA,0.9963659048080444
114279804302912092,NO_PROPAGANDA,0.9984294772148132
114279756371714617,PROPAGANDA,0.9973315000534058
114277430639309106,PROPAGANDA,0.9983657002449036
114277430639309106,PROPAGANDA,0.9861273765563965
114277430639309106,PROPAGANDA,0.9964160919189453
114275636283855793,NO_PROPAGANDA,0.9942114949226379
114275114958079107,NO_PROPAGANDA,0.9899519085884094
114274050526883988,PROPAGANDA,0.9980801343917847
114270538820142872,PROPAGANDA,0.998286783695221
114270538820142872,NO_PROPAGANDA,0.9874818325042725
114269214484216882,PROPAGANDA,0.8494896292686462
114268708154085693,PROPAGANDA,0.9983294606208801
114268668984265677,PROPAGANDA,0.9962165951728821
114266599439835683,PROPAGANDA,0.9984257221221924
114266599439835683,PROPAGANDA,0.998394787311554
114266599439835683,PROPAGANDA,0.998407781124115
114265988202750791,PROPAGANDA,0.9952680468559265
114265493906125093,PROPAGANDA,0.9984264373779297
114265460175109325,NO_PROPAGANDA,0.9950189590454102
114265353051503359,PROPAGANDA,0.9953277111053467
114265268833712885,PROPAGANDA,0.9983951449394226
114264713687236941,NO_PROPAGANDA,0.9921453595161438
114264667777137553,NO_PROPAGANDA,0.9996442794799805
114264667777137553,NO_PROPAGANDA,0.9930036664009094
114264667777137553,NO_PROPAGANDA,0.994857907295227
114264667777137553,NO_PROPAGANDA,0.9992637038230896
114264667777137553,NO_PROPAGANDA,0.9986273050308228
114264667777137553,PROPAGANDA,0.9981939196586609
114264667777137553,NO_PROPAGANDA,0.9994407296180725
114264667777137553,NO_PROPAGANDA,0.9993507266044617
114264549657133828,PROPAGANDA,0.998403012752533
114263461013940328,PROPAGANDA,0.9983066320419312
114263461013940328,PROPAGANDA,0.9983945488929749
114263386262728170,NO_PROPAGANDA,0.9993510842323303
114263052221266871,PROPAGANDA,0.9982122182846069
114263052221266871,PROPAGANDA,0.9982909560203552
114263050632843712,PROPAGANDA,0.9980767965316772
114263050632843712,PROPAGANDA,0.9983312487602234
114263048748701626,PROPAGANDA,0.9973691701889038
114263048748701626,PROPAGANDA,0.9983087778091431
114263022222641123,NO_PROPAGANDA,0.8183779716491699
114259778682053280,NO_PROPAGANDA,0.9994791150093079
114259775317961958,NO_PROPAGANDA,0.999528169631958
114259773249991583,NO_PROPAGANDA,0.999369204044342
114259546197388041,NO_PROPAGANDA,0.9993276596069336
114259540217373057,PROPAGANDA,0.9776975512504578
114259534733735170,NO_PROPAGANDA,0.9994082450866699
114259522932730072,PROPAGANDA,0.9976640939712524
114258406263396157,PROPAGANDA,0.9974651336669922
114258406263396157,NO_PROPAGANDA,0.9990435242652893
114258384664012595,PROPAGANDA,0.9982829093933105
114258064484137647,PROPAGANDA,0.998185932636261
114258064484137647,PROPAGANDA,0.9982931017875671
114258062336428979,PROPAGANDA,0.9968294501304626
114258061899987431,PROPAGANDA,0.9970722198486328
114246747590580179,PROPAGANDA,0.9980767965316772
114246747590580179,PROPAGANDA,0.9983547329902649
114246745942405963,PROPAGANDA,0.9973691701889038
114246745942405963,PROPAGANDA,0.9982882142066956
114254057682596962,PROPAGANDA,0.9981866478919983
114254057682596962,PROPAGANDA,0.6907246112823486
114254057682596962,NO_PROPAGANDA,0.995743453502655
114254009723637368,PROPAGANDA,0.997463583946228
114254008984567465,PROPAGANDA,0.9984062314033508
114254008984567465,PROPAGANDA,0.998386025428772
114253819551160329,PROPAGANDA,0.9984685778617859
114253297744744441,PROPAGANDA,0.9983850717544556
114253297744744441,NO_PROPAGANDA,0.9867445826530457
114253205784550890,PROPAGANDA,0.9974085688591003
114253205784550890,PROPAGANDA,0.997636079788208
114251978476715796,PROPAGANDA,0.9980924725532532
114218289740828060,PROPAGANDA,0.9976048469543457
114218246134659755,PROPAGANDA,0.9976593255996704
114218246134659755,PROPAGANDA,0.9981228709220886
114218246134659755,PROPAGANDA,0.9974912405014038
114218246134659755,PROPAGANDA,0.9983439445495605
114218246134659755,PROPAGANDA,0.9980600476264954
114218246134659755,PROPAGANDA,0.9982319474220276
114218246134659755,PROPAGANDA,0.998151957988739
114251714651932084,PROPAGANDA,0.9983861446380615
114251714651932084,PROPAGANDA,0.9982426166534424
114247551865595874,PROPAGANDA,0.8471288681030273
114247551865595874,PROPAGANDA,0.9853397011756897
114247113203989919,NO_PROPAGANDA,0.9991089701652527
114242038889809702,PROPAGANDA,0.998156726360321
114241663757084870,PROPAGANDA,0.995850682258606
114241662387997605,PROPAGANDA,0.9977953433990479
114241662387997605,PROPAGANDA,0.9984234571456909
114241348699704594,NO_PROPAGANDA,0.9996345043182373
114241348699704594,NO_PROPAGANDA,0.9971177577972412
114241348699704594,NO_PROPAGANDA,0.9988161325454712
114241348699704594,NO_PROPAGANDA,0.986996054649353
114241348699704594,NO_PROPAGANDA,0.9993625283241272
114241348699704594,NO_PROPAGANDA,0.9916846752166748
114241348699704594,PROPAGANDA,0.9983575940132141
114241348699704594,NO_PROPAGANDA,0.9982142448425293
114241290783152484,NO_PROPAGANDA,0.9995245933532715
114240691141784921,NO_PROPAGANDA,0.9985937476158142
114240434953893474,PROPAGANDA,0.9978253841400146
114240434953893474,PROPAGANDA,0.9948333501815796
114240331718900060,NO_PROPAGANDA,0.9993471503257751
114235745233828789,PROPAGANDA,0.9913252592086792
114235745233828789,PROPAGANDA,0.9980364441871643
114235745233828789,PROPAGANDA,0.9956940412521362
114235616565301548,PROPAGANDA,0.9982561469078064
114235616565301548,NO_PROPAGANDA,0.9982048273086548
114235110191857080,PROPAGANDA,0.7977423667907715
114235104036085271,PROPAGANDA,0.9976606369018555
114235097919072113,PROPAGANDA,0.9979370832443237
114235092758869964,PROPAGANDA,0.9983325600624084
114231822509743693,NO_PROPAGANDA,0.9993801116943359
114235085105377425,NO_PROPAGANDA,0.9568508267402649
114234742770558412,PROPAGANDA,0.9632024168968201
114234717792857736,PROPAGANDA,0.8984100222587585
114234393336690404,PROPAGANDA,0.9952797889709473
114234217151169492,PROPAGANDA,0.997653067111969
114232829948632918,NO_PROPAGANDA,0.9964753985404968
114232783362562355,PROPAGANDA,0.9984014630317688
114232752130631453,PROPAGANDA,0.9984304308891296
114232682702493359,PROPAGANDA,0.9984204769134521
114232682702493359,PROPAGANDA,0.9972284436225891
114232682702493359,PROPAGANDA,0.9979142546653748
114232557831108561,PROPAGANDA,0.9984288811683655
114232557831108561,PROPAGANDA,0.9981702566146851
114232557831108561,PROPAGANDA,0.9975494742393494
114231606967578813,PROPAGANDA,0.9979530572891235
114231537224620218,PROPAGANDA,0.9981966614723206
114231437487201538,PROPAGANDA,0.9960256814956665
114231437487201538,PROPAGANDA,0.9981841444969177
114231406967175939,PROPAGANDA,0.9981891512870789
114231406967175939,PROPAGANDA,0.9912233352661133
114231406031813856,PROPAGANDA,0.998350977897644
114231406031813856,PROPAGANDA,0.9472337365150452
114231401205332854,PROPAGANDA,0.9974429607391357
114231401205332854,PROPAGANDA,0.9780243635177612
114231372872784481,PROPAGANDA,0.9977124929428101
114231344319625636,PROPAGANDA,0.9980528354644775
114231344319625636,PROPAGANDA,0.9984152317047119
114229523619700148,NO_PROPAGANDA,0.9988033771514893
114229504694054019,NO_PROPAGANDA,0.999479353427887
114229498690890665,PROPAGANDA,0.9948829412460327
114229482069423709,NO_PROPAGANDA,0.9995133876800537
114229474924378451,NO_PROPAGANDA,0.9955110549926758
114224889588578190,PROPAGANDA,0.992720365524292
114224857723072168,PROPAGANDA,0.9979816675186157
114224841459970407,NO_PROPAGANDA,0.997612714767456
114224828669645176,PROPAGANDA,0.9976109266281128
114224810565767895,NO_PROPAGANDA,0.9993687272071838
114223777905731606,NO_PROPAGANDA,0.996350884437561
114223545860504889,NO_PROPAGANDA,0.9993664622306824
114223538174281137,NO_PROPAGANDA,0.9474033713340759
114220275060496331,NO_PROPAGANDA,0.9995866417884827
114220273052874483,NO_PROPAGANDA,0.9955886602401733
114219993599274000,PROPAGANDA,0.99605393409729
114219231809224627,PROPAGANDA,0.9981322884559631
114219231809224627,PROPAGANDA,0.9981879591941833
114217914259825110,PROPAGANDA,0.9969990253448486
114217914259825110,NO_PROPAGANDA,0.9877057671546936
114217914259825110,NO_PROPAGANDA,0.9993603825569153
114217913229258108,PROPAGANDA,0.9948257803916931
114217913229258108,PROPAGANDA,0.9721847772598267
114217184366735434,PROPAGANDA,0.9957842230796814
114217184366735434,PROPAGANDA,0.9982858300209045
114217181247493951,PROPAGANDA,0.9980767965316772
114217181247493951,PROPAGANDA,0.9983168840408325
114216908831612177,PROPAGANDA,0.9797629714012146
114216818341119193,NO_PROPAGANDA,0.9985324144363403
114215732492267429,NO_PROPAGANDA,0.9991605281829834
114215433044457113,PROPAGANDA,0.9984444975852966
114214801561710989,PROPAGANDA,0.9984404444694519
114214801561710989,PROPAGANDA,0.9981259703636169
114214658359777536,PROPAGANDA,0.9983474016189575
114214658359777536,PROPAGANDA,0.9981979727745056
114214565824374410,PROPAGANDA,0.5954113006591797
114214565824374410,PROPAGANDA,0.9933919310569763
114212946787400937,PROPAGANDA,0.998305082321167
114212560131813236,PROPAGANDA,0.9984256029129028
114212560131813236,PROPAGANDA,0.9983548521995544
114212473050636851,PROPAGANDA,0.9600658416748047
114212465033291057,PROPAGANDA,0.9869362711906433
114212444347354110,NO_PROPAGANDA,0.9995772242546082
114212434987437462,PROPAGANDA,0.9981849789619446
114205890583765400,PROPAGANDA,0.997804582118988
114205890583765400,PROPAGANDA,0.9960246086120605
114205681569837036,PROPAGANDA,0.9976152181625366
114203564650249629,PROPAGANDA,0.9983226656913757
114203564650249629,PROPAGANDA,0.9983762502670288
114202472547749311,NO_PROPAGANDA,0.9996131062507629
114202797666318443,PROPAGANDA,0.998465895652771
114200922863784784,NO_PROPAGANDA,0.999539852142334
114200803076709113,PROPAGANDA,0.9983252882957458
114200783339413306,NO_PROPAGANDA,0.9970115423202515
114194879718374915,NO_PROPAGANDA,0.9992311000823975
114200313009802638,PROPAGANDA,0.9982671737670898
114200269495299138,PROPAGANDA,0.99810791015625
114200244380161257,PROPAGANDA,0.9980785846710205
114200175082806882,PROPAGANDA,0.9982364177703857
114200175082806882,PROPAGANDA,0.9981256127357483
114200175082806882,PROPAGANDA,0.9983319640159607
114198370343993836,NO_PROPAGANDA,0.6547010540962219
114198218638202475,PROPAGANDA,0.9967858791351318
114198186465713235,PROPAGANDA,0.9983254075050354
114197257776642416,PROPAGANDA,0.9979314804077148
114197120302143482,PROPAGANDA,0.9983351826667786
114197092205719557,PROPAGANDA,0.998455286026001
114197092205719557,PROPAGANDA,0.9981369972229004
114197092205719557,PROPAGANDA,0.9983149766921997
114197044617921519,PROPAGANDA,0.9757202863693237
114197044617921519,PROPAGANDA,0.996850311756134
114197044617921519,PROPAGANDA,0.9980314373970032
114197044617921519,NO_PROPAGANDA,0.9896285533905029
114197044617921519,NO_PROPAGANDA,0.9981499910354614
114197044617921519,PROPAGANDA,0.9983553290367126
114196857285570492,NO_PROPAGANDA,0.9948986172676086
114196247731494277,PROPAGANDA,0.9982513785362244
114196247731494277,PROPAGANDA,0.9978384375572205
114195442142009895,NO_PROPAGANDA,0.9973944425582886
114195410721793973,NO_PROPAGANDA,0.999434769153595
114192326899482441,NO_PROPAGANDA,0.9983803033828735
114191290196334140,PROPAGANDA,0.9957842230796814
114191290196334140,PROPAGANDA,0.9982858300209045
114190974188613740,PROPAGANDA,0.9981173276901245
114190903570658626,PROPAGANDA,0.9974340796470642
114190686109079519,PROPAGANDA,0.9905223250389099
114190461039179793,PROPAGANDA,0.9963473677635193
114190418201271249,PROPAGANDA,0.9982062578201294
114190404566893251,NO_PROPAGANDA,0.999442994594574
114190382041616797,NO_PROPAGANDA,0.9995706677436829
114190373080951632,NO_PROPAGANDA,0.9995706677436829
114190340053945046,PROPAGANDA,0.9976356029510498
114190034933659125,NO_PROPAGANDA,0.9840641021728516
114190034933659125,PROPAGANDA,0.9975191354751587
114189841352600682,NO_PROPAGANDA,0.9994514584541321
114187128423651010,PROPAGANDA,0.9983571171760559
114186752614351182,NO_PROPAGANDA,0.9996137022972107
114186711043337111,NO_PROPAGANDA,0.9993085861206055
114186711043337111,NO_PROPAGANDA,0.9992019534111023
114186559522815802,PROPAGANDA,0.8644298315048218
114186524474998333,NO_PROPAGANDA,0.9925838708877563
114186510410903319,PROPAGANDA,0.997365415096283
114186496532193203,NO_PROPAGANDA,0.8346932530403137
114186492445515371,NO_PROPAGANDA,0.999464213848114
114186013670599563,PROPAGANDA,0.9926636219024658
114184931453780675,PROPAGANDA,0.9976714253425598
114184931453780675,PROPAGANDA,0.9962433576583862
114183576937425149,PROPAGANDA,0.998382568359375
114183576937425149,PROPAGANDA,0.9984269142150879
114180199351008084,PROPAGANDA,0.998412013053894
114180129350673750,NO_PROPAGANDA,0.9994865655899048
114180060627046678,PROPAGANDA,0.9984768033027649
114180060627046678,PROPAGANDA,0.9975038170814514
114180060627046678,NO_PROPAGANDA,0.7568317651748657
114180054723679623,PROPAGANDA,0.9971022009849548
114180054723679623,NO_PROPAGANDA,0.9995203018188477
114179895802766275,PROPAGANDA,0.9937705397605896
114179869587194428,NO_PROPAGANDA,0.9991942048072815
114179860762359782,PROPAGANDA,0.9899419546127319
114179858983072823,NO_PROPAGANDA,0.9995073080062866
114179858983072823,PROPAGANDA,0.5195444226264954
114179857581963138,PROPAGANDA,0.9977768063545227
114179738803054417,PROPAGANDA,0.9970239996910095
114179081339591399,PROPAGANDA,0.9982845187187195
114179081339591399,PROPAGANDA,0.9976617097854614
114179081339591399,NO_PROPAGANDA,0.9992571473121643
114178483249053992,PROPAGANDA,0.9973145127296448
114178483249053992,PROPAGANDA,0.9469801783561707
114178204850237517,PROPAGANDA,0.9979593753814697
114178193987078011,NO_PROPAGANDA,0.9986742734909058
114178181337460841,PROPAGANDA,0.9971268773078918
114176199348948643,PROPAGANDA,0.9903518557548523
114175908922736427,PROPAGANDA,0.9981095790863037
114175908922736427,PROPAGANDA,0.9983850717544556
114175905527380199,PROPAGANDA,0.9898248314857483
114175855340997773,PROPAGANDA,0.9949094653129578
114174243289152293,NO_PROPAGANDA,0.597496747970581
114173862724361939,PROPAGANDA,0.998372495174408
114173619031149739,PROPAGANDA,0.9967589974403381
114167886343462616,NO_PROPAGANDA,0.9977317452430725
114167864888304754,PROPAGANDA,0.9983323216438293
114167864888304754,PROPAGANDA,0.9962691068649292
114167864888304754,PROPAGANDA,0.9965397119522095
114167864888304754,PROPAGANDA,0.998278021812439
114167864888304754,PROPAGANDA,0.998211145401001
114167524244753377,PROPAGANDA,0.981749415397644
114167524244753377,PROPAGANDA,0.9984515905380249
114164024901387974,PROPAGANDA,0.9983142614364624
114163546048177560,NO_PROPAGANDA,0.9992183446884155
114162763549195233,NO_PROPAGANDA,0.9922084808349609
114162747519761407,PROPAGANDA,0.9952695965766907
114162742656201560,PROPAGANDA,0.9972532391548157
114162735584978065,PROPAGANDA,0.9976181387901306
114162728799436840,PROPAGANDA,0.9982950091362
114162725547256622,PROPAGANDA,0.9982680082321167
114162722006073409,PROPAGANDA,0.5260610580444336
114162711308747922,PROPAGANDA,0.9733847975730896
114162707211212885,PROPAGANDA,0.997648298740387
114161039436456514,PROPAGANDA,0.9981361627578735
114161025000723427,PROPAGANDA,0.9983185529708862
114160764726726796,PROPAGANDA,0.9863879680633545
114160550238908846,PROPAGANDA,0.9982072114944458
114160550238908846,PROPAGANDA,0.9982781410217285
114160550238908846,PROPAGANDA,0.9983668923377991
114156036814880330,NO_PROPAGANDA,0.9940565824508667
114156036814880330,NO_PROPAGANDA,0.9993939399719238
114155442275720067,NO_PROPAGANDA,0.9991766810417175
114155282989654298,PROPAGANDA,0.9983116388320923
114155230513269064,PROPAGANDA,0.9979835748672485
114155003492555395,PROPAGANDA,0.9980127811431885
114154923764886136,PROPAGANDA,0.9950469732284546
114151434816736382,NO_PROPAGANDA,0.9989721775054932
114151328220491045,NO_PROPAGANDA,0.9989936947822571
114151328220491045,NO_PROPAGANDA,0.9989833235740662
114151300866147161,PROPAGANDA,0.9966132044792175
114151280603984689,PROPAGANDA,0.9982913136482239
114151269304041473,PROPAGANDA,0.9976972937583923
114151257383811463,NO_PROPAGANDA,0.9991181492805481
114151244153727055,NO_PROPAGANDA,0.9990308284759521
114151034882857858,NO_PROPAGANDA,0.99919193983078
114151015090831669,PROPAGANDA,0.9968484044075012
114150971128693981,NO_PROPAGANDA,0.9994636178016663
114150779950233754,NO_PROPAGANDA,0.9995890259742737
114150679862041475,PROPAGANDA,0.7655119895935059
114150178416032160,NO_PROPAGANDA,0.9823450446128845
114149845661093099,PROPAGANDA,0.9938073754310608
114147788974149994,PROPAGANDA,0.9981722831726074
114146381629892800,NO_PROPAGANDA,0.9954498410224915
114145975409380484,NO_PROPAGANDA,0.99891197681427
114145974744723188,PROPAGANDA,0.9980385899543762
114145974393951612,NO_PROPAGANDA,0.9987494945526123
114145974393951612,PROPAGANDA,0.9818561673164368
114145653738723042,NO_PROPAGANDA,0.9977763295173645
114145653738723042,PROPAGANDA,0.9926869869232178
114145611018414576,PROPAGANDA,0.9982998967170715
114145604547078768,PROPAGANDA,0.9927908182144165
114145595237667373,PROPAGANDA,0.9944728016853333
114144896693695214,PROPAGANDA,0.9983532428741455
114144896693695214,PROPAGANDA,0.9981847405433655
114144501101999196,PROPAGANDA,0.9982251524925232
114144217763824399,NO_PROPAGANDA,0.9992061257362366
114144217763824399,PROPAGANDA,0.9975542426109314
114144217763824399,PROPAGANDA,0.9982843995094299
114144217763824399,PROPAGANDA,0.9942809343338013
114144217763824399,PROPAGANDA,0.9972947239875793
114144180393726960,NO_PROPAGANDA,0.9992061257362366
114144180393726960,PROPAGANDA,0.9975542426109314
114144180393726960,PROPAGANDA,0.9982843995094299
114144180393726960,PROPAGANDA,0.9942809343338013
114144180393726960,PROPAGANDA,0.9972947239875793
114141854575248527,PROPAGANDA,0.9984662532806396
114141854575248527,PROPAGANDA,0.9981964230537415
114141631976318293,NO_PROPAGANDA,0.9992254972457886
114141631976318293,PROPAGANDA,0.990254819393158
114141533823019998,PROPAGANDA,0.9984182119369507
114141533823019998,PROPAGANDA,0.9981504082679749
114140437287253298,NO_PROPAGANDA,0.9995751976966858
114140426339072409,NO_PROPAGANDA,0.9994624257087708
114140402532391912,NO_PROPAGANDA,0.9996464252471924
114140367932686103,NO_PROPAGANDA,0.9323549270629883
114139222625284782,PROPAGANDA,0.9975536465644836
114139222625284782,PROPAGANDA,0.9973414540290833
114135887529701366,PROPAGANDA,0.9971844553947449
114135672415463032,NO_PROPAGANDA,0.9995554089546204
114135406628804244,NO_PROPAGANDA,0.995570719242096
114135400416790297,NO_PROPAGANDA,0.9980692267417908
114135394676135924,NO_PROPAGANDA,0.8988728523254395
114135388919019484,NO_PROPAGANDA,0.9978135824203491
114135383571986279,NO_PROPAGANDA,0.9857516884803772
114135377964485025,PROPAGANDA,0.9925290942192078
114135068157531979,PROPAGANDA,0.9958587288856506
114132050804394743,NO_PROPAGANDA,0.999613344669342
114129217070412961,NO_PROPAGANDA,0.9991816878318787
114128213945115106,PROPAGANDA,0.8525586128234863
114128213945115106,PROPAGANDA,0.9977090358734131
114124513631913892,PROPAGANDA,0.9976880550384521
114124499360504090,PROPAGANDA,0.9980089068412781
114124071552960368,PROPAGANDA,0.9663484692573547
114124071552960368,PROPAGANDA,0.9845675230026245
114124070435213204,PROPAGANDA,0.9787513017654419
114124069701923303,PROPAGANDA,0.990321934223175
114124068976645988,PROPAGANDA,0.9954183101654053
114124064191342023,NO_PROPAGANDA,0.6788493394851685
114124063031303446,PROPAGANDA,0.9966985583305359
114112430549537723,PROPAGANDA,0.9976227879524231
114112430549537723,NO_PROPAGANDA,0.9992557168006897
114122976607379542,NO_PROPAGANDA,0.9995182752609253
114121736384220932,NO_PROPAGANDA,0.9994348883628845
114121576367163341,PROPAGANDA,0.9982865452766418
114121529754059509,PROPAGANDA,0.998160183429718
114117008305421663,PROPAGANDA,0.9979658126831055
114117008305421663,NO_PROPAGANDA,0.9977770447731018
114117008305421663,PROPAGANDA,0.9974905252456665
114116432894994278,NO_PROPAGANDA,0.9989926218986511
114116432894994278,NO_PROPAGANDA,0.9994385838508606
114116271026986660,PROPAGANDA,0.9978323578834534
114116116851075814,PROPAGANDA,0.9883520007133484
114113510529624746,PROPAGANDA,0.8983426690101624
114113510529624746,PROPAGANDA,0.9981264472007751
114112621570651215,PROPAGANDA,0.9974963068962097
114112621570651215,NO_PROPAGANDA,0.9971176385879517
114112412110386906,PROPAGANDA,0.996537446975708
114112412110386906,NO_PROPAGANDA,0.9451557397842407
114112015891353323,PROPAGANDA,0.9982602000236511
114112015891353323,PROPAGANDA,0.9978996515274048
114111166145299229,PROPAGANDA,0.9892879724502563
114111155189097825,NO_PROPAGANDA,0.9787807464599609
114111155189097825,NO_PROPAGANDA,0.9977039694786072
114105388432604284,NO_PROPAGANDA,0.9994664788246155
114104810698249053,NO_PROPAGANDA,0.999427318572998
114104687765298529,PROPAGANDA,0.9968680739402771
114104167452161158,PROPAGANDA,0.5468940138816833
114100137738780445,PROPAGANDA,0.519910454750061
114099930171583950,NO_PROPAGANDA,0.9990746974945068
114099924838350231,NO_PROPAGANDA,0.9821074604988098
114099480566604857,PROPAGANDA,0.9905189871788025
114099009721475492,NO_PROPAGANDA,0.9493358731269836
114098542644386176,PROPAGANDA,0.9468153715133667
114098529870362771,PROPAGANDA,0.9894234538078308
114096106742782827,PROPAGANDA,0.9984012246131897
114096104536926329,PROPAGANDA,0.9968018531799316
114096103832487629,PROPAGANDA,0.9981038570404053
114094872007717497,NO_PROPAGANDA,0.9993628859519958
114093946326587357,NO_PROPAGANDA,0.9169867634773254
114093526901586124,PROPAGANDA,0.9977561831474304
114093819842100196,NO_PROPAGANDA,0.9445502161979675
114093323833055090,PROPAGANDA,0.9931449890136719
114088564162922800,PROPAGANDA,0.9984594583511353
114088564162922800,NO_PROPAGANDA,0.9983816146850586
114088245950849883,NO_PROPAGANDA,0.9995517134666443
114087978846952770,NO_PROPAGANDA,0.9980242252349854
114087957034260563,PROPAGANDA,0.9973816275596619
114087937627204152,NO_PROPAGANDA,0.8834848999977112
113900991727592285,PROPAGANDA,0.9982068538665771
113873210284816215,PROPAGANDA,0.9983901977539062
113873210284816215,NO_PROPAGANDA,0.9985249638557434
114085325641437111,PROPAGANDA,0.9981294274330139
114085325641437111,PROPAGANDA,0.9983776807785034
114084241095787137,PROPAGANDA,0.9983876943588257
114082877976878390,PROPAGANDA,0.9850006103515625
114082877976878390,PROPAGANDA,0.9970716238021851
114079208701433194,PROPAGANDA,0.9426909685134888
114079187160409658,PROPAGANDA,0.9977439641952515
114079183960044080,PROPAGANDA,0.9982724189758301
114079183960044080,NO_PROPAGANDA,0.9893202781677246
114079183066806657,PROPAGANDA,0.9933575987815857
114079183066806657,NO_PROPAGANDA,0.9983775615692139
114078375125204326,PROPAGANDA,0.8932377099990845
114076153524132682,PROPAGANDA,0.9980881810188293
114076153524132682,PROPAGANDA,0.9975066781044006
114072703621092444,PROPAGANDA,0.9982794523239136
114072703621092444,PROPAGANDA,0.9979135394096375
114072306556819108,NO_PROPAGANDA,0.9994562268257141
114071896747776859,NO_PROPAGANDA,0.820959210395813
114071893306050761,PROPAGANDA,0.9980387091636658
114071877790872450,PROPAGANDA,0.9975230097770691
114071862189521640,PROPAGANDA,0.8689032196998596
114071853044146528,PROPAGANDA,0.9978358149528503
114071839130050988,PROPAGANDA,0.9983139038085938
114071774104516883,PROPAGANDA,0.9975517392158508
114071774104516883,NO_PROPAGANDA,0.9994540810585022
114070882108433827,NO_PROPAGANDA,0.9996219873428345
114070612892953565,NO_PROPAGANDA,0.9847672581672668
114070572392915582,NO_PROPAGANDA,0.9977967739105225
114070560562637397,NO_PROPAGANDA,0.9994831085205078
114070458705554001,NO_PROPAGANDA,0.9977967739105225
114070390620884698,PROPAGANDA,0.9982228875160217
114070315739588346,PROPAGANDA,0.9984636306762695
114070190082477156,NO_PROPAGANDA,0.9993342757225037
114070166370664178,PROPAGANDA,0.9941340088844299
114070115148185478,PROPAGANDA,0.9943044781684875
114070115148185478,PROPAGANDA,0.9979248046875
114070038526458197,PROPAGANDA,0.9976651668548584
114070038526458197,PROPAGANDA,0.9976447224617004
114069904344598839,PROPAGANDA,0.9976453185081482
114068081809400335,PROPAGANDA,0.9977953433990479
114068079034540790,NO_PROPAGANDA,0.9977902173995972
114067029529937308,PROPAGANDA,0.9976592063903809
114067029529937308,PROPAGANDA,0.998251736164093
114067028336826956,PROPAGANDA,0.9983194470405579
114067028336826956,PROPAGANDA,0.9983250498771667
114067028336826956,NO_PROPAGANDA,0.9557702541351318
114066002055877279,PROPAGANDA,0.9925202131271362
114065168236809535,NO_PROPAGANDA,0.9996471405029297
114062254652077484,PROPAGANDA,0.9940553903579712
114061455929909984,NO_PROPAGANDA,0.9996464252471924
114061816777959152,PROPAGANDA,0.998407781124115
114060909744642044,PROPAGANDA,0.931017279624939
114060903128542394,NO_PROPAGANDA,0.8278295397758484
114060603767862225,NO_PROPAGANDA,0.9986686706542969
114059930426328863,NO_PROPAGANDA,0.9994024038314819
114059930426328863,PROPAGANDA,0.9982089996337891
114059930426328863,NO_PROPAGANDA,0.999518632888794
114059888811732826,NO_PROPAGANDA,0.9895971417427063
114059004456970017,PROPAGANDA,0.5657411217689514
114058814859681967,PROPAGANDA,0.9973335266113281
114057798709965917,PROPAGANDA,0.5917955040931702
114047677181856301,PROPAGANDA,0.989938497543335
114047709471578461,PROPAGANDA,0.9981980919837952
114054706390970120,NO_PROPAGANDA,0.9953631162643433
114055226421032415,PROPAGANDA,0.9972822666168213
114055226421032415,PROPAGANDA,0.9942130446434021
114055226421032415,PROPAGANDA,0.9934252500534058
114055226421032415,PROPAGANDA,0.9983708262443542
114056351439814038,PROPAGANDA,0.9712904095649719
114056317037035302,PROPAGANDA,0.9981656670570374
114056317037035302,PROPAGANDA,0.542180061340332
114056934528746786,PROPAGANDA,0.9983781576156616
114056934528746786,PROPAGANDA,0.998272180557251
114056934528746786,PROPAGANDA,0.9983881711959839
114054922887831676,NO_PROPAGANDA,0.9988585710525513
114056119584695591,PROPAGANDA,0.978832483291626
114055134407375955,PROPAGANDA,0.9947441816329956
114050109943745892,PROPAGANDA,0.924959123134613
114050070794885064,PROPAGANDA,0.9974242448806763
114047738854261552,NO_PROPAGANDA,0.9987515211105347
114047636346854246,NO_PROPAGANDA,0.9995836615562439
114047631828196314,NO_PROPAGANDA,0.9995235204696655
114044712489265353,PROPAGANDA,0.9405329823493958
114044712489265353,PROPAGANDA,0.9975007176399231
114044712489265353,PROPAGANDA,0.9978886246681213
114044712489265353,NO_PROPAGANDA,0.9994487166404724
114043050123491219,NO_PROPAGANDA,0.999365508556366
114042789770444354,NO_PROPAGANDA,0.999470055103302
114042361686358877,PROPAGANDA,0.9981063604354858
114042361686358877,NO_PROPAGANDA,0.8696685433387756
114039851969084184,PROPAGANDA,0.9973377585411072
114036421460956478,PROPAGANDA,0.9980454444885254
114036421460956478,PROPAGANDA,0.5870629549026489
114038780132459435,PROPAGANDA,0.9979742169380188
114038780132459435,PROPAGANDA,0.9970344305038452
114038745707654586,PROPAGANDA,0.9977399110794067
114038745707654586,PROPAGANDA,0.9982671737670898
114038732409625780,PROPAGANDA,0.9983433485031128
114037064920225344,NO_PROPAGANDA,0.9996010661125183
114037059111172681,NO_PROPAGANDA,0.9995326995849609
114037057115534717,NO_PROPAGANDA,0.9993517994880676
114036638899167319,NO_PROPAGANDA,0.999193012714386
114036341536036183,PROPAGANDA,0.9971470236778259
114033884590103594,PROPAGANDA,0.9968453049659729
114033795602933835,NO_PROPAGANDA,0.9994816184043884
114033793193279235,NO_PROPAGANDA,0.9996148347854614
114033791415966702,PROPAGANDA,0.9983512163162231
114033787788514942,NO_PROPAGANDA,0.9994988441467285
114033427089061668,PROPAGANDA,0.9978325963020325
114031332924234939,PROPAGANDA,0.5370925068855286
114031332924234939,PROPAGANDA,0.9977554678916931
114031332924234939,PROPAGANDA,0.9983423948287964
114033082612679343,PROPAGANDA,0.9977526068687439
114033020482640722,PROPAGANDA,0.9963551759719849
114032992368318528,PROPAGANDA,0.9976406097412109
114032908590425164,NO_PROPAGANDA,0.999441921710968
114032082899254855,PROPAGANDA,0.6535377502441406
114031015354735395,PROPAGANDA,0.9984204769134521
114031015354735395,PROPAGANDA,0.9981764554977417
114030926604297056,PROPAGANDA,0.9368050694465637
114030920799468684,NO_PROPAGANDA,0.9996267557144165
114027770237892482,NO_PROPAGANDA,0.9995810389518738
114027416979768016,PROPAGANDA,0.9981480836868286
114027416242272061,PROPAGANDA,0.9981107711791992
114025028025455053,NO_PROPAGANDA,0.9996174573898315
114022760519424165,PROPAGANDA,0.9977741837501526
114020008419550279,PROPAGANDA,0.9982682466506958
114019501223546266,NO_PROPAGANDA,0.6861104369163513
114019501223546266,PROPAGANDA,0.9979795813560486
114015585700941084,NO_PROPAGANDA,0.9995467066764832
114015582241142234,PROPAGANDA,0.9982340335845947
114015581630558522,PROPAGANDA,0.9971055388450623
114015154260594234,NO_PROPAGANDA,0.9419662356376648
114015154260594234,PROPAGANDA,0.9971109628677368
114015151894861058,PROPAGANDA,0.9961090683937073
114015151894861058,PROPAGANDA,0.9975441098213196
114015151574566832,NO_PROPAGANDA,0.9823265671730042
114014567906020636,PROPAGANDA,0.998465895652771
114009179225169296,PROPAGANDA,0.9970827698707581
114009175266247925,PROPAGANDA,0.9352555274963379
114009175266247925,PROPAGANDA,0.9970337152481079
114009175266247925,PROPAGANDA,0.9890783429145813
114009175266247925,PROPAGANDA,0.9945263266563416
114009175266247925,NO_PROPAGANDA,0.9988229870796204
114009160733381255,PROPAGANDA,0.6237398982048035
114009150374933861,NO_PROPAGANDA,0.9996135830879211
114009148192546807,NO_PROPAGANDA,0.9979318380355835
114007874648160437,NO_PROPAGANDA,0.9984003901481628
114007859463769499,NO_PROPAGANDA,0.9873888492584229
114004160299941382,PROPAGANDA,0.6237398982048035
114004158227642314,NO_PROPAGANDA,0.9989664554595947
114004152174148558,PROPAGANDA,0.995971143245697
114004145997692054,NO_PROPAGANDA,0.9996212720870972
114003528364588018,NO_PROPAGANDA,0.9877436757087708
114000079822145063,NO_PROPAGANDA,0.9996457099914551
113998953188726976,NO_PROPAGANDA,0.999045193195343
113998503090044390,PROPAGANDA,0.9976263642311096
113998250121701192,PROPAGANDA,0.9352555274963379
113998250121701192,PROPAGANDA,0.9970337152481079
113998250121701192,PROPAGANDA,0.9890783429145813
113998250121701192,PROPAGANDA,0.9945263266563416
113998250121701192,NO_PROPAGANDA,0.9988229870796204
113996895642654410,NO_PROPAGANDA,0.9986045956611633
113996433848678436,PROPAGANDA,0.9977685213088989
113996410955252842,PROPAGANDA,0.9964424967765808
113996386971796071,PROPAGANDA,0.9976751208305359
113996222032466903,PROPAGANDA,0.9758988618850708
113992617804848860,PROPAGANDA,0.9919435977935791
113992264519415084,NO_PROPAGANDA,0.999171257019043
113992264519415084,PROPAGANDA,0.9983235001564026
113991956474899296,NO_PROPAGANDA,0.9983081817626953
113991956474899296,NO_PROPAGANDA,0.9989996552467346
113991956474899296,NO_PROPAGANDA,0.9993440508842468
113991956474899296,PROPAGANDA,0.9980820417404175
113991086021543780,PROPAGANDA,0.9980937838554382
113991030846598649,PROPAGANDA,0.9960624575614929
113986682230247774,NO_PROPAGANDA,0.9855687022209167
113986673152923628,NO_PROPAGANDA,0.9823436737060547
113986285138546896,NO_PROPAGANDA,0.9992802739143372
113986285138546896,PROPAGANDA,0.9747621417045593
113986279826269375,PROPAGANDA,0.9978170394897461
113985962341531654,PROPAGANDA,0.9971128702163696
113985896471994837,PROPAGANDA,0.9946662187576294
113985863713180341,NO_PROPAGANDA,0.9981011748313904
113985514628145258,PROPAGANDA,0.997666597366333
113985325416343873,PROPAGANDA,0.998258650302887
113985130949178184,PROPAGANDA,0.9530829191207886
113984933641128955,PROPAGANDA,0.9973492622375488
113984838325525572,PROPAGANDA,0.998251736164093
113984838325525572,PROPAGANDA,0.9981107711791992
113977800577837538,NO_PROPAGANDA,0.9994053840637207
113982212590048164,PROPAGANDA,0.9528616666793823
113982202515178648,NO_PROPAGANDA,0.8535349369049072
113981872435350592,PROPAGANDA,0.9959027171134949
113981387327065544,PROPAGANDA,0.9974921941757202
113980530501984308,NO_PROPAGANDA,0.9858751893043518
113980323612614595,NO_PROPAGANDA,0.9984279870986938
113980014678337654,PROPAGANDA,0.9387259483337402
113980014678337654,PROPAGANDA,0.9740726947784424
113980013020158273,PROPAGANDA,0.9740340113639832
113977651409141894,PROPAGANDA,0.952095091342926
113977646169606601,PROPAGANDA,0.9977523684501648
113977224933701762,PROPAGANDA,0.9981765747070312
113975698199969182,PROPAGANDA,0.9958568215370178
113975695512840158,NO_PROPAGANDA,0.9992868304252625
113974252831717932,PROPAGANDA,0.9972719550132751
113974251046470821,NO_PROPAGANDA,0.9995883107185364
113969768086301747,PROPAGANDA,0.9982957243919373
113969768086301747,NO_PROPAGANDA,0.9883922934532166
113968248204804564,PROPAGANDA,0.9981024861335754
113968217842034212,PROPAGANDA,0.998087465763092
113966421487800920,NO_PROPAGANDA,0.9996094107627869
113965169045323865,NO_PROPAGANDA,0.9978911280632019
113965169045323865,PROPAGANDA,0.9982393980026245
113964964253376658,PROPAGANDA,0.9975827932357788
113964959500715895,PROPAGANDA,0.9961113333702087
113964959500715895,PROPAGANDA,0.99830162525177
113964402116790805,PROPAGANDA,0.9607870578765869
113963246096886557,PROPAGANDA,0.9980415105819702
113963121926787410,PROPAGANDA,0.9984258413314819
113963085497636545,PROPAGANDA,0.9983153343200684
113963076107713671,NO_PROPAGANDA,0.9993956089019775
113962763765213252,PROPAGANDA,0.9975927472114563
113959430611091391,NO_PROPAGANDA,0.7652807235717773
113959429103008524,PROPAGANDA,0.994476854801178
113959420733046049,PROPAGANDA,0.9901294112205505
113959378194447457,PROPAGANDA,0.9719262719154358
113959376894602189,PROPAGANDA,0.9954360127449036
113959376894602189,PROPAGANDA,0.998201847076416
113959311791400230,PROPAGANDA,0.8173676133155823
113959311791400230,PROPAGANDA,0.9975172281265259
113959311319434685,PROPAGANDA,0.9982821941375732
113958047997367769,PROPAGANDA,0.9948295950889587
113958043346651690,PROPAGANDA,0.9981861710548401
113956778707659340,PROPAGANDA,0.998049259185791
113956721204228037,NO_PROPAGANDA,0.6496102213859558
113956721204228037,PROPAGANDA,0.9928203225135803
113956631326391344,PROPAGANDA,0.9983215928077698
113956631326391344,PROPAGANDA,0.9981546998023987
113955337256027963,PROPAGANDA,0.9974846839904785
113955137991232105,NO_PROPAGANDA,0.770035982131958
113954610000174807,NO_PROPAGANDA,0.9669245481491089
113953424718890288,PROPAGANDA,0.9979172348976135
113953380137889976,PROPAGANDA,0.955813467502594
113953378000128712,PROPAGANDA,0.9947863817214966
113952325584416831,PROPAGANDA,0.997572124004364
113952321517471694,PROPAGANDA,0.9982439279556274
113950996936674770,PROPAGANDA,0.861308753490448
113950912959049223,PROPAGANDA,0.9982901215553284
113950850150588744,NO_PROPAGANDA,0.9995322227478027
113946642879077926,PROPAGANDA,0.9861493110656738
113946130240319294,NO_PROPAGANDA,0.8474438190460205
113943147684253813,NO_PROPAGANDA,0.9994592070579529
113943087759847311,PROPAGANDA,0.6057539582252502
113942916893223583,PROPAGANDA,0.9930001497268677
113942916893223583,PROPAGANDA,0.8234062194824219
113942595408214881,PROPAGANDA,0.9980241060256958
113942595408214881,PROPAGANDA,0.9969504475593567
113942594933209212,PROPAGANDA,0.9964438080787659
113942594933209212,NO_PROPAGANDA,0.880362868309021
113942439882594659,PROPAGANDA,0.9919710159301758
113942323439724379,PROPAGANDA,0.9971876740455627
113942323439724379,PROPAGANDA,0.9930065870285034
113942323439724379,PROPAGANDA,0.9982428550720215
113942189236610107,PROPAGANDA,0.998164713382721
113942189236610107,NO_PROPAGANDA,0.9982820749282837
113942189236610107,PROPAGANDA,0.997052788734436
113942189236610107,PROPAGANDA,0.7303468585014343
113940711907400754,NO_PROPAGANDA,0.9991412162780762
113940711907400754,NO_PROPAGANDA,0.9993755221366882
113940352024494275,PROPAGANDA,0.9600384831428528
113864483648833997,NO_PROPAGANDA,0.9969164133071899
113936920653240968,PROPAGANDA,0.9975645542144775
113936897719370915,PROPAGANDA,0.9919710159301758
113936851614563699,PROPAGANDA,0.9971039891242981
113936759417845784,PROPAGANDA,0.9981362819671631
113936759417845784,PROPAGANDA,0.99782794713974
113936675328110177,NO_PROPAGANDA,0.999606192111969
113867733900556569,NO_PROPAGANDA,0.9995697140693665
113866456057970743,PROPAGANDA,0.9901491403579712
113862636980205403,PROPAGANDA,0.9983983635902405
113934520197790682,PROPAGANDA,0.9981104135513306
113934450227067577,PROPAGANDA,0.9980165958404541
113934450227067577,PROPAGANDA,0.9977554678916931
113934450227067577,PROPAGANDA,0.9982855916023254
113929767736564719,PROPAGANDA,0.994604766368866
113929767736564719,PROPAGANDA,0.9366844892501831
113931044424714413,PROPAGANDA,0.9968942403793335
113931044424714413,PROPAGANDA,0.9982183575630188
113929394841474581,NO_PROPAGANDA,0.9981339573860168
113929394841474581,PROPAGANDA,0.9844611287117004
113928759847321475,NO_PROPAGANDA,0.9989239573478699
113928743830963167,NO_PROPAGANDA,0.9995263814926147
113926164813266216,NO_PROPAGANDA,0.9666830897331238
113925800748181952,NO_PROPAGANDA,0.999136745929718
113925656710541132,PROPAGANDA,0.9891519546508789
113925656710541132,PROPAGANDA,0.9794801473617554
113925656710541132,PROPAGANDA,0.9908690452575684
113925591427889253,NO_PROPAGANDA,0.9898417592048645
113923147334338299,NO_PROPAGANDA,0.9992263317108154
113923004856753416,PROPAGANDA,0.9984210729598999
113920366067218393,PROPAGANDA,0.9980428218841553
113920366067218393,NO_PROPAGANDA,0.9988969564437866
113918417817363879,NO_PROPAGANDA,0.9684793949127197
113918402678637852,NO_PROPAGANDA,0.999610960483551
113918387910784054,PROPAGANDA,0.9977340698242188
113917721798012197,NO_PROPAGANDA,0.7741958498954773
113915624224794529,PROPAGANDA,0.9938595294952393
113915617049801010,NO_PROPAGANDA,0.9991387128829956
113914469333231777,PROPAGANDA,0.9944751858711243
113913720574106648,PROPAGANDA,0.998259961605072
113913720574106648,PROPAGANDA,0.9981119632720947
113913032836526850,PROPAGANDA,0.998248815536499
113913032836526850,PROPAGANDA,0.9983013868331909
113909331257027026,NO_PROPAGANDA,0.9990214109420776
113909188940119917,PROPAGANDA,0.9968913197517395
113908670949354923,NO_PROPAGANDA,0.9983200430870056
113908666572035035,PROPAGANDA,0.9983312487602234
113908666572035035,PROPAGANDA,0.9935729503631592
113907637484810162,PROPAGANDA,0.9975523352622986
113906848441608708,PROPAGANDA,0.9858026504516602
113906705175756002,PROPAGANDA,0.9983503818511963
113904028349476462,PROPAGANDA,0.9892422556877136
113903630433895227,PROPAGANDA,0.9975718855857849
113898278629423148,NO_PROPAGANDA,0.9942147135734558
113898263726281638,NO_PROPAGANDA,0.9953532218933105
113898250054290578,PROPAGANDA,0.9972648620605469
113898174546866337,NO_PROPAGANDA,0.9995051622390747
113897833433874090,PROPAGANDA,0.9502984881401062
113896215318757362,NO_PROPAGANDA,0.9995113611221313
113896658711691006,PROPAGANDA,0.9929925203323364
113896070273857964,NO_PROPAGANDA,0.9988252520561218
113896070273857964,PROPAGANDA,0.9970827698707581
113896070273857964,PROPAGANDA,0.9978594183921814
113892028555891611,PROPAGANDA,0.9972092509269714
113891977496753674,NO_PROPAGANDA,0.999636173248291
113891965069994650,NO_PROPAGANDA,0.9995057582855225
113891965069994650,NO_PROPAGANDA,0.99925297498703
113891387800300337,NO_PROPAGANDA,0.9996057152748108
113891875170815980,PROPAGANDA,0.9980536699295044
113891610231810742,PROPAGANDA,0.9963124394416809
113891610231810742,PROPAGANDA,0.998197615146637
113891609516360925,PROPAGANDA,0.9980364441871643
113891609516360925,PROPAGANDA,0.9983716607093811
113891423260527462,NO_PROPAGANDA,0.999326229095459
113890894680713957,NO_PROPAGANDA,0.9994572997093201
113889592064713630,PROPAGANDA,0.9975517392158508
113890550355345408,NO_PROPAGANDA,0.9992558360099792
113889553768426019,PROPAGANDA,0.5337560176849365
113883310559125722,NO_PROPAGANDA,0.9970495700836182
113883310559125722,NO_PROPAGANDA,0.9994463324546814
113887487731381945,PROPAGANDA,0.998235821723938
113886755513227722,PROPAGANDA,0.5763614177703857
113885585200862094,NO_PROPAGANDA,0.9993072748184204
113885433070959220,PROPAGANDA,0.993279755115509
113884268951413821,NO_PROPAGANDA,0.581474781036377
113884264222871038,NO_PROPAGANDA,0.9970571994781494
113883512938932504,NO_PROPAGANDA,0.9995976090431213
113878119879850620,PROPAGANDA,0.9984511137008667
113874843045385307,NO_PROPAGANDA,0.9995675683021545
113874811205486989,PROPAGANDA,0.9951991438865662
113874811205486989,NO_PROPAGANDA,0.9990398287773132
113874811205486989,PROPAGANDA,0.9975059628486633
113874738288379518,NO_PROPAGANDA,0.9884464740753174
113874738288379518,NO_PROPAGANDA,0.8500407934188843
113874737440816090,PROPAGANDA,0.9949449896812439
113874737440816090,NO_PROPAGANDA,0.9992853999137878
113874735766176608,PROPAGANDA,0.9975222945213318
113872782548137314,PROPAGANDA,0.9983538389205933
113872782548137314,NO_PROPAGANDA,0.9570092558860779
113870397327465225,PROPAGANDA,0.9984062314033508
113870397327465225,PROPAGANDA,0.9973709583282471
113869112741612092,PROPAGANDA,0.9984391331672668
113869048176700070,PROPAGANDA,0.9984245300292969
113864081449602768,NO_PROPAGANDA,0.9995781779289246
113864085686273472,NO_PROPAGANDA,0.997261643409729
113864089464580753,NO_PROPAGANDA,0.999504566192627
113864093035671179,PROPAGANDA,0.9969695210456848
113864094989630069,NO_PROPAGANDA,0.9996026158332825
113864097656984845,NO_PROPAGANDA,0.999612033367157
113864101869504722,NO_PROPAGANDA,0.9992209672927856
113864112559510448,PROPAGANDA,0.5216858983039856
113864118604083125,NO_PROPAGANDA,0.9993184804916382
113864127240286673,PROPAGANDA,0.72725909948349
113864692804149616,NO_PROPAGANDA,0.9329805374145508
113864692804149616,NO_PROPAGANDA,0.9944398403167725
