{
    "0": {
        "precision": 0.8583473861720068,
        "recall": 0.8242914979757086,
        "f1-score": 0.8409748038000826,
        "support": 2470.0
    },
    "1": {
        "precision": 0.7144736842105263,
        "recall": 0.7637130801687764,
        "f1-score": 0.7382732834806254,
        "support": 1422.0
    },
    "accuracy": 0.802158273381295,
    "macro avg": {
        "precision": 0.7864105351912665,
        "recall": 0.7940022890722425,
        "f1-score": 0.789624043640354,
        "support": 3892.0
    },
    "weighted avg": {
        "precision": 0.805780992495433,
        "recall": 0.802158273381295,
        "f1-score": 0.8034512781335182,
        "support": 3892.0
    }
}