{
    "0": {
        "precision": 0.8567239212400503,
        "recall": 0.8279352226720648,
        "f1-score": 0.842083590693844,
        "support": 2470.0
    },
    "1": {
        "precision": 0.717607973421927,
        "recall": 0.759493670886076,
        "f1-score": 0.7379569525111035,
        "support": 1422.0
    },
    "accuracy": 0.8029290853031861,
    "macro avg": {
        "precision": 0.7871659473309887,
        "recall": 0.7937144467790704,
        "f1-score": 0.7900202716024738,
        "support": 3892.0
    },
    "weighted avg": {
        "precision": 0.8058958436970463,
        "recall": 0.8029290853031861,
        "f1-score": 0.8040393770515375,
        "support": 3892.0
    }
}