{
  "timestamp": "2026-01-25T17:30:18.494701",
  "num_test_prompts": 50,
  "models": {
    "qwen3:8b": {
      "count": 50,
      "total_time": 712.5240821838379,
      "mean": 14.250481643676757,
      "median": 13.907621145248413,
      "std": 5.619936847458389,
      "min": 5.631298780441284,
      "max": 39.223432779312134,
      "successful": 50,
      "failed": 0
    },
    "llama3.1:8b": {
      "count": 50,
      "total_time": 213.9385359287262,
      "mean": 4.278770718574524,
      "median": 4.4840052127838135,
      "std": 1.9915277309309085,
      "min": 1.7356224060058594,
      "max": 7.549881219863892,
      "successful": 50,
      "failed": 0
    },
    "mistral:latest": {
      "count": 50,
      "total_time": 244.25768756866455,
      "mean": 4.885153751373291,
      "median": 4.956440091133118,
      "std": 1.0032976822151325,
      "min": 2.9669058322906494,
      "max": 7.102985143661499,
      "successful": 50,
      "failed": 0
    },
    "llava:7b": {
      "count": 40,
      "total_time": 148.00126385688782,
      "mean": 3.7000315964221953,
      "median": 3.3986610174179077,
      "std": 1.0292468633412986,
      "min": 2.429776191711426,
      "max": 5.890011548995972,
      "successful": 40,
      "failed": 0
    },
    "llama-guard3:8b": {
      "count": 50,
      "total_time": 87.93726110458374,
      "mean": 1.7587452220916748,
      "median": 1.733019471168518,
      "std": 0.17410620944652913,
      "min": 1.710728645324707,
      "max": 2.9605143070220947,
      "successful": 50,
      "failed": 0
    }
  }
}