{
    "0": {
        "precision": 0.8582278481012658,
        "recall": 0.8234817813765182,
        "f1-score": 0.8404958677685951,
        "support": 2470.0
    },
    "1": {
        "precision": 0.7135348226018396,
        "recall": 0.7637130801687764,
        "f1-score": 0.7377717391304348,
        "support": 1422.0
    },
    "accuracy": 0.8016443987667009,
    "macro avg": {
        "precision": 0.7858813353515528,
        "recall": 0.7935974307726472,
        "f1-score": 0.789133803449515,
        "support": 3892.0
    },
    "weighted avg": {
        "precision": 0.805362102402349,
        "recall": 0.8016443987667009,
        "f1-score": 0.802964081817037,
        "support": 3892.0
    }
}