model,category,refusal_count,total_unsafe,refusal_percentage
llava,BF,1,540,0.1851851851851852
llava,JB,0,459,0.0
llava,MT,74,600,12.333333333333334
qwen,BF,12,540,2.2222222222222223
qwen,JB,345,459,75.16339869281046
qwen,MT,174,600,28.999999999999996
